athlete_code,prev_date,formatted_date,prev_age,prev_age_max,age,age_max,earliest_possible_dob,latest_possible_dob
1014475,,2014-08-30,,,52,52,1961-08-31,1962-08-30
1014475,2014-08-30,2014-09-06,52,52,52,52,1961-09-07,1962-08-30
1014475,2014-09-06,2014-11-01,52,52,52,52,1961-11-02,1962-09-06
1014475,2014-11-01,2014-11-08,52,52,52,52,1961-11-09,1962-11-01
1014475,2014-11-08,2014-11-15,52,52,52,52,1961-11-16,1962-11-08
1014475,2014-11-15,2014-11-22,52,52,52,52,1961-11-23,1962-11-15
1014475,2014-11-22,2014-11-29,52,52,52,52,1961-11-30,1962-11-22
1014475,2014-11-29,2014-12-06,52,52,52,52,1961-12-07,1962-11-29
1014475,2014-12-06,2014-12-13,52,52,52,52,1961-12-14,1962-12-06
1014475,2014-12-13,2014-12-20,52,52,52,52,1961-12-21,1962-12-13
1014475,2014-12-20,2014-12-25,52,52,52,52,1961-12-26,1962-12-20
1014475,2014-12-25,2014-12-27,52,52,52,52,1961-12-28,1962-12-25
1014475,2014-12-27,2015-01-03,52,52,52,52,1962-01-04,1962-12-27
1014475,2015-01-03,2015-01-10,52,52,52,52,1962-01-11,1963-01-03
1014475,2015-01-10,2015-01-17,52,52,52,52,1962-01-18,1963-01-10
1014475,2015-01-17,2015-01-24,52,52,52,52,1962-01-25,1963-01-17
1014475,2015-01-24,2015-02-07,52,52,52,52,1962-02-08,1963-01-24
1014475,2015-02-07,2015-02-14,52,52,52,52,1962-02-15,1963-02-07
1014475,2015-02-14,2015-02-21,52,52,52,52,1962-02-22,1963-02-14
1014475,2015-02-21,2015-02-28,52,52,52,52,1962-03-01,1963-02-21
1014475,2015-02-28,2015-03-07,52,52,52,52,1962-03-08,1963-02-28
1014475,2015-03-07,2015-03-28,52,52,52,52,1962-03-29,1963-03-07
1014475,2015-03-28,2015-04-04,52,52,52,52,1962-04-05,1963-03-28
1014475,2015-04-04,2015-04-11,52,52,52,52,1962-04-12,1963-04-04
1014475,2015-04-11,2015-04-18,52,52,52,52,1962-04-19,1963-04-11
1014475,2015-04-18,2015-04-25,52,52,52,52,1962-04-26,1963-04-18
1014475,2015-04-25,2015-05-09,52,52,52,52,1962-05-10,1963-04-25
1014475,2015-05-09,2015-05-23,52,52,52,52,1962-05-24,1963-05-09
1014475,2015-05-23,2015-05-30,52,52,52,52,1962-05-31,1963-05-23
1014475,2015-05-30,2015-06-13,52,52,53,53,1962-05-31,1962-06-13
1014475,2015-06-13,2015-06-20,53,53,53,53,1961-06-21,1962-06-13
1014475,2015-06-20,2015-06-27,53,53,52,52,1962-06-28,1962-06-20
1014475,2015-06-27,2015-08-01,52,52,52,52,1962-08-02,1963-06-27
1014475,2015-08-01,2015-08-15,52,52,53,53,1962-08-02,1962-08-15
1014475,2015-08-15,2015-08-22,53,53,53,53,1961-08-23,1962-08-15
1014475,2015-08-22,2015-09-05,53,53,53,53,1961-09-06,1962-08-22
1014475,2015-09-05,2015-09-12,53,53,53,53,1961-09-13,1962-09-05
1014475,2015-09-12,2015-09-19,53,53,53,53,1961-09-20,1962-09-12
1014475,2015-09-19,2015-10-03,53,53,53,53,1961-10-04,1962-09-19
1014475,2015-10-03,2015-10-17,53,53,53,53,1961-10-18,1962-10-03
1014475,2015-10-17,2015-12-05,53,53,53,53,1961-12-06,1962-10-17
1014475,2015-12-05,2015-12-19,53,53,53,53,1961-12-20,1962-12-05
1014475,2015-12-19,2015-12-25,53,53,53,53,1961-12-26,1962-12-19
1014475,2015-12-25,2015-12-26,53,53,53,53,1961-12-27,1962-12-25
1014475,2015-12-26,2016-01-09,53,53,53,53,1962-01-10,1962-12-26
1014475,2016-01-09,2016-01-16,53,53,53,53,1962-01-17,1963-01-09
1014475,2016-01-16,2016-01-23,53,53,53,53,1962-01-24,1963-01-16
1014475,2016-01-23,2016-01-30,53,53,53,53,1962-01-31,1963-01-23
1014475,2016-01-30,2016-02-06,53,53,53,53,1962-02-07,1963-01-30
1014475,2016-02-06,2016-02-20,53,53,53,53,1962-02-21,1963-02-06
1014475,2016-02-20,2016-02-27,53,53,53,53,1962-02-28,1963-02-20
1014475,2016-02-27,2016-03-05,53,53,53,53,1962-03-06,1963-02-27
1014475,2016-03-05,2016-03-12,53,53,53,53,1962-03-13,1963-03-05
1014475,2016-03-12,2016-03-19,53,53,53,53,1962-03-20,1963-03-12
1014475,2016-03-19,2016-03-26,53,53,53,53,1962-03-27,1963-03-19
1014475,2016-03-26,2016-04-02,53,53,53,53,1962-04-03,1963-03-26
1014475,2016-04-02,2016-04-09,53,53,53,53,1962-04-10,1963-04-02
1014475,2016-04-09,2016-04-23,53,53,53,53,1962-04-24,1963-04-09
1014475,2016-04-23,2016-04-30,53,53,53,53,1962-05-01,1963-04-23
1014475,2016-04-30,2016-05-14,53,53,53,53,1962-05-15,1963-04-30
1014475,2016-05-14,2016-05-28,53,53,53,53,1962-05-29,1963-05-14
1014475,2016-05-28,2016-07-02,53,53,53,53,1962-07-03,1963-05-28
1014475,2016-07-02,2016-07-23,53,53,53,53,1962-07-24,1963-07-02
1014475,2016-07-23,2016-07-30,53,53,53,53,1962-07-31,1963-07-23
1014475,2016-07-30,2016-08-13,53,53,54,54,1962-07-31,1962-08-13
1014475,2016-08-13,2016-10-01,54,54,54,54,1961-10-02,1962-08-13
1014475,2016-10-01,2016-10-15,54,54,54,54,1961-10-16,1962-10-01
1014475,2016-10-15,2016-10-29,54,54,54,54,1961-10-30,1962-10-15
1014475,2016-10-29,2016-11-26,54,54,54,54,1961-11-27,1962-10-29
1014475,2016-11-26,2016-12-03,54,54,54,54,1961-12-04,1962-11-26
1014475,2016-12-03,2016-12-10,54,54,54,54,1961-12-11,1962-12-03
1014475,2016-12-10,2016-12-24,54,54,54,54,1961-12-25,1962-12-10
1014475,2016-12-24,2016-12-25,54,54,54,54,1961-12-26,1962-12-24
1014475,2016-12-25,2016-12-31,54,54,54,54,1962-01-01,1962-12-25
1014475,2016-12-31,2017-04-01,54,54,54,54,1962-04-02,1962-12-31
1014475,2017-04-01,2017-04-15,54,54,54,54,1962-04-16,1963-04-01
1014475,2017-04-15,2017-04-22,54,54,54,54,1962-04-23,1963-04-15
1014475,2017-04-22,2017-04-29,54,54,54,54,1962-04-30,1963-04-22
1014475,2017-04-29,2017-05-20,54,54,54,54,1962-05-21,1963-04-29
1014475,2017-05-20,2017-06-17,54,54,54,54,1962-06-18,1963-05-20
1014475,2017-06-17,2017-06-24,54,54,54,54,1962-06-25,1963-06-17
1014475,2017-06-24,2017-07-01,54,54,54,54,1962-07-02,1963-06-24
1014475,2017-07-01,2017-07-15,54,54,54,54,1962-07-16,1963-07-01
1014475,2017-07-15,2017-07-22,54,54,54,54,1962-07-23,1963-07-15
1014475,2017-07-22,2017-10-28,54,54,55,55,1962-07-23,1962-10-28
1014475,2017-10-28,2017-11-11,55,55,55,55,1961-11-12,1962-10-28
1014475,2017-11-11,2017-12-09,55,55,55,55,1961-12-10,1962-11-11
1014475,2017-12-09,2017-12-16,55,55,55,55,1961-12-17,1962-12-09
1014475,2017-12-16,2017-12-23,55,55,55,55,1961-12-24,1962-12-16
1014475,2017-12-23,2017-12-25,55,55,55,55,1961-12-26,1962-12-23
1014475,2017-12-25,2017-12-30,55,55,55,55,1961-12-31,1962-12-25
1014475,2017-12-30,2018-04-28,55,55,55,55,1962-04-29,1962-12-30
1014475,2018-04-28,2018-05-19,55,55,55,55,1962-05-20,1963-04-28
1014475,2018-05-19,2018-06-02,55,55,55,55,1962-06-03,1963-05-19
1014475,2018-06-02,2018-06-16,55,55,55,55,1962-06-17,1963-06-02
1014475,2018-06-16,2018-06-30,55,55,55,55,1962-07-01,1963-06-16
1014475,2018-06-30,2018-07-07,55,55,55,55,1962-07-08,1963-06-30
1014475,2018-07-07,2018-07-21,55,55,55,55,1962-07-22,1963-07-07
1014475,2018-07-21,2018-07-28,55,55,55,55,1962-07-29,1963-07-21
1014475,2018-07-28,2018-08-04,55,55,55,55,1962-08-05,1963-07-28
1014475,2018-08-04,2018-09-22,55,55,56,56,1962-08-05,1962-09-22
1014475,2018-09-22,2018-10-06,56,56,56,56,1961-10-07,1962-09-22
1014475,2018-10-06,2018-10-20,56,56,56,56,1961-10-21,1962-10-06
1014475,2018-10-20,2018-11-24,56,56,56,56,1961-11-25,1962-10-20
1014475,2018-11-24,2018-12-01,56,56,56,56,1961-12-02,1962-11-24
1014475,2018-12-01,2018-12-08,56,56,56,56,1961-12-09,1962-12-01
1014475,2018-12-08,2018-12-22,56,56,56,56,1961-12-23,1962-12-08
1014475,2018-12-22,2018-12-25,56,56,56,56,1961-12-26,1962-12-22
1014475,2018-12-25,2018-12-29,56,56,56,56,1961-12-30,1962-12-25
1014475,2018-12-29,2019-01-05,56,56,56,56,1962-01-06,1962-12-29
1014475,2019-01-05,2019-01-12,56,56,56,56,1962-01-13,1963-01-05
1014475,2019-01-12,2019-02-02,56,56,56,56,1962-02-03,1963-01-12
1014475,2019-02-02,2019-04-20,56,56,56,56,1962-04-21,1963-02-02
1014475,2019-04-20,2019-06-01,56,56,56,56,1962-06-02,1963-04-20
1014475,2019-06-01,2019-06-08,56,56,56,56,1962-06-09,1963-06-01
1014475,2019-06-08,2019-06-15,56,56,56,56,1962-06-16,1963-06-08
1014475,2019-06-15,2019-06-22,56,56,56,56,1962-06-23,1963-06-15
1014475,2019-06-22,2019-08-31,56,56,57,57,1962-06-23,1962-08-31
1014475,2019-08-31,2019-09-21,57,57,57,57,1961-09-22,1962-08-31
1014475,2019-09-21,2019-12-14,57,57,57,57,1961-12-15,1962-09-21
1014475,2019-12-14,2019-12-21,57,57,57,57,1961-12-22,1962-12-14
1014475,2019-12-21,2019-12-28,57,57,57,57,1961-12-29,1962-12-21
1014475,2019-12-28,2020-02-08,57,57,57,57,1962-02-09,1962-12-28
1014475,2020-02-08,2020-02-29,57,57,57,57,1962-03-02,1963-02-08
1014475,2020-02-29,2021-07-31,57,57,58,58,1962-08-01,1963-03-01
1014475,2021-07-31,2022-01-29,58,58,59,59,1962-08-01,1963-01-29
1014475,2022-01-29,2022-04-09,59,59,59,59,1962-04-10,1963-01-29
1014475,2022-04-09,2022-05-07,59,59,59,59,1962-05-08,1963-04-09
1014475,2022-05-07,2022-05-14,59,59,59,59,1962-05-15,1963-05-07
1014475,2022-05-14,2022-05-28,59,59,59,59,1962-05-29,1963-05-14
1014475,2022-05-28,2022-06-11,59,59,59,59,1962-06-12,1963-05-28
1014475,2022-06-11,2022-06-18,59,59,59,59,1962-06-19,1963-06-11
1014475,2022-06-18,2022-07-09,59,59,59,59,1962-07-10,1963-06-18
1014475,2022-07-09,2022-07-23,59,59,59,59,1962-07-24,1963-07-09
1014475,2022-07-23,2022-08-13,59,59,60,60,1962-07-24,1962-08-13
1014475,2022-08-13,2022-08-27,60,60,60,60,1961-08-28,1962-08-13
1014475,2022-08-27,2022-10-22,60,60,60,60,1961-10-23,1962-08-27
1014475,2022-10-22,2022-10-29,60,60,60,60,1961-10-30,1962-10-22
1014475,2022-10-29,2022-11-26,60,60,60,60,1961-11-27,1962-10-29
1014475,2022-11-26,2022-12-25,60,60,60,60,1961-12-26,1962-11-26
1014475,2022-12-25,2022-12-31,60,60,60,60,1962-01-01,1962-12-25
1014475,2022-12-31,2023-02-04,60,60,60,60,1962-02-05,1962-12-31
1014475,2023-02-04,2023-02-11,60,60,60,60,1962-02-12,1963-02-04
1014475,2023-02-11,2023-02-18,60,60,60,60,1962-02-19,1963-02-11
1014475,2023-02-18,2023-03-04,60,60,60,60,1962-03-05,1963-02-18
1014475,2023-03-04,2023-03-18,60,60,60,60,1962-03-19,1963-03-04
1014475,2023-03-18,2023-04-01,60,60,60,60,1962-04-02,1963-03-18
1014475,2023-04-01,2023-04-08,60,60,60,60,1962-04-09,1963-04-01
1014475,2023-04-08,2023-04-15,60,60,60,60,1962-04-16,1963-04-08
1014475,2023-04-15,2023-05-06,60,60,60,60,1962-05-07,1963-04-15
1014475,2023-05-06,2023-05-27,60,60,60,60,1962-05-28,1963-05-06
1014475,2023-05-27,2023-07-29,60,60,60,60,1962-07-30,1963-05-27
1014475,2023-07-29,2023-08-05,60,60,60,60,1962-08-06,1963-07-29
1014475,2023-08-05,2023-08-26,60,60,61,61,1962-08-06,1962-08-26
1014475,2023-08-26,2023-09-23,61,61,61,61,1961-09-24,1962-08-26
1014475,2023-09-23,2023-10-07,61,61,61,61,1961-10-08,1962-09-23
1014475,2023-10-07,2023-10-28,61,61,61,61,1961-10-29,1962-10-07
1014475,2023-10-28,2023-12-23,61,61,61,61,1961-12-24,1962-10-28
1014475,2023-12-23,2023-12-25,61,61,61,61,1961-12-26,1962-12-23
1014475,2023-12-25,2023-12-30,61,61,61,61,1961-12-31,1962-12-25
1014475,2023-12-30,2024-01-06,61,61,61,61,1962-01-07,1962-12-30
1014475,2024-01-06,2024-01-27,61,61,61,61,1962-01-28,1963-01-06
1014475,2024-01-27,2024-02-03,61,61,61,61,1962-02-04,1963-01-27
1014475,2024-02-03,2024-03-02,61,61,61,61,1962-03-03,1963-02-03
1014475,2024-03-02,2024-04-13,61,61,61,61,1962-04-14,1963-03-02
1014475,2024-04-13,2024-04-20,61,61,61,61,1962-04-21,1963-04-13
1014475,2024-04-20,2024-04-27,61,61,61,61,1962-04-28,1963-04-20
1014475,2024-04-27,2024-05-04,61,61,61,61,1962-05-05,1963-04-27
1014475,2024-05-04,2024-05-25,61,61,61,61,1962-05-26,1963-05-04
1014475,2024-05-25,2024-06-08,61,61,61,61,1962-06-09,1963-05-25
1014475,2024-06-08,2024-06-15,61,61,61,61,1962-06-16,1963-06-08
1014475,2024-06-15,2024-06-22,61,61,61,61,1962-06-23,1963-06-15
1014475,2024-06-22,2024-06-29,61,61,61,61,1962-06-30,1963-06-22
1014475,2024-06-29,2024-07-13,61,61,61,61,1962-07-14,1963-06-29
1014475,2024-07-13,2024-09-14,61,61,62,62,1962-07-14,1962-09-14
1014475,2024-09-14,2024-11-02,62,62,62,62,1961-11-03,1962-09-14
1014475,2024-11-02,2024-12-14,62,62,62,62,1961-12-15,1962-11-02
1014475,2024-12-14,2024-12-21,62,62,62,62,1961-12-22,1962-12-14
1014475,2024-12-21,2024-12-25,62,62,62,62,1961-12-26,1962-12-21
1014475,2024-12-25,2024-12-28,62,62,62,62,1961-12-29,1962-12-25
1014475,2024-12-28,2025-01-18,62,62,62,62,1962-01-19,1962-12-28
1014475,2025-01-18,2025-01-25,62,62,62,62,1962-01-26,1963-01-18
1014475,2025-01-25,2025-02-22,62,62,62,62,1962-02-23,1963-01-25
1014475,2025-02-22,2025-05-24,62,62,62,62,1962-05-25,1963-02-22
1014475,2025-05-24,2025-05-31,62,62,62,62,1962-06-01,1963-05-24
1014475,2025-05-31,2025-06-07,62,62,62,62,1962-06-08,1963-05-31
1014475,2025-06-07,2025-06-14,62,62,62,62,1962-06-15,1963-06-07
1014475,2025-06-14,2025-06-21,62,62,62,62,1962-06-22,1963-06-14
1014475,2025-06-21,2025-07-12,62,62,62,62,1962-07-13,1963-06-21
1014475,2025-07-12,2025-07-26,62,62,62,62,1962-07-27,1963-07-12
1014475,2025-07-26,2025-08-09,62,62,62,62,1962-08-10,1963-07-26
1014475,2025-08-09,2025-08-23,62,62,63,63,1962-08-10,1962-08-23
1014475,2025-08-23,2025-09-27,63,63,63,63,1961-09-28,1962-08-23
1014475,2025-09-27,2026-01-03,63,63,63,63,1962-01-04,1962-09-27
1014475,2026-01-03,2026-01-10,63,63,63,63,1962-01-11,1963-01-03
1014475,2026-01-10,2026-01-17,63,63,63,63,1962-01-18,1963-01-10
1014475,2026-01-17,2026-01-24,63,63,63,63,1962-01-25,1963-01-17
1015088,,2014-05-24,,,21,21,1992-05-25,1993-05-24
1015088,2014-05-24,2014-06-14,21,21,21,21,1992-06-15,1993-05-24
1015088,2014-06-14,2014-06-28,21,21,21,21,1992-06-29,1993-06-14
1015088,2014-06-28,2014-07-05,21,21,21,21,1992-07-06,1993-06-28
1015088,2014-07-05,2014-11-15,21,21,21,21,1992-11-16,1993-07-05
1015088,2014-11-15,2014-11-29,21,21,21,21,1992-11-30,1993-11-15
1015088,2014-11-29,2014-12-06,21,21,21,21,1992-12-07,1993-11-29
1015088,2014-12-06,2015-04-18,21,21,22,24,1992-12-07,1993-04-18
1015088,2015-04-18,2015-06-20,22,24,20,20,1994-06-21,1993-04-18
1015088,2015-06-20,2016-08-13,20,20,22,24,1994-06-21,1994-08-13
1015088,2016-08-13,2018-05-19,22,24,25,28,1991-08-14,1993-05-19
1015088,2018-05-19,2018-05-26,25,28,25,28,1989-05-27,1993-05-19
1015088,2018-05-26,2018-06-16,25,28,25,28,1989-06-17,1993-05-26
1015088,2018-06-16,2018-06-23,25,28,25,28,1989-06-24,1993-06-16
1015088,2018-06-23,2018-06-30,25,28,25,28,1989-07-01,1993-06-23
1015088,2018-06-30,2018-07-07,25,28,25,28,1989-07-08,1993-06-30
1015088,2018-07-07,2018-07-14,25,28,25,28,1989-07-15,1993-07-07
1015088,2018-07-14,2018-07-21,25,28,25,28,1989-07-22,1993-07-14
1015088,2018-07-21,2018-07-28,25,28,25,28,1989-07-29,1993-07-21
1015088,2018-07-28,2018-09-15,25,28,25,28,1989-09-16,1993-07-28
1015088,2018-09-15,2018-09-22,25,28,25,28,1989-09-23,1993-09-15
1015088,2018-09-22,2018-10-13,25,28,25,28,1989-10-14,1993-09-22
1015088,2018-10-13,2018-10-20,25,28,25,28,1989-10-21,1993-10-13
1015088,2018-10-20,2018-10-27,25,28,25,28,1989-10-28,1993-10-20
1015088,2018-10-27,2018-11-10,25,28,25,28,1989-11-11,1993-10-27
1015088,2018-11-10,2018-11-17,25,28,25,28,1989-11-18,1993-11-10
1015088,2018-11-17,2018-12-15,25,28,25,28,1989-12-16,1993-11-17
1015088,2018-12-15,2018-12-22,25,28,25,28,1989-12-23,1993-12-15
1015088,2018-12-22,2019-01-01,25,28,25,28,1990-01-02,1993-12-22
1015088,2019-01-01,2019-01-05,25,28,25,28,1990-01-06,1994-01-01
1015088,2019-01-05,2019-01-12,25,28,25,28,1990-01-13,1994-01-05
1015088,2019-01-12,2019-01-19,25,28,25,28,1990-01-20,1994-01-12
1015088,2019-01-19,2019-01-26,25,28,25,28,1990-01-27,1994-01-19
1015088,2019-01-26,2019-02-09,25,28,25,28,1990-02-10,1994-01-26
1015088,2019-02-09,2019-02-16,25,28,25,28,1990-02-17,1994-02-09
1015088,2019-02-16,2019-03-16,25,28,25,28,1990-03-17,1994-02-16
1015088,2019-03-16,2019-03-30,25,28,25,28,1990-03-31,1994-03-16
1015088,2019-03-30,2019-04-06,25,28,25,28,1990-04-07,1994-03-30
1015088,2019-04-06,2019-04-13,25,28,25,28,1990-04-14,1994-04-06
1015088,2019-04-13,2019-04-20,25,28,25,28,1990-04-21,1994-04-13
1015088,2019-04-20,2019-04-27,25,28,25,28,1990-04-28,1994-04-20
1015088,2019-04-27,2019-05-04,25,28,25,28,1990-05-05,1994-04-27
1015088,2019-05-04,2019-05-11,25,28,25,28,1990-05-12,1994-05-04
1015088,2019-05-11,2019-06-01,25,28,25,28,1990-06-02,1994-05-11
1015088,2019-06-01,2019-06-15,25,28,25,28,1990-06-16,1994-06-01
1015088,2019-06-15,2019-07-13,25,28,25,28,1990-07-14,1994-06-15
1015088,2019-07-13,2019-07-20,25,28,25,28,1990-07-21,1994-07-13
1015088,2019-07-20,2019-08-03,25,28,25,28,1990-08-04,1994-07-20
1015088,2019-08-03,2019-08-31,25,28,25,28,1990-09-01,1994-08-03
1015088,2019-08-31,2019-09-14,25,28,25,28,1990-09-15,1994-08-31
1015088,2019-09-14,2019-09-21,25,28,25,28,1990-09-22,1994-09-14
1015088,2019-09-21,2019-10-05,25,28,25,28,1990-10-06,1994-09-21
1015088,2019-10-05,2019-11-09,25,28,25,28,1990-11-10,1994-10-05
1015088,2019-11-09,2019-11-16,25,28,25,28,1990-11-17,1994-11-09
1015088,2019-11-16,2019-11-23,25,28,25,28,1990-11-24,1994-11-16
1015088,2019-11-23,2019-12-07,25,28,25,28,1990-12-08,1994-11-23
1015088,2019-12-07,2020-01-01,25,28,25,28,1991-01-02,1994-12-07
1015088,2020-01-01,2020-01-11,25,28,25,28,1991-01-12,1995-01-01
1015088,2020-01-11,2020-01-18,25,28,25,28,1991-01-19,1995-01-11
1015088,2020-01-18,2020-02-15,25,28,25,28,1991-02-16,1995-01-18
1015088,2020-02-15,2020-02-22,25,28,25,28,1991-02-23,1995-02-15
1015088,2020-02-22,2020-02-29,25,28,25,28,1991-03-02,1995-02-22
1015088,2020-02-29,2020-03-07,25,28,25,28,1991-03-08,1995-03-01
1015088,2020-03-07,2020-03-14,25,28,25,28,1991-03-15,1995-03-07
1015088,2020-03-14,2021-07-24,25,28,25,28,1992-07-25,1995-03-14
1015088,2021-07-24,2021-07-31,25,28,25,28,1992-08-01,1996-07-24
1015088,2021-07-31,2021-08-28,25,28,25,28,1992-08-29,1996-07-31
1015088,2021-08-28,2021-09-11,25,28,25,28,1992-09-12,1996-08-28
1015088,2021-09-11,2021-09-18,25,28,25,28,1992-09-19,1996-09-11
1015088,2021-09-18,2021-09-25,25,28,25,28,1992-09-26,1996-09-18
1015088,2021-09-25,2021-10-16,25,28,25,28,1992-10-17,1996-09-25
1015088,2021-10-16,2021-10-30,25,28,25,28,1992-10-31,1996-10-16
1015088,2021-10-30,2021-11-06,25,28,25,28,1992-11-07,1996-10-30
1015088,2021-11-06,2021-11-13,25,28,25,28,1992-11-14,1996-11-06
1015088,2021-11-13,2021-12-11,25,28,25,28,1992-12-12,1996-11-13
1015088,2021-12-11,2022-01-15,25,28,25,28,1993-01-16,1996-12-11
1015088,2022-01-15,2022-01-22,25,28,25,28,1993-01-23,1997-01-15
1015088,2022-01-22,2022-02-12,25,28,25,28,1993-02-13,1997-01-22
1015088,2022-02-12,2022-02-19,25,28,25,28,1993-02-20,1997-02-12
1015088,2022-02-19,2022-02-26,25,28,25,28,1993-02-27,1997-02-19
1015088,2022-02-26,2022-03-12,25,28,25,28,1993-03-13,1997-02-26
1015088,2022-03-12,2022-05-21,25,28,29,29,1993-03-13,1993-05-21
1015088,2022-05-21,2022-06-11,29,29,29,29,1992-06-12,1993-05-21
1015088,2022-06-11,2022-09-03,29,29,29,29,1992-09-04,1993-06-11
1015088,2022-09-03,2022-09-10,29,29,29,29,1992-09-11,1993-09-03
1015088,2022-09-10,2022-09-17,29,29,29,29,1992-09-18,1993-09-10
1015088,2022-09-17,2022-11-05,29,29,29,29,1992-11-06,1993-09-17
1015088,2022-11-05,2022-11-12,29,29,29,29,1992-11-13,1993-11-05
1015088,2022-11-12,2023-01-07,29,29,29,29,1993-01-08,1993-11-12
1015088,2023-01-07,2023-01-14,29,29,29,29,1993-01-15,1994-01-07
1015088,2023-01-14,2023-01-28,29,29,29,29,1993-01-29,1994-01-14
1015088,2023-01-28,2023-02-11,29,29,29,29,1993-02-12,1994-01-28
1015088,2023-02-11,2023-02-18,29,29,29,29,1993-02-19,1994-02-11
1015088,2023-02-18,2023-03-18,29,29,29,29,1993-03-19,1994-02-18
1015088,2023-03-18,2023-03-25,29,29,29,29,1993-03-26,1994-03-18
1015088,2023-03-25,2023-04-08,29,29,29,29,1993-04-09,1994-03-25
1015088,2023-04-08,2023-04-15,29,29,30,30,1993-04-09,1993-04-15
1015088,2023-04-15,2023-04-22,30,30,30,30,1992-04-23,1993-04-15
1015088,2023-04-22,2023-05-06,30,30,30,30,1992-05-07,1993-04-22
1015088,2023-05-06,2023-05-13,30,30,30,30,1992-05-14,1993-05-06
1015088,2023-05-13,2023-06-24,30,30,30,30,1992-06-25,1993-05-13
1015088,2023-06-24,2023-07-01,30,30,30,30,1992-07-02,1993-06-24
1015088,2023-07-01,2023-07-08,30,30,30,30,1992-07-09,1993-07-01
1015088,2023-07-08,2023-07-22,30,30,30,30,1992-07-23,1993-07-08
1015088,2023-07-22,2023-09-02,30,30,30,30,1992-09-03,1993-07-22
1015088,2023-09-02,2023-09-16,30,30,30,30,1992-09-17,1993-09-02
1015088,2023-09-16,2023-10-07,30,30,30,30,1992-10-08,1993-09-16
1015088,2023-10-07,2023-11-11,30,30,30,30,1992-11-12,1993-10-07
1015088,2023-11-11,2023-11-18,30,30,30,30,1992-11-19,1993-11-11
1015088,2023-11-18,2024-01-01,30,30,30,30,1993-01-02,1993-11-18
1015088,2024-01-01,2024-01-20,30,30,30,30,1993-01-21,1994-01-01
1015088,2024-01-20,2024-02-03,30,30,30,30,1993-02-04,1994-01-20
1015088,2024-02-03,2024-02-24,30,30,30,30,1993-02-25,1994-02-03
1015088,2024-02-24,2024-03-23,30,30,30,30,1993-03-24,1994-02-24
1015088,2024-03-23,2024-04-20,30,30,31,31,1993-03-24,1993-04-20
1015088,2024-04-20,2024-04-27,31,31,31,31,1992-04-28,1993-04-20
1015088,2024-04-27,2024-05-04,31,31,31,31,1992-05-05,1993-04-27
1015088,2024-05-04,2024-05-11,31,31,31,31,1992-05-12,1993-05-04
1015088,2024-05-11,2024-06-15,31,31,31,31,1992-06-16,1993-05-11
1015088,2024-06-15,2024-07-20,31,31,31,31,1992-07-21,1993-06-15
1015088,2024-07-20,2024-09-14,31,31,31,31,1992-09-15,1993-07-20
1015088,2024-09-14,2024-09-21,31,31,31,31,1992-09-22,1993-09-14
1015088,2024-09-21,2024-09-28,31,31,31,31,1992-09-29,1993-09-21
1015088,2024-09-28,2024-10-19,31,31,31,31,1992-10-20,1993-09-28
1015088,2024-10-19,2025-03-15,31,31,31,31,1993-03-16,1993-10-19
1015088,2025-03-15,2025-03-22,31,31,31,31,1993-03-23,1994-03-15
1015088,2025-03-22,2025-04-05,31,31,31,31,1993-04-06,1994-03-22
1015088,2025-04-05,2025-04-19,31,31,32,32,1993-04-06,1993-04-19
1015088,2025-04-19,2025-05-17,32,32,32,32,1992-05-18,1993-04-19
1015088,2025-05-17,2025-07-12,32,32,32,32,1992-07-13,1993-05-17
1015088,2025-07-12,2025-07-19,32,32,32,32,1992-07-20,1993-07-12
1015088,2025-07-19,2025-08-09,32,32,32,32,1992-08-10,1993-07-19
1015088,2025-08-09,2025-08-16,32,32,32,32,1992-08-17,1993-08-09
1015088,2025-08-16,2025-09-06,32,32,32,32,1992-09-07,1993-08-16
1015088,2025-09-06,2025-10-04,32,32,32,32,1992-10-05,1993-09-06
1015088,2025-10-04,2025-11-29,32,32,32,32,1992-11-30,1993-10-04
1015088,2025-11-29,2025-12-13,32,32,32,32,1992-12-14,1993-11-29
1015088,2025-12-13,2025-12-20,32,32,32,32,1992-12-21,1993-12-13
10247504,,2024-11-09,,,43,43,1980-11-10,1981-11-09
10247504,2024-11-09,2024-11-16,43,43,33,33,1990-11-17,1981-11-09
10247504,2024-11-16,2024-11-23,33,33,33,33,1990-11-24,1991-11-16
10247504,2024-11-23,2024-11-30,33,33,33,33,1990-12-01,1991-11-23
10247504,2024-11-30,2024-12-07,33,33,33,33,1990-12-08,1991-11-30
10247504,2024-12-07,2024-12-21,33,33,33,33,1990-12-22,1991-12-07
10247504,2024-12-21,2025-02-01,33,33,33,33,1991-02-02,1991-12-21
10247504,2025-02-01,2025-03-08,33,33,33,33,1991-03-09,1992-02-01
10247504,2025-03-08,2025-04-05,33,33,33,33,1991-04-06,1992-03-08
10247504,2025-04-05,2025-04-19,33,33,33,33,1991-04-20,1992-04-05
10247504,2025-04-19,2025-04-26,33,33,33,33,1991-04-27,1992-04-19
10247504,2025-04-26,2025-05-10,33,33,33,33,1991-05-11,1992-04-26
10247504,2025-05-10,2025-05-17,33,33,33,33,1991-05-18,1992-05-10
1029873,,2014-08-02,,,13,13,2000-08-03,2001-08-02
1029873,2014-08-02,2014-08-09,13,13,13,13,2000-08-10,2001-08-02
1029873,2014-08-09,2014-08-16,13,13,7,7,2006-08-17,2001-08-09
1029873,2014-08-16,2015-04-04,7,7,8,8,2006-08-17,2007-04-04
1029873,2015-04-04,2015-05-02,8,8,8,8,2006-05-03,2007-04-04
1029873,2015-05-02,2015-06-13,8,8,8,8,2006-06-14,2007-05-02
1029873,2015-06-13,2015-07-04,8,8,8,8,2006-07-05,2007-06-13
1029873,2015-07-04,2015-07-18,8,8,8,8,2006-07-19,2007-07-04
1029873,2015-07-18,2015-07-25,8,8,8,8,2006-07-26,2007-07-18
1029873,2015-07-25,2015-08-08,8,8,8,8,2006-08-09,2007-07-25
1029873,2015-08-08,2015-08-15,8,8,8,8,2006-08-16,2007-08-08
1029873,2015-08-15,2015-12-19,8,8,8,8,2006-12-20,2007-08-15
1029873,2015-12-19,2016-03-26,8,8,9,9,2006-12-20,2007-03-26
1029873,2016-03-26,2016-05-21,9,9,9,9,2006-05-22,2007-03-26
1029873,2016-05-21,2016-05-28,9,9,9,9,2006-05-29,2007-05-21
1029873,2016-05-28,2016-06-04,9,9,9,9,2006-06-05,2007-05-28
1029873,2016-06-04,2016-07-02,9,9,9,9,2006-07-03,2007-06-04
1029873,2016-07-02,2016-07-09,9,9,9,9,2006-07-10,2007-07-02
1029873,2016-07-09,2016-07-16,9,9,9,9,2006-07-17,2007-07-09
1029873,2016-07-16,2016-07-30,9,9,9,9,2006-07-31,2007-07-16
1029873,2016-07-30,2016-12-10,9,9,9,9,2006-12-11,2007-07-30
1029873,2016-12-10,2017-08-19,9,9,10,10,2006-12-11,2007-08-19
1029873,2017-08-19,2018-03-10,10,10,11,11,2006-08-20,2007-03-10
1029873,2018-03-10,2018-08-25,11,11,11,11,2006-08-26,2007-03-10
1029873,2018-08-25,2018-10-20,11,11,11,11,2006-10-21,2007-08-25
1029873,2018-10-20,2019-05-25,11,11,12,12,2006-10-21,2007-05-25
1029873,2019-05-25,2019-06-01,12,12,12,12,2006-06-02,2007-05-25
1029873,2019-06-01,2019-06-22,12,12,12,12,2006-06-23,2007-06-01
1029873,2019-06-22,2019-07-06,12,12,12,12,2006-07-07,2007-06-22
1029873,2019-07-06,2022-04-23,12,12,15,15,2006-07-07,2007-04-23
1029873,2022-04-23,2022-04-30,15,15,15,15,2006-05-01,2007-04-23
1029873,2022-04-30,2022-06-18,15,15,15,15,2006-06-19,2007-04-30
1029873,2022-06-18,2022-06-25,15,15,15,15,2006-06-26,2007-06-18
1029873,2022-06-25,2022-08-20,15,15,15,15,2006-08-21,2007-06-25
1029873,2022-08-20,2024-11-16,15,15,17,17,2006-11-17,2007-08-20
1036771,,2014-06-28,,,41,41,1972-06-29,1973-06-28
1036771,2014-06-28,2014-07-05,41,41,41,41,1972-07-06,1973-06-28
1036771,2014-07-05,2014-07-12,41,41,41,41,1972-07-13,1973-07-05
1036771,2014-07-12,2014-07-19,41,41,41,41,1972-07-20,1973-07-12
1036771,2014-07-19,2014-08-09,41,41,41,41,1972-08-10,1973-07-19
1036771,2014-08-09,2014-08-23,41,41,41,41,1972-08-24,1973-08-09
1036771,2014-08-23,2014-08-30,41,41,41,41,1972-08-31,1973-08-23
1036771,2014-08-30,2014-09-06,41,41,41,41,1972-09-07,1973-08-30
1036771,2014-09-06,2014-09-13,41,41,41,41,1972-09-14,1973-09-06
1036771,2014-09-13,2014-09-20,41,41,41,41,1972-09-21,1973-09-13
1036771,2014-09-20,2014-10-04,41,41,41,41,1972-10-05,1973-09-20
1036771,2014-10-04,2014-10-11,41,41,41,41,1972-10-12,1973-10-04
1036771,2014-10-11,2014-10-18,41,41,41,41,1972-10-19,1973-10-11
1036771,2014-10-18,2014-10-25,41,41,41,41,1972-10-26,1973-10-18
1036771,2014-10-25,2014-11-08,41,41,41,41,1972-11-09,1973-10-25
1036771,2014-11-08,2014-11-29,41,41,41,41,1972-11-30,1973-11-08
1036771,2014-11-29,2014-12-20,41,41,41,41,1972-12-21,1973-11-29
1036771,2014-12-20,2015-01-01,41,41,41,41,1973-01-02,1973-12-20
1036771,2015-01-01,2015-01-03,41,41,41,41,1973-01-04,1974-01-01
1036771,2015-01-03,2015-01-10,41,41,41,41,1973-01-11,1974-01-03
1036771,2015-01-10,2015-02-28,41,41,41,41,1973-03-01,1974-01-10
1036771,2015-02-28,2015-03-07,41,41,41,41,1973-03-08,1974-02-28
1036771,2015-03-07,2015-03-21,41,41,42,42,1973-03-08,1973-03-21
1036771,2015-03-21,2015-03-28,42,42,42,42,1972-03-29,1973-03-21
1036771,2015-03-28,2015-04-04,42,42,42,42,1972-04-05,1973-03-28
1036771,2015-04-04,2015-04-11,42,42,42,42,1972-04-12,1973-04-04
1036771,2015-04-11,2015-04-18,42,42,42,42,1972-04-19,1973-04-11
1036771,2015-04-18,2015-05-02,42,42,42,42,1972-05-03,1973-04-18
1036771,2015-05-02,2015-05-09,42,42,42,42,1972-05-10,1973-05-02
1036771,2015-05-09,2015-05-16,42,42,42,42,1972-05-17,1973-05-09
1036771,2015-05-16,2015-05-30,42,42,40,40,1974-05-31,1973-05-16
1036771,2015-05-30,2015-06-06,40,40,42,42,1974-05-31,1973-06-06
1036771,2015-06-06,2015-06-13,42,42,42,42,1972-06-14,1973-06-06
1036771,2015-06-13,2015-06-20,42,42,42,42,1972-06-21,1973-06-13
1036771,2015-06-20,2015-06-27,42,42,42,42,1972-06-28,1973-06-20
1036771,2015-06-27,2015-07-18,42,42,42,42,1972-07-19,1973-06-27
1036771,2015-07-18,2015-09-19,42,42,42,42,1972-09-20,1973-07-18
1036771,2015-09-19,2015-09-26,42,42,42,42,1972-09-27,1973-09-19
1036771,2015-09-26,2015-10-03,42,42,42,42,1972-10-04,1973-09-26
1036771,2015-10-03,2015-10-10,42,42,42,42,1972-10-11,1973-10-03
1036771,2015-10-10,2015-11-07,42,42,42,42,1972-11-08,1973-10-10
1036771,2015-11-07,2015-11-14,42,42,42,42,1972-11-15,1973-11-07
1036771,2015-11-14,2015-11-21,42,42,42,42,1972-11-22,1973-11-14
1036771,2015-11-21,2015-11-28,42,42,42,42,1972-11-29,1973-11-21
1036771,2015-11-28,2015-12-05,42,42,42,42,1972-12-06,1973-11-28
1036771,2015-12-05,2015-12-12,42,42,42,42,1972-12-13,1973-12-05
1036771,2015-12-12,2015-12-19,42,42,42,42,1972-12-20,1973-12-12
1036771,2015-12-19,2015-12-26,42,42,42,42,1972-12-27,1973-12-19
1036771,2015-12-26,2016-01-01,42,42,42,42,1973-01-02,1973-12-26
1036771,2016-01-01,2016-01-02,42,42,42,42,1973-01-03,1974-01-01
1036771,2016-01-02,2016-01-09,42,42,42,42,1973-01-10,1974-01-02
1036771,2016-01-09,2016-01-16,42,42,42,42,1973-01-17,1974-01-09
1036771,2016-01-16,2016-01-30,42,42,42,42,1973-01-31,1974-01-16
1036771,2016-01-30,2016-02-06,42,42,42,42,1973-02-07,1974-01-30
1036771,2016-02-06,2016-02-20,42,42,42,42,1973-02-21,1974-02-06
1036771,2016-02-20,2016-02-27,42,42,42,42,1973-02-28,1974-02-20
1036771,2016-02-27,2016-03-05,42,42,42,42,1973-03-06,1974-02-27
1036771,2016-03-05,2016-03-12,42,42,42,42,1973-03-13,1974-03-05
1036771,2016-03-12,2016-03-19,42,42,42,42,1973-03-20,1974-03-12
1036771,2016-03-19,2016-03-26,42,42,43,43,1973-03-20,1973-03-26
1036771,2016-03-26,2016-04-02,43,43,43,43,1972-04-03,1973-03-26
1036771,2016-04-02,2016-04-09,43,43,43,43,1972-04-10,1973-04-02
1036771,2016-04-09,2016-04-16,43,43,43,43,1972-04-17,1973-04-09
1036771,2016-04-16,2016-05-14,43,43,43,43,1972-05-15,1973-04-16
1036771,2016-05-14,2016-05-21,43,43,43,43,1972-05-22,1973-05-14
1036771,2016-05-21,2016-06-04,43,43,43,43,1972-06-05,1973-05-21
1036771,2016-06-04,2016-06-11,43,43,43,43,1972-06-12,1973-06-04
1036771,2016-06-11,2016-06-18,43,43,43,43,1972-06-19,1973-06-11
1036771,2016-06-18,2016-06-25,43,43,43,43,1972-06-26,1973-06-18
1036771,2016-06-25,2016-07-09,43,43,43,43,1972-07-10,1973-06-25
1036771,2016-07-09,2016-07-30,43,43,43,43,1972-07-31,1973-07-09
1036771,2016-07-30,2016-09-03,43,43,43,43,1972-09-04,1973-07-30
1036771,2016-09-03,2016-09-10,43,43,43,43,1972-09-11,1973-09-03
1036771,2016-09-10,2016-09-17,43,43,43,43,1972-09-18,1973-09-10
1036771,2016-09-17,2016-09-24,43,43,43,43,1972-09-25,1973-09-17
1036771,2016-09-24,2016-10-01,43,43,43,43,1972-10-02,1973-09-24
1036771,2016-10-01,2016-11-05,43,43,43,43,1972-11-06,1973-10-01
1036771,2016-11-05,2016-11-19,43,43,43,43,1972-11-20,1973-11-05
1036771,2016-11-19,2016-12-31,43,43,43,43,1973-01-01,1973-11-19
1036771,2016-12-31,2017-01-01,43,43,43,43,1973-01-02,1973-12-31
1036771,2017-01-01,2017-01-07,43,43,43,43,1973-01-08,1974-01-01
1036771,2017-01-07,2017-01-14,43,43,43,43,1973-01-15,1974-01-07
1036771,2017-01-14,2017-01-21,43,43,43,43,1973-01-22,1974-01-14
1036771,2017-01-21,2017-01-28,43,43,43,43,1973-01-29,1974-01-21
1036771,2017-01-28,2017-02-04,43,43,43,43,1973-02-05,1974-01-28
1036771,2017-02-04,2017-02-11,43,43,43,43,1973-02-12,1974-02-04
1036771,2017-02-11,2017-02-18,43,43,43,43,1973-02-19,1974-02-11
1036771,2017-02-18,2017-02-25,43,43,43,43,1973-02-26,1974-02-18
1036771,2017-02-25,2017-03-04,43,43,43,43,1973-03-05,1974-02-25
1036771,2017-03-04,2017-03-11,43,43,43,43,1973-03-12,1974-03-04
1036771,2017-03-11,2017-03-18,43,43,43,43,1973-03-19,1974-03-11
1036771,2017-03-18,2017-03-25,43,43,44,44,1973-03-19,1973-03-25
1036771,2017-03-25,2017-04-08,44,44,44,44,1972-04-09,1973-03-25
1036771,2017-04-08,2017-04-15,44,44,44,44,1972-04-16,1973-04-08
1036771,2017-04-15,2017-04-22,44,44,44,44,1972-04-23,1973-04-15
1036771,2017-04-22,2017-04-29,44,44,44,44,1972-04-30,1973-04-22
1036771,2017-04-29,2017-05-06,44,44,44,44,1972-05-07,1973-04-29
1036771,2017-05-06,2017-05-13,44,44,44,44,1972-05-14,1973-05-06
1036771,2017-05-13,2017-05-20,44,44,44,44,1972-05-21,1973-05-13
1036771,2017-05-20,2017-06-03,44,44,44,44,1972-06-04,1973-05-20
1036771,2017-06-03,2017-06-10,44,44,44,44,1972-06-11,1973-06-03
1036771,2017-06-10,2017-06-17,44,44,44,44,1972-06-18,1973-06-10
1036771,2017-06-17,2017-06-24,44,44,44,44,1972-06-25,1973-06-17
1036771,2017-06-24,2017-07-01,44,44,44,44,1972-07-02,1973-06-24
1036771,2017-07-01,2017-07-08,44,44,44,44,1972-07-09,1973-07-01
1036771,2017-07-08,2017-08-19,44,44,44,44,1972-08-20,1973-07-08
1036771,2017-08-19,2017-08-26,44,44,44,44,1972-08-27,1973-08-19
1036771,2017-08-26,2017-09-02,44,44,44,44,1972-09-03,1973-08-26
1036771,2017-09-02,2017-09-09,44,44,44,44,1972-09-10,1973-09-02
1036771,2017-09-09,2017-09-16,44,44,44,44,1972-09-17,1973-09-09
1036771,2017-09-16,2017-09-23,44,44,44,44,1972-09-24,1973-09-16
1036771,2017-09-23,2017-09-30,44,44,44,44,1972-10-01,1973-09-23
1036771,2017-09-30,2017-10-07,44,44,44,44,1972-10-08,1973-09-30
1036771,2017-10-07,2017-10-14,44,44,44,44,1972-10-15,1973-10-07
1036771,2017-10-14,2017-10-21,44,44,44,44,1972-10-22,1973-10-14
1036771,2017-10-21,2017-10-28,44,44,44,44,1972-10-29,1973-10-21
1036771,2017-10-28,2017-11-04,44,44,44,44,1972-11-05,1973-10-28
1036771,2017-11-04,2017-11-18,44,44,44,44,1972-11-19,1973-11-04
1036771,2017-11-18,2017-11-25,44,44,44,44,1972-11-26,1973-11-18
1036771,2017-11-25,2017-12-02,44,44,44,44,1972-12-03,1973-11-25
1036771,2017-12-02,2018-01-13,44,44,44,44,1973-01-14,1973-12-02
1036771,2018-01-13,2018-01-20,44,44,44,44,1973-01-21,1974-01-13
1036771,2018-01-20,2018-01-27,44,44,44,44,1973-01-28,1974-01-20
1036771,2018-01-27,2018-02-10,44,44,44,44,1973-02-11,1974-01-27
1036771,2018-02-10,2018-02-17,44,44,44,44,1973-02-18,1974-02-10
1036771,2018-02-17,2018-02-24,44,44,44,44,1973-02-25,1974-02-17
1036771,2018-02-24,2018-03-10,44,44,44,44,1973-03-11,1974-02-24
1036771,2018-03-10,2018-03-17,44,44,44,44,1973-03-18,1974-03-10
1036771,2018-03-17,2018-03-24,44,44,45,45,1973-03-18,1973-03-24
1036771,2018-03-24,2018-03-31,45,45,45,45,1972-04-01,1973-03-24
1036771,2018-03-31,2018-04-07,45,45,45,45,1972-04-08,1973-03-31
1036771,2018-04-07,2018-04-14,45,45,45,45,1972-04-15,1973-04-07
1036771,2018-04-14,2018-04-21,45,45,45,45,1972-04-22,1973-04-14
1036771,2018-04-21,2018-04-28,45,45,45,45,1972-04-29,1973-04-21
1036771,2018-04-28,2018-05-05,45,45,45,45,1972-05-06,1973-04-28
1036771,2018-05-05,2018-05-12,45,45,45,45,1972-05-13,1973-05-05
1036771,2018-05-12,2018-05-19,45,45,45,45,1972-05-20,1973-05-12
1036771,2018-05-19,2018-05-26,45,45,45,45,1972-05-27,1973-05-19
1036771,2018-05-26,2018-06-02,45,45,45,45,1972-06-03,1973-05-26
1036771,2018-06-02,2018-06-09,45,45,45,45,1972-06-10,1973-06-02
1036771,2018-06-09,2018-06-16,45,45,45,45,1972-06-17,1973-06-09
1036771,2018-06-16,2018-06-23,45,45,45,45,1972-06-24,1973-06-16
1036771,2018-06-23,2018-07-07,45,45,45,45,1972-07-08,1973-06-23
1036771,2018-07-07,2018-08-04,45,45,45,45,1972-08-05,1973-07-07
1036771,2018-08-04,2018-08-25,45,45,45,45,1972-08-26,1973-08-04
1036771,2018-08-25,2018-09-01,45,45,45,45,1972-09-02,1973-08-25
1036771,2018-09-01,2018-09-08,45,45,45,45,1972-09-09,1973-09-01
1036771,2018-09-08,2018-09-15,45,45,45,45,1972-09-16,1973-09-08
1036771,2018-09-15,2018-09-29,45,45,45,45,1972-09-30,1973-09-15
1036771,2018-09-29,2018-10-06,45,45,45,45,1972-10-07,1973-09-29
1036771,2018-10-06,2018-10-13,45,45,45,45,1972-10-14,1973-10-06
1036771,2018-10-13,2018-10-20,45,45,45,45,1972-10-21,1973-10-13
1036771,2018-10-20,2018-10-27,45,45,45,45,1972-10-28,1973-10-20
1036771,2018-10-27,2018-11-03,45,45,45,45,1972-11-04,1973-10-27
1036771,2018-11-03,2018-11-10,45,45,45,45,1972-11-11,1973-11-03
1036771,2018-11-10,2018-11-17,45,45,45,45,1972-11-18,1973-11-10
1036771,2018-11-17,2018-11-24,45,45,45,45,1972-11-25,1973-11-17
1036771,2018-11-24,2018-12-01,45,45,45,45,1972-12-02,1973-11-24
1036771,2018-12-01,2018-12-08,45,45,45,45,1972-12-09,1973-12-01
1036771,2018-12-08,2018-12-15,45,45,45,45,1972-12-16,1973-12-08
1036771,2018-12-15,2018-12-22,45,45,45,45,1972-12-23,1973-12-15
1036771,2018-12-22,2018-12-29,45,45,45,45,1972-12-30,1973-12-22
1036771,2018-12-29,2019-01-01,45,45,45,45,1973-01-02,1973-12-29
1036771,2019-01-01,2019-01-12,45,45,45,45,1973-01-13,1974-01-01
1036771,2019-01-12,2019-01-19,45,45,45,45,1973-01-20,1974-01-12
1036771,2019-01-19,2019-01-26,45,45,45,45,1973-01-27,1974-01-19
1036771,2019-01-26,2019-02-02,45,45,45,45,1973-02-03,1974-01-26
1036771,2019-02-02,2019-02-09,45,45,45,45,1973-02-10,1974-02-02
1036771,2019-02-09,2019-02-16,45,45,45,45,1973-02-17,1974-02-09
1036771,2019-02-16,2019-02-23,45,45,45,45,1973-02-24,1974-02-16
1036771,2019-02-23,2019-03-02,45,45,45,45,1973-03-03,1974-02-23
1036771,2019-03-02,2019-03-09,45,45,45,45,1973-03-10,1974-03-02
1036771,2019-03-09,2019-03-16,45,45,45,45,1973-03-17,1974-03-09
1036771,2019-03-16,2019-03-30,45,45,46,46,1973-03-17,1973-03-30
1036771,2019-03-30,2019-04-06,46,46,46,46,1972-04-07,1973-03-30
1036771,2019-04-06,2019-04-13,46,46,46,46,1972-04-14,1973-04-06
1036771,2019-04-13,2019-04-20,46,46,46,46,1972-04-21,1973-04-13
1036771,2019-04-20,2019-04-27,46,46,46,46,1972-04-28,1973-04-20
1036771,2019-04-27,2019-05-04,46,46,46,46,1972-05-05,1973-04-27
1036771,2019-05-04,2019-05-18,46,46,46,46,1972-05-19,1973-05-04
1036771,2019-05-18,2019-05-25,46,46,46,46,1972-05-26,1973-05-18
1036771,2019-05-25,2019-06-01,46,46,46,46,1972-06-02,1973-05-25
1036771,2019-06-01,2019-06-08,46,46,46,46,1972-06-09,1973-06-01
1036771,2019-06-08,2019-06-15,46,46,46,46,1972-06-16,1973-06-08
1036771,2019-06-15,2019-07-06,46,46,46,46,1972-07-07,1973-06-15
1036771,2019-07-06,2019-07-13,46,46,46,46,1972-07-14,1973-07-06
1036771,2019-07-13,2019-07-20,46,46,46,46,1972-07-21,1973-07-13
1036771,2019-07-20,2019-08-03,46,46,46,46,1972-08-04,1973-07-20
1036771,2019-08-03,2019-08-24,46,46,46,46,1972-08-25,1973-08-03
1036771,2019-08-24,2019-08-31,46,46,46,46,1972-09-01,1973-08-24
1036771,2019-08-31,2019-09-07,46,46,46,46,1972-09-08,1973-08-31
1036771,2019-09-07,2019-09-14,46,46,46,46,1972-09-15,1973-09-07
1036771,2019-09-14,2019-09-21,46,46,46,46,1972-09-22,1973-09-14
1036771,2019-09-21,2019-09-28,46,46,46,46,1972-09-29,1973-09-21
1036771,2019-09-28,2019-10-05,46,46,46,46,1972-10-06,1973-09-28
1036771,2019-10-05,2019-10-19,46,46,46,46,1972-10-20,1973-10-05
1036771,2019-10-19,2019-10-26,46,46,46,46,1972-10-27,1973-10-19
1036771,2019-10-26,2019-11-02,46,46,46,46,1972-11-03,1973-10-26
1036771,2019-11-02,2019-11-09,46,46,46,46,1972-11-10,1973-11-02
1036771,2019-11-09,2019-11-16,46,46,46,46,1972-11-17,1973-11-09
1036771,2019-11-16,2019-11-23,46,46,46,46,1972-11-24,1973-11-16
1036771,2019-11-23,2019-11-30,46,46,46,46,1972-12-01,1973-11-23
1036771,2019-11-30,2019-12-07,46,46,46,46,1972-12-08,1973-11-30
1036771,2019-12-07,2019-12-14,46,46,46,46,1972-12-15,1973-12-07
1036771,2019-12-14,2020-01-04,46,46,46,46,1973-01-05,1973-12-14
1036771,2020-01-04,2020-01-11,46,46,46,46,1973-01-12,1974-01-04
1036771,2020-01-11,2020-01-18,46,46,46,46,1973-01-19,1974-01-11
1036771,2020-01-18,2020-01-25,46,46,46,46,1973-01-26,1974-01-18
1036771,2020-01-25,2020-02-01,46,46,46,46,1973-02-02,1974-01-25
1036771,2020-02-01,2020-02-08,46,46,46,46,1973-02-09,1974-02-01
1036771,2020-02-08,2020-02-22,46,46,46,46,1973-02-23,1974-02-08
1036771,2020-02-22,2020-03-07,46,46,46,46,1973-03-08,1974-02-22
1036771,2020-03-07,2020-03-14,46,46,46,46,1973-03-15,1974-03-07
1036771,2020-03-14,2021-07-31,46,46,48,48,1973-03-15,1973-07-31
1036771,2021-07-31,2021-08-07,48,48,48,48,1972-08-08,1973-07-31
1036771,2021-08-07,2021-08-14,48,48,48,48,1972-08-15,1973-08-07
1036771,2021-08-14,2021-09-04,48,48,48,48,1972-09-05,1973-08-14
1036771,2021-09-04,2021-09-11,48,48,48,48,1972-09-12,1973-09-04
1036771,2021-09-11,2021-09-18,48,48,48,48,1972-09-19,1973-09-11
1036771,2021-09-18,2021-09-25,48,48,48,48,1972-09-26,1973-09-18
1036771,2021-09-25,2021-10-02,48,48,48,48,1972-10-03,1973-09-25
1036771,2021-10-02,2021-10-09,48,48,48,48,1972-10-10,1973-10-02
1036771,2021-10-09,2021-10-16,48,48,48,48,1972-10-17,1973-10-09
1036771,2021-10-16,2021-10-23,48,48,48,48,1972-10-24,1973-10-16
1036771,2021-10-23,2021-11-20,48,48,48,48,1972-11-21,1973-10-23
1036771,2021-11-20,2021-12-11,48,48,48,48,1972-12-12,1973-11-20
1036771,2021-12-11,2021-12-18,48,48,48,48,1972-12-19,1973-12-11
1036771,2021-12-18,2022-01-08,48,48,48,48,1973-01-09,1973-12-18
1036771,2022-01-08,2022-01-15,48,48,48,48,1973-01-16,1974-01-08
1036771,2022-01-15,2022-01-22,48,48,48,48,1973-01-23,1974-01-15
1036771,2022-01-22,2022-02-05,48,48,48,48,1973-02-06,1974-01-22
1036771,2022-02-05,2022-02-12,48,48,48,48,1973-02-13,1974-02-05
1036771,2022-02-12,2022-02-26,48,48,48,48,1973-02-27,1974-02-12
1036771,2022-02-26,2022-03-05,48,48,48,48,1973-03-06,1974-02-26
1036771,2022-03-05,2022-03-19,48,48,48,48,1973-03-20,1974-03-05
1036771,2022-03-19,2022-03-26,48,48,49,49,1973-03-20,1973-03-26
1036771,2022-03-26,2022-04-16,49,49,49,49,1972-04-17,1973-03-26
1036771,2022-04-16,2022-04-30,49,49,49,49,1972-05-01,1973-04-16
1036771,2022-04-30,2022-05-07,49,49,49,49,1972-05-08,1973-04-30
1036771,2022-05-07,2022-05-14,49,49,49,49,1972-05-15,1973-05-07
1036771,2022-05-14,2022-05-21,49,49,49,49,1972-05-22,1973-05-14
1036771,2022-05-21,2022-05-28,49,49,49,49,1972-05-29,1973-05-21
1036771,2022-05-28,2022-06-04,49,49,49,49,1972-06-05,1973-05-28
1036771,2022-06-04,2022-06-11,49,49,49,49,1972-06-12,1973-06-04
1036771,2022-06-11,2022-06-18,49,49,49,49,1972-06-19,1973-06-11
1036771,2022-06-18,2022-06-25,49,49,49,49,1972-06-26,1973-06-18
1036771,2022-06-25,2022-07-02,49,49,49,49,1972-07-03,1973-06-25
1036771,2022-07-02,2022-07-09,49,49,49,49,1972-07-10,1973-07-02
1036771,2022-07-09,2022-07-30,49,49,49,49,1972-07-31,1973-07-09
1036771,2022-07-30,2022-08-06,49,49,49,49,1972-08-07,1973-07-30
1036771,2022-08-06,2022-08-27,49,49,49,49,1972-08-28,1973-08-06
1036771,2022-08-27,2022-09-10,49,49,49,49,1972-09-11,1973-08-27
1036771,2022-09-10,2022-09-17,49,49,49,49,1972-09-18,1973-09-10
1036771,2022-09-17,2022-10-08,49,49,49,49,1972-10-09,1973-09-17
1036771,2022-10-08,2022-10-15,49,49,49,49,1972-10-16,1973-10-08
1036771,2022-10-15,2022-10-22,49,49,49,49,1972-10-23,1973-10-15
1036771,2022-10-22,2022-11-26,49,49,49,49,1972-11-27,1973-10-22
1036771,2022-11-26,2022-12-10,49,49,49,49,1972-12-11,1973-11-26
1036771,2022-12-10,2023-01-07,49,49,49,49,1973-01-08,1973-12-10
1036771,2023-01-07,2023-02-11,49,49,49,49,1973-02-12,1974-01-07
1036771,2023-02-11,2023-02-18,49,49,49,49,1973-02-19,1974-02-11
1036771,2023-02-18,2023-03-04,49,49,49,49,1973-03-05,1974-02-18
1036771,2023-03-04,2023-03-25,49,49,50,50,1973-03-05,1973-03-25
1036771,2023-03-25,2023-04-08,50,50,50,50,1972-04-09,1973-03-25
1036771,2023-04-08,2023-04-15,50,50,50,50,1972-04-16,1973-04-08
1036771,2023-04-15,2023-05-06,50,50,50,50,1972-05-07,1973-04-15
1036771,2023-05-06,2023-05-20,50,50,50,50,1972-05-21,1973-05-06
1036771,2023-05-20,2023-06-03,50,50,50,50,1972-06-04,1973-05-20
1036771,2023-06-03,2023-06-17,50,50,50,50,1972-06-18,1973-06-03
1036771,2023-06-17,2023-08-26,50,50,50,50,1972-08-27,1973-06-17
1036771,2023-08-26,2023-09-09,50,50,50,50,1972-09-10,1973-08-26
1036771,2023-09-09,2023-09-16,50,50,50,50,1972-09-17,1973-09-09
1036771,2023-09-16,2023-11-11,50,50,50,50,1972-11-12,1973-09-16
1036771,2023-11-11,2023-11-18,50,50,50,50,1972-11-19,1973-11-11
1036771,2023-11-18,2023-12-16,50,50,50,50,1972-12-17,1973-11-18
1036771,2023-12-16,2024-01-06,50,50,50,50,1973-01-07,1973-12-16
1036771,2024-01-06,2024-01-13,50,50,50,50,1973-01-14,1974-01-06
1036771,2024-01-13,2024-01-20,50,50,50,50,1973-01-21,1974-01-13
1036771,2024-01-20,2024-02-03,50,50,50,50,1973-02-04,1974-01-20
1036771,2024-02-03,2024-03-02,50,50,50,50,1973-03-03,1974-02-03
1036771,2024-03-02,2024-03-23,50,50,51,51,1973-03-03,1973-03-23
1036771,2024-03-23,2024-03-30,51,51,51,51,1972-03-31,1973-03-23
1036771,2024-03-30,2024-04-06,51,51,51,51,1972-04-07,1973-03-30
1036771,2024-04-06,2024-04-20,51,51,51,51,1972-04-21,1973-04-06
1036771,2024-04-20,2024-04-27,51,51,51,51,1972-04-28,1973-04-20
1036771,2024-04-27,2024-05-11,51,51,51,51,1972-05-12,1973-04-27
1036771,2024-05-11,2024-06-01,51,51,51,51,1972-06-02,1973-05-11
1036771,2024-06-01,2024-06-15,51,51,51,51,1972-06-16,1973-06-01
1036771,2024-06-15,2024-08-03,51,51,51,51,1972-08-04,1973-06-15
1036771,2024-08-03,2024-09-07,51,51,51,51,1972-09-08,1973-08-03
1036771,2024-09-07,2024-09-21,51,51,51,51,1972-09-22,1973-09-07
1036771,2024-09-21,2024-11-30,51,51,51,51,1972-12-01,1973-09-21
1036771,2024-11-30,2024-12-14,51,51,51,51,1972-12-15,1973-11-30
1036771,2024-12-14,2025-01-11,51,51,51,51,1973-01-12,1973-12-14
1036771,2025-01-11,2025-01-18,51,51,51,51,1973-01-19,1974-01-11
1036771,2025-01-18,2025-02-15,51,51,51,51,1973-02-16,1974-01-18
1036771,2025-02-15,2025-03-01,51,51,51,51,1973-03-02,1974-02-15
1036771,2025-03-01,2025-03-08,51,51,51,51,1973-03-09,1974-03-01
1036771,2025-03-08,2025-04-12,51,51,52,52,1973-03-09,1973-04-12
1036771,2025-04-12,2025-04-26,52,52,52,52,1972-04-27,1973-04-12
1036771,2025-04-26,2025-05-03,52,52,52,52,1972-05-04,1973-04-26
1036771,2025-05-03,2025-05-10,52,52,52,52,1972-05-11,1973-05-03
1036771,2025-05-10,2025-06-14,52,52,52,52,1972-06-15,1973-05-10
1036771,2025-06-14,2025-06-28,52,52,52,52,1972-06-29,1973-06-14
1036771,2025-06-28,2025-07-05,52,52,52,52,1972-07-06,1973-06-28
1036771,2025-07-05,2025-07-12,52,52,52,52,1972-07-13,1973-07-05
1036771,2025-07-12,2025-07-26,52,52,52,52,1972-07-27,1973-07-12
1036771,2025-07-26,2025-08-02,52,52,52,52,1972-08-03,1973-07-26
1036771,2025-08-02,2025-08-09,52,52,52,52,1972-08-10,1973-08-02
1036771,2025-08-09,2025-08-23,52,52,52,52,1972-08-24,1973-08-09
1036771,2025-08-23,2025-08-30,52,52,52,52,1972-08-31,1973-08-23
1036771,2025-08-30,2025-09-06,52,52,52,52,1972-09-07,1973-08-30
1036771,2025-09-06,2025-09-13,52,52,52,52,1972-09-14,1973-09-06
1036771,2025-09-13,2025-09-20,52,52,52,52,1972-09-21,1973-09-13
1036771,2025-09-20,2025-11-08,52,52,52,52,1972-11-09,1973-09-20
1036771,2025-11-08,2025-11-15,52,52,52,52,1972-11-16,1973-11-08
1036771,2025-11-15,2025-11-22,52,52,52,52,1972-11-23,1973-11-15
1036771,2025-11-22,2025-12-06,52,52,52,52,1972-12-07,1973-11-22
1036771,2025-12-06,2025-12-25,52,52,52,52,1972-12-26,1973-12-06
1036771,2025-12-25,2025-12-27,52,52,52,52,1972-12-28,1973-12-25
1036771,2025-12-27,2026-01-17,52,52,52,52,1973-01-18,1973-12-27
1036771,2026-01-17,2026-01-24,52,52,52,52,1973-01-25,1974-01-17
1063478,,2014-06-28,,,40,40,1973-06-29,1974-06-28
1063478,2014-06-28,2014-07-05,40,40,40,40,1973-07-06,1974-06-28
1063478,2014-07-05,2014-07-12,40,40,40,40,1973-07-13,1974-07-05
1063478,2014-07-12,2014-07-26,40,40,40,40,1973-07-27,1974-07-12
1063478,2014-07-26,2014-08-23,40,40,40,40,1973-08-24,1974-07-26
1063478,2014-08-23,2014-09-06,40,40,40,40,1973-09-07,1974-08-23
1063478,2014-09-06,2014-09-13,40,40,40,40,1973-09-14,1974-09-06
1063478,2014-09-13,2014-09-20,40,40,40,40,1973-09-21,1974-09-13
1063478,2014-09-20,2014-09-27,40,40,40,40,1973-09-28,1974-09-20
1063478,2014-09-27,2014-10-04,40,40,40,40,1973-10-05,1974-09-27
1063478,2014-10-04,2014-10-11,40,40,40,40,1973-10-12,1974-10-04
1063478,2014-10-11,2014-10-18,40,40,40,40,1973-10-19,1974-10-11
1063478,2014-10-18,2014-11-01,40,40,40,40,1973-11-02,1974-10-18
1063478,2014-11-01,2014-11-08,40,40,40,40,1973-11-09,1974-11-01
1063478,2014-11-08,2014-11-15,40,40,40,40,1973-11-16,1974-11-08
1063478,2014-11-15,2014-11-22,40,40,40,40,1973-11-23,1974-11-15
1063478,2014-11-22,2014-11-29,40,40,40,40,1973-11-30,1974-11-22
1063478,2014-11-29,2014-12-13,40,40,40,40,1973-12-14,1974-11-29
1063478,2014-12-13,2014-12-27,40,40,40,40,1973-12-28,1974-12-13
1063478,2014-12-27,2015-01-01,40,40,40,40,1974-01-02,1974-12-27
1063478,2015-01-01,2015-01-01,40,40,40,40,1974-01-02,1975-01-01
1063478,2015-01-01,2015-01-03,40,40,40,40,1974-01-04,1975-01-01
1063478,2015-01-03,2015-01-10,40,40,40,40,1974-01-11,1975-01-03
1063478,2015-01-10,2015-01-24,40,40,40,40,1974-01-25,1975-01-10
1063478,2015-01-24,2015-01-31,40,40,40,40,1974-02-01,1975-01-24
1063478,2015-01-31,2015-02-07,40,40,41,41,1974-02-01,1974-02-07
1063478,2015-02-07,2015-02-14,41,41,40,40,1974-02-15,1974-02-07
1063478,2015-02-14,2015-02-28,40,40,41,41,1974-02-15,1974-02-28
1063478,2015-02-28,2015-03-07,41,41,41,41,1973-03-08,1974-02-28
1063478,2015-03-07,2015-03-14,41,41,40,40,1974-03-15,1974-03-07
1063478,2015-03-14,2015-03-21,40,40,40,40,1974-03-22,1975-03-14
1063478,2015-03-21,2015-03-28,40,40,40,40,1974-03-29,1975-03-21
1063478,2015-03-28,2015-04-04,40,40,40,40,1974-04-05,1975-03-28
1063478,2015-04-04,2015-04-11,40,40,40,40,1974-04-12,1975-04-04
1063478,2015-04-11,2015-04-18,40,40,40,40,1974-04-19,1975-04-11
1063478,2015-04-18,2015-04-25,40,40,40,40,1974-04-26,1975-04-18
1063478,2015-04-25,2015-05-09,40,40,41,41,1974-04-26,1974-05-09
1063478,2015-05-09,2015-05-23,41,41,41,41,1973-05-24,1974-05-09
1063478,2015-05-23,2015-05-30,41,41,40,40,1974-05-31,1974-05-23
1063478,2015-05-30,2015-06-13,40,40,41,41,1974-05-31,1974-06-13
1063478,2015-06-13,2015-06-20,41,41,41,41,1973-06-21,1974-06-13
1063478,2015-06-20,2015-07-04,41,41,40,40,1974-07-05,1974-06-20
1063478,2015-07-04,2015-07-18,40,40,41,41,1974-07-05,1974-07-18
1063478,2015-07-18,2015-07-25,41,41,41,41,1973-07-26,1974-07-18
1063478,2015-07-25,2015-08-01,41,41,41,41,1973-08-02,1974-07-25
1063478,2015-08-01,2015-08-08,41,41,41,41,1973-08-09,1974-08-01
1063478,2015-08-08,2015-08-22,41,41,41,41,1973-08-23,1974-08-08
1063478,2015-08-22,2015-09-05,41,41,40,40,1974-09-06,1974-08-22
1063478,2015-09-05,2015-09-19,40,40,40,40,1974-09-20,1975-09-05
1063478,2015-09-19,2015-09-26,40,40,41,41,1974-09-20,1974-09-26
1063478,2015-09-26,2015-10-24,41,41,40,40,1974-10-25,1974-09-26
1063478,2015-10-24,2015-11-07,40,40,41,41,1974-10-25,1974-11-07
1063478,2015-11-07,2016-01-02,41,41,41,41,1974-01-03,1974-11-07
1063478,2016-01-02,2016-01-30,41,41,42,42,1974-01-03,1974-01-30
1063478,2016-01-30,2016-02-06,42,42,42,42,1973-02-07,1974-01-30
1063478,2016-02-06,2016-02-13,42,42,42,42,1973-02-14,1974-02-06
1063478,2016-02-13,2016-02-20,42,42,40,40,1975-02-21,1974-02-13
1063478,2016-02-20,2016-03-05,40,40,42,42,1975-02-21,1974-03-05
1063478,2016-03-05,2016-03-12,42,42,40,40,1975-03-13,1974-03-05
1063478,2016-03-12,2016-04-02,40,40,42,42,1975-03-13,1974-04-02
1063478,2016-04-02,2016-04-09,42,42,40,40,1975-04-10,1974-04-02
1063478,2016-04-09,2016-04-16,40,40,40,40,1975-04-17,1976-04-09
1063478,2016-04-16,2016-05-28,40,40,40,40,1975-05-29,1976-04-16
1063478,2016-05-28,2016-06-25,40,40,42,42,1975-05-29,1974-06-25
1063478,2016-06-25,2016-09-03,42,42,42,42,1973-09-04,1974-06-25
1063478,2016-09-03,2016-09-24,42,42,42,42,1973-09-25,1974-09-03
1063478,2016-09-24,2017-01-01,42,42,42,42,1974-01-02,1974-09-24
1063478,2017-01-01,2017-01-01,42,42,42,42,1974-01-02,1975-01-01
1063478,2017-01-01,2017-02-25,42,42,40,40,1976-02-26,1975-01-01
1063478,2017-02-25,2017-03-25,40,40,43,43,1976-02-26,1974-03-25
1063478,2017-03-25,2017-04-08,43,43,43,43,1973-04-09,1974-03-25
1063478,2017-04-08,2017-07-08,43,43,43,43,1973-07-09,1974-04-08
1063478,2017-07-08,2017-10-14,43,43,40,40,1976-10-15,1974-07-08
1063478,2017-10-14,2017-12-23,40,40,43,43,1976-10-15,1974-12-23
1063478,2017-12-23,2018-01-20,43,43,44,44,1973-12-24,1974-01-20
1063478,2018-01-20,2018-06-09,44,44,44,44,1973-06-10,1974-01-20
1063478,2018-06-09,2018-09-15,44,44,40,40,1977-09-16,1974-06-09
1063478,2018-09-15,2018-10-06,40,40,44,44,1977-09-16,1974-10-06
1063478,2018-10-06,2018-12-25,44,44,40,40,1977-12-26,1974-10-06
1063478,2018-12-25,2019-01-01,40,40,44,44,1977-12-26,1975-01-01
1063478,2019-01-01,2019-01-01,44,44,44,44,1974-01-02,1975-01-01
1063478,2019-01-01,2019-10-19,44,44,45,45,1974-01-02,1974-10-19
1063478,2019-10-19,2019-11-23,45,45,45,45,1973-11-24,1974-10-19
1063478,2019-11-23,2019-12-25,45,45,45,45,1973-12-26,1974-11-23
1063478,2019-12-25,2020-01-01,45,45,45,45,1974-01-02,1974-12-25
1063478,2020-01-01,2020-01-01,45,45,45,45,1974-01-02,1975-01-01
1063478,2020-01-01,2020-01-11,45,45,45,45,1974-01-12,1975-01-01
1063478,2020-01-11,2021-12-18,45,45,45,45,1975-12-19,1975-01-11
1063478,2021-12-18,2022-01-01,45,45,45,45,1976-01-02,1976-12-18
1063478,2022-01-01,2022-01-08,45,45,47,47,1976-01-02,1975-01-08
1063478,2022-01-08,2024-03-23,47,47,50,50,1974-01-09,1974-03-23
1063478,2024-03-23,2025-01-04,50,50,50,50,1974-01-05,1974-03-23
1063855,,2014-08-23,,,43,43,1970-08-24,1971-08-23
1063855,2014-08-23,2014-09-13,43,43,43,43,1970-09-14,1971-08-23
1063855,2014-09-13,2014-09-27,43,43,43,43,1970-09-28,1971-09-13
1063855,2014-09-27,2014-10-11,43,43,43,43,1970-10-12,1971-09-27
1063855,2014-10-11,2014-10-18,43,43,43,43,1970-10-19,1971-10-11
1063855,2014-10-18,2014-10-25,43,43,43,43,1970-10-26,1971-10-18
1063855,2014-10-25,2014-11-08,43,43,43,43,1970-11-09,1971-10-25
1063855,2014-11-08,2014-11-15,43,43,43,43,1970-11-16,1971-11-08
1063855,2014-11-15,2014-11-29,43,43,43,43,1970-11-30,1971-11-15
1063855,2014-11-29,2014-12-13,43,43,44,44,1970-11-30,1970-12-13
1063855,2014-12-13,2014-12-20,44,44,44,44,1969-12-21,1970-12-13
1063855,2014-12-20,2014-12-27,44,44,44,44,1969-12-28,1970-12-20
1063855,2014-12-27,2015-01-10,44,44,44,44,1970-01-11,1970-12-27
1063855,2015-01-10,2015-01-17,44,44,44,44,1970-01-18,1971-01-10
1063855,2015-01-17,2015-01-24,44,44,40,40,1974-01-25,1971-01-17
1063855,2015-01-24,2015-01-31,40,40,40,40,1974-02-01,1975-01-24
1063855,2015-01-31,2015-02-07,40,40,44,44,1974-02-01,1971-02-07
1063855,2015-02-07,2015-02-14,44,44,44,44,1970-02-15,1971-02-07
1063855,2015-02-14,2015-02-21,44,44,44,44,1970-02-22,1971-02-14
1063855,2015-02-21,2015-02-28,44,44,44,44,1970-03-01,1971-02-21
1063855,2015-02-28,2015-03-07,44,44,44,44,1970-03-08,1971-02-28
1063855,2015-03-07,2015-03-21,44,44,44,44,1970-03-22,1971-03-07
1063855,2015-03-21,2015-04-11,44,44,44,44,1970-04-12,1971-03-21
1063855,2015-04-11,2015-04-18,44,44,44,44,1970-04-19,1971-04-11
1063855,2015-04-18,2015-04-25,44,44,44,44,1970-04-26,1971-04-18
1063855,2015-04-25,2015-05-02,44,44,44,44,1970-05-03,1971-04-25
1063855,2015-05-02,2015-05-09,44,44,44,44,1970-05-10,1971-05-02
1063855,2015-05-09,2015-05-16,44,44,44,44,1970-05-17,1971-05-09
1063855,2015-05-16,2015-06-06,44,44,44,44,1970-06-07,1971-05-16
1063855,2015-06-06,2015-06-13,44,44,44,44,1970-06-14,1971-06-06
1063855,2015-06-13,2015-06-20,44,44,44,44,1970-06-21,1971-06-13
1063855,2015-06-20,2015-06-27,44,44,44,44,1970-06-28,1971-06-20
1063855,2015-06-27,2015-07-04,44,44,44,44,1970-07-05,1971-06-27
1063855,2015-07-04,2015-07-11,44,44,44,44,1970-07-12,1971-07-04
1063855,2015-07-11,2015-08-22,44,44,44,44,1970-08-23,1971-07-11
1063855,2015-08-22,2015-09-05,44,44,44,44,1970-09-06,1971-08-22
1063855,2015-09-05,2015-09-12,44,44,44,44,1970-09-13,1971-09-05
1063855,2015-09-12,2015-09-19,44,44,44,44,1970-09-20,1971-09-12
1063855,2015-09-19,2015-10-17,44,44,44,44,1970-10-18,1971-09-19
1063855,2015-10-17,2015-10-31,44,44,44,44,1970-11-01,1971-10-17
1063855,2015-10-31,2015-11-07,44,44,44,44,1970-11-08,1971-10-31
1063855,2015-11-07,2015-11-21,44,44,44,44,1970-11-22,1971-11-07
1063855,2015-11-21,2015-12-12,44,44,45,45,1970-11-22,1970-12-12
1063855,2015-12-12,2015-12-19,45,45,45,45,1969-12-20,1970-12-12
1063855,2015-12-19,2016-01-09,45,45,45,45,1970-01-10,1970-12-19
1063855,2016-01-09,2016-01-30,45,45,45,45,1970-01-31,1971-01-09
1063855,2016-01-30,2016-02-13,45,45,45,45,1970-02-14,1971-01-30
1063855,2016-02-13,2016-03-12,45,45,45,45,1970-03-13,1971-02-13
1063855,2016-03-12,2016-03-26,45,45,45,45,1970-03-27,1971-03-12
1063855,2016-03-26,2016-04-16,45,45,45,45,1970-04-17,1971-03-26
1063855,2016-04-16,2016-04-23,45,45,45,45,1970-04-24,1971-04-16
1063855,2016-04-23,2016-05-14,45,45,45,45,1970-05-15,1971-04-23
1063855,2016-05-14,2016-06-04,45,45,45,45,1970-06-05,1971-05-14
1063855,2016-06-04,2016-06-25,45,45,45,45,1970-06-26,1971-06-04
1063855,2016-06-25,2016-07-02,45,45,45,45,1970-07-03,1971-06-25
1063855,2016-07-02,2016-07-30,45,45,45,45,1970-07-31,1971-07-02
1063855,2016-07-30,2016-09-17,45,45,45,45,1970-09-18,1971-07-30
1063855,2016-09-17,2016-09-24,45,45,45,45,1970-09-25,1971-09-17
1063855,2016-09-24,2016-10-08,45,45,45,45,1970-10-09,1971-09-24
1063855,2016-10-08,2016-10-15,45,45,45,45,1970-10-16,1971-10-08
1063855,2016-10-15,2016-10-22,45,45,45,45,1970-10-23,1971-10-15
1063855,2016-10-22,2016-11-12,45,45,45,45,1970-11-13,1971-10-22
1063855,2016-11-12,2016-12-03,45,45,46,46,1970-11-13,1970-12-03
1063855,2016-12-03,2016-12-17,46,46,46,46,1969-12-18,1970-12-03
1063855,2016-12-17,2017-01-07,46,46,46,46,1970-01-08,1970-12-17
1063855,2017-01-07,2017-01-14,46,46,46,46,1970-01-15,1971-01-07
1063855,2017-01-14,2017-01-21,46,46,46,46,1970-01-22,1971-01-14
1063855,2017-01-21,2017-03-04,46,46,46,46,1970-03-05,1971-01-21
1063855,2017-03-04,2017-03-11,46,46,46,46,1970-03-12,1971-03-04
1063855,2017-03-11,2017-03-18,46,46,46,46,1970-03-19,1971-03-11
1063855,2017-03-18,2017-04-22,46,46,46,46,1970-04-23,1971-03-18
1063855,2017-04-22,2017-05-06,46,46,46,46,1970-05-07,1971-04-22
1063855,2017-05-06,2017-06-24,46,46,46,46,1970-06-25,1971-05-06
1063855,2017-06-24,2017-07-22,46,46,46,46,1970-07-23,1971-06-24
1063855,2017-07-22,2017-08-19,46,46,46,46,1970-08-20,1971-07-22
1063855,2017-08-19,2017-10-14,46,46,46,46,1970-10-15,1971-08-19
1063855,2017-10-14,2017-10-21,46,46,46,46,1970-10-22,1971-10-14
1063855,2017-10-21,2017-10-28,46,46,46,46,1970-10-29,1971-10-21
1063855,2017-10-28,2017-11-04,46,46,46,46,1970-11-05,1971-10-28
1063855,2017-11-04,2017-11-25,46,46,46,46,1970-11-26,1971-11-04
1063855,2017-11-25,2017-12-09,46,46,47,47,1970-11-26,1970-12-09
1063855,2017-12-09,2018-02-10,47,47,47,47,1970-02-11,1970-12-09
1063855,2018-02-10,2018-02-17,47,47,47,47,1970-02-18,1971-02-10
1063855,2018-02-17,2018-02-24,47,47,47,47,1970-02-25,1971-02-17
1063855,2018-02-24,2018-03-17,47,47,47,47,1970-03-18,1971-02-24
1063855,2018-03-17,2018-03-31,47,47,47,47,1970-04-01,1971-03-17
1063855,2018-03-31,2018-04-28,47,47,47,47,1970-04-29,1971-03-31
1063855,2018-04-28,2018-05-19,47,47,47,47,1970-05-20,1971-04-28
1063855,2018-05-19,2018-06-23,47,47,47,47,1970-06-24,1971-05-19
1063855,2018-06-23,2018-06-30,47,47,47,47,1970-07-01,1971-06-23
1063855,2018-06-30,2018-07-14,47,47,47,47,1970-07-15,1971-06-30
1063855,2018-07-14,2018-07-21,47,47,47,47,1970-07-22,1971-07-14
1063855,2018-07-21,2018-09-29,47,47,47,47,1970-09-30,1971-07-21
1063855,2018-09-29,2018-11-17,47,47,47,47,1970-11-18,1971-09-29
1063855,2018-11-17,2019-01-05,47,47,48,48,1970-11-18,1971-01-05
1063855,2019-01-05,2019-01-12,48,48,48,48,1970-01-13,1971-01-05
1063855,2019-01-12,2019-01-26,48,48,48,48,1970-01-27,1971-01-12
1063855,2019-01-26,2019-02-16,48,48,48,48,1970-02-17,1971-01-26
1063855,2019-02-16,2019-04-20,48,48,48,48,1970-04-21,1971-02-16
1063855,2019-04-20,2019-08-10,48,48,48,48,1970-08-11,1971-04-20
1063855,2019-08-10,2019-08-24,48,48,48,48,1970-08-25,1971-08-10
1063855,2019-08-24,2019-08-31,48,48,48,48,1970-09-01,1971-08-24
1063855,2019-08-31,2019-09-14,48,48,48,48,1970-09-15,1971-08-31
1063855,2019-09-14,2020-03-07,48,48,49,49,1970-09-15,1971-03-07
1063855,2020-03-07,2023-04-15,49,49,52,52,1970-04-16,1971-03-07
1071062,,2014-07-05,,,50,50,1963-07-06,1964-07-05
1071062,2014-07-05,2014-09-13,50,50,51,51,1963-07-06,1963-09-13
1071062,2014-09-13,2017-04-08,51,51,53,53,1963-04-09,1963-09-13
1071062,2017-04-08,2017-04-15,53,53,53,53,1963-04-16,1964-04-08
1071062,2017-04-15,2017-04-29,53,53,53,53,1963-04-30,1964-04-15
1071062,2017-04-29,2017-05-13,53,53,53,53,1963-05-14,1964-04-29
1071062,2017-05-13,2017-05-27,53,53,53,53,1963-05-28,1964-05-13
1071062,2017-05-27,2017-06-10,53,53,53,53,1963-06-11,1964-05-27
1071062,2017-06-10,2017-07-01,53,53,53,53,1963-07-02,1964-06-10
1071062,2017-07-01,2017-07-08,53,53,53,53,1963-07-09,1964-07-01
1071062,2017-07-08,2017-07-15,53,53,53,53,1963-07-16,1964-07-08
1071062,2017-07-15,2017-07-22,53,53,53,53,1963-07-23,1964-07-15
1071062,2017-07-22,2017-07-29,53,53,53,53,1963-07-30,1964-07-22
1071062,2017-07-29,2017-08-12,53,53,53,53,1963-08-13,1964-07-29
1071062,2017-08-12,2017-08-19,53,53,54,54,1963-08-13,1963-08-19
1071062,2017-08-19,2017-09-09,54,54,54,54,1962-09-10,1963-08-19
1071062,2017-09-09,2017-09-16,54,54,54,54,1962-09-17,1963-09-09
1071062,2017-09-16,2017-09-30,54,54,54,54,1962-10-01,1963-09-16
1071062,2017-09-30,2017-10-21,54,54,54,54,1962-10-22,1963-09-30
1071062,2017-10-21,2017-10-28,54,54,54,54,1962-10-29,1963-10-21
1071062,2017-10-28,2018-06-02,54,54,54,54,1963-06-03,1963-10-28
1071062,2018-06-02,2018-06-16,54,54,54,54,1963-06-17,1964-06-02
1071062,2018-06-16,2018-06-30,54,54,54,54,1963-07-01,1964-06-16
1071062,2018-06-30,2018-07-28,54,54,54,54,1963-07-29,1964-06-30
1071062,2018-07-28,2018-08-18,54,54,55,55,1963-07-29,1963-08-18
1071062,2018-08-18,2018-09-01,55,55,55,55,1962-09-02,1963-08-18
1071062,2018-09-01,2018-10-27,55,55,53,53,1964-10-28,1963-09-01
1071062,2018-10-27,2018-11-03,53,53,53,53,1964-11-04,1965-10-27
1071062,2018-11-03,2019-04-06,53,53,53,53,1965-04-07,1965-11-03
1071062,2019-04-06,2019-04-20,53,53,53,53,1965-04-21,1966-04-06
1071062,2019-04-20,2019-05-04,53,53,53,53,1965-05-05,1966-04-20
1071062,2019-05-04,2019-05-18,53,53,53,53,1965-05-19,1966-05-04
1071062,2019-05-18,2019-06-15,53,53,53,53,1965-06-16,1966-05-18
1071062,2019-06-15,2019-07-13,53,53,53,53,1965-07-14,1966-06-15
1071062,2019-07-13,2019-08-03,53,53,53,53,1965-08-04,1966-07-13
1071062,2019-08-03,2019-08-10,53,53,53,53,1965-08-11,1966-08-03
1071062,2019-08-10,2019-08-17,53,53,54,54,1965-08-11,1965-08-17
1071062,2019-08-17,2019-09-07,54,54,54,54,1964-09-08,1965-08-17
1071062,2019-09-07,2019-09-21,54,54,54,54,1964-09-22,1965-09-07
1071062,2019-09-21,2021-09-18,54,54,56,56,1964-09-22,1965-09-18
1071062,2021-09-18,2021-09-25,56,56,56,56,1964-09-26,1965-09-18
1071062,2021-09-25,2021-10-02,56,56,56,56,1964-10-03,1965-09-25
1071062,2021-10-02,2021-10-16,56,56,56,56,1964-10-17,1965-10-02
1071062,2021-10-16,2021-10-23,56,56,56,56,1964-10-24,1965-10-16
1071062,2021-10-23,2021-10-30,56,56,56,56,1964-10-31,1965-10-23
1071062,2021-10-30,2021-11-06,56,56,56,56,1964-11-07,1965-10-30
1071062,2021-11-06,2021-11-13,56,56,56,56,1964-11-14,1965-11-06
1071062,2021-11-13,2021-11-20,56,56,56,56,1964-11-21,1965-11-13
1071062,2021-11-20,2021-12-04,56,56,56,56,1964-12-05,1965-11-20
1071062,2021-12-04,2021-12-11,56,56,56,56,1964-12-12,1965-12-04
1071062,2021-12-11,2021-12-18,56,56,56,56,1964-12-19,1965-12-11
1071062,2021-12-18,2022-01-22,56,56,56,56,1965-01-23,1965-12-18
1071062,2022-01-22,2022-01-29,56,56,56,56,1965-01-30,1966-01-22
1071062,2022-01-29,2022-03-19,56,56,56,56,1965-03-20,1966-01-29
1071062,2022-03-19,2022-03-26,56,56,56,56,1965-03-27,1966-03-19
1071062,2022-03-26,2022-04-02,56,56,56,56,1965-04-03,1966-03-26
1071062,2022-04-02,2022-04-16,56,56,56,56,1965-04-17,1966-04-02
1071062,2022-04-16,2022-04-23,56,56,56,56,1965-04-24,1966-04-16
1071062,2022-04-23,2022-04-30,56,56,56,56,1965-05-01,1966-04-23
1071062,2022-04-30,2022-05-07,56,56,56,56,1965-05-08,1966-04-30
1071062,2022-05-07,2022-05-28,56,56,56,56,1965-05-29,1966-05-07
1071062,2022-05-28,2022-06-11,56,56,56,56,1965-06-12,1966-05-28
1071062,2022-06-11,2022-06-18,56,56,56,56,1965-06-19,1966-06-11
1071062,2022-06-18,2022-07-09,56,56,56,56,1965-07-10,1966-06-18
1071062,2022-07-09,2022-07-30,56,56,56,56,1965-07-31,1966-07-09
1071062,2022-07-30,2022-08-27,56,56,57,57,1965-07-31,1965-08-27
1071062,2022-08-27,2022-09-03,57,57,57,57,1964-09-04,1965-08-27
1071062,2022-09-03,2022-10-08,57,57,57,57,1964-10-09,1965-09-03
1071062,2022-10-08,2022-10-15,57,57,57,57,1964-10-16,1965-10-08
1071062,2022-10-15,2022-10-22,57,57,57,57,1964-10-23,1965-10-15
1071062,2022-10-22,2022-11-05,57,57,57,57,1964-11-06,1965-10-22
1071062,2022-11-05,2022-11-26,57,57,57,57,1964-11-27,1965-11-05
1071062,2022-11-26,2022-12-03,57,57,57,57,1964-12-04,1965-11-26
1071062,2022-12-03,2022-12-10,57,57,57,57,1964-12-11,1965-12-03
1071062,2022-12-10,2022-12-24,57,57,57,57,1964-12-25,1965-12-10
1071062,2022-12-24,2022-12-31,57,57,57,57,1965-01-01,1965-12-24
1071062,2022-12-31,2023-01-07,57,57,57,57,1965-01-08,1965-12-31
1071062,2023-01-07,2023-02-04,57,57,57,57,1965-02-05,1966-01-07
1071062,2023-02-04,2023-02-11,57,57,57,57,1965-02-12,1966-02-04
1071062,2023-02-11,2023-02-18,57,57,57,57,1965-02-19,1966-02-11
1071062,2023-02-18,2023-02-25,57,57,57,57,1965-02-26,1966-02-18
1071062,2023-02-25,2023-03-04,57,57,57,57,1965-03-05,1966-02-25
1071062,2023-03-04,2023-03-11,57,57,57,57,1965-03-12,1966-03-04
1071062,2023-03-11,2023-03-18,57,57,57,57,1965-03-19,1966-03-11
1071062,2023-03-18,2023-03-25,57,57,57,57,1965-03-26,1966-03-18
1071062,2023-03-25,2023-04-08,57,57,57,57,1965-04-09,1966-03-25
1071062,2023-04-08,2023-04-15,57,57,57,57,1965-04-16,1966-04-08
1071062,2023-04-15,2023-04-22,57,57,57,57,1965-04-23,1966-04-15
1071062,2023-04-22,2023-04-29,57,57,57,57,1965-04-30,1966-04-22
1071062,2023-04-29,2023-05-06,57,57,57,57,1965-05-07,1966-04-29
1071062,2023-05-06,2023-05-13,57,57,57,57,1965-05-14,1966-05-06
1071062,2023-05-13,2023-05-27,57,57,57,57,1965-05-28,1966-05-13
1071062,2023-05-27,2023-06-03,57,57,57,57,1965-06-04,1966-05-27
1071062,2023-06-03,2023-06-10,57,57,57,57,1965-06-11,1966-06-03
1071062,2023-06-10,2023-06-17,57,57,57,57,1965-06-18,1966-06-10
1071062,2023-06-17,2023-07-01,57,57,57,57,1965-07-02,1966-06-17
1071062,2023-07-01,2023-07-08,57,57,57,57,1965-07-09,1966-07-01
1071062,2023-07-08,2023-07-22,57,57,57,57,1965-07-23,1966-07-08
1071062,2023-07-22,2023-07-29,57,57,57,57,1965-07-30,1966-07-22
1071062,2023-07-29,2023-08-12,57,57,57,57,1965-08-13,1966-07-29
1071062,2023-08-12,2023-08-19,57,57,58,58,1965-08-13,1965-08-19
1071062,2023-08-19,2023-09-16,58,58,58,58,1964-09-17,1965-08-19
1071062,2023-09-16,2023-09-30,58,58,58,58,1964-10-01,1965-09-16
1071062,2023-09-30,2023-10-07,58,58,58,58,1964-10-08,1965-09-30
1071062,2023-10-07,2023-10-14,58,58,58,58,1964-10-15,1965-10-07
1071062,2023-10-14,2023-10-21,58,58,58,58,1964-10-22,1965-10-14
1071062,2023-10-21,2023-10-28,58,58,58,58,1964-10-29,1965-10-21
1071062,2023-10-28,2023-11-04,58,58,58,58,1964-11-05,1965-10-28
1071062,2023-11-04,2023-11-11,58,58,58,58,1964-11-12,1965-11-04
1071062,2023-11-11,2023-11-18,58,58,58,58,1964-11-19,1965-11-11
1071062,2023-11-18,2023-11-25,58,58,58,58,1964-11-26,1965-11-18
1071062,2023-11-25,2023-12-16,58,58,58,58,1964-12-17,1965-11-25
1071062,2023-12-16,2023-12-23,58,58,58,58,1964-12-24,1965-12-16
1071062,2023-12-23,2023-12-30,58,58,58,58,1964-12-31,1965-12-23
1071062,2023-12-30,2024-01-06,58,58,58,58,1965-01-07,1965-12-30
1071062,2024-01-06,2024-01-20,58,58,58,58,1965-01-21,1966-01-06
1071062,2024-01-20,2024-01-27,58,58,58,58,1965-01-28,1966-01-20
1071062,2024-01-27,2024-02-03,58,58,58,58,1965-02-04,1966-01-27
1071062,2024-02-03,2024-02-10,58,58,58,58,1965-02-11,1966-02-03
1071062,2024-02-10,2024-02-17,58,58,58,58,1965-02-18,1966-02-10
1071062,2024-02-17,2024-03-02,58,58,58,58,1965-03-03,1966-02-17
1071062,2024-03-02,2024-03-09,58,58,58,58,1965-03-10,1966-03-02
1071062,2024-03-09,2024-03-16,58,58,58,58,1965-03-17,1966-03-09
1071062,2024-03-16,2024-04-06,58,58,58,58,1965-04-07,1966-03-16
1071062,2024-04-06,2024-04-20,58,58,58,58,1965-04-21,1966-04-06
1071062,2024-04-20,2024-04-27,58,58,58,58,1965-04-28,1966-04-20
1071062,2024-04-27,2024-05-04,58,58,58,58,1965-05-05,1966-04-27
1071062,2024-05-04,2024-05-11,58,58,58,58,1965-05-12,1966-05-04
1071062,2024-05-11,2024-05-18,58,58,58,58,1965-05-19,1966-05-11
1071062,2024-05-18,2024-05-25,58,58,58,58,1965-05-26,1966-05-18
1071062,2024-05-25,2024-06-01,58,58,58,58,1965-06-02,1966-05-25
1071062,2024-06-01,2024-06-08,58,58,58,58,1965-06-09,1966-06-01
1071062,2024-06-08,2024-06-15,58,58,58,58,1965-06-16,1966-06-08
1071062,2024-06-15,2024-07-20,58,58,58,58,1965-07-21,1966-06-15
1071062,2024-07-20,2024-07-27,58,58,58,58,1965-07-28,1966-07-20
1071062,2024-07-27,2024-08-03,58,58,58,58,1965-08-04,1966-07-27
1071062,2024-08-03,2024-08-10,58,58,58,58,1965-08-11,1966-08-03
1071062,2024-08-10,2024-09-14,58,58,59,59,1965-08-11,1965-09-14
1071062,2024-09-14,2024-10-12,59,59,59,59,1964-10-13,1965-09-14
1071062,2024-10-12,2024-10-26,59,59,59,59,1964-10-27,1965-10-12
1071062,2024-10-26,2024-12-14,59,59,59,59,1964-12-15,1965-10-26
1071062,2024-12-14,2024-12-21,59,59,59,59,1964-12-22,1965-12-14
1071062,2024-12-21,2025-01-25,59,59,59,59,1965-01-26,1965-12-21
1071062,2025-01-25,2025-03-15,59,59,59,59,1965-03-16,1966-01-25
1071062,2025-03-15,2025-03-29,59,59,59,59,1965-03-30,1966-03-15
1071062,2025-03-29,2025-04-05,59,59,59,59,1965-04-06,1966-03-29
1071062,2025-04-05,2025-04-12,59,59,59,59,1965-04-13,1966-04-05
1071062,2025-04-12,2025-05-03,59,59,59,59,1965-05-04,1966-04-12
1071062,2025-05-03,2025-05-17,59,59,59,59,1965-05-18,1966-05-03
1071062,2025-05-17,2025-05-31,59,59,59,59,1965-06-01,1966-05-17
1071062,2025-05-31,2025-06-14,59,59,59,59,1965-06-15,1966-05-31
1071062,2025-06-14,2025-07-19,59,59,59,59,1965-07-20,1966-06-14
1071062,2025-07-19,2025-07-26,59,59,59,59,1965-07-27,1966-07-19
1071062,2025-07-26,2025-08-23,59,59,60,60,1965-07-27,1965-08-23
1071062,2025-08-23,2025-09-20,60,60,60,60,1964-09-21,1965-08-23
1071062,2025-09-20,2025-09-27,60,60,60,60,1964-09-28,1965-09-20
1071062,2025-09-27,2025-10-04,60,60,60,60,1964-10-05,1965-09-27
1071062,2025-10-04,2025-10-18,60,60,60,60,1964-10-19,1965-10-04
1071062,2025-10-18,2025-10-25,60,60,60,60,1964-10-26,1965-10-18
1071062,2025-10-25,2025-11-01,60,60,60,60,1964-11-02,1965-10-25
1071062,2025-11-01,2025-11-15,60,60,60,60,1964-11-16,1965-11-01
1071062,2025-11-15,2025-11-22,60,60,60,60,1964-11-23,1965-11-15
1071062,2025-11-22,2025-12-13,60,60,60,60,1964-12-14,1965-11-22
1071062,2025-12-13,2025-12-20,60,60,60,60,1964-12-21,1965-12-13
1071062,2025-12-20,2025-12-27,60,60,60,60,1964-12-28,1965-12-20
1071062,2025-12-27,2026-01-03,60,60,60,60,1965-01-04,1965-12-27
1071062,2026-01-03,2026-01-10,60,60,60,60,1965-01-11,1966-01-03
1071062,2026-01-10,2026-01-17,60,60,60,60,1965-01-18,1966-01-10
1071062,2026-01-17,2026-01-24,60,60,60,60,1965-01-25,1966-01-17
1076027,,2014-07-05,,,41,41,1972-07-06,1973-07-05
1076027,2014-07-05,2014-07-19,41,41,41,41,1972-07-20,1973-07-05
1076027,2014-07-19,2014-08-09,41,41,41,41,1972-08-10,1973-07-19
1076027,2014-08-09,2014-08-16,41,41,41,41,1972-08-17,1973-08-09
1076027,2014-08-16,2014-09-20,41,41,41,41,1972-09-21,1973-08-16
1076027,2014-09-20,2014-09-27,41,41,41,41,1972-09-28,1973-09-20
1076027,2014-09-27,2014-10-04,41,41,41,41,1972-10-05,1973-09-27
1076027,2014-10-04,2014-11-01,41,41,41,41,1972-11-02,1973-10-04
1076027,2014-11-01,2014-11-08,41,41,41,41,1972-11-09,1973-11-01
1076027,2014-11-08,2014-11-15,41,41,41,41,1972-11-16,1973-11-08
1076027,2014-11-15,2014-11-22,41,41,41,41,1972-11-23,1973-11-15
1076027,2014-11-22,2014-12-06,41,41,41,41,1972-12-07,1973-11-22
1076027,2014-12-06,2014-12-20,41,41,41,41,1972-12-21,1973-12-06
1076027,2014-12-20,2015-01-10,41,41,41,41,1973-01-11,1973-12-20
1076027,2015-01-10,2015-01-17,41,41,41,41,1973-01-18,1974-01-10
1076027,2015-01-17,2015-01-24,41,41,41,41,1973-01-25,1974-01-17
1076027,2015-01-24,2015-02-28,41,41,41,41,1973-03-01,1974-01-24
1076027,2015-02-28,2015-03-14,41,41,42,42,1973-03-01,1973-03-14
1076027,2015-03-14,2015-03-21,42,42,42,42,1972-03-22,1973-03-14
1076027,2015-03-21,2015-04-04,42,42,42,42,1972-04-05,1973-03-21
1076027,2015-04-04,2015-04-18,42,42,42,42,1972-04-19,1973-04-04
1076027,2015-04-18,2015-05-02,42,42,42,42,1972-05-03,1973-04-18
1076027,2015-05-02,2015-05-23,42,42,42,42,1972-05-24,1973-05-02
1076027,2015-05-23,2015-06-06,42,42,42,42,1972-06-07,1973-05-23
1076027,2015-06-06,2015-06-13,42,42,44,44,1972-06-07,1971-06-13
1076027,2015-06-13,2015-06-20,44,44,44,44,1970-06-21,1971-06-13
1076027,2015-06-20,2015-06-27,44,44,42,42,1972-06-28,1971-06-20
1076027,2015-06-27,2015-07-11,42,42,42,42,1972-07-12,1973-06-27
1076027,2015-07-11,2015-08-08,42,42,42,42,1972-08-09,1973-07-11
1076027,2015-08-08,2015-09-19,42,42,42,42,1972-09-20,1973-08-08
1076027,2015-09-19,2015-10-31,42,42,42,42,1972-11-01,1973-09-19
1076027,2015-10-31,2015-11-07,42,42,42,42,1972-11-08,1973-10-31
1076027,2015-11-07,2015-11-14,42,42,42,42,1972-11-15,1973-11-07
1076027,2015-11-14,2015-11-21,42,42,42,42,1972-11-22,1973-11-14
1076027,2015-11-21,2015-11-28,42,42,42,42,1972-11-29,1973-11-21
1076027,2015-11-28,2015-12-05,42,42,42,42,1972-12-06,1973-11-28
1076027,2015-12-05,2016-01-09,42,42,42,42,1973-01-10,1973-12-05
1076027,2016-01-09,2016-01-23,42,42,42,42,1973-01-24,1974-01-09
1076027,2016-01-23,2016-03-12,42,42,42,42,1973-03-13,1974-01-23
1076027,2016-03-12,2016-03-19,42,42,43,43,1973-03-13,1973-03-19
1076027,2016-03-19,2016-03-26,43,43,43,43,1972-03-27,1973-03-19
1076027,2016-03-26,2016-04-23,43,43,43,43,1972-04-24,1973-03-26
1076027,2016-04-23,2016-06-11,43,43,43,43,1972-06-12,1973-04-23
1076027,2016-06-11,2016-06-25,43,43,43,43,1972-06-26,1973-06-11
1076027,2016-06-25,2016-10-29,43,43,43,43,1972-10-30,1973-06-25
1076027,2016-10-29,2016-11-05,43,43,43,43,1972-11-06,1973-10-29
1076027,2016-11-05,2016-11-12,43,43,43,43,1972-11-13,1973-11-05
1076027,2016-11-12,2017-01-07,43,43,43,43,1973-01-08,1973-11-12
1076027,2017-01-07,2017-01-14,43,43,43,43,1973-01-15,1974-01-07
1076027,2017-01-14,2017-01-21,43,43,43,43,1973-01-22,1974-01-14
1076027,2017-01-21,2017-01-28,43,43,43,43,1973-01-29,1974-01-21
1076027,2017-01-28,2017-02-18,43,43,43,43,1973-02-19,1974-01-28
1076027,2017-02-18,2017-03-11,43,43,43,43,1973-03-12,1974-02-18
1076027,2017-03-11,2017-03-18,43,43,44,44,1973-03-12,1973-03-18
1076027,2017-03-18,2017-03-25,44,44,44,44,1972-03-26,1973-03-18
1076027,2017-03-25,2017-04-01,44,44,44,44,1972-04-02,1973-03-25
1076027,2017-04-01,2017-04-15,44,44,44,44,1972-04-16,1973-04-01
1076027,2017-04-15,2017-04-22,44,44,44,44,1972-04-23,1973-04-15
1076027,2017-04-22,2017-04-29,44,44,44,44,1972-04-30,1973-04-22
1076027,2017-04-29,2017-05-06,44,44,44,44,1972-05-07,1973-04-29
1076027,2017-05-06,2017-05-13,44,44,44,44,1972-05-14,1973-05-06
1076027,2017-05-13,2017-05-20,44,44,44,44,1972-05-21,1973-05-13
1076027,2017-05-20,2017-06-10,44,44,44,44,1972-06-11,1973-05-20
1076027,2017-06-10,2017-06-17,44,44,44,44,1972-06-18,1973-06-10
1076027,2017-06-17,2017-06-24,44,44,44,44,1972-06-25,1973-06-17
1076027,2017-06-24,2019-04-13,44,44,46,46,1972-06-25,1973-04-13
1076027,2019-04-13,2019-06-29,46,46,46,46,1972-06-30,1973-04-13
1076027,2019-06-29,2019-07-27,46,46,46,46,1972-07-28,1973-06-29
1076027,2019-07-27,2019-12-14,46,46,46,46,1972-12-15,1973-07-27
1076027,2019-12-14,2022-02-26,46,46,48,48,1973-02-27,1973-12-14
1076027,2022-02-26,2022-04-30,48,48,49,49,1973-02-27,1973-04-30
1076027,2022-04-30,2022-05-07,49,49,49,49,1972-05-08,1973-04-30
1076027,2022-05-07,2022-05-28,49,49,49,49,1972-05-29,1973-05-07
1076027,2022-05-28,2023-01-28,49,49,49,49,1973-01-29,1973-05-28
1076027,2023-01-28,2023-03-04,49,49,49,49,1973-03-05,1974-01-28
1076027,2023-03-04,2023-11-25,49,49,50,50,1973-03-05,1973-11-25
1076027,2023-11-25,2025-12-20,50,50,52,52,1972-12-21,1973-11-25
1076027,2025-12-20,2026-01-03,52,52,52,52,1973-01-04,1973-12-20
1076027,2026-01-03,2026-01-17,52,52,52,52,1973-01-18,1974-01-03
1076027,2026-01-17,2026-01-24,52,52,52,52,1973-01-25,1974-01-17
1090866,,2014-07-12,,,12,12,2001-07-13,2002-07-12
1090866,2014-07-12,2014-07-26,12,12,12,12,2001-07-27,2002-07-12
1090866,2014-07-26,2015-03-07,12,12,13,13,2001-07-27,2002-03-07
1090866,2015-03-07,2015-03-14,13,13,13,13,2001-03-15,2002-03-07
1090866,2015-03-14,2015-04-04,13,13,13,13,2001-04-05,2002-03-14
1090866,2015-04-04,2015-04-11,13,13,13,13,2001-04-12,2002-04-04
1090866,2015-04-11,2015-05-02,13,13,13,13,2001-05-03,2002-04-11
1090866,2015-05-02,2015-06-13,13,13,14,14,2001-05-03,2001-06-13
1090866,2015-06-13,2015-08-29,14,14,13,13,2001-08-30,2001-06-13
1090866,2015-08-29,2015-09-05,13,13,13,13,2001-09-06,2002-08-29
1090866,2015-09-05,2015-09-12,13,13,13,13,2001-09-13,2002-09-05
1090866,2015-09-12,2015-09-19,13,13,13,13,2001-09-20,2002-09-12
1090866,2015-09-19,2015-10-03,13,13,13,13,2001-10-04,2002-09-19
1090866,2015-10-03,2015-10-24,13,13,13,13,2001-10-25,2002-10-03
1090866,2015-10-24,2015-11-07,13,13,13,13,2001-11-08,2002-10-24
1090866,2015-11-07,2015-12-05,13,13,13,13,2001-12-06,2002-11-07
1090866,2015-12-05,2015-12-12,13,13,13,13,2001-12-13,2002-12-05
1090866,2015-12-12,2015-12-19,13,13,13,13,2001-12-20,2002-12-12
1090866,2015-12-19,2015-12-26,13,13,13,13,2001-12-27,2002-12-19
1090866,2015-12-26,2016-01-09,13,13,13,13,2002-01-10,2002-12-26
1090866,2016-01-09,2016-02-06,13,13,13,13,2002-02-07,2003-01-09
1090866,2016-02-06,2016-02-13,13,13,13,13,2002-02-14,2003-02-06
1090866,2016-02-13,2016-02-20,13,13,13,13,2002-02-21,2003-02-13
1090866,2016-02-20,2016-03-05,13,13,13,13,2002-03-06,2003-02-20
1090866,2016-03-05,2016-03-12,13,13,14,14,2002-03-06,2002-03-12
1090866,2016-03-12,2016-04-02,14,14,14,14,2001-04-03,2002-03-12
1090866,2016-04-02,2016-04-09,14,14,14,14,2001-04-10,2002-04-02
1090866,2016-04-09,2016-04-16,14,14,14,14,2001-04-17,2002-04-09
1090866,2016-04-16,2016-05-07,14,14,14,14,2001-05-08,2002-04-16
1090866,2016-05-07,2016-05-14,14,14,14,14,2001-05-15,2002-05-07
1090866,2016-05-14,2016-06-04,14,14,14,14,2001-06-05,2002-05-14
1090866,2016-06-04,2016-06-18,14,14,14,14,2001-06-19,2002-06-04
1090866,2016-06-18,2016-07-02,14,14,14,14,2001-07-03,2002-06-18
1090866,2016-07-02,2016-07-09,14,14,14,14,2001-07-10,2002-07-02
1090866,2016-07-09,2016-07-30,14,14,14,14,2001-07-31,2002-07-09
1090866,2016-07-30,2016-09-10,14,14,14,14,2001-09-11,2002-07-30
1090866,2016-09-10,2016-09-17,14,14,14,14,2001-09-18,2002-09-10
1090866,2016-09-17,2016-10-15,14,14,14,14,2001-10-16,2002-09-17
1090866,2016-10-15,2016-10-22,14,14,14,14,2001-10-23,2002-10-15
1090866,2016-10-22,2016-11-12,14,14,14,14,2001-11-13,2002-10-22
1090866,2016-11-12,2016-12-03,14,14,14,14,2001-12-04,2002-11-12
1090866,2016-12-03,2016-12-10,14,14,14,14,2001-12-11,2002-12-03
1090866,2016-12-10,2017-01-28,14,14,14,14,2002-01-29,2002-12-10
1090866,2017-01-28,2017-02-04,14,14,14,14,2002-02-05,2003-01-28
1090866,2017-02-04,2017-04-22,14,14,15,15,2002-02-05,2002-04-22
1090866,2017-04-22,2017-05-06,15,15,15,15,2001-05-07,2002-04-22
1090866,2017-05-06,2017-07-08,15,15,15,15,2001-07-09,2002-05-06
1090866,2017-07-08,2017-10-21,15,15,15,15,2001-10-22,2002-07-08
1090866,2017-10-21,2018-09-08,15,15,16,16,2001-10-22,2002-09-08
1090866,2018-09-08,2018-12-01,16,16,16,16,2001-12-02,2002-09-08
1090866,2018-12-01,2019-05-04,16,16,17,17,2001-12-02,2002-05-04
1090866,2019-05-04,2019-11-09,17,17,17,17,2001-11-10,2002-05-04
1090866,2019-11-09,2020-01-04,17,17,17,17,2002-01-05,2002-11-09
1090866,2020-01-04,2020-01-25,17,17,17,17,2002-01-26,2003-01-04
1090866,2020-01-25,2021-12-18,17,17,19,19,2002-01-26,2002-12-18
1090866,2021-12-18,2022-03-05,19,19,19,19,2002-03-06,2002-12-18
1090866,2022-03-05,2022-03-26,19,19,20,20,2002-03-06,2002-03-26
1090866,2022-03-26,2022-05-21,20,20,20,20,2001-05-22,2002-03-26
1090866,2022-05-21,2022-08-27,20,20,20,20,2001-08-28,2002-05-21
1090866,2022-08-27,2023-06-10,20,20,21,21,2001-08-28,2002-06-10
1090866,2023-06-10,2024-01-01,21,21,21,21,2002-01-02,2002-06-10
1090866,2024-01-01,2024-08-24,21,21,22,24,2002-01-02,2002-08-24
1090866,2024-08-24,2025-12-20,22,24,22,24,2000-12-21,2002-08-24
1131304,,2014-08-09,,,35,35,1978-08-10,1979-08-09
1131304,2014-08-09,2014-08-23,35,35,35,35,1978-08-24,1979-08-09
1131304,2014-08-23,2014-08-30,35,35,35,35,1978-08-31,1979-08-23
1131304,2014-08-30,2014-09-06,35,35,35,35,1978-09-07,1979-08-30
1131304,2014-09-06,2015-06-20,35,35,39,39,1978-09-07,1976-06-20
1131304,2015-06-20,2015-08-15,39,39,36,36,1978-08-16,1976-06-20
1131304,2015-08-15,2015-10-17,36,36,36,36,1978-10-18,1979-08-15
1131304,2015-10-17,2016-01-02,36,36,36,36,1979-01-03,1979-10-17
1131304,2016-01-02,2016-02-06,36,36,36,36,1979-02-07,1980-01-02
1131304,2016-02-06,2016-09-24,36,36,37,37,1979-02-07,1979-09-24
1131304,2016-09-24,2016-11-26,37,37,37,37,1978-11-27,1979-09-24
1131304,2016-11-26,2016-12-03,37,37,37,37,1978-12-04,1979-11-26
1138623,,2014-08-16,,,42,42,1971-08-17,1972-08-16
1138623,2014-08-16,2014-08-23,42,42,42,42,1971-08-24,1972-08-16
1138623,2014-08-23,2015-12-25,42,42,43,43,1971-12-26,1972-08-23
1138623,2015-12-25,2015-12-26,43,43,43,43,1971-12-27,1972-12-25
1138623,2015-12-26,2016-01-01,43,43,43,43,1972-01-02,1972-12-26
1138623,2016-01-01,2016-05-07,43,43,43,43,1972-05-08,1973-01-01
1138623,2016-05-07,2016-07-16,43,43,44,44,1972-05-08,1972-07-16
1138623,2016-07-16,2016-10-01,44,44,44,44,1971-10-02,1972-07-16
1138623,2016-10-01,2016-10-22,44,44,44,44,1971-10-23,1972-10-01
1138623,2016-10-22,2016-11-05,44,44,44,44,1971-11-06,1972-10-22
1138623,2016-11-05,2016-11-26,44,44,44,44,1971-11-27,1972-11-05
1138623,2016-11-26,2016-12-03,44,44,44,44,1971-12-04,1972-11-26
1138623,2016-12-03,2016-12-10,44,44,44,44,1971-12-11,1972-12-03
1138623,2016-12-10,2016-12-24,44,44,44,44,1971-12-25,1972-12-10
1138623,2016-12-24,2016-12-31,44,44,44,44,1972-01-01,1972-12-24
1138623,2016-12-31,2017-01-01,44,44,44,44,1972-01-02,1972-12-31
1138623,2017-01-01,2017-01-07,44,44,44,44,1972-01-08,1973-01-01
1138623,2017-01-07,2017-01-21,44,44,44,44,1972-01-22,1973-01-07
1138623,2017-01-21,2017-01-28,44,44,44,44,1972-01-29,1973-01-21
1138623,2017-01-28,2017-02-04,44,44,44,44,1972-02-05,1973-01-28
1138623,2017-02-04,2017-04-15,44,44,44,44,1972-04-16,1973-02-04
1138623,2017-04-15,2017-04-22,44,44,44,44,1972-04-23,1973-04-15
1138623,2017-04-22,2017-05-13,44,44,44,44,1972-05-14,1973-04-22
1138623,2017-05-13,2017-10-28,44,44,45,45,1972-05-14,1972-10-28
1138623,2017-10-28,2017-11-11,45,45,44,44,1972-11-12,1972-10-28
1138623,2017-11-11,2017-11-18,44,44,44,44,1972-11-19,1973-11-11
1138623,2017-11-18,2017-12-09,44,44,44,44,1972-12-10,1973-11-18
1138623,2017-12-09,2017-12-16,44,44,44,44,1972-12-17,1973-12-09
1138623,2017-12-16,2017-12-23,44,44,44,44,1972-12-24,1973-12-16
1138623,2017-12-23,2017-12-25,44,44,44,44,1972-12-26,1973-12-23
1138623,2017-12-25,2017-12-30,44,44,44,44,1972-12-31,1973-12-25
1138623,2017-12-30,2018-02-10,44,44,44,44,1973-02-11,1973-12-30
1138623,2018-02-10,2018-03-03,44,44,44,44,1973-03-04,1974-02-10
1138623,2018-03-03,2018-03-10,44,44,44,44,1973-03-11,1974-03-03
1138623,2018-03-10,2018-03-17,44,44,44,44,1973-03-18,1974-03-10
1138623,2018-03-17,2018-03-31,44,44,44,44,1973-04-01,1974-03-17
1138623,2018-03-31,2018-04-21,44,44,44,44,1973-04-22,1974-03-31
1138623,2018-04-21,2018-06-09,44,44,44,44,1973-06-10,1974-04-21
1138623,2018-06-09,2018-06-30,44,44,44,44,1973-07-01,1974-06-09
1138623,2018-06-30,2018-07-21,44,44,45,45,1973-07-01,1973-07-21
1138623,2018-07-21,2018-08-04,45,45,45,45,1972-08-05,1973-07-21
1138623,2018-08-04,2018-08-18,45,45,45,45,1972-08-19,1973-08-04
1138623,2018-08-18,2018-11-10,45,45,45,45,1972-11-11,1973-08-18
1138623,2018-11-10,2018-11-24,45,45,45,45,1972-11-25,1973-11-10
1138623,2018-11-24,2018-12-01,45,45,45,45,1972-12-02,1973-11-24
1138623,2018-12-01,2018-12-08,45,45,45,45,1972-12-09,1973-12-01
1138623,2018-12-08,2018-12-22,45,45,45,45,1972-12-23,1973-12-08
1138623,2018-12-22,2018-12-25,45,45,45,45,1972-12-26,1973-12-22
1138623,2018-12-25,2018-12-29,45,45,45,45,1972-12-30,1973-12-25
1138623,2018-12-29,2019-01-01,45,45,45,45,1973-01-02,1973-12-29
1138623,2019-01-01,2019-01-01,45,45,45,45,1973-01-02,1974-01-01
1138623,2019-01-01,2019-03-02,45,45,45,45,1973-03-03,1974-01-01
1138623,2019-03-02,2019-03-09,45,45,45,45,1973-03-10,1974-03-02
1138623,2019-03-09,2019-03-16,45,45,45,45,1973-03-17,1974-03-09
1138623,2019-03-16,2019-03-23,45,45,45,45,1973-03-24,1974-03-16
1138623,2019-03-23,2019-03-30,45,45,45,45,1973-03-31,1974-03-23
1138623,2019-03-30,2019-04-06,45,45,45,45,1973-04-07,1974-03-30
1138623,2019-04-06,2019-04-13,45,45,45,45,1973-04-14,1974-04-06
1138623,2019-04-13,2019-04-20,45,45,45,45,1973-04-21,1974-04-13
1138623,2019-04-20,2019-04-27,45,45,45,45,1973-04-28,1974-04-20
1138623,2019-04-27,2019-05-04,45,45,45,45,1973-05-05,1974-04-27
1138623,2019-05-04,2019-05-18,45,45,45,45,1973-05-19,1974-05-04
1138623,2019-05-18,2019-05-25,45,45,45,45,1973-05-26,1974-05-18
1138623,2019-05-25,2019-06-01,45,45,45,45,1973-06-02,1974-05-25
1138623,2019-06-01,2019-06-08,45,45,45,45,1973-06-09,1974-06-01
1138623,2019-06-08,2019-06-15,45,45,45,45,1973-06-16,1974-06-08
1138623,2019-06-15,2019-06-22,45,45,45,45,1973-06-23,1974-06-15
1138623,2019-06-22,2019-06-29,45,45,45,45,1973-06-30,1974-06-22
1138623,2019-06-29,2019-07-06,45,45,45,45,1973-07-07,1974-06-29
1138623,2019-07-06,2019-07-13,45,45,45,45,1973-07-14,1974-07-06
1138623,2019-07-13,2019-07-20,45,45,46,46,1973-07-14,1973-07-20
1138623,2019-07-20,2019-07-27,46,46,46,46,1972-07-28,1973-07-20
1138623,2019-07-27,2019-08-03,46,46,46,46,1972-08-04,1973-07-27
1138623,2019-08-03,2019-08-10,46,46,46,46,1972-08-11,1973-08-03
1138623,2019-08-10,2019-08-17,46,46,46,46,1972-08-18,1973-08-10
1138623,2019-08-17,2019-08-24,46,46,46,46,1972-08-25,1973-08-17
1138623,2019-08-24,2019-09-14,46,46,46,46,1972-09-15,1973-08-24
1138623,2019-09-14,2019-09-21,46,46,46,46,1972-09-22,1973-09-14
1138623,2019-09-21,2019-10-05,46,46,46,46,1972-10-06,1973-09-21
1138623,2019-10-05,2020-02-08,46,46,46,46,1973-02-09,1973-10-05
1138623,2020-02-08,2020-02-15,46,46,46,46,1973-02-16,1974-02-08
1138623,2020-02-15,2020-02-22,46,46,46,46,1973-02-23,1974-02-15
1138623,2020-02-22,2020-02-29,46,46,46,46,1973-03-02,1974-02-22
1145839,,2015-02-14,,,39,39,1975-02-15,1976-02-14
1145839,2015-02-14,2015-04-04,39,39,39,39,1975-04-05,1976-02-14
1145839,2015-04-04,2015-06-06,39,39,40,40,1975-04-05,1975-06-06
1145839,2015-06-06,2015-06-20,40,40,44,44,1974-06-07,1971-06-20
1145839,2015-06-20,2015-09-05,44,44,40,40,1974-09-06,1971-06-20
1145839,2015-09-05,2015-10-31,40,40,40,40,1974-11-01,1975-09-05
1145839,2015-10-31,2015-11-14,40,40,40,40,1974-11-15,1975-10-31
1145839,2015-11-14,2015-11-21,40,40,40,40,1974-11-22,1975-11-14
1145839,2015-11-21,2015-12-12,40,40,40,40,1974-12-13,1975-11-21
1145839,2015-12-12,2016-02-20,40,40,40,40,1975-02-21,1975-12-12
1145839,2016-02-20,2016-09-24,40,40,41,41,1975-02-21,1975-09-24
1145839,2016-09-24,2016-10-08,41,41,41,41,1974-10-09,1975-09-24
1145839,2016-10-08,2016-10-22,41,41,41,41,1974-10-23,1975-10-08
1145839,2016-10-22,2016-10-29,41,41,41,41,1974-10-30,1975-10-22
1145839,2016-10-29,2016-11-26,41,41,41,41,1974-11-27,1975-10-29
1145839,2016-11-26,2016-12-31,41,41,41,41,1975-01-01,1975-11-26
1145839,2016-12-31,2017-01-14,41,41,41,41,1975-01-15,1975-12-31
1145839,2017-01-14,2017-04-15,41,41,42,42,1975-01-15,1975-04-15
1145839,2017-04-15,2017-05-13,42,42,42,42,1974-05-14,1975-04-15
1145839,2017-05-13,2017-05-27,42,42,42,42,1974-05-28,1975-05-13
1145839,2017-05-27,2017-06-24,42,42,42,42,1974-06-25,1975-05-27
1145839,2017-06-24,2017-08-05,42,42,42,42,1974-08-06,1975-06-24
1145839,2017-08-05,2017-08-12,42,42,42,42,1974-08-13,1975-08-05
1145839,2017-08-12,2017-08-26,42,42,42,42,1974-08-27,1975-08-12
1145839,2017-08-26,2017-10-21,42,42,42,42,1974-10-22,1975-08-26
1145839,2017-10-21,2017-11-04,42,42,42,42,1974-11-05,1975-10-21
1145839,2017-11-04,2017-11-11,42,42,42,42,1974-11-12,1975-11-04
1145839,2017-11-11,2017-11-18,42,42,42,42,1974-11-19,1975-11-11
1145839,2017-11-18,2017-12-09,42,42,42,42,1974-12-10,1975-11-18
1145839,2017-12-09,2017-12-16,42,42,42,42,1974-12-17,1975-12-09
1145839,2017-12-16,2017-12-23,42,42,42,42,1974-12-24,1975-12-16
1145839,2017-12-23,2017-12-25,42,42,42,42,1974-12-26,1975-12-23
1145839,2017-12-25,2018-01-20,42,42,42,42,1975-01-21,1975-12-25
1145839,2018-01-20,2018-01-27,42,42,42,42,1975-01-28,1976-01-20
1145839,2018-01-27,2018-02-03,42,42,42,42,1975-02-04,1976-01-27
1145839,2018-02-03,2018-02-17,42,42,42,42,1975-02-18,1976-02-03
1145839,2018-02-17,2018-03-10,42,42,42,42,1975-03-11,1976-02-17
1145839,2018-03-10,2018-03-31,42,42,42,42,1975-04-01,1976-03-10
1145839,2018-03-31,2018-04-07,42,42,43,43,1975-04-01,1975-04-07
1145839,2018-04-07,2018-04-14,43,43,43,43,1974-04-15,1975-04-07
1145839,2018-04-14,2018-04-21,43,43,43,43,1974-04-22,1975-04-14
1145839,2018-04-21,2018-05-19,43,43,43,43,1974-05-20,1975-04-21
1145839,2018-05-19,2018-06-16,43,43,43,43,1974-06-17,1975-05-19
1145839,2018-06-16,2018-06-30,43,43,43,43,1974-07-01,1975-06-16
1145839,2018-06-30,2018-07-28,43,43,43,43,1974-07-29,1975-06-30
1145839,2018-07-28,2018-08-25,43,43,43,43,1974-08-26,1975-07-28
1145839,2018-08-25,2018-09-08,43,43,43,43,1974-09-09,1975-08-25
1145839,2018-09-08,2018-09-29,43,43,43,43,1974-09-30,1975-09-08
1145839,2018-09-29,2018-10-20,43,43,43,43,1974-10-21,1975-09-29
1145839,2018-10-20,2018-11-17,43,43,43,43,1974-11-18,1975-10-20
1145839,2018-11-17,2018-11-24,43,43,43,43,1974-11-25,1975-11-17
1145839,2018-11-24,2018-12-01,43,43,43,43,1974-12-02,1975-11-24
1145839,2018-12-01,2018-12-22,43,43,43,43,1974-12-23,1975-12-01
1145839,2018-12-22,2018-12-29,43,43,43,43,1974-12-30,1975-12-22
1145839,2018-12-29,2019-01-01,43,43,43,43,1975-01-02,1975-12-29
1145839,2019-01-01,2019-01-01,43,43,43,43,1975-01-02,1976-01-01
1145839,2019-01-01,2019-01-19,43,43,43,43,1975-01-20,1976-01-01
1145839,2019-01-19,2019-02-02,43,43,43,43,1975-02-03,1976-01-19
11618060,,2025-11-08,,,11,11,2013-11-09,2014-11-08
11618060,2025-11-08,2025-11-15,11,11,10,10,2014-11-16,2014-11-08
11618060,2025-11-15,2025-12-27,10,10,10,10,2014-12-28,2015-11-15
11618060,2025-12-27,2026-01-03,10,10,10,10,2015-01-04,2015-12-27
1186569,,2015-05-02,,,25,28,1986-05-03,1990-05-02
1186569,2015-05-02,2015-05-16,25,28,25,28,1986-05-17,1990-05-02
1186569,2015-05-16,2015-05-23,25,28,25,28,1986-05-24,1990-05-16
1186569,2015-05-23,2015-05-30,25,28,25,28,1986-05-31,1990-05-23
1186569,2015-05-30,2015-06-06,25,28,25,28,1986-06-07,1990-05-30
1186569,2015-06-06,2015-06-20,25,28,29,29,1986-06-07,1986-06-20
1186569,2015-06-20,2015-07-18,29,29,25,28,1986-07-19,1986-06-20
1186569,2015-07-18,2015-08-08,25,28,25,28,1986-08-09,1990-07-18
1186569,2015-08-08,2015-08-15,25,28,25,28,1986-08-16,1990-08-08
1186569,2015-08-15,2015-08-22,25,28,25,28,1986-08-23,1990-08-15
1186569,2015-08-22,2015-08-29,25,28,25,28,1986-08-30,1990-08-22
1186569,2015-08-29,2015-09-05,25,28,25,28,1986-09-06,1990-08-29
1186569,2015-09-05,2015-09-19,25,28,25,28,1986-09-20,1990-09-05
1186569,2015-09-19,2015-09-26,25,28,25,28,1986-09-27,1990-09-19
1186569,2015-09-26,2015-10-03,25,28,25,28,1986-10-04,1990-09-26
1186569,2015-10-03,2015-10-17,25,28,25,28,1986-10-18,1990-10-03
1186569,2015-10-17,2015-10-31,25,28,25,28,1986-11-01,1990-10-17
1186569,2015-10-31,2015-11-07,25,28,25,28,1986-11-08,1990-10-31
1186569,2015-11-07,2015-11-14,25,28,25,28,1986-11-15,1990-11-07
1186569,2015-11-14,2015-11-21,25,28,25,28,1986-11-22,1990-11-14
1186569,2015-11-21,2015-12-05,25,28,25,28,1986-12-06,1990-11-21
1186569,2015-12-05,2016-12-24,25,28,25,28,1987-12-25,1990-12-05
1186569,2016-12-24,2018-12-08,25,28,30,30,1987-12-25,1988-12-08
1186569,2018-12-08,2018-12-25,30,30,30,30,1987-12-26,1988-12-08
1186706,,2014-09-13,,,43,43,1970-09-14,1971-09-13
1186706,2014-09-13,2015-10-10,43,43,11,11,2003-10-11,1971-09-13
1186706,2015-10-10,2015-10-24,11,11,11,11,2003-10-25,2004-10-10
1186706,2015-10-24,2015-10-31,11,11,11,11,2003-11-01,2004-10-24
1186706,2015-10-31,2016-09-10,11,11,12,12,2003-11-01,2004-09-10
1186706,2016-09-10,2016-10-01,12,12,12,12,2003-10-02,2004-09-10
1186706,2016-10-01,2016-10-08,12,12,12,12,2003-10-09,2004-10-01
1188855,,2014-11-01,,,54,54,1959-11-02,1960-11-01
1188855,2014-11-01,2014-11-15,54,54,54,54,1959-11-16,1960-11-01
1188855,2014-11-15,2014-11-29,54,54,54,54,1959-11-30,1960-11-15
1188855,2014-11-29,2014-12-13,54,54,54,54,1959-12-14,1960-11-29
1188855,2014-12-13,2015-02-07,54,54,54,54,1960-02-08,1960-12-13
1188855,2015-02-07,2015-03-07,54,54,54,54,1960-03-08,1961-02-07
1188855,2015-03-07,2015-03-21,54,54,54,54,1960-03-22,1961-03-07
1188855,2015-03-21,2015-04-18,54,54,54,54,1960-04-19,1961-03-21
1188855,2015-04-18,2015-05-02,54,54,54,54,1960-05-03,1961-04-18
1188855,2015-05-02,2015-05-09,54,54,54,54,1960-05-10,1961-05-02
1188855,2015-05-09,2015-05-30,54,54,54,54,1960-05-31,1961-05-09
1188855,2015-05-30,2015-06-06,54,54,54,54,1960-06-07,1961-05-30
1188855,2015-06-06,2015-06-20,54,54,59,59,1960-06-07,1956-06-20
1188855,2015-06-20,2015-06-27,59,59,55,55,1959-06-28,1956-06-20
1188855,2015-06-27,2015-07-11,55,55,55,55,1959-07-12,1960-06-27
1188855,2015-07-11,2015-07-18,55,55,55,55,1959-07-19,1960-07-11
1188855,2015-07-18,2015-07-25,55,55,55,55,1959-07-26,1960-07-18
1188855,2015-07-25,2015-08-08,55,55,55,55,1959-08-09,1960-07-25
1188855,2015-08-08,2015-08-22,55,55,55,55,1959-08-23,1960-08-08
1188855,2015-08-22,2015-09-05,55,55,55,55,1959-09-06,1960-08-22
1188855,2015-09-05,2015-09-12,55,55,55,55,1959-09-13,1960-09-05
1188855,2015-09-12,2015-09-19,55,55,55,55,1959-09-20,1960-09-12
1188855,2015-09-19,2015-09-26,55,55,55,55,1959-09-27,1960-09-19
1188855,2015-09-26,2015-10-03,55,55,55,55,1959-10-04,1960-09-26
1188855,2015-10-03,2015-10-10,55,55,55,55,1959-10-11,1960-10-03
1188855,2015-10-10,2015-10-31,55,55,55,55,1959-11-01,1960-10-10
1188855,2015-10-31,2015-11-14,55,55,55,55,1959-11-15,1960-10-31
1188855,2015-11-14,2015-11-28,55,55,55,55,1959-11-29,1960-11-14
1188855,2015-11-28,2015-12-05,55,55,55,55,1959-12-06,1960-11-28
1188855,2015-12-05,2015-12-12,55,55,55,55,1959-12-13,1960-12-05
1188855,2015-12-12,2015-12-19,55,55,55,55,1959-12-20,1960-12-12
1188855,2015-12-19,2015-12-25,55,55,55,55,1959-12-26,1960-12-19
1188855,2015-12-25,2016-01-01,55,55,55,55,1960-01-02,1960-12-25
1188855,2016-01-01,2016-01-02,55,55,55,55,1960-01-03,1961-01-01
1188855,2016-01-02,2016-01-16,55,55,55,55,1960-01-17,1961-01-02
1188855,2016-01-16,2016-01-23,55,55,55,55,1960-01-24,1961-01-16
1188855,2016-01-23,2016-01-30,55,55,55,55,1960-01-31,1961-01-23
1188855,2016-01-30,2016-02-06,55,55,55,55,1960-02-07,1961-01-30
1188855,2016-02-06,2016-02-13,55,55,55,55,1960-02-14,1961-02-06
1188855,2016-02-13,2016-02-27,55,55,55,55,1960-02-28,1961-02-13
1188855,2016-02-27,2016-03-05,55,55,55,55,1960-03-06,1961-02-27
1188855,2016-03-05,2016-03-12,55,55,55,55,1960-03-13,1961-03-05
1188855,2016-03-12,2016-03-26,55,55,55,55,1960-03-27,1961-03-12
1188855,2016-03-26,2016-04-02,55,55,55,55,1960-04-03,1961-03-26
1188855,2016-04-02,2016-04-09,55,55,55,55,1960-04-10,1961-04-02
1188855,2016-04-09,2016-05-14,55,55,55,55,1960-05-15,1961-04-09
1188855,2016-05-14,2016-05-21,55,55,55,55,1960-05-22,1961-05-14
1188855,2016-05-21,2016-05-28,55,55,55,55,1960-05-29,1961-05-21
1188855,2016-05-28,2016-06-04,55,55,55,55,1960-06-05,1961-05-28
1188855,2016-06-04,2016-06-11,55,55,55,55,1960-06-12,1961-06-04
1188855,2016-06-11,2016-06-18,55,55,55,55,1960-06-19,1961-06-11
1188855,2016-06-18,2016-06-25,55,55,56,56,1960-06-19,1960-06-25
1188855,2016-06-25,2016-07-09,56,56,56,56,1959-07-10,1960-06-25
1188855,2016-07-09,2016-08-13,56,56,56,56,1959-08-14,1960-07-09
1188855,2016-08-13,2016-08-20,56,56,56,56,1959-08-21,1960-08-13
1188855,2016-08-20,2016-08-27,56,56,56,56,1959-08-28,1960-08-20
1188855,2016-08-27,2016-09-17,56,56,56,56,1959-09-18,1960-08-27
1188855,2016-09-17,2016-10-15,56,56,56,56,1959-10-16,1960-09-17
1188855,2016-10-15,2016-11-19,56,56,56,56,1959-11-20,1960-10-15
1188855,2016-11-19,2016-12-10,56,56,56,56,1959-12-11,1960-11-19
1188855,2016-12-10,2016-12-24,56,56,56,56,1959-12-25,1960-12-10
1188855,2016-12-24,2016-12-25,56,56,56,56,1959-12-26,1960-12-24
1188855,2016-12-25,2017-02-04,56,56,56,56,1960-02-05,1960-12-25
1188855,2017-02-04,2017-02-25,56,56,56,56,1960-02-26,1961-02-04
1188855,2017-02-25,2017-03-11,56,56,56,56,1960-03-12,1961-02-25
1188855,2017-03-11,2017-03-18,56,56,56,56,1960-03-19,1961-03-11
1188855,2017-03-18,2017-04-01,56,56,56,56,1960-04-02,1961-03-18
1188855,2017-04-01,2017-04-15,56,56,56,56,1960-04-16,1961-04-01
1188855,2017-04-15,2017-04-22,56,56,56,56,1960-04-23,1961-04-15
1188855,2017-04-22,2017-05-06,56,56,56,56,1960-05-07,1961-04-22
1188855,2017-05-06,2017-05-13,56,56,56,56,1960-05-14,1961-05-06
1188855,2017-05-13,2017-06-10,56,56,56,56,1960-06-11,1961-05-13
1188855,2017-06-10,2017-06-17,56,56,56,56,1960-06-18,1961-06-10
1188855,2017-06-17,2017-07-01,56,56,57,57,1960-06-18,1960-07-01
1188855,2017-07-01,2017-08-12,57,57,57,57,1959-08-13,1960-07-01
1188855,2017-08-12,2017-08-19,57,57,57,57,1959-08-20,1960-08-12
1188855,2017-08-19,2017-10-07,57,57,57,57,1959-10-08,1960-08-19
1188855,2017-10-07,2017-11-11,57,57,57,57,1959-11-12,1960-10-07
1188855,2017-11-11,2017-11-25,57,57,57,57,1959-11-26,1960-11-11
1188855,2017-11-25,2017-12-02,57,57,57,57,1959-12-03,1960-11-25
1188855,2017-12-02,2017-12-09,57,57,57,57,1959-12-10,1960-12-02
1188855,2017-12-09,2017-12-23,57,57,57,57,1959-12-24,1960-12-09
1188855,2017-12-23,2017-12-25,57,57,57,57,1959-12-26,1960-12-23
1188855,2017-12-25,2018-02-03,57,57,57,57,1960-02-04,1960-12-25
1188855,2018-02-03,2018-04-21,57,57,57,57,1960-04-22,1961-02-03
1188855,2018-04-21,2018-05-12,57,57,57,57,1960-05-13,1961-04-21
1188855,2018-05-12,2018-07-28,57,57,58,58,1960-05-13,1960-07-28
1188855,2018-07-28,2018-08-04,58,58,58,58,1959-08-05,1960-07-28
1188855,2018-08-04,2018-08-11,58,58,58,58,1959-08-12,1960-08-04
1188855,2018-08-11,2018-08-25,58,58,58,58,1959-08-26,1960-08-11
1188855,2018-08-25,2018-10-20,58,58,58,58,1959-10-21,1960-08-25
1188855,2018-10-20,2018-11-03,58,58,58,58,1959-11-04,1960-10-20
1188855,2018-11-03,2019-01-05,58,58,58,58,1960-01-06,1960-11-03
1188855,2019-01-05,2019-02-23,58,58,58,58,1960-02-24,1961-01-05
1188855,2019-02-23,2019-04-06,58,58,58,58,1960-04-07,1961-02-23
1188855,2019-04-06,2019-04-27,58,58,58,58,1960-04-28,1961-04-06
1193729,,2014-09-20,,,21,21,1992-09-21,1993-09-20
1193729,2014-09-20,2014-10-04,21,21,21,21,1992-10-05,1993-09-20
1193729,2014-10-04,2014-10-11,21,21,21,21,1992-10-12,1993-10-04
1193729,2014-10-11,2014-11-08,21,21,21,21,1992-11-09,1993-10-11
1193729,2014-11-08,2014-11-15,21,21,21,21,1992-11-16,1993-11-08
1193729,2014-11-15,2014-11-29,21,21,21,21,1992-11-30,1993-11-15
1193729,2014-11-29,2015-01-10,21,21,21,21,1993-01-11,1993-11-29
1193729,2015-01-10,2015-01-24,21,21,21,21,1993-01-25,1994-01-10
1193729,2015-01-24,2015-04-25,21,21,22,24,1993-01-25,1993-04-25
1193729,2015-04-25,2015-05-16,22,24,22,24,1990-05-17,1993-04-25
1193729,2015-05-16,2015-06-20,22,24,21,21,1993-06-21,1993-05-16
1193729,2015-06-20,2015-08-15,21,21,22,24,1993-06-21,1993-08-15
1193729,2015-08-15,2015-09-26,22,24,22,24,1990-09-27,1993-08-15
1193729,2015-09-26,2015-10-10,22,24,22,24,1990-10-11,1993-09-26
1193729,2015-10-10,2016-01-02,22,24,22,24,1991-01-03,1993-10-10
1193729,2016-01-02,2016-05-07,22,24,22,24,1991-05-08,1994-01-02
1194424,,2014-09-20,,,54,54,1959-09-21,1960-09-20
1194424,2014-09-20,2015-06-20,54,54,59,59,1959-09-21,1956-06-20
1194424,2015-06-20,2015-07-25,59,59,55,55,1959-07-26,1956-06-20
1194424,2015-07-25,2015-08-01,55,55,55,55,1959-08-02,1960-07-25
1194424,2015-08-01,2016-01-16,55,55,55,55,1960-01-17,1960-08-01
1194424,2016-01-16,2016-04-30,55,55,55,55,1960-05-01,1961-01-16
1194424,2016-04-30,2016-05-28,55,55,55,55,1960-05-29,1961-04-30
1194424,2016-05-28,2016-06-25,55,55,56,56,1960-05-29,1960-06-25
1194424,2016-06-25,2016-07-23,56,56,56,56,1959-07-24,1960-06-25
1194424,2016-07-23,2016-09-10,56,56,56,56,1959-09-11,1960-07-23
1194424,2016-09-10,2016-09-17,56,56,56,56,1959-09-18,1960-09-10
1194424,2016-09-17,2016-11-12,56,56,56,56,1959-11-13,1960-09-17
1194424,2016-11-12,2017-03-11,56,56,56,56,1960-03-12,1960-11-12
1194424,2017-03-11,2017-07-22,56,56,57,57,1960-03-12,1960-07-22
1194424,2017-07-22,2017-11-18,57,57,57,57,1959-11-19,1960-07-22
1194424,2017-11-18,2017-12-23,57,57,57,57,1959-12-24,1960-11-18
1197698,,2014-09-20,,,48,48,1965-09-21,1966-09-20
1197698,2014-09-20,2014-09-27,48,48,49,49,1965-09-21,1965-09-27
1197698,2014-09-27,2014-10-04,49,49,49,49,1964-10-05,1965-09-27
1197698,2014-10-04,2014-10-11,49,49,11,11,2002-10-12,1965-10-04
1197698,2014-10-11,2014-10-18,11,11,49,49,2002-10-12,1965-10-18
1197698,2014-10-18,2014-10-25,49,49,49,49,1964-10-26,1965-10-18
1197698,2014-10-25,2014-11-01,49,49,49,49,1964-11-02,1965-10-25
1197698,2014-11-01,2014-11-08,49,49,49,49,1964-11-09,1965-11-01
1197698,2014-11-08,2014-11-15,49,49,49,49,1964-11-16,1965-11-08
1197698,2014-11-15,2014-11-22,49,49,49,49,1964-11-23,1965-11-15
1197698,2014-11-22,2014-12-06,49,49,49,49,1964-12-07,1965-11-22
1197698,2014-12-06,2014-12-13,49,49,49,49,1964-12-14,1965-12-06
1197698,2014-12-13,2014-12-20,49,49,49,49,1964-12-21,1965-12-13
1197698,2014-12-20,2015-01-01,49,49,49,49,1965-01-02,1965-12-20
1197698,2015-01-01,2015-01-03,49,49,49,49,1965-01-04,1966-01-01
1197698,2015-01-03,2015-01-10,49,49,49,49,1965-01-11,1966-01-03
1197698,2015-01-10,2015-01-17,49,49,49,49,1965-01-18,1966-01-10
1197698,2015-01-17,2015-01-24,49,49,49,49,1965-01-25,1966-01-17
1197698,2015-01-24,2015-02-07,49,49,49,49,1965-02-08,1966-01-24
1197698,2015-02-07,2015-02-14,49,49,49,49,1965-02-15,1966-02-07
1197698,2015-02-14,2015-02-21,49,49,49,49,1965-02-22,1966-02-14
1197698,2015-02-21,2015-02-28,49,49,49,49,1965-03-01,1966-02-21
1197698,2015-02-28,2015-03-07,49,49,49,49,1965-03-08,1966-02-28
1197698,2015-03-07,2015-03-28,49,49,49,49,1965-03-29,1966-03-07
1197698,2015-03-28,2015-04-04,49,49,49,49,1965-04-05,1966-03-28
1197698,2015-04-04,2015-04-11,49,49,49,49,1965-04-12,1966-04-04
1197698,2015-04-11,2015-04-18,49,49,49,49,1965-04-19,1966-04-11
1197698,2015-04-18,2015-05-23,49,49,49,49,1965-05-24,1966-04-18
1197698,2015-05-23,2015-08-08,49,49,49,49,1965-08-09,1966-05-23
1197698,2015-08-08,2015-09-12,49,49,49,49,1965-09-13,1966-08-08
1197698,2015-09-12,2015-10-03,49,49,50,50,1965-09-13,1965-10-03
1197698,2015-10-03,2015-10-10,50,50,50,50,1964-10-11,1965-10-03
1197698,2015-10-10,2015-10-17,50,50,50,50,1964-10-18,1965-10-10
1197698,2015-10-17,2015-10-24,50,50,50,50,1964-10-25,1965-10-17
1197698,2015-10-24,2015-10-31,50,50,50,50,1964-11-01,1965-10-24
1197698,2015-10-31,2015-11-14,50,50,50,50,1964-11-15,1965-10-31
1197698,2015-11-14,2015-12-12,50,50,50,50,1964-12-13,1965-11-14
1197698,2015-12-12,2016-01-01,50,50,50,50,1965-01-02,1965-12-12
1197698,2016-01-01,2016-01-16,50,50,50,50,1965-01-17,1966-01-01
1197698,2016-01-16,2016-01-23,50,50,50,50,1965-01-24,1966-01-16
1197698,2016-01-23,2016-02-20,50,50,50,50,1965-02-21,1966-01-23
1197698,2016-02-20,2016-03-05,50,50,50,50,1965-03-06,1966-02-20
1197698,2016-03-05,2016-03-12,50,50,50,50,1965-03-13,1966-03-05
1197698,2016-03-12,2016-04-09,50,50,50,50,1965-04-10,1966-03-12
1197698,2016-04-09,2016-11-26,50,50,51,51,1965-04-10,1965-11-26
1197698,2016-11-26,2016-12-03,51,51,51,51,1964-12-04,1965-11-26
1197698,2016-12-03,2017-01-01,51,51,51,51,1965-01-02,1965-12-03
1197698,2017-01-01,2017-01-14,51,51,51,51,1965-01-15,1966-01-01
1197698,2017-01-14,2017-02-04,51,51,51,51,1965-02-05,1966-01-14
1201558,,2014-10-11,,,46,46,1967-10-12,1968-10-11
1201558,2014-10-11,2014-10-25,46,46,46,46,1967-10-26,1968-10-11
1201558,2014-10-25,2014-11-01,46,46,46,46,1967-11-02,1968-10-25
1201558,2014-11-01,2014-11-08,46,46,46,46,1967-11-09,1968-11-01
1201558,2014-11-08,2014-11-15,46,46,46,46,1967-11-16,1968-11-08
1201558,2014-11-15,2014-11-22,46,46,46,46,1967-11-23,1968-11-15
1201558,2014-11-22,2014-12-06,46,46,46,46,1967-12-07,1968-11-22
1201558,2014-12-06,2014-12-13,46,46,46,46,1967-12-14,1968-12-06
1201558,2014-12-13,2014-12-20,46,46,46,46,1967-12-21,1968-12-13
1201558,2014-12-20,2015-01-10,46,46,46,46,1968-01-11,1968-12-20
1201558,2015-01-10,2015-01-24,46,46,46,46,1968-01-25,1969-01-10
1201558,2015-01-24,2015-02-21,46,46,46,46,1968-02-22,1969-01-24
1201558,2015-02-21,2015-03-21,46,46,47,47,1968-02-22,1968-03-21
1201558,2015-03-21,2015-04-25,47,47,47,47,1967-04-26,1968-03-21
1201558,2015-04-25,2015-05-02,47,47,47,47,1967-05-03,1968-04-25
1201558,2015-05-02,2015-06-20,47,47,49,49,1967-05-03,1966-06-20
1201558,2015-06-20,2016-01-23,49,49,47,47,1968-01-24,1966-06-20
1201558,2016-01-23,2016-01-30,47,47,47,47,1968-01-31,1969-01-23
1201558,2016-01-30,2016-03-19,47,47,48,48,1968-01-31,1968-03-19
1201558,2016-03-19,2016-05-21,48,48,48,48,1967-05-22,1968-03-19
1201558,2016-05-21,2016-07-30,48,48,48,48,1967-07-31,1968-05-21
1201558,2016-07-30,2016-09-17,48,48,48,48,1967-09-18,1968-07-30
1201558,2016-09-17,2016-11-26,48,48,48,48,1967-11-27,1968-09-17
1201558,2016-11-26,2017-04-08,48,48,49,49,1967-11-27,1968-04-08
1201558,2017-04-08,2018-03-10,49,49,49,49,1968-03-11,1968-04-08
122015,,2011-02-19,,,49,49,1961-02-20,1962-02-19
122015,2011-02-19,2011-02-26,49,49,49,49,1961-02-27,1962-02-19
122015,2011-02-26,2011-03-05,49,49,49,49,1961-03-06,1962-02-26
122015,2011-03-05,2011-04-23,49,49,49,49,1961-04-24,1962-03-05
122015,2011-04-23,2011-04-30,49,49,49,49,1961-05-01,1962-04-23
122015,2011-04-30,2011-06-25,49,49,49,49,1961-06-26,1962-04-30
122015,2011-06-25,2011-07-23,49,49,49,49,1961-07-24,1962-06-25
122015,2011-07-23,2011-09-10,49,49,49,49,1961-09-11,1962-07-23
122015,2011-09-10,2011-09-17,49,49,48,48,1962-09-18,1962-09-10
122015,2011-09-17,2011-10-01,48,48,49,49,1962-09-18,1962-10-01
122015,2011-10-01,2011-10-08,49,49,49,49,1961-10-09,1962-10-01
122015,2011-10-08,2011-11-12,49,49,49,49,1961-11-13,1962-10-08
122015,2011-11-12,2011-12-24,49,49,49,49,1961-12-25,1962-11-12
122015,2011-12-24,2011-12-31,49,49,49,49,1962-01-01,1962-12-24
122015,2011-12-31,2012-02-25,49,49,49,49,1962-02-26,1962-12-31
122015,2012-02-25,2012-03-03,49,49,49,49,1962-03-04,1963-02-25
122015,2012-03-03,2012-03-10,49,49,49,49,1962-03-11,1963-03-03
122015,2012-03-10,2012-04-28,49,49,49,49,1962-04-29,1963-03-10
122015,2012-04-28,2012-05-12,49,49,49,49,1962-05-13,1963-04-28
122015,2012-05-12,2012-05-26,49,49,49,49,1962-05-27,1963-05-12
122015,2012-05-26,2012-06-09,49,49,49,49,1962-06-10,1963-05-26
122015,2012-06-09,2012-06-30,49,49,49,49,1962-07-01,1963-06-09
122015,2012-06-30,2012-09-15,49,49,49,49,1962-09-16,1963-06-30
122015,2012-09-15,2013-01-12,49,49,50,50,1962-09-16,1963-01-12
122015,2013-01-12,2013-04-06,50,50,50,50,1962-04-07,1963-01-12
122015,2013-04-06,2013-06-15,50,50,50,50,1962-06-16,1963-04-06
122015,2013-06-15,2014-02-08,50,50,51,51,1962-06-16,1963-02-08
122015,2014-02-08,2014-02-15,51,51,51,51,1962-02-16,1963-02-08
122015,2014-02-15,2014-03-15,51,51,51,51,1962-03-16,1963-02-15
122015,2014-03-15,2014-05-17,51,51,51,51,1962-05-18,1963-03-15
122015,2014-05-17,2014-05-24,51,51,51,51,1962-05-25,1963-05-17
122015,2014-05-24,2014-06-28,51,51,51,51,1962-06-29,1963-05-24
122015,2014-06-28,2014-07-26,51,51,51,51,1962-07-27,1963-06-28
122015,2014-07-26,2014-08-30,51,51,51,51,1962-08-31,1963-07-26
122015,2014-08-30,2015-04-04,51,51,52,52,1962-08-31,1963-04-04
122015,2015-04-04,2015-05-16,52,52,52,52,1962-05-17,1963-04-04
122015,2015-05-16,2022-08-13,52,52,59,59,1962-08-14,1963-05-16
1227651,,2014-10-04,,,46,46,1967-10-05,1968-10-04
1227651,2014-10-04,2014-11-22,46,46,44,44,1969-11-23,1968-10-04
1227651,2014-11-22,2015-01-10,44,44,44,44,1970-01-11,1970-11-22
1230091,,2014-10-11,,,57,57,1956-10-12,1957-10-11
1230091,2014-10-11,2014-10-25,57,57,57,57,1956-10-26,1957-10-11
1230091,2014-10-25,2016-12-25,57,57,56,56,1959-12-26,1957-10-25
1247485,,2014-10-18,,,36,36,1977-10-19,1978-10-18
1247485,2014-10-18,2014-11-08,36,36,36,36,1977-11-09,1978-10-18
1247485,2014-11-08,2014-11-15,36,36,36,36,1977-11-16,1978-11-08
1247485,2014-11-15,2014-11-22,36,36,36,36,1977-11-23,1978-11-15
1247485,2014-11-22,2014-12-06,36,36,36,36,1977-12-07,1978-11-22
1247485,2014-12-06,2014-12-20,36,36,36,36,1977-12-21,1978-12-06
1247485,2014-12-20,2015-01-03,36,36,36,36,1978-01-04,1978-12-20
1247485,2015-01-03,2015-02-28,36,36,36,36,1978-03-01,1979-01-03
1247485,2015-02-28,2015-03-07,36,36,36,36,1978-03-08,1979-02-28
1247485,2015-03-07,2015-03-14,36,36,36,36,1978-03-15,1979-03-07
1247485,2015-03-14,2015-03-28,36,36,36,36,1978-03-29,1979-03-14
1247485,2015-03-28,2015-06-06,36,36,36,36,1978-06-07,1979-03-28
1247485,2015-06-06,2015-06-13,36,36,38,38,1978-06-07,1977-06-13
1247485,2015-06-13,2015-07-11,38,38,36,36,1978-07-12,1977-06-13
1247485,2015-07-11,2015-11-14,36,36,37,37,1978-07-12,1978-11-14
1247485,2015-11-14,2015-11-21,37,37,37,37,1977-11-22,1978-11-14
1247485,2015-11-21,2015-12-12,37,37,37,37,1977-12-13,1978-11-21
1247485,2015-12-12,2016-01-02,37,37,37,37,1978-01-03,1978-12-12
1247485,2016-01-02,2016-01-09,37,37,37,37,1978-01-10,1979-01-02
1247485,2016-01-09,2016-01-23,37,37,37,37,1978-01-24,1979-01-09
1247485,2016-01-23,2016-01-30,37,37,37,37,1978-01-31,1979-01-23
1247485,2016-01-30,2016-02-06,37,37,37,37,1978-02-07,1979-01-30
1247485,2016-02-06,2016-03-05,37,37,37,37,1978-03-06,1979-02-06
1247485,2016-03-05,2016-05-14,37,37,37,37,1978-05-15,1979-03-05
1247485,2016-05-14,2016-06-04,37,37,37,37,1978-06-05,1979-05-14
1247485,2016-06-04,2016-12-10,37,37,38,38,1978-06-05,1978-12-10
1247485,2016-12-10,2016-12-31,38,38,38,38,1978-01-01,1978-12-10
1247485,2016-12-31,2017-05-27,38,38,38,38,1978-05-28,1978-12-31
1247485,2017-05-27,2018-03-24,38,38,39,39,1978-05-28,1979-03-24
1247485,2018-03-24,2018-07-21,39,39,39,39,1978-07-22,1979-03-24
1247485,2018-07-21,2018-10-27,39,39,40,40,1978-07-22,1978-10-27
1247485,2018-10-27,2019-01-26,40,40,40,40,1978-01-27,1978-10-27
1247485,2019-01-26,2019-05-11,40,40,40,40,1978-05-12,1979-01-26
1247485,2019-05-11,2019-06-01,40,40,40,40,1978-06-02,1979-05-11
1247485,2019-06-01,2019-06-08,40,40,40,40,1978-06-09,1979-06-01
1247485,2019-06-08,2021-07-31,40,40,42,42,1978-08-01,1979-06-08
1247485,2021-07-31,2023-12-30,42,42,45,45,1978-08-01,1978-12-30
1247485,2023-12-30,2024-01-06,45,45,45,45,1978-01-07,1978-12-30
125003,,2011-03-05,,,52,52,1958-03-06,1959-03-05
125003,2011-03-05,2011-03-12,52,52,52,52,1958-03-13,1959-03-05
125003,2011-03-12,2011-03-19,52,52,52,52,1958-03-20,1959-03-12
125003,2011-03-19,2011-04-02,52,52,52,52,1958-04-03,1959-03-19
125003,2011-04-02,2011-05-07,52,52,52,52,1958-05-08,1959-04-02
125003,2011-05-07,2011-05-21,52,52,52,52,1958-05-22,1959-05-07
125003,2011-05-21,2011-05-28,52,52,52,52,1958-05-29,1959-05-21
125003,2011-05-28,2011-06-25,52,52,52,52,1958-06-26,1959-05-28
125003,2011-06-25,2011-07-09,52,52,52,52,1958-07-10,1959-06-25
125003,2011-07-09,2011-07-16,52,52,51,51,1959-07-17,1959-07-09
125003,2011-07-16,2011-07-23,51,51,52,52,1959-07-17,1959-07-23
125003,2011-07-23,2011-08-13,52,52,52,52,1958-08-14,1959-07-23
125003,2011-08-13,2011-08-20,52,52,52,52,1958-08-21,1959-08-13
125003,2011-08-20,2011-09-10,52,52,52,52,1958-09-11,1959-08-20
125003,2011-09-10,2011-09-24,52,52,52,52,1958-09-25,1959-09-10
125003,2011-09-24,2011-10-08,52,52,52,52,1958-10-09,1959-09-24
125003,2011-10-08,2011-10-15,52,52,52,52,1958-10-16,1959-10-08
125003,2011-10-15,2011-10-29,52,52,51,51,1959-10-30,1959-10-15
125003,2011-10-29,2011-11-05,51,51,51,51,1959-11-06,1960-10-29
125003,2011-11-05,2011-11-26,51,51,52,52,1959-11-06,1959-11-26
125003,2011-11-26,2011-12-03,52,52,52,52,1958-12-04,1959-11-26
125003,2011-12-03,2011-12-10,52,52,52,52,1958-12-11,1959-12-03
125003,2011-12-10,2011-12-24,52,52,52,52,1958-12-25,1959-12-10
125003,2011-12-24,2012-01-14,52,52,52,52,1959-01-15,1959-12-24
125003,2012-01-14,2012-01-21,52,52,52,52,1959-01-22,1960-01-14
125003,2012-01-21,2012-01-28,52,52,52,52,1959-01-29,1960-01-21
125003,2012-01-28,2012-02-04,52,52,52,52,1959-02-05,1960-01-28
125003,2012-02-04,2012-02-11,52,52,52,52,1959-02-12,1960-02-04
125003,2012-02-11,2012-02-18,52,52,52,52,1959-02-19,1960-02-11
125003,2012-02-18,2012-03-03,52,52,52,52,1959-03-04,1960-02-18
125003,2012-03-03,2012-03-31,52,52,52,52,1959-04-01,1960-03-03
125003,2012-03-31,2012-04-07,52,52,52,52,1959-04-08,1960-03-31
125003,2012-04-07,2012-04-14,52,52,52,52,1959-04-15,1960-04-07
125003,2012-04-14,2012-05-12,52,52,52,52,1959-05-13,1960-04-14
125003,2012-05-12,2012-06-09,52,52,52,52,1959-06-10,1960-05-12
125003,2012-06-09,2012-07-14,52,52,52,52,1959-07-15,1960-06-09
125003,2012-07-14,2012-07-21,52,52,52,52,1959-07-22,1960-07-14
125003,2012-07-21,2012-08-18,52,52,52,52,1959-08-19,1960-07-21
125003,2012-08-18,2012-08-25,52,52,52,52,1959-08-26,1960-08-18
125003,2012-08-25,2012-09-08,52,52,52,52,1959-09-09,1960-08-25
125003,2012-09-08,2012-09-22,52,52,52,52,1959-09-23,1960-09-08
125003,2012-09-22,2012-10-06,52,52,52,52,1959-10-07,1960-09-22
125003,2012-10-06,2012-10-20,52,52,52,52,1959-10-21,1960-10-06
125003,2012-10-20,2012-11-10,52,52,52,52,1959-11-11,1960-10-20
125003,2012-11-10,2012-12-01,52,52,53,53,1959-11-11,1959-12-01
125003,2012-12-01,2012-12-08,53,53,53,53,1958-12-09,1959-12-01
125003,2012-12-08,2012-12-15,53,53,53,53,1958-12-16,1959-12-08
125003,2012-12-15,2012-12-22,53,53,53,53,1958-12-23,1959-12-15
125003,2012-12-22,2013-02-09,53,53,53,53,1959-02-10,1959-12-22
125003,2013-02-09,2013-03-09,53,53,53,53,1959-03-10,1960-02-09
125003,2013-03-09,2013-05-18,53,53,53,53,1959-05-19,1960-03-09
125003,2013-05-18,2013-06-29,53,53,53,53,1959-06-30,1960-05-18
125003,2013-06-29,2013-07-13,53,53,53,53,1959-07-14,1960-06-29
125003,2013-07-13,2013-08-17,53,53,53,53,1959-08-18,1960-07-13
125003,2013-08-17,2013-08-31,53,53,53,53,1959-09-01,1960-08-17
125003,2013-08-31,2013-09-07,53,53,53,53,1959-09-08,1960-08-31
125003,2013-09-07,2013-10-12,53,53,53,53,1959-10-13,1960-09-07
125003,2013-10-12,2013-10-19,53,53,53,53,1959-10-20,1960-10-12
125003,2013-10-19,2013-11-23,53,53,54,54,1959-10-20,1959-11-23
125003,2013-11-23,2014-01-04,54,54,54,54,1959-01-05,1959-11-23
125003,2014-01-04,2014-02-01,54,54,54,54,1959-02-02,1960-01-04
125003,2014-02-01,2014-02-08,54,54,54,54,1959-02-09,1960-02-01
125003,2014-02-08,2014-02-15,54,54,54,54,1959-02-16,1960-02-08
125003,2014-02-15,2014-02-22,54,54,54,54,1959-02-23,1960-02-15
125003,2014-02-22,2014-03-01,54,54,54,54,1959-03-02,1960-02-22
125003,2014-03-01,2014-03-22,54,54,54,54,1959-03-23,1960-03-01
125003,2014-03-22,2014-04-05,54,54,54,54,1959-04-06,1960-03-22
125003,2014-04-05,2014-04-12,54,54,54,54,1959-04-13,1960-04-05
125003,2014-04-12,2014-05-31,54,54,54,54,1959-06-01,1960-04-12
125003,2014-05-31,2014-10-11,54,54,54,54,1959-10-12,1960-05-31
125003,2014-10-11,2014-10-18,54,54,54,54,1959-10-19,1960-10-11
125003,2014-10-18,2014-11-01,54,54,54,54,1959-11-02,1960-10-18
125003,2014-11-01,2014-11-08,54,54,54,54,1959-11-09,1960-11-01
125003,2014-11-08,2014-11-29,54,54,55,55,1959-11-09,1959-11-29
125003,2014-11-29,2014-12-20,55,55,55,55,1958-12-21,1959-11-29
125003,2014-12-20,2015-01-10,55,55,55,55,1959-01-11,1959-12-20
125003,2015-01-10,2015-02-07,55,55,55,55,1959-02-08,1960-01-10
125003,2015-02-07,2015-03-28,55,55,55,55,1959-03-29,1960-02-07
125003,2015-03-28,2015-05-02,55,55,55,55,1959-05-03,1960-03-28
125003,2015-05-02,2015-10-10,55,55,55,55,1959-10-11,1960-05-02
125003,2015-10-10,2015-10-17,55,55,55,55,1959-10-18,1960-10-10
125003,2015-10-17,2015-10-31,55,55,55,55,1959-11-01,1960-10-17
125003,2015-10-31,2017-01-14,55,55,57,57,1959-11-01,1960-01-14
125003,2017-01-14,2017-07-22,57,57,57,57,1959-07-23,1960-01-14
125003,2017-07-22,2017-09-02,57,57,57,57,1959-09-03,1960-07-22
125003,2017-09-02,2017-09-23,57,57,57,57,1959-09-24,1960-09-02
125003,2017-09-23,2019-03-16,57,57,59,59,1959-09-24,1960-03-16
125003,2019-03-16,2019-10-05,59,59,59,59,1959-10-06,1960-03-16
125003,2019-10-05,2019-10-12,59,59,59,59,1959-10-13,1960-10-05
125003,2019-10-12,2019-10-19,59,59,59,59,1959-10-20,1960-10-12
125003,2019-10-19,2019-11-09,59,59,59,59,1959-11-10,1960-10-19
125003,2019-11-09,2019-11-16,59,59,59,59,1959-11-17,1960-11-09
125003,2019-11-16,2019-11-30,59,59,60,60,1959-11-17,1959-11-30
125003,2019-11-30,2019-12-07,60,60,60,60,1958-12-08,1959-11-30
125003,2019-12-07,2019-12-21,60,60,60,60,1958-12-22,1959-12-07
125003,2019-12-21,2020-01-11,60,60,60,60,1959-01-12,1959-12-21
125003,2020-01-11,2020-02-29,60,60,60,60,1959-03-02,1960-01-11
125003,2020-02-29,2020-03-14,60,60,60,60,1959-03-15,1960-02-29
125003,2020-03-14,2021-12-11,60,60,62,62,1959-03-15,1959-12-11
125800,,2011-03-05,,,41,41,1969-03-06,1970-03-05
125800,2011-03-05,2011-03-12,41,41,41,41,1969-03-13,1970-03-05
125800,2011-03-12,2011-03-19,41,41,41,41,1969-03-20,1970-03-12
125800,2011-03-19,2011-03-26,41,41,41,41,1969-03-27,1970-03-19
125800,2011-03-26,2011-04-09,41,41,41,41,1969-04-10,1970-03-26
125800,2011-04-09,2013-06-15,41,41,44,44,1969-04-10,1969-06-15
125800,2013-06-15,2013-06-22,44,44,44,44,1968-06-23,1969-06-15
125800,2013-06-22,2013-07-06,44,44,44,44,1968-07-07,1969-06-22
125800,2013-07-06,2013-07-13,44,44,44,44,1968-07-14,1969-07-06
125800,2013-07-13,2013-07-20,44,44,44,44,1968-07-21,1969-07-13
125800,2013-07-20,2013-07-27,44,44,44,44,1968-07-28,1969-07-20
125800,2013-07-27,2013-08-10,44,44,44,44,1968-08-11,1969-07-27
125800,2013-08-10,2013-08-17,44,44,44,44,1968-08-18,1969-08-10
125800,2013-08-17,2013-08-24,44,44,44,44,1968-08-25,1969-08-17
125800,2013-08-24,2013-08-31,44,44,44,44,1968-09-01,1969-08-24
125800,2013-08-31,2013-09-07,44,44,44,44,1968-09-08,1969-08-31
125800,2013-09-07,2013-09-14,44,44,44,44,1968-09-15,1969-09-07
125800,2013-09-14,2013-09-21,44,44,44,44,1968-09-22,1969-09-14
125800,2013-09-21,2013-09-28,44,44,44,44,1968-09-29,1969-09-21
125800,2013-09-28,2013-10-05,44,44,44,44,1968-10-06,1969-09-28
125800,2013-10-05,2013-10-12,44,44,44,44,1968-10-13,1969-10-05
125800,2013-10-12,2013-10-19,44,44,44,44,1968-10-20,1969-10-12
125800,2013-10-19,2013-10-26,44,44,44,44,1968-10-27,1969-10-19
125800,2013-10-26,2013-11-16,44,44,44,44,1968-11-17,1969-10-26
125800,2013-11-16,2013-11-23,44,44,44,44,1968-11-24,1969-11-16
125800,2013-11-23,2013-11-30,44,44,44,44,1968-12-01,1969-11-23
125800,2013-11-30,2013-12-21,44,44,44,44,1968-12-22,1969-11-30
125800,2013-12-21,2013-12-28,44,44,44,44,1968-12-29,1969-12-21
125800,2013-12-28,2014-01-11,44,44,44,44,1969-01-12,1969-12-28
125800,2014-01-11,2014-01-18,44,44,44,44,1969-01-19,1970-01-11
125800,2014-01-18,2014-02-08,44,44,44,44,1969-02-09,1970-01-18
125800,2014-02-08,2014-02-15,44,44,44,44,1969-02-16,1970-02-08
125800,2014-02-15,2014-03-08,44,44,44,44,1969-03-09,1970-02-15
125800,2014-03-08,2014-03-22,44,44,44,44,1969-03-23,1970-03-08
125800,2014-03-22,2014-03-29,44,44,44,44,1969-03-30,1970-03-22
125800,2014-03-29,2014-04-05,44,44,44,44,1969-04-06,1970-03-29
125800,2014-04-05,2014-04-12,44,44,44,44,1969-04-13,1970-04-05
125800,2014-04-12,2014-04-19,44,44,44,44,1969-04-20,1970-04-12
125800,2014-04-19,2014-04-26,44,44,44,44,1969-04-27,1970-04-19
125800,2014-04-26,2014-05-03,44,44,44,44,1969-05-04,1970-04-26
125800,2014-05-03,2014-05-10,44,44,44,44,1969-05-11,1970-05-03
125800,2014-05-10,2014-05-17,44,44,44,44,1969-05-18,1970-05-10
125800,2014-05-17,2014-05-24,44,44,44,44,1969-05-25,1970-05-17
125800,2014-05-24,2014-05-31,44,44,44,44,1969-06-01,1970-05-24
125800,2014-05-31,2014-06-07,44,44,45,45,1969-06-01,1969-06-07
125800,2014-06-07,2014-06-14,45,45,41,41,1972-06-15,1969-06-07
125800,2014-06-14,2014-06-21,41,41,41,41,1972-06-22,1973-06-14
125800,2014-06-21,2014-06-28,41,41,41,41,1972-06-29,1973-06-21
125800,2014-06-28,2014-07-05,41,41,41,41,1972-07-06,1973-06-28
125800,2014-07-05,2014-07-12,41,41,41,41,1972-07-13,1973-07-05
125800,2014-07-12,2014-07-19,41,41,41,41,1972-07-20,1973-07-12
125800,2014-07-19,2014-08-09,41,41,41,41,1972-08-10,1973-07-19
125800,2014-08-09,2014-08-16,41,41,41,41,1972-08-17,1973-08-09
125800,2014-08-16,2014-08-23,41,41,41,41,1972-08-24,1973-08-16
125800,2014-08-23,2014-08-30,41,41,41,41,1972-08-31,1973-08-23
125800,2014-08-30,2014-09-06,41,41,41,41,1972-09-07,1973-08-30
125800,2014-09-06,2014-09-13,41,41,41,41,1972-09-14,1973-09-06
125800,2014-09-13,2015-01-17,41,41,41,41,1973-01-18,1973-09-13
125800,2015-01-17,2015-01-24,41,41,41,41,1973-01-25,1974-01-17
125800,2015-01-24,2015-01-31,41,41,41,41,1973-02-01,1974-01-24
125800,2015-01-31,2015-02-28,41,41,41,41,1973-03-01,1974-01-31
125800,2015-02-28,2015-03-07,41,41,41,41,1973-03-08,1974-02-28
125800,2015-03-07,2015-03-14,41,41,41,41,1973-03-15,1974-03-07
125800,2015-03-14,2015-03-21,41,41,41,41,1973-03-22,1974-03-14
125800,2015-03-21,2015-03-28,41,41,41,41,1973-03-29,1974-03-21
125800,2015-03-28,2015-04-18,41,41,41,41,1973-04-19,1974-03-28
125800,2015-04-18,2015-04-25,41,41,41,41,1973-04-26,1974-04-18
125800,2015-04-25,2015-05-09,41,41,41,41,1973-05-10,1974-04-25
125800,2015-05-09,2015-05-16,41,41,41,41,1973-05-17,1974-05-09
125800,2015-05-16,2015-05-23,41,41,41,41,1973-05-24,1974-05-16
125800,2015-05-23,2015-05-30,41,41,41,41,1973-05-31,1974-05-23
125800,2015-05-30,2015-06-06,41,41,42,42,1973-05-31,1973-06-06
125800,2015-06-06,2015-06-20,42,42,42,42,1972-06-21,1973-06-06
125800,2015-06-20,2015-06-27,42,42,42,42,1972-06-28,1973-06-20
125800,2015-06-27,2015-07-04,42,42,42,42,1972-07-05,1973-06-27
125800,2015-07-04,2015-08-01,42,42,42,42,1972-08-02,1973-07-04
125800,2015-08-01,2015-08-08,42,42,42,42,1972-08-09,1973-08-01
125800,2015-08-08,2015-08-15,42,42,42,42,1972-08-16,1973-08-08
125800,2015-08-15,2015-08-22,42,42,42,42,1972-08-23,1973-08-15
125800,2015-08-22,2015-08-29,42,42,42,42,1972-08-30,1973-08-22
125800,2015-08-29,2015-09-12,42,42,42,42,1972-09-13,1973-08-29
125800,2015-09-12,2015-09-19,42,42,42,42,1972-09-20,1973-09-12
125800,2015-09-19,2015-10-10,42,42,42,42,1972-10-11,1973-09-19
125800,2015-10-10,2016-01-01,42,42,42,42,1973-01-02,1973-10-10
125800,2016-01-01,2016-01-02,42,42,42,42,1973-01-03,1974-01-01
125800,2016-01-02,2016-01-09,42,42,42,42,1973-01-10,1974-01-02
125800,2016-01-09,2016-01-16,42,42,42,42,1973-01-17,1974-01-09
125800,2016-01-16,2016-01-23,42,42,42,42,1973-01-24,1974-01-16
125800,2016-01-23,2016-02-06,42,42,42,42,1973-02-07,1974-01-23
125800,2016-02-06,2019-12-28,42,42,46,46,1973-02-07,1973-12-28
125800,2019-12-28,2020-01-01,46,46,46,46,1973-01-02,1973-12-28
125800,2020-01-01,2020-01-11,46,46,46,46,1973-01-12,1974-01-01
125800,2020-01-11,2020-01-18,46,46,46,46,1973-01-19,1974-01-11
125800,2020-01-18,2020-01-25,46,46,46,46,1973-01-26,1974-01-18
1271451,,2014-11-01,,,15,15,1998-11-02,1999-11-01
1271451,2014-11-01,2015-06-20,15,15,17,17,1998-11-02,1998-06-20
1271451,2015-06-20,2015-11-28,17,17,16,16,1998-11-29,1998-06-20
128162,,2011-04-16,,,51,51,1959-04-17,1960-04-16
128162,2011-04-16,2011-08-20,51,51,52,52,1959-04-17,1959-08-20
128162,2011-08-20,2011-12-24,52,52,51,51,1959-12-25,1959-08-20
128162,2011-12-24,2011-12-31,51,51,51,51,1960-01-01,1960-12-24
128162,2011-12-31,2012-01-07,51,51,51,51,1960-01-08,1960-12-31
128162,2012-01-07,2013-02-23,51,51,52,52,1960-02-24,1961-01-07
128162,2013-02-23,2013-07-13,52,52,52,52,1960-07-14,1961-02-23
128162,2013-07-13,2013-10-05,52,52,53,53,1960-07-14,1960-10-05
128162,2013-10-05,2013-10-19,53,53,53,53,1959-10-20,1960-10-05
128162,2013-10-19,2014-07-12,53,53,53,53,1960-07-13,1960-10-19
128162,2014-07-12,2015-09-19,53,53,55,55,1960-07-13,1960-09-19
128162,2015-09-19,2015-10-31,55,55,55,55,1959-11-01,1960-09-19
128162,2015-10-31,2016-04-23,55,55,55,55,1960-04-24,1960-10-31
128162,2016-04-23,2016-04-30,55,55,55,55,1960-05-01,1961-04-23
128162,2016-04-30,2016-06-11,55,55,55,55,1960-06-12,1961-04-30
128162,2016-06-11,2016-06-25,55,55,55,55,1960-06-26,1961-06-11
128162,2016-06-25,2016-07-30,55,55,55,55,1960-07-31,1961-06-25
128162,2016-07-30,2016-08-06,55,55,55,55,1960-08-07,1961-07-30
128162,2016-08-06,2016-09-03,55,55,56,56,1960-08-07,1960-09-03
128162,2016-09-03,2016-09-10,56,56,56,56,1959-09-11,1960-09-03
128162,2016-09-10,2016-10-01,56,56,56,56,1959-10-02,1960-09-10
128162,2016-10-01,2016-10-08,56,56,56,56,1959-10-09,1960-10-01
128162,2016-10-08,2016-10-29,56,56,56,56,1959-10-30,1960-10-08
128162,2016-10-29,2016-11-05,56,56,56,56,1959-11-06,1960-10-29
128162,2016-11-05,2016-11-19,56,56,56,56,1959-11-20,1960-11-05
128162,2016-11-19,2016-12-03,56,56,56,56,1959-12-04,1960-11-19
128162,2016-12-03,2016-12-10,56,56,56,56,1959-12-11,1960-12-03
128162,2016-12-10,2016-12-17,56,56,56,56,1959-12-18,1960-12-10
128162,2016-12-17,2016-12-24,56,56,56,56,1959-12-25,1960-12-17
128162,2016-12-24,2017-01-01,56,56,56,56,1960-01-02,1960-12-24
128162,2017-01-01,2017-01-07,56,56,56,56,1960-01-08,1961-01-01
128162,2017-01-07,2017-01-14,56,56,56,56,1960-01-15,1961-01-07
128162,2017-01-14,2017-02-11,56,56,56,56,1960-02-12,1961-01-14
128162,2017-02-11,2017-03-11,56,56,56,56,1960-03-12,1961-02-11
128162,2017-03-11,2017-03-25,56,56,56,56,1960-03-26,1961-03-11
128162,2017-03-25,2017-04-08,56,56,56,56,1960-04-09,1961-03-25
128162,2017-04-08,2017-04-22,56,56,56,56,1960-04-23,1961-04-08
128162,2017-04-22,2017-04-29,56,56,56,56,1960-04-30,1961-04-22
128162,2017-04-29,2017-05-06,56,56,56,56,1960-05-07,1961-04-29
128162,2017-05-06,2017-05-13,56,56,56,56,1960-05-14,1961-05-06
128162,2017-05-13,2017-06-03,56,56,56,56,1960-06-04,1961-05-13
128162,2017-06-03,2017-07-29,56,56,56,56,1960-07-30,1961-06-03
128162,2017-07-29,2017-12-16,56,56,57,57,1960-07-30,1960-12-16
128162,2017-12-16,2017-12-30,57,57,57,57,1959-12-31,1960-12-16
128162,2017-12-30,2018-01-01,57,57,57,57,1960-01-02,1960-12-30
128162,2018-01-01,2018-01-06,57,57,57,57,1960-01-07,1961-01-01
128162,2018-01-06,2018-01-13,57,57,57,57,1960-01-14,1961-01-06
128162,2018-01-13,2018-01-27,57,57,57,57,1960-01-28,1961-01-13
128162,2018-01-27,2018-02-24,57,57,57,57,1960-02-25,1961-01-27
128162,2018-02-24,2018-05-05,57,57,57,57,1960-05-06,1961-02-24
128162,2018-05-05,2018-09-29,57,57,58,58,1960-05-06,1960-09-29
128162,2018-09-29,2019-01-01,58,58,58,58,1960-01-02,1960-09-29
128162,2019-01-01,2019-02-09,58,58,58,58,1960-02-10,1961-01-01
128162,2019-02-09,2019-02-16,58,58,58,58,1960-02-17,1961-02-09
128162,2019-02-16,2019-05-25,58,58,58,58,1960-05-26,1961-02-16
128162,2019-05-25,2019-06-29,58,58,58,58,1960-06-30,1961-05-25
128162,2019-06-29,2019-08-24,58,58,59,59,1960-06-30,1960-08-24
128162,2019-08-24,2019-08-31,59,59,59,59,1959-09-01,1960-08-24
128162,2019-08-31,2019-09-07,59,59,59,59,1959-09-08,1960-08-31
128162,2019-09-07,2019-11-16,59,59,59,59,1959-11-17,1960-09-07
128162,2019-11-16,2019-12-21,59,59,59,59,1959-12-22,1960-11-16
128162,2019-12-21,2020-01-01,59,59,59,59,1960-01-02,1960-12-21
128162,2020-01-01,2020-03-14,59,59,59,59,1960-03-15,1961-01-01
128162,2020-03-14,2021-12-11,59,59,61,61,1960-03-15,1960-12-11
128162,2021-12-11,2022-04-16,61,61,61,61,1960-04-17,1960-12-11
128162,2022-04-16,2022-05-07,61,61,61,61,1960-05-08,1961-04-16
128162,2022-05-07,2022-07-23,61,61,61,61,1960-07-24,1961-05-07
128162,2022-07-23,2022-07-30,61,61,61,61,1960-07-31,1961-07-23
128162,2022-07-30,2022-08-06,61,61,61,61,1960-08-07,1961-07-30
128162,2022-08-06,2022-08-13,61,61,62,62,1960-08-07,1960-08-13
128162,2022-08-13,2022-08-27,62,62,62,62,1959-08-28,1960-08-13
128162,2022-08-27,2022-09-24,62,62,62,62,1959-09-25,1960-08-27
128162,2022-09-24,2022-10-22,62,62,62,62,1959-10-23,1960-09-24
128162,2022-10-22,2022-10-29,62,62,62,62,1959-10-30,1960-10-22
128162,2022-10-29,2022-11-12,62,62,62,62,1959-11-13,1960-10-29
128162,2022-11-12,2022-12-03,62,62,62,62,1959-12-04,1960-11-12
128162,2022-12-03,2023-01-01,62,62,62,62,1960-01-02,1960-12-03
128162,2023-01-01,2023-03-04,62,62,62,62,1960-03-05,1961-01-01
128162,2023-03-04,2023-07-08,62,62,62,62,1960-07-09,1961-03-04
128162,2023-07-08,2023-08-12,62,62,63,63,1960-07-09,1960-08-12
128162,2023-08-12,2023-09-02,63,63,63,63,1959-09-03,1960-08-12
128162,2023-09-02,2024-01-01,63,63,63,63,1960-01-02,1960-09-02
128162,2024-01-01,2024-01-13,63,63,63,63,1960-01-14,1961-01-01
128162,2024-01-13,2024-02-10,63,63,63,63,1960-02-11,1961-01-13
128162,2024-02-10,2024-05-25,63,63,63,63,1960-05-26,1961-02-10
128162,2024-05-25,2024-06-08,63,63,63,63,1960-06-09,1961-05-25
128162,2024-06-08,2024-06-22,63,63,63,63,1960-06-23,1961-06-08
128162,2024-06-22,2024-06-29,63,63,63,63,1960-06-30,1961-06-22
128162,2024-06-29,2024-07-20,63,63,63,63,1960-07-21,1961-06-29
128162,2024-07-20,2024-07-27,63,63,63,63,1960-07-28,1961-07-20
128162,2024-07-27,2024-08-03,63,63,63,63,1960-08-04,1961-07-27
128162,2024-08-03,2024-08-10,63,63,63,63,1960-08-11,1961-08-03
128162,2024-08-10,2024-08-31,63,63,64,64,1960-08-11,1960-08-31
128162,2024-08-31,2024-09-07,64,64,64,64,1959-09-08,1960-08-31
128162,2024-09-07,2024-11-09,64,64,64,64,1959-11-10,1960-09-07
128162,2024-11-09,2024-11-16,64,64,64,64,1959-11-17,1960-11-09
128162,2024-11-16,2025-02-01,64,64,64,64,1960-02-02,1960-11-16
128162,2025-02-01,2025-04-12,64,64,64,64,1960-04-13,1961-02-01
128162,2025-04-12,2025-04-19,64,64,64,64,1960-04-20,1961-04-12
128162,2025-04-19,2025-05-03,64,64,64,64,1960-05-04,1961-04-19
128162,2025-05-03,2025-06-14,64,64,64,64,1960-06-15,1961-05-03
128162,2025-06-14,2025-06-21,64,64,64,64,1960-06-22,1961-06-14
128162,2025-06-21,2025-06-28,64,64,64,64,1960-06-29,1961-06-21
128162,2025-06-28,2025-08-02,64,64,64,64,1960-08-03,1961-06-28
128162,2025-08-02,2025-08-09,64,64,64,64,1960-08-10,1961-08-02
128162,2025-08-09,2025-08-23,64,64,65,65,1960-08-10,1960-08-23
128162,2025-08-23,2025-09-06,65,65,65,65,1959-09-07,1960-08-23
128162,2025-09-06,2025-09-13,65,65,65,65,1959-09-14,1960-09-06
128162,2025-09-13,2025-09-20,65,65,65,65,1959-09-21,1960-09-13
128162,2025-09-20,2025-11-08,65,65,65,65,1959-11-09,1960-09-20
128162,2025-11-08,2025-12-27,65,65,65,65,1959-12-28,1960-11-08
128162,2025-12-27,2026-01-17,65,65,65,65,1960-01-18,1960-12-27
128162,2026-01-17,2026-01-24,65,65,65,65,1960-01-25,1961-01-17
128724,,2011-03-19,,,54,54,1956-03-20,1957-03-19
128724,2011-03-19,2011-04-02,54,54,54,54,1956-04-03,1957-03-19
128724,2011-04-02,2011-04-09,54,54,54,54,1956-04-10,1957-04-02
128724,2011-04-09,2011-04-23,54,54,54,54,1956-04-24,1957-04-09
128724,2011-04-23,2011-05-07,54,54,54,54,1956-05-08,1957-04-23
128724,2011-05-07,2011-05-14,54,54,54,54,1956-05-15,1957-05-07
128724,2011-05-14,2011-06-04,54,54,54,54,1956-06-05,1957-05-14
128724,2011-06-04,2011-07-09,54,54,54,54,1956-07-10,1957-06-04
128724,2011-07-09,2011-07-30,54,54,53,53,1957-07-31,1957-07-09
128724,2011-07-30,2012-03-31,53,53,54,54,1957-07-31,1958-03-31
128724,2012-03-31,2012-05-05,54,54,54,54,1957-05-06,1958-03-31
128724,2012-05-05,2013-02-09,54,54,55,55,1957-05-06,1958-02-09
128724,2013-02-09,2013-03-02,55,55,55,55,1957-03-03,1958-02-09
128724,2013-03-02,2014-05-17,55,55,56,56,1957-05-18,1958-03-02
128724,2014-05-17,2014-06-14,56,56,56,56,1957-06-15,1958-05-17
128724,2014-06-14,2014-06-21,56,56,56,56,1957-06-22,1958-06-14
128724,2014-06-21,2014-11-08,56,56,57,57,1957-06-22,1957-11-08
128724,2014-11-08,2015-06-20,57,57,57,57,1957-06-21,1957-11-08
128724,2015-06-20,2015-07-25,57,57,57,57,1957-07-26,1958-06-20
128724,2015-07-25,2016-05-21,57,57,58,58,1957-07-26,1958-05-21
128724,2016-05-21,2016-05-28,58,58,58,58,1957-05-29,1958-05-21
128724,2016-05-28,2017-01-28,58,58,59,59,1957-05-29,1958-01-28
128724,2017-01-28,2017-02-18,59,59,59,59,1957-02-19,1958-01-28
128724,2017-02-18,2017-04-15,59,59,59,59,1957-04-16,1958-02-18
128724,2017-04-15,2017-04-29,59,59,59,59,1957-04-30,1958-04-15
128724,2017-04-29,2017-05-13,59,59,59,59,1957-05-14,1958-04-29
128724,2017-05-13,2017-05-27,59,59,59,59,1957-05-28,1958-05-13
128724,2017-05-27,2017-06-03,59,59,59,59,1957-06-04,1958-05-27
128724,2017-06-03,2017-06-17,59,59,59,59,1957-06-18,1958-06-03
128724,2017-06-17,2017-06-24,59,59,59,59,1957-06-25,1958-06-17
128724,2017-06-24,2017-07-29,59,59,59,59,1957-07-30,1958-06-24
128724,2017-07-29,2017-08-12,59,59,59,59,1957-08-13,1958-07-29
128724,2017-08-12,2017-08-19,59,59,59,59,1957-08-20,1958-08-12
128724,2017-08-19,2017-09-23,59,59,59,59,1957-09-24,1958-08-19
128724,2017-09-23,2018-01-06,59,59,60,60,1957-09-24,1958-01-06
128724,2018-01-06,2018-02-03,60,60,60,60,1957-02-04,1958-01-06
128724,2018-02-03,2018-02-10,60,60,60,60,1957-02-11,1958-02-03
128724,2018-02-10,2018-02-17,60,60,60,60,1957-02-18,1958-02-10
128724,2018-02-17,2018-02-24,60,60,60,60,1957-02-25,1958-02-17
128724,2018-02-24,2018-03-31,60,60,60,60,1957-04-01,1958-02-24
128724,2018-03-31,2018-04-28,60,60,60,60,1957-04-29,1958-03-31
128724,2018-04-28,2018-05-05,60,60,60,60,1957-05-06,1958-04-28
128724,2018-05-05,2018-05-12,60,60,60,60,1957-05-13,1958-05-05
128724,2018-05-12,2018-05-19,60,60,60,60,1957-05-20,1958-05-12
128724,2018-05-19,2018-05-26,60,60,60,60,1957-05-27,1958-05-19
128724,2018-05-26,2018-06-02,60,60,60,60,1957-06-03,1958-05-26
128724,2018-06-02,2018-08-18,60,60,60,60,1957-08-19,1958-06-02
128724,2018-08-18,2019-01-01,60,60,61,61,1957-08-19,1958-01-01
128724,2019-01-01,2019-01-01,61,61,61,61,1957-01-02,1958-01-01
128724,2019-01-01,2019-02-16,61,61,61,61,1957-02-17,1958-01-01
128724,2019-02-16,2019-02-23,61,61,61,61,1957-02-24,1958-02-16
128724,2019-02-23,2019-03-02,61,61,61,61,1957-03-03,1958-02-23
128724,2019-03-02,2019-04-20,61,61,61,61,1957-04-21,1958-03-02
128724,2019-04-20,2019-05-18,61,61,61,61,1957-05-19,1958-04-20
128724,2019-05-18,2019-05-25,61,61,61,61,1957-05-26,1958-05-18
128724,2019-05-25,2019-06-01,61,61,61,61,1957-06-02,1958-05-25
128724,2019-06-01,2019-06-08,61,61,61,61,1957-06-09,1958-06-01
128724,2019-06-08,2019-06-15,61,61,61,61,1957-06-16,1958-06-08
128724,2019-06-15,2019-06-22,61,61,61,61,1957-06-23,1958-06-15
128724,2019-06-22,2019-08-17,61,61,61,61,1957-08-18,1958-06-22
128724,2019-08-17,2019-09-07,61,61,61,61,1957-09-08,1958-08-17
128724,2019-09-07,2019-09-14,61,61,61,61,1957-09-15,1958-09-07
128724,2019-09-14,2019-09-21,61,61,61,61,1957-09-22,1958-09-14
128724,2019-09-21,2019-09-28,61,61,61,61,1957-09-29,1958-09-21
128724,2019-09-28,2019-10-05,61,61,61,61,1957-10-06,1958-09-28
128724,2019-10-05,2019-10-19,61,61,61,61,1957-10-20,1958-10-05
128724,2019-10-19,2019-11-09,61,61,62,62,1957-10-20,1957-11-09
128724,2019-11-09,2019-12-14,62,62,62,62,1956-12-15,1957-11-09
128724,2019-12-14,2019-12-25,62,62,62,62,1956-12-26,1957-12-14
128724,2019-12-25,2020-01-01,62,62,62,62,1957-01-02,1957-12-25
128724,2020-01-01,2020-01-25,62,62,62,62,1957-01-26,1958-01-01
128724,2020-01-25,2020-02-15,62,62,62,62,1957-02-16,1958-01-25
128724,2020-02-15,2024-04-20,62,62,66,66,1957-04-21,1958-02-15
1292590,,2015-05-09,,,13,13,2001-05-10,2002-05-09
1292590,2015-05-09,2015-05-16,13,13,13,13,2001-05-17,2002-05-09
1292590,2015-05-16,2015-06-06,13,13,13,13,2001-06-07,2002-05-16
1292590,2015-06-06,2015-06-13,13,13,14,14,2001-06-07,2001-06-13
1292590,2015-06-13,2015-06-20,14,14,14,14,2000-06-21,2001-06-13
1292590,2015-06-20,2015-07-11,14,14,13,13,2001-07-12,2001-06-20
1292590,2015-07-11,2015-08-01,13,13,14,14,2001-07-12,2001-08-01
1292590,2015-08-01,2015-08-22,14,14,14,14,2000-08-23,2001-08-01
1292590,2015-08-22,2015-08-29,14,14,14,14,2000-08-30,2001-08-22
1292590,2015-08-29,2015-09-05,14,14,14,14,2000-09-06,2001-08-29
1292590,2015-09-05,2015-09-12,14,14,14,14,2000-09-13,2001-09-05
1292590,2015-09-12,2015-09-19,14,14,14,14,2000-09-20,2001-09-12
1292590,2015-09-19,2015-10-03,14,14,14,14,2000-10-04,2001-09-19
1292590,2015-10-03,2015-10-10,14,14,14,14,2000-10-11,2001-10-03
1292590,2015-10-10,2015-10-17,14,14,14,14,2000-10-18,2001-10-10
1292590,2015-10-17,2015-10-24,14,14,14,14,2000-10-25,2001-10-17
1292590,2015-10-24,2015-11-07,14,14,14,14,2000-11-08,2001-10-24
1292590,2015-11-07,2015-11-21,14,14,14,14,2000-11-22,2001-11-07
1292590,2015-11-21,2015-11-28,14,14,14,14,2000-11-29,2001-11-21
1292590,2015-11-28,2015-12-05,14,14,14,14,2000-12-06,2001-11-28
1292590,2015-12-05,2015-12-12,14,14,14,14,2000-12-13,2001-12-05
1292590,2015-12-12,2015-12-19,14,14,14,14,2000-12-20,2001-12-12
1292590,2015-12-19,2015-12-26,14,14,14,14,2000-12-27,2001-12-19
1292590,2015-12-26,2016-01-09,14,14,14,14,2001-01-10,2001-12-26
1292590,2016-01-09,2016-01-16,14,14,14,14,2001-01-17,2002-01-09
1292590,2016-01-16,2016-01-23,14,14,14,14,2001-01-24,2002-01-16
1292590,2016-01-23,2016-02-27,14,14,14,14,2001-02-28,2002-01-23
1292590,2016-02-27,2016-03-12,14,14,14,14,2001-03-13,2002-02-27
1292590,2016-03-12,2016-03-19,14,14,14,14,2001-03-20,2002-03-12
1292590,2016-03-19,2016-04-02,14,14,14,14,2001-04-03,2002-03-19
1292590,2016-04-02,2016-04-16,14,14,14,14,2001-04-17,2002-04-02
1292590,2016-04-16,2016-04-23,14,14,14,14,2001-04-24,2002-04-16
1292590,2016-04-23,2016-04-30,14,14,14,14,2001-05-01,2002-04-23
1292590,2016-04-30,2016-05-14,14,14,14,14,2001-05-15,2002-04-30
1292590,2016-05-14,2016-05-21,14,14,14,14,2001-05-22,2002-05-14
1292590,2016-05-21,2017-10-14,14,14,16,16,2001-05-22,2001-10-14
1292590,2017-10-14,2019-05-04,16,16,17,17,2001-05-05,2001-10-14
1296162,,2015-10-10,,,5,5,2009-10-11,2010-10-10
1296162,2015-10-10,2016-12-17,5,5,6,6,2009-12-18,2010-10-10
1296162,2016-12-17,2017-01-07,6,6,6,6,2010-01-08,2010-12-17
1296162,2017-01-07,2017-01-28,6,6,5,5,2011-01-29,2011-01-07
1296162,2017-01-28,2017-02-11,5,5,5,5,2011-02-12,2012-01-28
1296162,2017-02-11,2017-08-12,5,5,6,6,2011-02-12,2011-08-12
1296162,2017-08-12,2017-09-09,6,6,6,6,2010-09-10,2011-08-12
1296162,2017-09-09,2017-11-11,6,6,6,6,2010-11-12,2011-09-09
1296162,2017-11-11,2017-11-25,6,6,6,6,2010-11-26,2011-11-11
1296162,2017-11-25,2017-12-02,6,6,6,6,2010-12-03,2011-11-25
1296162,2017-12-02,2018-01-06,6,6,6,6,2011-01-07,2011-12-02
1296162,2018-01-06,2018-02-03,6,6,6,6,2011-02-04,2012-01-06
1296162,2018-02-03,2018-04-07,6,6,7,7,2011-02-04,2011-04-07
1296162,2018-04-07,2018-06-02,7,7,7,7,2010-06-03,2011-04-07
1296162,2018-06-02,2018-07-14,7,7,7,7,2010-07-15,2011-06-02
1296162,2018-07-14,2018-08-18,7,7,7,7,2010-08-19,2011-07-14
1296162,2018-08-18,2019-04-13,7,7,8,8,2010-08-19,2011-04-13
1296162,2019-04-13,2019-07-13,8,8,8,8,2010-07-14,2011-04-13
1296162,2019-07-13,2019-08-17,8,8,8,8,2010-08-18,2011-07-13
1296162,2019-08-17,2019-09-21,8,8,8,8,2010-09-22,2011-08-17
1296162,2019-09-21,2019-10-26,8,8,8,8,2010-10-27,2011-09-21
1296162,2019-10-26,2020-01-11,8,8,8,8,2011-01-12,2011-10-26
1296162,2020-01-11,2021-08-21,8,8,10,10,2011-01-12,2011-08-21
1296162,2021-08-21,2021-09-04,10,10,10,10,2010-09-05,2011-08-21
1296162,2021-09-04,2021-09-11,10,10,10,10,2010-09-12,2011-09-04
1296162,2021-09-11,2022-01-08,10,10,10,10,2011-01-09,2011-09-11
1296162,2022-01-08,2022-02-05,10,10,10,10,2011-02-06,2012-01-08
1296162,2022-02-05,2022-02-12,10,10,10,10,2011-02-13,2012-02-05
1296162,2022-02-12,2022-02-26,10,10,10,10,2011-02-27,2012-02-12
1296162,2022-02-26,2022-03-26,10,10,11,11,2011-02-27,2011-03-26
1296162,2022-03-26,2022-08-20,11,11,11,11,2010-08-21,2011-03-26
1297783,,2014-11-15,,,52,52,1961-11-16,1962-11-15
1297783,2014-11-15,2014-11-22,52,52,52,52,1961-11-23,1962-11-15
1297783,2014-11-22,2014-11-29,52,52,52,52,1961-11-30,1962-11-22
1297783,2014-11-29,2014-12-06,52,52,52,52,1961-12-07,1962-11-29
1297783,2014-12-06,2015-02-21,52,52,52,52,1962-02-22,1962-12-06
1297783,2015-02-21,2015-03-28,52,52,52,52,1962-03-29,1963-02-21
1297783,2015-03-28,2015-06-13,52,52,54,54,1962-03-29,1961-06-13
1297783,2015-06-13,2015-06-20,54,54,54,54,1960-06-21,1961-06-13
1297783,2015-06-20,2015-07-25,54,54,53,53,1961-07-26,1961-06-20
1297783,2015-07-25,2015-09-05,53,53,53,53,1961-09-06,1962-07-25
1297783,2015-09-05,2015-10-31,53,53,53,53,1961-11-01,1962-09-05
1297783,2015-10-31,2016-01-09,53,53,53,53,1962-01-10,1962-10-31
1297783,2016-01-09,2017-04-22,53,53,55,55,1962-01-10,1962-04-22
1297783,2017-04-22,2017-10-14,55,55,55,55,1961-10-15,1962-04-22
1297783,2017-10-14,2017-11-04,55,55,55,55,1961-11-05,1962-10-14
1309884,,2015-01-17,,,40,40,1974-01-18,1975-01-17
1309884,2015-01-17,2015-01-24,40,40,12,12,2002-01-25,1975-01-17
1309884,2015-01-24,2015-01-31,12,12,12,12,2002-02-01,2003-01-24
1309884,2015-01-31,2015-02-07,12,12,12,12,2002-02-08,2003-01-31
1309884,2015-02-07,2015-02-28,12,12,12,12,2002-03-01,2003-02-07
1309884,2015-02-28,2015-03-07,12,12,12,12,2002-03-08,2003-02-28
1309884,2015-03-07,2015-03-14,12,12,12,12,2002-03-15,2003-03-07
1309884,2015-03-14,2015-03-21,12,12,12,12,2002-03-22,2003-03-14
1309884,2015-03-21,2015-04-04,12,12,13,13,2002-03-22,2002-04-04
1309884,2015-04-04,2015-04-11,13,13,13,13,2001-04-12,2002-04-04
1309884,2015-04-11,2015-04-18,13,13,13,13,2001-04-19,2002-04-11
1309884,2015-04-18,2015-06-20,13,13,13,13,2001-06-21,2002-04-18
1309884,2015-06-20,2015-07-04,13,13,13,13,2001-07-05,2002-06-20
1309884,2015-07-04,2015-07-11,13,13,13,13,2001-07-12,2002-07-04
1309884,2015-07-11,2015-07-25,13,13,13,13,2001-07-26,2002-07-11
1309884,2015-07-25,2015-08-01,13,13,13,13,2001-08-02,2002-07-25
1309884,2015-08-01,2015-08-22,13,13,13,13,2001-08-23,2002-08-01
1309884,2015-08-22,2015-08-29,13,13,13,13,2001-08-30,2002-08-22
1309884,2015-08-29,2015-09-19,13,13,13,13,2001-09-20,2002-08-29
1309884,2015-09-19,2015-09-26,13,13,13,13,2001-09-27,2002-09-19
1309884,2015-09-26,2015-10-03,13,13,13,13,2001-10-04,2002-09-26
1309884,2015-10-03,2015-10-17,13,13,13,13,2001-10-18,2002-10-03
1309884,2015-10-17,2015-11-07,13,13,13,13,2001-11-08,2002-10-17
1309884,2015-11-07,2016-01-02,13,13,13,13,2002-01-03,2002-11-07
1309884,2016-01-02,2016-01-16,13,13,13,13,2002-01-17,2003-01-02
1309884,2016-01-16,2016-01-23,13,13,13,13,2002-01-24,2003-01-16
1309884,2016-01-23,2016-01-30,13,13,13,13,2002-01-31,2003-01-23
1309884,2016-01-30,2016-02-06,13,13,13,13,2002-02-07,2003-01-30
1309884,2016-02-06,2016-02-27,13,13,13,13,2002-02-28,2003-02-06
1309884,2016-02-27,2016-03-05,13,13,13,13,2002-03-06,2003-02-27
1309884,2016-03-05,2016-03-12,13,13,13,13,2002-03-13,2003-03-05
1309884,2016-03-12,2016-06-25,13,13,14,14,2002-03-13,2002-06-25
1309884,2016-06-25,2016-07-02,14,14,14,14,2001-07-03,2002-06-25
1309884,2016-07-02,2016-07-16,14,14,14,14,2001-07-17,2002-07-02
1309884,2016-07-16,2016-11-05,14,14,14,14,2001-11-06,2002-07-16
1309884,2016-11-05,2016-11-19,14,14,14,14,2001-11-20,2002-11-05
1309884,2016-11-19,2016-12-10,14,14,14,14,2001-12-11,2002-11-19
1309884,2016-12-10,2016-12-17,14,14,14,14,2001-12-18,2002-12-10
1309884,2016-12-17,2017-01-07,14,14,14,14,2002-01-08,2002-12-17
1309884,2017-01-07,2017-01-14,14,14,14,14,2002-01-15,2003-01-07
1309884,2017-01-14,2017-01-28,14,14,14,14,2002-01-29,2003-01-14
1309884,2017-01-28,2017-03-04,14,14,14,14,2002-03-05,2003-01-28
131684,,2011-10-15,,,47,47,1963-10-16,1964-10-15
131684,2011-10-15,2011-10-22,47,47,46,46,1964-10-23,1964-10-15
131684,2011-10-22,2011-11-05,46,46,46,46,1964-11-06,1965-10-22
131684,2011-11-05,2011-11-12,46,46,46,46,1964-11-13,1965-11-05
131684,2011-11-12,2011-11-19,46,46,46,46,1964-11-20,1965-11-12
131684,2011-11-19,2011-11-26,46,46,46,46,1964-11-27,1965-11-19
131684,2011-11-26,2011-12-03,46,46,46,46,1964-12-04,1965-11-26
131684,2011-12-03,2011-12-10,46,46,46,46,1964-12-11,1965-12-03
131684,2011-12-10,2012-01-07,46,46,46,46,1965-01-08,1965-12-10
131684,2012-01-07,2012-01-14,46,46,46,46,1965-01-15,1966-01-07
131684,2012-01-14,2012-01-21,46,46,46,46,1965-01-22,1966-01-14
131684,2012-01-21,2012-02-18,46,46,46,46,1965-02-19,1966-01-21
131684,2012-02-18,2012-02-25,46,46,46,46,1965-02-26,1966-02-18
131684,2012-02-25,2012-03-03,46,46,46,46,1965-03-04,1966-02-25
131684,2012-03-03,2012-03-17,46,46,46,46,1965-03-18,1966-03-03
131684,2012-03-17,2012-03-24,46,46,46,46,1965-03-25,1966-03-17
131684,2012-03-24,2012-04-28,46,46,46,46,1965-04-29,1966-03-24
131684,2012-04-28,2012-05-05,46,46,46,46,1965-05-06,1966-04-28
131684,2012-05-05,2012-05-26,46,46,46,46,1965-05-27,1966-05-05
131684,2012-05-26,2012-06-09,46,46,46,46,1965-06-10,1966-05-26
131684,2012-06-09,2012-06-16,46,46,46,46,1965-06-17,1966-06-09
131684,2012-06-16,2012-06-23,46,46,47,47,1965-06-17,1965-06-23
131684,2012-06-23,2012-06-30,47,47,47,47,1964-07-01,1965-06-23
131684,2012-06-30,2012-07-07,47,47,47,47,1964-07-08,1965-06-30
131684,2012-07-07,2012-07-21,47,47,47,47,1964-07-22,1965-07-07
131684,2012-07-21,2012-07-28,47,47,47,47,1964-07-29,1965-07-21
131684,2012-07-28,2012-08-04,47,47,47,47,1964-08-05,1965-07-28
131684,2012-08-04,2012-08-11,47,47,47,47,1964-08-12,1965-08-04
131684,2012-08-11,2012-09-01,47,47,47,47,1964-09-02,1965-08-11
131684,2012-09-01,2012-09-08,47,47,47,47,1964-09-09,1965-09-01
131684,2012-09-08,2012-10-06,47,47,47,47,1964-10-07,1965-09-08
131684,2012-10-06,2012-10-13,47,47,47,47,1964-10-14,1965-10-06
131684,2012-10-13,2012-10-20,47,47,47,47,1964-10-21,1965-10-13
131684,2012-10-20,2012-10-27,47,47,47,47,1964-10-28,1965-10-20
131684,2012-10-27,2012-11-24,47,47,47,47,1964-11-25,1965-10-27
131684,2012-11-24,2012-12-01,47,47,47,47,1964-12-02,1965-11-24
131684,2012-12-01,2013-01-05,47,47,47,47,1965-01-06,1965-12-01
131684,2013-01-05,2013-01-12,47,47,47,47,1965-01-13,1966-01-05
131684,2013-01-12,2013-01-26,47,47,47,47,1965-01-27,1966-01-12
131684,2013-01-26,2013-02-02,47,47,47,47,1965-02-03,1966-01-26
131684,2013-02-02,2013-02-09,47,47,47,47,1965-02-10,1966-02-02
131684,2013-02-09,2013-02-16,47,47,47,47,1965-02-17,1966-02-09
131684,2013-02-16,2013-03-02,47,47,47,47,1965-03-03,1966-02-16
131684,2013-03-02,2013-03-09,47,47,47,47,1965-03-10,1966-03-02
131684,2013-03-09,2013-03-16,47,47,47,47,1965-03-17,1966-03-09
131684,2013-03-16,2013-03-30,47,47,47,47,1965-03-31,1966-03-16
131684,2013-03-30,2013-04-06,47,47,47,47,1965-04-07,1966-03-30
131684,2013-04-06,2013-04-27,47,47,47,47,1965-04-28,1966-04-06
131684,2013-04-27,2013-05-18,47,47,47,47,1965-05-19,1966-04-27
131684,2013-05-18,2013-05-25,47,47,47,47,1965-05-26,1966-05-18
131684,2013-05-25,2013-06-01,47,47,47,47,1965-06-02,1966-05-25
131684,2013-06-01,2013-06-15,47,47,47,47,1965-06-16,1966-06-01
131684,2013-06-15,2013-06-29,47,47,48,48,1965-06-16,1965-06-29
131684,2013-06-29,2013-08-10,48,48,48,48,1964-08-11,1965-06-29
131684,2013-08-10,2013-08-17,48,48,48,48,1964-08-18,1965-08-10
131684,2013-08-17,2013-08-24,48,48,48,48,1964-08-25,1965-08-17
131684,2013-08-24,2013-08-31,48,48,48,48,1964-09-01,1965-08-24
131684,2013-08-31,2014-01-11,48,48,48,48,1965-01-12,1965-08-31
131684,2014-01-11,2014-01-18,48,48,48,48,1965-01-19,1966-01-11
131684,2014-01-18,2014-01-25,48,48,48,48,1965-01-26,1966-01-18
131684,2014-01-25,2014-02-15,48,48,48,48,1965-02-16,1966-01-25
131684,2014-02-15,2014-02-22,48,48,48,48,1965-02-23,1966-02-15
131684,2014-02-22,2014-03-08,48,48,48,48,1965-03-09,1966-02-22
131684,2014-03-08,2014-03-15,48,48,48,48,1965-03-16,1966-03-08
131684,2014-03-15,2014-03-22,48,48,48,48,1965-03-23,1966-03-15
131684,2014-03-22,2014-03-29,48,48,48,48,1965-03-30,1966-03-22
131684,2014-03-29,2014-04-05,48,48,48,48,1965-04-06,1966-03-29
131684,2014-04-05,2014-05-10,48,48,48,48,1965-05-11,1966-04-05
131684,2014-05-10,2014-06-07,48,48,48,48,1965-06-08,1966-05-10
131684,2014-06-07,2014-06-14,48,48,48,48,1965-06-15,1966-06-07
131684,2014-06-14,2014-08-02,48,48,49,49,1965-06-15,1965-08-02
131684,2014-08-02,2014-08-16,49,49,49,49,1964-08-17,1965-08-02
131684,2014-08-16,2014-09-06,49,49,49,49,1964-09-07,1965-08-16
131684,2014-09-06,2014-10-25,49,49,49,49,1964-10-26,1965-09-06
131684,2014-10-25,2015-01-03,49,49,49,49,1965-01-04,1965-10-25
131684,2015-01-03,2015-02-14,49,49,49,49,1965-02-15,1966-01-03
131684,2015-02-14,2015-02-28,49,49,49,49,1965-03-01,1966-02-14
131684,2015-02-28,2015-03-07,49,49,49,49,1965-03-08,1966-02-28
131684,2015-03-07,2015-03-14,49,49,49,49,1965-03-15,1966-03-07
131684,2015-03-14,2015-03-21,49,49,49,49,1965-03-22,1966-03-14
131684,2015-03-21,2015-03-28,49,49,49,49,1965-03-29,1966-03-21
131684,2015-03-28,2015-04-18,49,49,49,49,1965-04-19,1966-03-28
131684,2015-04-18,2015-04-25,49,49,49,49,1965-04-26,1966-04-18
131684,2015-04-25,2015-05-09,49,49,49,49,1965-05-10,1966-04-25
131684,2015-05-09,2015-05-16,49,49,49,49,1965-05-17,1966-05-09
131684,2015-05-16,2015-05-23,49,49,49,49,1965-05-24,1966-05-16
131684,2015-05-23,2015-05-30,49,49,49,49,1965-05-31,1966-05-23
131684,2015-05-30,2015-06-06,49,49,49,49,1965-06-07,1966-05-30
131684,2015-06-06,2015-06-13,49,49,49,49,1965-06-14,1966-06-06
131684,2015-06-13,2015-06-20,49,49,49,49,1965-06-21,1966-06-13
131684,2015-06-20,2015-06-27,49,49,50,50,1965-06-21,1965-06-27
131684,2015-06-27,2015-07-04,50,50,50,50,1964-07-05,1965-06-27
131684,2015-07-04,2015-07-11,50,50,50,50,1964-07-12,1965-07-04
131684,2015-07-11,2015-08-01,50,50,50,50,1964-08-02,1965-07-11
131684,2015-08-01,2015-08-08,50,50,50,50,1964-08-09,1965-08-01
131684,2015-08-08,2015-08-15,50,50,50,50,1964-08-16,1965-08-08
131684,2015-08-15,2015-09-05,50,50,50,50,1964-09-06,1965-08-15
131684,2015-09-05,2015-09-12,50,50,50,50,1964-09-13,1965-09-05
131684,2015-09-12,2015-10-03,50,50,50,50,1964-10-04,1965-09-12
131684,2015-10-03,2015-10-10,50,50,50,50,1964-10-11,1965-10-03
131684,2015-10-10,2015-10-17,50,50,50,50,1964-10-18,1965-10-10
131684,2015-10-17,2015-10-24,50,50,50,50,1964-10-25,1965-10-17
131684,2015-10-24,2015-11-07,50,50,50,50,1964-11-08,1965-10-24
131684,2015-11-07,2015-11-28,50,50,50,50,1964-11-29,1965-11-07
131684,2015-11-28,2015-12-05,50,50,50,50,1964-12-06,1965-11-28
131684,2015-12-05,2015-12-12,50,50,50,50,1964-12-13,1965-12-05
131684,2015-12-12,2015-12-19,50,50,50,50,1964-12-20,1965-12-12
131684,2015-12-19,2016-02-06,50,50,50,50,1965-02-07,1965-12-19
131684,2016-02-06,2016-02-13,50,50,50,50,1965-02-14,1966-02-06
131684,2016-02-13,2016-02-20,50,50,50,50,1965-02-21,1966-02-13
131684,2016-02-20,2016-02-27,50,50,50,50,1965-02-28,1966-02-20
131684,2016-02-27,2016-03-05,50,50,50,50,1965-03-06,1966-02-27
131684,2016-03-05,2016-03-12,50,50,50,50,1965-03-13,1966-03-05
131684,2016-03-12,2016-04-16,50,50,50,50,1965-04-17,1966-03-12
131684,2016-04-16,2016-04-23,50,50,50,50,1965-04-24,1966-04-16
131684,2016-04-23,2016-05-14,50,50,50,50,1965-05-15,1966-04-23
131684,2016-05-14,2016-06-11,50,50,50,50,1965-06-12,1966-05-14
131684,2016-06-11,2016-06-18,50,50,50,50,1965-06-19,1966-06-11
131684,2016-06-18,2016-06-25,50,50,51,51,1965-06-19,1965-06-25
131684,2016-06-25,2016-07-02,51,51,51,51,1964-07-03,1965-06-25
131684,2016-07-02,2016-07-23,51,51,51,51,1964-07-24,1965-07-02
131684,2016-07-23,2016-07-30,51,51,51,51,1964-07-31,1965-07-23
131684,2016-07-30,2016-08-06,51,51,51,51,1964-08-07,1965-07-30
131684,2016-08-06,2016-08-20,51,51,51,51,1964-08-21,1965-08-06
131684,2016-08-20,2016-08-27,51,51,51,51,1964-08-28,1965-08-20
131684,2016-08-27,2016-09-03,51,51,51,51,1964-09-04,1965-08-27
131684,2016-09-03,2016-09-17,51,51,51,51,1964-09-18,1965-09-03
131684,2016-09-17,2016-10-08,51,51,51,51,1964-10-09,1965-09-17
131684,2016-10-08,2016-10-15,51,51,51,51,1964-10-16,1965-10-08
131684,2016-10-15,2016-12-17,51,51,51,51,1964-12-18,1965-10-15
131684,2016-12-17,2016-12-24,51,51,51,51,1964-12-25,1965-12-17
131684,2016-12-24,2016-12-31,51,51,51,51,1965-01-01,1965-12-24
131684,2016-12-31,2017-01-07,51,51,51,51,1965-01-08,1965-12-31
131684,2017-01-07,2017-02-18,51,51,51,51,1965-02-19,1966-01-07
131684,2017-02-18,2017-02-25,51,51,51,51,1965-02-26,1966-02-18
131684,2017-02-25,2017-03-04,51,51,51,51,1965-03-05,1966-02-25
131684,2017-03-04,2017-04-22,51,51,51,51,1965-04-23,1966-03-04
131684,2017-04-22,2017-04-29,51,51,51,51,1965-04-30,1966-04-22
131684,2017-04-29,2017-05-20,51,51,51,51,1965-05-21,1966-04-29
131684,2017-05-20,2017-05-27,51,51,51,51,1965-05-28,1966-05-20
131684,2017-05-27,2017-06-10,51,51,51,51,1965-06-11,1966-05-27
131684,2017-06-10,2017-06-17,51,51,51,51,1965-06-18,1966-06-10
131684,2017-06-17,2017-08-12,51,51,52,52,1965-06-18,1965-08-12
131684,2017-08-12,2017-09-30,52,52,52,52,1964-10-01,1965-08-12
131684,2017-09-30,2017-10-07,52,52,52,52,1964-10-08,1965-09-30
131684,2017-10-07,2017-10-14,52,52,52,52,1964-10-15,1965-10-07
131684,2017-10-14,2017-10-21,52,52,52,52,1964-10-22,1965-10-14
131684,2017-10-21,2017-10-28,52,52,52,52,1964-10-29,1965-10-21
131684,2017-10-28,2017-11-04,52,52,52,52,1964-11-05,1965-10-28
131684,2017-11-04,2017-11-11,52,52,52,52,1964-11-12,1965-11-04
131684,2017-11-11,2017-11-18,52,52,52,52,1964-11-19,1965-11-11
131684,2017-11-18,2017-11-25,52,52,52,52,1964-11-26,1965-11-18
131684,2017-11-25,2018-01-27,52,52,52,52,1965-01-28,1965-11-25
131684,2018-01-27,2018-02-03,52,52,52,52,1965-02-04,1966-01-27
131684,2018-02-03,2018-02-10,52,52,52,52,1965-02-11,1966-02-03
131684,2018-02-10,2018-02-24,52,52,52,52,1965-02-25,1966-02-10
131684,2018-02-24,2018-03-24,52,52,52,52,1965-03-25,1966-02-24
131684,2018-03-24,2018-03-31,52,52,52,52,1965-04-01,1966-03-24
131684,2018-03-31,2018-04-07,52,52,52,52,1965-04-08,1966-03-31
131684,2018-04-07,2018-04-14,52,52,52,52,1965-04-15,1966-04-07
131684,2018-04-14,2018-05-26,52,52,52,52,1965-05-27,1966-04-14
131684,2018-05-26,2018-06-02,52,52,52,52,1965-06-03,1966-05-26
131684,2018-06-02,2018-07-21,52,52,53,53,1965-06-03,1965-07-21
131684,2018-07-21,2018-09-01,53,53,53,53,1964-09-02,1965-07-21
131684,2018-09-01,2018-09-08,53,53,53,53,1964-09-09,1965-09-01
131684,2018-09-08,2018-09-29,53,53,53,53,1964-09-30,1965-09-08
131684,2018-09-29,2018-10-20,53,53,53,53,1964-10-21,1965-09-29
131684,2018-10-20,2018-10-27,53,53,53,53,1964-10-28,1965-10-20
131684,2018-10-27,2018-11-03,53,53,53,53,1964-11-04,1965-10-27
131684,2018-11-03,2018-11-10,53,53,53,53,1964-11-11,1965-11-03
131684,2018-11-10,2018-11-17,53,53,53,53,1964-11-18,1965-11-10
131684,2018-11-17,2018-11-24,53,53,53,53,1964-11-25,1965-11-17
131684,2018-11-24,2018-12-08,53,53,53,53,1964-12-09,1965-11-24
131684,2018-12-08,2018-12-15,53,53,53,53,1964-12-16,1965-12-08
131684,2018-12-15,2018-12-29,53,53,53,53,1964-12-30,1965-12-15
131684,2018-12-29,2019-01-01,53,53,53,53,1965-01-02,1965-12-29
131684,2019-01-01,2019-01-12,53,53,53,53,1965-01-13,1966-01-01
131684,2019-01-12,2019-01-19,53,53,53,53,1965-01-20,1966-01-12
131684,2019-01-19,2019-02-16,53,53,53,53,1965-02-17,1966-01-19
131684,2019-02-16,2019-02-23,53,53,53,53,1965-02-24,1966-02-16
131684,2019-02-23,2019-03-23,53,53,53,53,1965-03-24,1966-02-23
131684,2019-03-23,2019-03-30,53,53,53,53,1965-03-31,1966-03-23
131684,2019-03-30,2019-04-20,53,53,53,53,1965-04-21,1966-03-30
131684,2019-04-20,2019-05-04,53,53,53,53,1965-05-05,1966-04-20
131684,2019-05-04,2019-05-11,53,53,53,53,1965-05-12,1966-05-04
131684,2019-05-11,2019-05-18,53,53,53,53,1965-05-19,1966-05-11
131684,2019-05-18,2019-05-25,53,53,53,53,1965-05-26,1966-05-18
131684,2019-05-25,2019-06-01,53,53,53,53,1965-06-02,1966-05-25
131684,2019-06-01,2019-06-08,53,53,53,53,1965-06-09,1966-06-01
131684,2019-06-08,2019-06-22,53,53,53,53,1965-06-23,1966-06-08
131684,2019-06-22,2019-08-10,53,53,54,54,1965-06-23,1965-08-10
131684,2019-08-10,2019-08-17,54,54,54,54,1964-08-18,1965-08-10
131684,2019-08-17,2019-08-24,54,54,54,54,1964-08-25,1965-08-17
131684,2019-08-24,2019-08-31,54,54,54,54,1964-09-01,1965-08-24
131684,2019-08-31,2019-09-07,54,54,54,54,1964-09-08,1965-08-31
131684,2019-09-07,2019-09-14,54,54,54,54,1964-09-15,1965-09-07
131684,2019-09-14,2019-09-21,54,54,54,54,1964-09-22,1965-09-14
131684,2019-09-21,2019-09-28,54,54,54,54,1964-09-29,1965-09-21
131684,2019-09-28,2019-11-02,54,54,54,54,1964-11-03,1965-09-28
131684,2019-11-02,2019-11-09,54,54,54,54,1964-11-10,1965-11-02
131684,2019-11-09,2019-11-16,54,54,54,54,1964-11-17,1965-11-09
131684,2019-11-16,2020-01-01,54,54,54,54,1965-01-02,1965-11-16
131684,2020-01-01,2020-01-11,54,54,54,54,1965-01-12,1966-01-01
131684,2020-01-11,2020-02-15,54,54,54,54,1965-02-16,1966-01-11
131684,2020-02-15,2020-02-22,54,54,54,54,1965-02-23,1966-02-15
131684,2020-02-22,2020-03-07,54,54,54,54,1965-03-08,1966-02-22
131684,2020-03-07,2021-08-14,54,54,56,56,1965-03-08,1965-08-14
131684,2021-08-14,2021-08-21,56,56,56,56,1964-08-22,1965-08-14
131684,2021-08-21,2021-08-28,56,56,56,56,1964-08-29,1965-08-21
131684,2021-08-28,2021-09-04,56,56,56,56,1964-09-05,1965-08-28
131684,2021-09-04,2021-09-18,56,56,56,56,1964-09-19,1965-09-04
131684,2021-09-18,2021-10-02,56,56,56,56,1964-10-03,1965-09-18
131684,2021-10-02,2021-11-13,56,56,56,56,1964-11-14,1965-10-02
131684,2021-11-13,2021-12-18,56,56,56,56,1964-12-19,1965-11-13
131684,2021-12-18,2022-02-26,56,56,56,56,1965-02-27,1965-12-18
131684,2022-02-26,2022-03-19,56,56,56,56,1965-03-20,1966-02-26
131684,2022-03-19,2022-04-09,56,56,56,56,1965-04-10,1966-03-19
131684,2022-04-09,2022-04-23,56,56,56,56,1965-04-24,1966-04-09
131684,2022-04-23,2022-05-28,56,56,56,56,1965-05-29,1966-04-23
131684,2022-05-28,2023-09-16,56,56,58,58,1965-05-29,1965-09-16
131684,2023-09-16,2023-09-30,58,58,58,58,1964-10-01,1965-09-16
131684,2023-09-30,2024-05-25,58,58,58,58,1965-05-26,1965-09-30
131684,2024-05-25,2024-06-01,58,58,58,58,1965-06-02,1966-05-25
131684,2024-06-01,2024-06-15,58,58,58,58,1965-06-16,1966-06-01
131684,2024-06-15,2024-08-31,58,58,59,59,1965-06-16,1965-08-31
131684,2024-08-31,2025-04-26,59,59,59,59,1965-04-27,1965-08-31
131684,2025-04-26,2025-05-10,59,59,59,59,1965-05-11,1966-04-26
1320223,,2014-12-06,,,41,41,1972-12-07,1973-12-06
1320223,2014-12-06,2015-01-24,41,41,41,41,1973-01-25,1973-12-06
1320223,2015-01-24,2015-04-18,41,41,41,41,1973-04-19,1974-01-24
1320223,2015-04-18,2015-06-27,41,41,41,41,1973-06-28,1974-04-18
1320223,2015-06-27,2015-08-01,41,41,42,42,1973-06-28,1973-08-01
1320223,2015-08-01,2015-10-10,42,42,42,42,1972-10-11,1973-08-01
1320223,2015-10-10,2015-10-24,42,42,42,42,1972-10-25,1973-10-10
1320223,2015-10-24,2015-11-07,42,42,42,42,1972-11-08,1973-10-24
1320223,2015-11-07,2015-12-12,42,42,42,42,1972-12-13,1973-11-07
1320223,2015-12-12,2015-12-19,42,42,42,42,1972-12-20,1973-12-12
1320223,2015-12-19,2016-01-01,42,42,42,42,1973-01-02,1973-12-19
1320223,2016-01-01,2016-01-02,42,42,42,42,1973-01-03,1974-01-01
1320223,2016-01-02,2016-01-09,42,42,42,42,1973-01-10,1974-01-02
1320223,2016-01-09,2016-01-30,42,42,42,42,1973-01-31,1974-01-09
1320223,2016-01-30,2016-02-06,42,42,42,42,1973-02-07,1974-01-30
1320223,2016-02-06,2016-04-23,42,42,42,42,1973-04-24,1974-02-06
1320223,2016-04-23,2016-04-30,42,42,42,42,1973-05-01,1974-04-23
1320223,2016-04-30,2016-05-14,42,42,42,42,1973-05-15,1974-04-30
1320223,2016-05-14,2016-05-28,42,42,42,42,1973-05-29,1974-05-14
1320223,2016-05-28,2016-06-04,42,42,42,42,1973-06-05,1974-05-28
1320223,2016-06-04,2016-07-02,42,42,42,42,1973-07-03,1974-06-04
1320223,2016-07-02,2016-08-27,42,42,43,43,1973-07-03,1973-08-27
1320223,2016-08-27,2016-09-03,43,43,43,43,1972-09-04,1973-08-27
1320223,2016-09-03,2016-09-10,43,43,43,43,1972-09-11,1973-09-03
1320223,2016-09-10,2016-10-01,43,43,43,43,1972-10-02,1973-09-10
1320223,2016-10-01,2016-10-15,43,43,43,43,1972-10-16,1973-10-01
1320223,2016-10-15,2016-11-26,43,43,43,43,1972-11-27,1973-10-15
1320223,2016-11-26,2016-12-03,43,43,43,43,1972-12-04,1973-11-26
1320223,2016-12-03,2017-01-01,43,43,43,43,1973-01-02,1973-12-03
1320223,2017-01-01,2017-01-14,43,43,43,43,1973-01-15,1974-01-01
1320223,2017-01-14,2017-01-28,43,43,43,43,1973-01-29,1974-01-14
1320223,2017-01-28,2017-02-25,43,43,43,43,1973-02-26,1974-01-28
1320223,2017-02-25,2017-03-25,43,43,43,43,1973-03-26,1974-02-25
1320223,2017-03-25,2017-04-01,43,43,43,43,1973-04-02,1974-03-25
1320223,2017-04-01,2017-04-08,43,43,43,43,1973-04-09,1974-04-01
1320223,2017-04-08,2017-04-15,43,43,43,43,1973-04-16,1974-04-08
1320223,2017-04-15,2017-04-29,43,43,43,43,1973-04-30,1974-04-15
1320223,2017-04-29,2017-05-13,43,43,43,43,1973-05-14,1974-04-29
1320223,2017-05-13,2017-05-27,43,43,43,43,1973-05-28,1974-05-13
1320223,2017-05-27,2017-06-03,43,43,43,43,1973-06-04,1974-05-27
1320223,2017-06-03,2017-06-10,43,43,43,43,1973-06-11,1974-06-03
1320223,2017-06-10,2017-07-29,43,43,43,43,1973-07-30,1974-06-10
1320223,2017-07-29,2017-08-05,43,43,44,44,1973-07-30,1973-08-05
1320223,2017-08-05,2017-08-19,44,44,44,44,1972-08-20,1973-08-05
1320223,2017-08-19,2017-09-23,44,44,44,44,1972-09-24,1973-08-19
1320223,2017-09-23,2017-10-21,44,44,44,44,1972-10-22,1973-09-23
1320223,2017-10-21,2017-10-28,44,44,44,44,1972-10-29,1973-10-21
1320223,2017-10-28,2017-11-18,44,44,44,44,1972-11-19,1973-10-28
1320223,2017-11-18,2017-12-09,44,44,44,44,1972-12-10,1973-11-18
1320223,2017-12-09,2018-01-06,44,44,44,44,1973-01-07,1973-12-09
1320223,2018-01-06,2018-01-27,44,44,44,44,1973-01-28,1974-01-06
1320223,2018-01-27,2018-02-03,44,44,44,44,1973-02-04,1974-01-27
1320223,2018-02-03,2018-02-24,44,44,44,44,1973-02-25,1974-02-03
1320223,2018-02-24,2018-03-10,44,44,44,44,1973-03-11,1974-02-24
1320223,2018-03-10,2018-03-31,44,44,44,44,1973-04-01,1974-03-10
1320223,2018-03-31,2018-05-05,44,44,44,44,1973-05-06,1974-03-31
1320223,2018-05-05,2018-05-26,44,44,44,44,1973-05-27,1974-05-05
1320223,2018-05-26,2018-06-02,44,44,44,44,1973-06-03,1974-05-26
1320223,2018-06-02,2018-06-09,44,44,44,44,1973-06-10,1974-06-02
1320223,2018-06-09,2018-06-16,44,44,44,44,1973-06-17,1974-06-09
1320223,2018-06-16,2018-06-23,44,44,44,44,1973-06-24,1974-06-16
1320223,2018-06-23,2018-06-30,44,44,44,44,1973-07-01,1974-06-23
1320223,2018-06-30,2018-07-07,44,44,44,44,1973-07-08,1974-06-30
1320223,2018-07-07,2018-07-14,44,44,44,44,1973-07-15,1974-07-07
1320223,2018-07-14,2018-07-21,44,44,44,44,1973-07-22,1974-07-14
1320223,2018-07-21,2018-07-28,44,44,44,44,1973-07-29,1974-07-21
1320223,2018-07-28,2018-09-22,44,44,45,45,1973-07-29,1973-09-22
1320223,2018-09-22,2018-09-29,45,45,45,45,1972-09-30,1973-09-22
1320223,2018-09-29,2018-10-06,45,45,45,45,1972-10-07,1973-09-29
1320223,2018-10-06,2018-10-13,45,45,45,45,1972-10-14,1973-10-06
1320223,2018-10-13,2018-11-03,45,45,45,45,1972-11-04,1973-10-13
1320223,2018-11-03,2018-11-17,45,45,45,45,1972-11-18,1973-11-03
1320223,2018-11-17,2018-11-24,45,45,45,45,1972-11-25,1973-11-17
1320223,2018-11-24,2018-12-08,45,45,45,45,1972-12-09,1973-11-24
1320223,2018-12-08,2018-12-15,45,45,45,45,1972-12-16,1973-12-08
1320223,2018-12-15,2018-12-22,45,45,45,45,1972-12-23,1973-12-15
1320223,2018-12-22,2019-01-01,45,45,45,45,1973-01-02,1973-12-22
1320223,2019-01-01,2019-01-12,45,45,45,45,1973-01-13,1974-01-01
1320223,2019-01-12,2019-01-19,45,45,45,45,1973-01-20,1974-01-12
1320223,2019-01-19,2019-01-26,45,45,45,45,1973-01-27,1974-01-19
1320223,2019-01-26,2019-02-09,45,45,45,45,1973-02-10,1974-01-26
1320223,2019-02-09,2019-02-23,45,45,45,45,1973-02-24,1974-02-09
1320223,2019-02-23,2019-04-20,45,45,45,45,1973-04-21,1974-02-23
1320223,2019-04-20,2019-07-13,45,45,45,45,1973-07-14,1974-04-20
1320223,2019-07-13,2019-09-07,45,45,46,46,1973-07-14,1973-09-07
1320223,2019-09-07,2019-10-05,46,46,46,46,1972-10-06,1973-09-07
1320223,2019-10-05,2019-10-12,46,46,46,46,1972-10-13,1973-10-05
1320223,2019-10-12,2019-11-23,46,46,46,46,1972-11-24,1973-10-12
1320223,2019-11-23,2019-12-14,46,46,46,46,1972-12-15,1973-11-23
1320223,2019-12-14,2021-07-24,46,46,47,47,1973-07-25,1973-12-14
1320223,2021-07-24,2021-07-31,47,47,48,48,1973-07-25,1973-07-31
1320223,2021-07-31,2021-08-07,48,48,48,48,1972-08-08,1973-07-31
1320223,2021-08-07,2021-09-04,48,48,48,48,1972-09-05,1973-08-07
1320223,2021-09-04,2021-09-11,48,48,48,48,1972-09-12,1973-09-04
1320223,2021-09-11,2021-09-25,48,48,48,48,1972-09-26,1973-09-11
1320223,2021-09-25,2022-01-08,48,48,48,48,1973-01-09,1973-09-25
1320223,2022-01-08,2022-02-12,48,48,48,48,1973-02-13,1974-01-08
1320223,2022-02-12,2022-02-26,48,48,48,48,1973-02-27,1974-02-12
1320223,2022-02-26,2022-03-26,48,48,45,45,1976-03-27,1974-02-26
1320223,2022-03-26,2022-04-30,45,45,48,48,1976-03-27,1974-04-30
1320223,2022-04-30,2022-05-28,48,48,48,48,1973-05-29,1974-04-30
1320223,2022-05-28,2022-06-04,48,48,48,48,1973-06-05,1974-05-28
1320223,2022-06-04,2022-10-08,48,48,49,49,1973-06-05,1973-10-08
1320223,2022-10-08,2022-10-15,49,49,49,49,1972-10-16,1973-10-08
1320223,2022-10-15,2022-11-12,49,49,49,49,1972-11-13,1973-10-15
1320223,2022-11-12,2022-12-03,49,49,49,49,1972-12-04,1973-11-12
1320223,2022-12-03,2022-12-31,49,49,49,49,1973-01-01,1973-12-03
1320223,2022-12-31,2023-01-07,49,49,49,49,1973-01-08,1973-12-31
1320223,2023-01-07,2023-02-11,49,49,49,49,1973-02-12,1974-01-07
1320223,2023-02-11,2023-05-20,49,49,49,49,1973-05-21,1974-02-11
1320223,2023-05-20,2023-05-27,49,49,49,49,1973-05-28,1974-05-20
1320223,2023-05-27,2023-07-15,49,49,49,49,1973-07-16,1974-05-27
1320223,2023-07-15,2023-09-02,49,49,50,50,1973-07-16,1973-09-02
1320223,2023-09-02,2023-11-11,50,50,50,50,1972-11-12,1973-09-02
1320223,2023-11-11,2024-01-27,50,50,50,50,1973-01-28,1973-11-11
1320223,2024-01-27,2024-04-20,50,50,50,50,1973-04-21,1974-01-27
1320223,2024-04-20,2024-06-08,50,50,50,50,1973-06-09,1974-04-20
1320223,2024-06-08,2024-06-15,50,50,50,50,1973-06-16,1974-06-08
1320223,2024-06-15,2024-06-22,50,50,50,50,1973-06-23,1974-06-15
1320223,2024-06-22,2024-07-06,50,50,50,50,1973-07-07,1974-06-22
1320223,2024-07-06,2024-07-20,50,50,50,50,1973-07-21,1974-07-06
1320223,2024-07-20,2024-07-27,50,50,50,50,1973-07-28,1974-07-20
1320223,2024-07-27,2024-08-10,50,50,51,51,1973-07-28,1973-08-10
1320223,2024-08-10,2024-09-21,51,51,51,51,1972-09-22,1973-08-10
1320223,2024-09-21,2024-09-28,51,51,51,51,1972-09-29,1973-09-21
1320223,2024-09-28,2024-10-19,51,51,51,51,1972-10-20,1973-09-28
1320223,2024-10-19,2024-10-26,51,51,51,51,1972-10-27,1973-10-19
1320223,2024-10-26,2025-01-04,51,51,51,51,1973-01-05,1973-10-26
1320223,2025-01-04,2025-02-08,51,51,51,51,1973-02-09,1974-01-04
1320223,2025-02-08,2025-03-22,51,51,51,51,1973-03-23,1974-02-08
1320223,2025-03-22,2025-03-29,51,51,51,51,1973-03-30,1974-03-22
1320223,2025-03-29,2025-04-12,51,51,51,51,1973-04-13,1974-03-29
1320223,2025-04-12,2025-05-03,51,51,51,51,1973-05-04,1974-04-12
1320223,2025-05-03,2025-06-21,51,51,51,51,1973-06-22,1974-05-03
1320223,2025-06-21,2025-07-05,51,51,51,51,1973-07-06,1974-06-21
1320223,2025-07-05,2025-07-19,51,51,51,51,1973-07-20,1974-07-05
1320223,2025-07-19,2025-07-26,51,51,51,51,1973-07-27,1974-07-19
1320223,2025-07-26,2025-08-16,51,51,52,52,1973-07-27,1973-08-16
1320223,2025-08-16,2025-09-20,52,52,52,52,1972-09-21,1973-08-16
1320223,2025-09-20,2025-09-27,52,52,52,52,1972-09-28,1973-09-20
134582,,2011-05-14,,,44,44,1966-05-15,1967-05-14
134582,2011-05-14,2011-05-21,44,44,44,44,1966-05-22,1967-05-14
134582,2011-05-21,2011-05-28,44,44,44,44,1966-05-29,1967-05-21
134582,2011-05-28,2011-06-04,44,44,44,44,1966-06-05,1967-05-28
134582,2011-06-04,2011-06-11,44,44,44,44,1966-06-12,1967-06-04
134582,2011-06-11,2011-07-02,44,44,43,43,1967-07-03,1967-06-11
134582,2011-07-02,2011-07-09,43,43,44,44,1967-07-03,1967-07-09
134582,2011-07-09,2011-08-06,44,44,44,44,1966-08-07,1967-07-09
134582,2011-08-06,2011-10-01,44,44,44,44,1966-10-02,1967-08-06
134582,2011-10-01,2011-10-08,44,44,44,44,1966-10-09,1967-10-01
134582,2011-10-08,2011-10-15,44,44,44,44,1966-10-16,1967-10-08
1348937,,2015-06-06,,,45,45,1969-06-07,1970-06-06
1348937,2015-06-06,2015-06-13,45,45,46,46,1969-06-07,1969-06-13
1348937,2015-06-13,2015-06-20,46,46,46,46,1968-06-21,1969-06-13
1348937,2015-06-20,2015-06-27,46,46,45,45,1969-06-28,1969-06-20
1348937,2015-06-27,2015-09-19,45,45,46,46,1969-06-28,1969-09-19
1348937,2015-09-19,2015-10-10,46,46,46,46,1968-10-11,1969-09-19
1348937,2015-10-10,2015-10-17,46,46,46,46,1968-10-18,1969-10-10
1348937,2015-10-17,2015-10-31,46,46,46,46,1968-11-01,1969-10-17
1348937,2015-10-31,2015-11-28,46,46,46,46,1968-11-29,1969-10-31
1348937,2015-11-28,2016-05-07,46,46,46,46,1969-05-08,1969-11-28
1348937,2016-05-07,2018-10-06,46,46,49,49,1969-05-08,1969-10-06
1348937,2018-10-06,2018-10-20,49,49,49,49,1968-10-21,1969-10-06
1348937,2018-10-20,2018-10-27,49,49,49,49,1968-10-28,1969-10-20
1348937,2018-10-27,2018-11-10,49,49,49,49,1968-11-11,1969-10-27
1348937,2018-11-10,2019-05-04,49,49,49,49,1969-05-05,1969-11-10
1348937,2019-05-04,2019-05-11,49,49,49,49,1969-05-12,1970-05-04
1348937,2019-05-11,2019-05-18,49,49,49,49,1969-05-19,1970-05-11
1348937,2019-05-18,2022-01-08,49,49,52,52,1969-05-19,1970-01-08
1348937,2022-01-08,2022-01-15,52,52,52,52,1969-01-16,1970-01-08
1348937,2022-01-15,2022-02-05,52,52,52,52,1969-02-06,1970-01-15
1348937,2022-02-05,2022-02-26,52,52,52,52,1969-02-27,1970-02-05
1348937,2022-02-26,2023-01-14,52,52,53,53,1969-02-27,1970-01-14
1348937,2023-01-14,2023-01-21,53,53,53,53,1969-01-22,1970-01-14
1348937,2023-01-21,2023-01-28,53,53,53,53,1969-01-29,1970-01-21
1348937,2023-01-28,2024-04-20,53,53,54,54,1969-04-21,1970-01-28
1348937,2024-04-20,2024-05-04,54,54,54,54,1969-05-05,1970-04-20
1348937,2024-05-04,2025-03-08,54,54,55,55,1969-05-05,1970-03-08
140267,,2011-04-30,,,42,42,1968-05-01,1969-04-30
140267,2011-04-30,2011-05-07,42,42,42,42,1968-05-08,1969-04-30
140267,2011-05-07,2011-05-28,42,42,42,42,1968-05-29,1969-05-07
140267,2011-05-28,2011-06-04,42,42,42,42,1968-06-05,1969-05-28
140267,2011-06-04,2011-06-11,42,42,42,42,1968-06-12,1969-06-04
140267,2011-06-11,2011-07-02,42,42,42,42,1968-07-03,1969-06-11
140267,2011-07-02,2011-07-09,42,42,42,42,1968-07-10,1969-07-02
140267,2011-07-09,2011-08-27,42,42,44,44,1968-07-10,1967-08-27
140267,2011-08-27,2011-09-03,44,44,44,44,1966-09-04,1967-08-27
140267,2011-09-03,2011-09-10,44,44,44,44,1966-09-11,1967-09-03
140267,2011-09-10,2011-10-08,44,44,44,44,1966-10-09,1967-09-10
140267,2011-10-08,2011-11-05,44,44,43,43,1967-11-06,1967-10-08
140267,2011-11-05,2011-11-12,43,43,43,43,1967-11-13,1968-11-05
140267,2011-11-12,2011-12-10,43,43,43,43,1967-12-11,1968-11-12
140267,2011-12-10,2011-12-24,43,43,43,43,1967-12-25,1968-12-10
140267,2011-12-24,2012-01-21,43,43,43,43,1968-01-22,1968-12-24
140267,2012-01-21,2012-02-11,43,43,43,43,1968-02-12,1969-01-21
140267,2012-02-11,2012-03-03,43,43,43,43,1968-03-04,1969-02-11
140267,2012-03-03,2012-03-10,43,43,43,43,1968-03-11,1969-03-03
140267,2012-03-10,2012-03-31,43,43,43,43,1968-04-01,1969-03-10
140267,2012-03-31,2012-04-14,43,43,43,43,1968-04-15,1969-03-31
140267,2012-04-14,2012-05-05,43,43,43,43,1968-05-06,1969-04-14
140267,2012-05-05,2012-05-19,43,43,43,43,1968-05-20,1969-05-05
140267,2012-05-19,2012-05-26,43,43,43,43,1968-05-27,1969-05-19
140267,2012-05-26,2012-06-02,43,43,43,43,1968-06-03,1969-05-26
140267,2012-06-02,2012-07-07,43,43,43,43,1968-07-08,1969-06-02
140267,2012-07-07,2012-09-29,43,43,44,44,1968-07-08,1968-09-29
140267,2012-09-29,2012-10-20,44,44,44,44,1967-10-21,1968-09-29
140267,2012-10-20,2012-11-03,44,44,44,44,1967-11-04,1968-10-20
140267,2012-11-03,2013-01-05,44,44,44,44,1968-01-06,1968-11-03
140267,2013-01-05,2013-01-12,44,44,44,44,1968-01-13,1969-01-05
140267,2013-01-12,2013-02-02,44,44,44,44,1968-02-03,1969-01-12
140267,2013-02-02,2013-02-09,44,44,44,44,1968-02-10,1969-02-02
140267,2013-02-09,2013-02-16,44,44,44,44,1968-02-17,1969-02-09
140267,2013-02-16,2013-03-02,44,44,44,44,1968-03-03,1969-02-16
140267,2013-03-02,2013-03-16,44,44,44,44,1968-03-17,1969-03-02
140267,2013-03-16,2013-03-30,44,44,44,44,1968-03-31,1969-03-16
140267,2013-03-30,2013-04-13,44,44,44,44,1968-04-14,1969-03-30
140267,2013-04-13,2013-04-27,44,44,44,44,1968-04-28,1969-04-13
140267,2013-04-27,2013-05-04,44,44,44,44,1968-05-05,1969-04-27
140267,2013-05-04,2013-05-18,44,44,44,44,1968-05-19,1969-05-04
140267,2013-05-18,2013-05-25,44,44,44,44,1968-05-26,1969-05-18
140267,2013-05-25,2013-06-08,44,44,44,44,1968-06-09,1969-05-25
140267,2013-06-08,2013-06-15,44,44,44,44,1968-06-16,1969-06-08
140267,2013-06-15,2013-07-13,44,44,44,44,1968-07-14,1969-06-15
140267,2013-07-13,2013-07-20,44,44,44,44,1968-07-21,1969-07-13
140267,2013-07-20,2013-08-03,44,44,45,45,1968-07-21,1968-08-03
140267,2013-08-03,2013-08-24,45,45,45,45,1967-08-25,1968-08-03
140267,2013-08-24,2013-09-21,45,45,45,45,1967-09-22,1968-08-24
140267,2013-09-21,2013-09-28,45,45,45,45,1967-09-29,1968-09-21
140267,2013-09-28,2013-10-12,45,45,45,45,1967-10-13,1968-09-28
140267,2013-10-12,2013-10-19,45,45,45,45,1967-10-20,1968-10-12
140267,2013-10-19,2013-11-16,45,45,45,45,1967-11-17,1968-10-19
140267,2013-11-16,2013-11-23,45,45,45,45,1967-11-24,1968-11-16
140267,2013-11-23,2013-11-30,45,45,45,45,1967-12-01,1968-11-23
140267,2013-11-30,2013-12-07,45,45,45,45,1967-12-08,1968-11-30
140267,2013-12-07,2013-12-14,45,45,45,45,1967-12-15,1968-12-07
140267,2013-12-14,2013-12-21,45,45,45,45,1967-12-22,1968-12-14
140267,2013-12-21,2013-12-28,45,45,45,45,1967-12-29,1968-12-21
140267,2013-12-28,2014-01-01,45,45,45,45,1968-01-02,1968-12-28
140267,2014-01-01,2014-01-01,45,45,45,45,1968-01-02,1969-01-01
140267,2014-01-01,2014-01-18,45,45,45,45,1968-01-19,1969-01-01
140267,2014-01-18,2014-01-25,45,45,45,45,1968-01-26,1969-01-18
140267,2014-01-25,2014-02-15,45,45,45,45,1968-02-16,1969-01-25
140267,2014-02-15,2014-03-01,45,45,45,45,1968-03-02,1969-02-15
140267,2014-03-01,2014-03-29,45,45,45,45,1968-03-30,1969-03-01
140267,2014-03-29,2014-04-05,45,45,45,45,1968-04-06,1969-03-29
140267,2014-04-05,2014-04-12,45,45,45,45,1968-04-13,1969-04-05
140267,2014-04-12,2014-04-19,45,45,45,45,1968-04-20,1969-04-12
140267,2014-04-19,2014-04-26,45,45,45,45,1968-04-27,1969-04-19
140267,2014-04-26,2014-05-24,45,45,45,45,1968-05-25,1969-04-26
140267,2014-05-24,2014-05-31,45,45,45,45,1968-06-01,1969-05-24
140267,2014-05-31,2014-06-07,45,45,45,45,1968-06-08,1969-05-31
140267,2014-06-07,2014-06-14,45,45,45,45,1968-06-15,1969-06-07
140267,2014-06-14,2014-06-21,45,45,45,45,1968-06-22,1969-06-14
140267,2014-06-21,2014-06-28,45,45,45,45,1968-06-29,1969-06-21
140267,2014-06-28,2014-07-12,45,45,45,45,1968-07-13,1969-06-28
140267,2014-07-12,2014-07-19,45,45,45,45,1968-07-20,1969-07-12
140267,2014-07-19,2014-08-23,45,45,46,46,1968-07-20,1968-08-23
140267,2014-08-23,2014-09-06,46,46,46,46,1967-09-07,1968-08-23
140267,2014-09-06,2014-09-13,46,46,46,46,1967-09-14,1968-09-06
140267,2014-09-13,2014-09-20,46,46,46,46,1967-09-21,1968-09-13
140267,2014-09-20,2014-09-27,46,46,46,46,1967-09-28,1968-09-20
140267,2014-09-27,2014-10-04,46,46,46,46,1967-10-05,1968-09-27
140267,2014-10-04,2014-10-11,46,46,46,46,1967-10-12,1968-10-04
140267,2014-10-11,2014-11-08,46,46,46,46,1967-11-09,1968-10-11
140267,2014-11-08,2014-11-15,46,46,46,46,1967-11-16,1968-11-08
140267,2014-11-15,2014-11-22,46,46,46,46,1967-11-23,1968-11-15
140267,2014-11-22,2014-11-29,46,46,46,46,1967-11-30,1968-11-22
140267,2014-11-29,2014-12-06,46,46,46,46,1967-12-07,1968-11-29
140267,2014-12-06,2014-12-20,46,46,46,46,1967-12-21,1968-12-06
140267,2014-12-20,2014-12-27,46,46,46,46,1967-12-28,1968-12-20
140267,2014-12-27,2015-01-01,46,46,46,46,1968-01-02,1968-12-27
140267,2015-01-01,2015-01-03,46,46,46,46,1968-01-04,1969-01-01
140267,2015-01-03,2015-01-31,46,46,46,46,1968-02-01,1969-01-03
140267,2015-01-31,2015-02-07,46,46,46,46,1968-02-08,1969-01-31
140267,2015-02-07,2015-02-14,46,46,46,46,1968-02-15,1969-02-07
140267,2015-02-14,2015-02-21,46,46,46,46,1968-02-22,1969-02-14
140267,2015-02-21,2015-03-21,46,46,46,46,1968-03-22,1969-02-21
140267,2015-03-21,2015-03-28,46,46,46,46,1968-03-29,1969-03-21
140267,2015-03-28,2015-04-04,46,46,46,46,1968-04-05,1969-03-28
140267,2015-04-04,2015-04-18,46,46,46,46,1968-04-19,1969-04-04
140267,2015-04-18,2015-04-25,46,46,46,46,1968-04-26,1969-04-18
140267,2015-04-25,2015-05-02,46,46,46,46,1968-05-03,1969-04-25
140267,2015-05-02,2015-05-23,46,46,46,46,1968-05-24,1969-05-02
140267,2015-05-23,2015-05-30,46,46,46,46,1968-05-31,1969-05-23
140267,2015-05-30,2015-06-06,46,46,46,46,1968-06-07,1969-05-30
140267,2015-06-06,2015-06-13,46,46,46,46,1968-06-14,1969-06-06
140267,2015-06-13,2015-08-08,46,46,47,47,1968-06-14,1968-08-08
140267,2015-08-08,2015-08-29,47,47,47,47,1967-08-30,1968-08-08
140267,2015-08-29,2015-10-31,47,47,47,47,1967-11-01,1968-08-29
140267,2015-10-31,2015-11-14,47,47,47,47,1967-11-15,1968-10-31
140267,2015-11-14,2015-11-21,47,47,47,47,1967-11-22,1968-11-14
140267,2015-11-21,2015-11-28,47,47,47,47,1967-11-29,1968-11-21
140267,2015-11-28,2015-12-05,47,47,47,47,1967-12-06,1968-11-28
140267,2015-12-05,2015-12-12,47,47,47,47,1967-12-13,1968-12-05
140267,2015-12-12,2015-12-19,47,47,47,47,1967-12-20,1968-12-12
140267,2015-12-19,2015-12-26,47,47,47,47,1967-12-27,1968-12-19
140267,2015-12-26,2016-01-01,47,47,47,47,1968-01-02,1968-12-26
140267,2016-01-01,2016-01-02,47,47,47,47,1968-01-03,1969-01-01
140267,2016-01-02,2016-01-09,47,47,47,47,1968-01-10,1969-01-02
140267,2016-01-09,2016-01-16,47,47,47,47,1968-01-17,1969-01-09
140267,2016-01-16,2016-01-23,47,47,47,47,1968-01-24,1969-01-16
140267,2016-01-23,2016-01-30,47,47,47,47,1968-01-31,1969-01-23
140267,2016-01-30,2016-03-12,47,47,47,47,1968-03-13,1969-01-30
140267,2016-03-12,2016-04-09,47,47,47,47,1968-04-10,1969-03-12
140267,2016-04-09,2016-04-23,47,47,47,47,1968-04-24,1969-04-09
140267,2016-04-23,2016-05-14,47,47,47,47,1968-05-15,1969-04-23
140267,2016-05-14,2016-05-21,47,47,47,47,1968-05-22,1969-05-14
140267,2016-05-21,2016-07-16,47,47,47,47,1968-07-17,1969-05-21
140267,2016-07-16,2016-09-10,47,47,48,48,1968-07-17,1968-09-10
140267,2016-09-10,2016-10-01,48,48,48,48,1967-10-02,1968-09-10
140267,2016-10-01,2016-10-08,48,48,48,48,1967-10-09,1968-10-01
140267,2016-10-08,2016-12-03,48,48,48,48,1967-12-04,1968-10-08
140267,2016-12-03,2016-12-10,48,48,48,48,1967-12-11,1968-12-03
140267,2016-12-10,2016-12-31,48,48,48,48,1968-01-01,1968-12-10
140267,2016-12-31,2017-01-28,48,48,48,48,1968-01-29,1968-12-31
140267,2017-01-28,2017-02-18,48,48,48,48,1968-02-19,1969-01-28
140267,2017-02-18,2017-02-25,48,48,48,48,1968-02-26,1969-02-18
140267,2017-02-25,2017-03-04,48,48,48,48,1968-03-05,1969-02-25
140267,2017-03-04,2017-03-18,48,48,48,48,1968-03-19,1969-03-04
140267,2017-03-18,2017-03-25,48,48,48,48,1968-03-26,1969-03-18
140267,2017-03-25,2017-04-22,48,48,48,48,1968-04-23,1969-03-25
140267,2017-04-22,2017-05-06,48,48,48,48,1968-05-07,1969-04-22
140267,2017-05-06,2017-05-13,48,48,48,48,1968-05-14,1969-05-06
140267,2017-05-13,2017-07-08,48,48,48,48,1968-07-09,1969-05-13
140267,2017-07-08,2017-08-26,48,48,49,49,1968-07-09,1968-08-26
140267,2017-08-26,2017-09-09,49,49,49,49,1967-09-10,1968-08-26
140267,2017-09-09,2017-09-23,49,49,49,49,1967-09-24,1968-09-09
140267,2017-09-23,2017-10-21,49,49,49,49,1967-10-22,1968-09-23
140267,2017-10-21,2017-10-28,49,49,49,49,1967-10-29,1968-10-21
140267,2017-10-28,2017-11-04,49,49,49,49,1967-11-05,1968-10-28
140267,2017-11-04,2017-11-11,49,49,49,49,1967-11-12,1968-11-04
140267,2017-11-11,2017-11-18,49,49,49,49,1967-11-19,1968-11-11
140267,2017-11-18,2017-12-09,49,49,49,49,1967-12-10,1968-11-18
140267,2017-12-09,2017-12-23,49,49,49,49,1967-12-24,1968-12-09
140267,2017-12-23,2017-12-30,49,49,49,49,1967-12-31,1968-12-23
140267,2017-12-30,2018-01-01,49,49,49,49,1968-01-02,1968-12-30
140267,2018-01-01,2018-01-13,49,49,49,49,1968-01-14,1969-01-01
140267,2018-01-13,2018-01-20,49,49,49,49,1968-01-21,1969-01-13
140267,2018-01-20,2018-01-27,49,49,49,49,1968-01-28,1969-01-20
140267,2018-01-27,2018-02-10,49,49,49,49,1968-02-11,1969-01-27
140267,2018-02-10,2018-02-17,49,49,49,49,1968-02-18,1969-02-10
140267,2018-02-17,2018-02-24,49,49,49,49,1968-02-25,1969-02-17
140267,2018-02-24,2018-03-31,49,49,49,49,1968-04-01,1969-02-24
140267,2018-03-31,2018-04-07,49,49,49,49,1968-04-08,1969-03-31
140267,2018-04-07,2018-04-14,49,49,49,49,1968-04-15,1969-04-07
140267,2018-04-14,2018-06-09,49,49,49,49,1968-06-10,1969-04-14
140267,2018-06-09,2018-06-23,49,49,49,49,1968-06-24,1969-06-09
140267,2018-06-23,2018-06-30,49,49,49,49,1968-07-01,1969-06-23
140267,2018-06-30,2018-07-07,49,49,49,49,1968-07-08,1969-06-30
140267,2018-07-07,2018-07-14,49,49,49,49,1968-07-15,1969-07-07
140267,2018-07-14,2018-07-28,49,49,50,50,1968-07-15,1968-07-28
140267,2018-07-28,2018-08-11,50,50,50,50,1967-08-12,1968-07-28
140267,2018-08-11,2018-08-25,50,50,50,50,1967-08-26,1968-08-11
140267,2018-08-25,2018-09-01,50,50,50,50,1967-09-02,1968-08-25
140267,2018-09-01,2018-09-08,50,50,50,50,1967-09-09,1968-09-01
140267,2018-09-08,2018-10-06,50,50,50,50,1967-10-07,1968-09-08
140267,2018-10-06,2018-10-13,50,50,50,50,1967-10-14,1968-10-06
140267,2018-10-13,2018-10-20,50,50,50,50,1967-10-21,1968-10-13
140267,2018-10-20,2018-10-27,50,50,50,50,1967-10-28,1968-10-20
140267,2018-10-27,2018-11-03,50,50,50,50,1967-11-04,1968-10-27
140267,2018-11-03,2018-11-10,50,50,50,50,1967-11-11,1968-11-03
140267,2018-11-10,2018-11-17,50,50,50,50,1967-11-18,1968-11-10
140267,2018-11-17,2018-12-01,50,50,50,50,1967-12-02,1968-11-17
140267,2018-12-01,2018-12-15,50,50,50,50,1967-12-16,1968-12-01
140267,2018-12-15,2018-12-22,50,50,50,50,1967-12-23,1968-12-15
140267,2018-12-22,2018-12-29,50,50,50,50,1967-12-30,1968-12-22
140267,2018-12-29,2019-01-01,50,50,50,50,1968-01-02,1968-12-29
140267,2019-01-01,2019-01-05,50,50,50,50,1968-01-06,1969-01-01
140267,2019-01-05,2019-01-12,50,50,50,50,1968-01-13,1969-01-05
140267,2019-01-12,2019-01-19,50,50,50,50,1968-01-20,1969-01-12
140267,2019-01-19,2019-01-26,50,50,50,50,1968-01-27,1969-01-19
140267,2019-01-26,2019-03-09,50,50,50,50,1968-03-10,1969-01-26
140267,2019-03-09,2019-03-16,50,50,50,50,1968-03-17,1969-03-09
140267,2019-03-16,2019-03-23,50,50,50,50,1968-03-24,1969-03-16
140267,2019-03-23,2019-03-30,50,50,50,50,1968-03-31,1969-03-23
140267,2019-03-30,2019-04-06,50,50,50,50,1968-04-07,1969-03-30
140267,2019-04-06,2019-04-13,50,50,50,50,1968-04-14,1969-04-06
140267,2019-04-13,2019-04-20,50,50,50,50,1968-04-21,1969-04-13
140267,2019-04-20,2019-06-08,50,50,50,50,1968-06-09,1969-04-20
140267,2019-06-08,2019-08-03,50,50,51,51,1968-06-09,1968-08-03
140267,2019-08-03,2019-08-10,51,51,51,51,1967-08-11,1968-08-03
140267,2019-08-10,2019-08-17,51,51,51,51,1967-08-18,1968-08-10
140267,2019-08-17,2019-08-24,51,51,51,51,1967-08-25,1968-08-17
140267,2019-08-24,2019-09-14,51,51,51,51,1967-09-15,1968-08-24
140267,2019-09-14,2019-09-28,51,51,51,51,1967-09-29,1968-09-14
140267,2019-09-28,2019-10-05,51,51,51,51,1967-10-06,1968-09-28
140267,2019-10-05,2019-10-19,51,51,51,51,1967-10-20,1968-10-05
140267,2019-10-19,2019-10-26,51,51,51,51,1967-10-27,1968-10-19
140267,2019-10-26,2019-11-09,51,51,51,51,1967-11-10,1968-10-26
140267,2019-11-09,2019-11-16,51,51,51,51,1967-11-17,1968-11-09
140267,2019-11-16,2019-11-30,51,51,51,51,1967-12-01,1968-11-16
140267,2019-11-30,2019-12-07,51,51,51,51,1967-12-08,1968-11-30
140267,2019-12-07,2019-12-28,51,51,51,51,1967-12-29,1968-12-07
140267,2019-12-28,2020-01-01,51,51,51,51,1968-01-02,1968-12-28
140267,2020-01-01,2020-01-04,51,51,51,51,1968-01-05,1969-01-01
140267,2020-01-04,2020-01-11,51,51,51,51,1968-01-12,1969-01-04
140267,2020-01-11,2020-01-18,51,51,51,51,1968-01-19,1969-01-11
140267,2020-01-18,2020-01-25,51,51,51,51,1968-01-26,1969-01-18
140267,2020-01-25,2020-02-01,51,51,51,51,1968-02-02,1969-01-25
140267,2020-02-01,2020-02-08,51,51,51,51,1968-02-09,1969-02-01
140267,2020-02-08,2020-02-15,51,51,51,51,1968-02-16,1969-02-08
140267,2020-02-15,2020-02-22,51,51,51,51,1968-02-23,1969-02-15
140267,2020-02-22,2020-02-29,51,51,51,51,1968-03-01,1969-02-22
140267,2020-02-29,2020-03-07,51,51,51,51,1968-03-08,1969-03-01
140267,2020-03-07,2021-07-31,51,51,53,53,1968-03-08,1968-07-31
140267,2021-07-31,2021-08-07,53,53,53,53,1967-08-08,1968-07-31
140267,2021-08-07,2021-08-14,53,53,53,53,1967-08-15,1968-08-07
140267,2021-08-14,2021-08-21,53,53,53,53,1967-08-22,1968-08-14
140267,2021-08-21,2021-08-28,53,53,53,53,1967-08-29,1968-08-21
140267,2021-08-28,2021-09-11,53,53,53,53,1967-09-12,1968-08-28
140267,2021-09-11,2021-11-06,53,53,53,53,1967-11-07,1968-09-11
140267,2021-11-06,2021-11-13,53,53,53,53,1967-11-14,1968-11-06
140267,2021-11-13,2021-11-20,53,53,53,53,1967-11-21,1968-11-13
140267,2021-11-20,2021-12-11,53,53,53,53,1967-12-12,1968-11-20
140267,2021-12-11,2022-01-08,53,53,53,53,1968-01-09,1968-12-11
140267,2022-01-08,2022-01-15,53,53,53,53,1968-01-16,1969-01-08
140267,2022-01-15,2022-01-22,53,53,53,53,1968-01-23,1969-01-15
140267,2022-01-22,2022-01-29,53,53,53,53,1968-01-30,1969-01-22
140267,2022-01-29,2022-02-12,53,53,53,53,1968-02-13,1969-01-29
140267,2022-02-12,2022-04-16,53,53,53,53,1968-04-17,1969-02-12
140267,2022-04-16,2022-04-23,53,53,53,53,1968-04-24,1969-04-16
140267,2022-04-23,2022-04-30,53,53,53,53,1968-05-01,1969-04-23
140267,2022-04-30,2022-06-11,53,53,53,53,1968-06-12,1969-04-30
140267,2022-06-11,2022-06-18,53,53,53,53,1968-06-19,1969-06-11
140267,2022-06-18,2022-08-06,53,53,54,54,1968-06-19,1968-08-06
140267,2022-08-06,2022-10-15,54,54,54,54,1967-10-16,1968-08-06
140267,2022-10-15,2022-10-22,54,54,54,54,1967-10-23,1968-10-15
140267,2022-10-22,2022-11-19,54,54,54,54,1967-11-20,1968-10-22
140267,2022-11-19,2022-11-26,54,54,54,54,1967-11-27,1968-11-19
140267,2022-11-26,2022-12-03,54,54,54,54,1967-12-04,1968-11-26
140267,2022-12-03,2022-12-31,54,54,54,54,1968-01-01,1968-12-03
140267,2022-12-31,2023-01-14,54,54,54,54,1968-01-15,1968-12-31
140267,2023-01-14,2023-02-04,54,54,54,54,1968-02-05,1969-01-14
140267,2023-02-04,2023-05-20,54,54,54,54,1968-05-21,1969-02-04
140267,2023-05-20,2023-06-03,54,54,54,54,1968-06-04,1969-05-20
140267,2023-06-03,2023-06-17,54,54,54,54,1968-06-18,1969-06-03
140267,2023-06-17,2023-07-01,54,54,54,54,1968-07-02,1969-06-17
140267,2023-07-01,2023-07-08,54,54,54,54,1968-07-09,1969-07-01
140267,2023-07-08,2023-07-22,54,54,55,55,1968-07-09,1968-07-22
140267,2023-07-22,2023-08-12,55,55,55,55,1967-08-13,1968-07-22
140267,2023-08-12,2023-08-26,55,55,55,55,1967-08-27,1968-08-12
140267,2023-08-26,2023-09-02,55,55,55,55,1967-09-03,1968-08-26
140267,2023-09-02,2023-09-23,55,55,55,55,1967-09-24,1968-09-02
140267,2023-09-23,2023-09-30,55,55,55,55,1967-10-01,1968-09-23
140267,2023-09-30,2023-10-07,55,55,55,55,1967-10-08,1968-09-30
140267,2023-10-07,2023-10-14,55,55,55,55,1967-10-15,1968-10-07
140267,2023-10-14,2023-10-28,55,55,55,55,1967-10-29,1968-10-14
140267,2023-10-28,2024-05-04,55,55,55,55,1968-05-05,1968-10-28
140267,2024-05-04,2025-08-02,55,55,57,57,1968-05-05,1968-08-02
140267,2025-08-02,2025-10-25,57,57,57,57,1967-10-26,1968-08-02
140578,,2011-07-23,,,49,49,1961-07-24,1962-07-23
140578,2011-07-23,2011-07-30,49,49,48,48,1962-07-31,1962-07-23
140578,2011-07-30,2011-08-20,48,48,49,49,1962-07-31,1962-08-20
140578,2011-08-20,2011-08-27,49,49,49,49,1961-08-28,1962-08-20
140578,2011-08-27,2011-09-03,49,49,49,49,1961-09-04,1962-08-27
140578,2011-09-03,2011-09-17,49,49,48,48,1962-09-18,1962-09-03
140578,2011-09-17,2011-10-08,48,48,49,49,1962-09-18,1962-10-08
140578,2011-10-08,2011-10-15,49,49,49,49,1961-10-16,1962-10-08
140578,2011-10-15,2011-10-29,49,49,48,48,1962-10-30,1962-10-15
140578,2011-10-29,2011-11-05,48,48,48,48,1962-11-06,1963-10-29
140578,2011-11-05,2011-11-19,48,48,48,48,1962-11-20,1963-11-05
140578,2011-11-19,2011-11-26,48,48,48,48,1962-11-27,1963-11-19
140578,2011-11-26,2011-12-10,48,48,48,48,1962-12-11,1963-11-26
140578,2011-12-10,2011-12-17,48,48,48,48,1962-12-18,1963-12-10
140578,2011-12-17,2011-12-24,48,48,48,48,1962-12-25,1963-12-17
140578,2011-12-24,2011-12-31,48,48,48,48,1963-01-01,1963-12-24
140578,2011-12-31,2012-01-07,48,48,48,48,1963-01-08,1963-12-31
140578,2012-01-07,2012-01-21,48,48,48,48,1963-01-22,1964-01-07
140578,2012-01-21,2012-01-28,48,48,48,48,1963-01-29,1964-01-21
140578,2012-01-28,2012-02-04,48,48,48,48,1963-02-05,1964-01-28
140578,2012-02-04,2012-02-11,48,48,48,48,1963-02-12,1964-02-04
140578,2012-02-11,2012-02-25,48,48,48,48,1963-02-26,1964-02-11
140578,2012-02-25,2012-03-03,48,48,48,48,1963-03-04,1964-02-25
140578,2012-03-03,2012-03-10,48,48,48,48,1963-03-11,1964-03-03
140578,2012-03-10,2012-03-17,48,48,48,48,1963-03-18,1964-03-10
140578,2012-03-17,2012-03-24,48,48,48,48,1963-03-25,1964-03-17
140578,2012-03-24,2012-03-31,48,48,48,48,1963-04-01,1964-03-24
140578,2012-03-31,2012-04-07,48,48,48,48,1963-04-08,1964-03-31
140578,2012-04-07,2012-04-21,48,48,48,48,1963-04-22,1964-04-07
140578,2012-04-21,2012-04-28,48,48,48,48,1963-04-29,1964-04-21
140578,2012-04-28,2012-05-12,48,48,48,48,1963-05-13,1964-04-28
140578,2012-05-12,2012-05-19,48,48,49,49,1963-05-13,1963-05-19
140578,2012-05-19,2012-05-26,49,49,49,49,1962-05-27,1963-05-19
140578,2012-05-26,2012-06-02,49,49,49,49,1962-06-03,1963-05-26
140578,2012-06-02,2012-06-23,49,49,49,49,1962-06-24,1963-06-02
140578,2012-06-23,2012-07-07,49,49,49,49,1962-07-08,1963-06-23
140578,2012-07-07,2012-07-21,49,49,49,49,1962-07-22,1963-07-07
140578,2012-07-21,2012-07-28,49,49,49,49,1962-07-29,1963-07-21
140578,2012-07-28,2012-08-11,49,49,49,49,1962-08-12,1963-07-28
140578,2012-08-11,2012-08-25,49,49,49,49,1962-08-26,1963-08-11
140578,2012-08-25,2012-09-01,49,49,49,49,1962-09-02,1963-08-25
140578,2012-09-01,2012-09-08,49,49,49,49,1962-09-09,1963-09-01
140578,2012-09-08,2012-09-22,49,49,49,49,1962-09-23,1963-09-08
140578,2012-09-22,2012-09-29,49,49,49,49,1962-09-30,1963-09-22
140578,2012-09-29,2012-10-13,49,49,49,49,1962-10-14,1963-09-29
140578,2012-10-13,2012-10-20,49,49,49,49,1962-10-21,1963-10-13
140578,2012-10-20,2012-10-27,49,49,49,49,1962-10-28,1963-10-20
140578,2012-10-27,2012-11-03,49,49,49,49,1962-11-04,1963-10-27
140578,2012-11-03,2012-11-24,49,49,49,49,1962-11-25,1963-11-03
140578,2012-11-24,2012-12-01,49,49,49,49,1962-12-02,1963-11-24
140578,2012-12-01,2012-12-08,49,49,49,49,1962-12-09,1963-12-01
140578,2012-12-08,2012-12-22,49,49,49,49,1962-12-23,1963-12-08
140578,2012-12-22,2012-12-29,49,49,49,49,1962-12-30,1963-12-22
140578,2012-12-29,2013-01-01,49,49,49,49,1963-01-02,1963-12-29
140578,2013-01-01,2013-01-05,49,49,49,49,1963-01-06,1964-01-01
140578,2013-01-05,2013-01-12,49,49,49,49,1963-01-13,1964-01-05
140578,2013-01-12,2013-01-26,49,49,49,49,1963-01-27,1964-01-12
140578,2013-01-26,2013-02-09,49,49,49,49,1963-02-10,1964-01-26
140578,2013-02-09,2013-02-16,49,49,49,49,1963-02-17,1964-02-09
140578,2013-02-16,2013-02-23,49,49,49,49,1963-02-24,1964-02-16
140578,2013-02-23,2013-03-23,49,49,49,49,1963-03-24,1964-02-23
140578,2013-03-23,2013-03-30,49,49,49,49,1963-03-31,1964-03-23
140578,2013-03-30,2013-04-13,49,49,49,49,1963-04-14,1964-03-30
140578,2013-04-13,2013-04-20,49,49,49,49,1963-04-21,1964-04-13
140578,2013-04-20,2013-05-04,49,49,49,49,1963-05-05,1964-04-20
140578,2013-05-04,2013-05-11,49,49,49,49,1963-05-12,1964-05-04
140578,2013-05-11,2013-05-18,49,49,49,49,1963-05-19,1964-05-11
140578,2013-05-18,2013-05-25,49,49,50,50,1963-05-19,1963-05-25
140578,2013-05-25,2013-06-08,50,50,50,50,1962-06-09,1963-05-25
140578,2013-06-08,2013-06-15,50,50,50,50,1962-06-16,1963-06-08
140578,2013-06-15,2013-06-22,50,50,50,50,1962-06-23,1963-06-15
140578,2013-06-22,2013-07-06,50,50,50,50,1962-07-07,1963-06-22
140578,2013-07-06,2013-07-13,50,50,50,50,1962-07-14,1963-07-06
140578,2013-07-13,2013-07-20,50,50,50,50,1962-07-21,1963-07-13
140578,2013-07-20,2013-07-27,50,50,50,50,1962-07-28,1963-07-20
140578,2013-07-27,2013-08-03,50,50,50,50,1962-08-04,1963-07-27
140578,2013-08-03,2013-08-10,50,50,50,50,1962-08-11,1963-08-03
140578,2013-08-10,2013-08-17,50,50,50,50,1962-08-18,1963-08-10
140578,2013-08-17,2013-08-24,50,50,50,50,1962-08-25,1963-08-17
140578,2013-08-24,2013-08-31,50,50,50,50,1962-09-01,1963-08-24
140578,2013-08-31,2013-09-07,50,50,50,50,1962-09-08,1963-08-31
140578,2013-09-07,2013-09-14,50,50,50,50,1962-09-15,1963-09-07
140578,2013-09-14,2013-09-21,50,50,50,50,1962-09-22,1963-09-14
140578,2013-09-21,2013-09-28,50,50,50,50,1962-09-29,1963-09-21
140578,2013-09-28,2013-10-12,50,50,50,50,1962-10-13,1963-09-28
140578,2013-10-12,2013-10-19,50,50,50,50,1962-10-20,1963-10-12
140578,2013-10-19,2013-10-26,50,50,50,50,1962-10-27,1963-10-19
140578,2013-10-26,2013-11-16,50,50,50,50,1962-11-17,1963-10-26
140578,2013-11-16,2013-11-30,50,50,50,50,1962-12-01,1963-11-16
140578,2013-11-30,2013-12-07,50,50,50,50,1962-12-08,1963-11-30
140578,2013-12-07,2013-12-14,50,50,50,50,1962-12-15,1963-12-07
140578,2013-12-14,2013-12-28,50,50,50,50,1962-12-29,1963-12-14
140578,2013-12-28,2014-01-01,50,50,50,50,1963-01-02,1963-12-28
140578,2014-01-01,2014-01-04,50,50,50,50,1963-01-05,1964-01-01
140578,2014-01-04,2014-01-11,50,50,50,50,1963-01-12,1964-01-04
140578,2014-01-11,2014-01-25,50,50,50,50,1963-01-26,1964-01-11
140578,2014-01-25,2014-02-01,50,50,50,50,1963-02-02,1964-01-25
140578,2014-02-01,2014-02-08,50,50,50,50,1963-02-09,1964-02-01
140578,2014-02-08,2014-02-15,50,50,50,50,1963-02-16,1964-02-08
140578,2014-02-15,2014-03-01,50,50,50,50,1963-03-02,1964-02-15
140578,2014-03-01,2014-03-08,50,50,50,50,1963-03-09,1964-03-01
140578,2014-03-08,2014-03-15,50,50,50,50,1963-03-16,1964-03-08
140578,2014-03-15,2014-03-29,50,50,50,50,1963-03-30,1964-03-15
140578,2014-03-29,2014-04-05,50,50,50,50,1963-04-06,1964-03-29
140578,2014-04-05,2014-04-19,50,50,50,50,1963-04-20,1964-04-05
140578,2014-04-19,2014-04-26,50,50,50,50,1963-04-27,1964-04-19
140578,2014-04-26,2014-05-03,50,50,50,50,1963-05-04,1964-04-26
140578,2014-05-03,2014-05-10,50,50,50,50,1963-05-11,1964-05-03
140578,2014-05-10,2014-05-17,50,50,50,50,1963-05-18,1964-05-10
140578,2014-05-17,2014-05-24,50,50,51,51,1963-05-18,1963-05-24
140578,2014-05-24,2014-06-07,51,51,51,51,1962-06-08,1963-05-24
140578,2014-06-07,2014-06-14,51,51,51,51,1962-06-15,1963-06-07
140578,2014-06-14,2014-06-28,51,51,51,51,1962-06-29,1963-06-14
140578,2014-06-28,2014-07-05,51,51,51,51,1962-07-06,1963-06-28
140578,2014-07-05,2014-07-19,51,51,51,51,1962-07-20,1963-07-05
140578,2014-07-19,2014-07-26,51,51,51,51,1962-07-27,1963-07-19
140578,2014-07-26,2014-08-02,51,51,51,51,1962-08-03,1963-07-26
140578,2014-08-02,2014-08-09,51,51,51,51,1962-08-10,1963-08-02
140578,2014-08-09,2014-08-23,51,51,51,51,1962-08-24,1963-08-09
140578,2014-08-23,2014-08-30,51,51,51,51,1962-08-31,1963-08-23
140578,2014-08-30,2014-09-06,51,51,51,51,1962-09-07,1963-08-30
140578,2014-09-06,2014-09-20,51,51,51,51,1962-09-21,1963-09-06
140578,2014-09-20,2014-09-27,51,51,51,51,1962-09-28,1963-09-20
140578,2014-09-27,2014-10-04,51,51,51,51,1962-10-05,1963-09-27
140578,2014-10-04,2014-10-18,51,51,51,51,1962-10-19,1963-10-04
140578,2014-10-18,2014-10-25,51,51,51,51,1962-10-26,1963-10-18
140578,2014-10-25,2014-11-08,51,51,51,51,1962-11-09,1963-10-25
140578,2014-11-08,2014-12-06,51,51,51,51,1962-12-07,1963-11-08
140578,2014-12-06,2014-12-13,51,51,51,51,1962-12-14,1963-12-06
140578,2014-12-13,2014-12-20,51,51,51,51,1962-12-21,1963-12-13
140578,2014-12-20,2014-12-27,51,51,51,51,1962-12-28,1963-12-20
140578,2014-12-27,2015-01-01,51,51,51,51,1963-01-02,1963-12-27
140578,2015-01-01,2015-01-03,51,51,51,51,1963-01-04,1964-01-01
140578,2015-01-03,2015-01-10,51,51,51,51,1963-01-11,1964-01-03
140578,2015-01-10,2015-01-24,51,51,51,51,1963-01-25,1964-01-10
140578,2015-01-24,2015-01-31,51,51,51,51,1963-02-01,1964-01-24
140578,2015-01-31,2015-02-07,51,51,51,51,1963-02-08,1964-01-31
140578,2015-02-07,2015-02-14,51,51,51,51,1963-02-15,1964-02-07
140578,2015-02-14,2015-02-28,51,51,51,51,1963-03-01,1964-02-14
140578,2015-02-28,2015-03-14,51,51,51,51,1963-03-15,1964-02-28
140578,2015-03-14,2015-03-21,51,51,51,51,1963-03-22,1964-03-14
140578,2015-03-21,2015-03-28,51,51,51,51,1963-03-29,1964-03-21
140578,2015-03-28,2015-04-04,51,51,51,51,1963-04-05,1964-03-28
140578,2015-04-04,2015-04-18,51,51,51,51,1963-04-19,1964-04-04
140578,2015-04-18,2015-04-25,51,51,51,51,1963-04-26,1964-04-18
140578,2015-04-25,2015-05-02,51,51,51,51,1963-05-03,1964-04-25
140578,2015-05-02,2015-05-09,51,51,51,51,1963-05-10,1964-05-02
140578,2015-05-09,2015-05-16,51,51,51,51,1963-05-17,1964-05-09
140578,2015-05-16,2015-05-23,51,51,52,52,1963-05-17,1963-05-23
140578,2015-05-23,2015-06-13,52,52,52,52,1962-06-14,1963-05-23
140578,2015-06-13,2015-06-20,52,52,52,52,1962-06-21,1963-06-13
140578,2015-06-20,2015-06-27,52,52,52,52,1962-06-28,1963-06-20
140578,2015-06-27,2015-07-11,52,52,52,52,1962-07-12,1963-06-27
140578,2015-07-11,2015-07-18,52,52,52,52,1962-07-19,1963-07-11
140578,2015-07-18,2015-07-25,52,52,52,52,1962-07-26,1963-07-18
140578,2015-07-25,2015-08-01,52,52,52,52,1962-08-02,1963-07-25
140578,2015-08-01,2015-08-08,52,52,52,52,1962-08-09,1963-08-01
140578,2015-08-08,2015-08-15,52,52,52,52,1962-08-16,1963-08-08
140578,2015-08-15,2015-08-29,52,52,52,52,1962-08-30,1963-08-15
140578,2015-08-29,2015-09-05,52,52,52,52,1962-09-06,1963-08-29
140578,2015-09-05,2015-09-12,52,52,52,52,1962-09-13,1963-09-05
140578,2015-09-12,2015-09-26,52,52,52,52,1962-09-27,1963-09-12
140578,2015-09-26,2015-10-03,52,52,52,52,1962-10-04,1963-09-26
140578,2015-10-03,2015-10-17,52,52,52,52,1962-10-18,1963-10-03
140578,2015-10-17,2015-10-24,52,52,52,52,1962-10-25,1963-10-17
140578,2015-10-24,2015-11-14,52,52,52,52,1962-11-15,1963-10-24
140578,2015-11-14,2015-11-21,52,52,52,52,1962-11-22,1963-11-14
140578,2015-11-21,2015-11-28,52,52,52,52,1962-11-29,1963-11-21
140578,2015-11-28,2015-12-05,52,52,52,52,1962-12-06,1963-11-28
140578,2015-12-05,2015-12-12,52,52,52,52,1962-12-13,1963-12-05
140578,2015-12-12,2015-12-19,52,52,52,52,1962-12-20,1963-12-12
140578,2015-12-19,2016-01-02,52,52,52,52,1963-01-03,1963-12-19
140578,2016-01-02,2016-01-09,52,52,52,52,1963-01-10,1964-01-02
140578,2016-01-09,2016-01-16,52,52,52,52,1963-01-17,1964-01-09
140578,2016-01-16,2016-01-30,52,52,52,52,1963-01-31,1964-01-16
140578,2016-01-30,2016-02-06,52,52,52,52,1963-02-07,1964-01-30
140578,2016-02-06,2016-02-13,52,52,52,52,1963-02-14,1964-02-06
140578,2016-02-13,2016-02-20,52,52,52,52,1963-02-21,1964-02-13
140578,2016-02-20,2016-02-27,52,52,52,52,1963-02-28,1964-02-20
140578,2016-02-27,2016-03-12,52,52,52,52,1963-03-13,1964-02-27
140578,2016-03-12,2016-03-19,52,52,52,52,1963-03-20,1964-03-12
140578,2016-03-19,2016-03-26,52,52,52,52,1963-03-27,1964-03-19
140578,2016-03-26,2016-04-09,52,52,52,52,1963-04-10,1964-03-26
140578,2016-04-09,2016-04-16,52,52,52,52,1963-04-17,1964-04-09
140578,2016-04-16,2016-04-23,52,52,52,52,1963-04-24,1964-04-16
140578,2016-04-23,2016-04-30,52,52,52,52,1963-05-01,1964-04-23
140578,2016-04-30,2016-05-07,52,52,52,52,1963-05-08,1964-04-30
140578,2016-05-07,2016-05-14,52,52,52,52,1963-05-15,1964-05-07
140578,2016-05-14,2016-05-21,52,52,53,53,1963-05-15,1963-05-21
140578,2016-05-21,2016-05-28,53,53,53,53,1962-05-29,1963-05-21
140578,2016-05-28,2016-06-04,53,53,53,53,1962-06-05,1963-05-28
140578,2016-06-04,2016-06-11,53,53,53,53,1962-06-12,1963-06-04
140578,2016-06-11,2016-06-18,53,53,53,53,1962-06-19,1963-06-11
140578,2016-06-18,2016-07-02,53,53,53,53,1962-07-03,1963-06-18
140578,2016-07-02,2016-07-09,53,53,53,53,1962-07-10,1963-07-02
140578,2016-07-09,2016-07-16,53,53,53,53,1962-07-17,1963-07-09
140578,2016-07-16,2016-07-23,53,53,53,53,1962-07-24,1963-07-16
140578,2016-07-23,2016-07-30,53,53,53,53,1962-07-31,1963-07-23
140578,2016-07-30,2016-08-20,53,53,53,53,1962-08-21,1963-07-30
140578,2016-08-20,2016-08-27,53,53,53,53,1962-08-28,1963-08-20
140578,2016-08-27,2016-09-10,53,53,53,53,1962-09-11,1963-08-27
140578,2016-09-10,2016-09-17,53,53,53,53,1962-09-18,1963-09-10
140578,2016-09-17,2016-09-24,53,53,53,53,1962-09-25,1963-09-17
140578,2016-09-24,2016-10-01,53,53,53,53,1962-10-02,1963-09-24
140578,2016-10-01,2016-10-22,53,53,53,53,1962-10-23,1963-10-01
140578,2016-10-22,2016-10-29,53,53,53,53,1962-10-30,1963-10-22
140578,2016-10-29,2016-11-05,53,53,53,53,1962-11-06,1963-10-29
140578,2016-11-05,2016-11-19,53,53,53,53,1962-11-20,1963-11-05
140578,2016-11-19,2016-11-26,53,53,53,53,1962-11-27,1963-11-19
140578,2016-11-26,2016-12-10,53,53,53,53,1962-12-11,1963-11-26
140578,2016-12-10,2016-12-17,53,53,53,53,1962-12-18,1963-12-10
140578,2016-12-17,2016-12-24,53,53,53,53,1962-12-25,1963-12-17
140578,2016-12-24,2017-01-21,53,53,53,53,1963-01-22,1963-12-24
140578,2017-01-21,2017-01-28,53,53,53,53,1963-01-29,1964-01-21
140578,2017-01-28,2017-02-04,53,53,53,53,1963-02-05,1964-01-28
140578,2017-02-04,2017-02-11,53,53,53,53,1963-02-12,1964-02-04
140578,2017-02-11,2017-02-25,53,53,53,53,1963-02-26,1964-02-11
140578,2017-02-25,2017-03-18,53,53,53,53,1963-03-19,1964-02-25
140578,2017-03-18,2017-03-25,53,53,53,53,1963-03-26,1964-03-18
140578,2017-03-25,2017-04-01,53,53,53,53,1963-04-02,1964-03-25
140578,2017-04-01,2017-04-15,53,53,53,53,1963-04-16,1964-04-01
140578,2017-04-15,2017-04-22,53,53,53,53,1963-04-23,1964-04-15
140578,2017-04-22,2017-04-29,53,53,53,53,1963-04-30,1964-04-22
140578,2017-04-29,2017-05-06,53,53,53,53,1963-05-07,1964-04-29
140578,2017-05-06,2017-05-13,53,53,53,53,1963-05-14,1964-05-06
140578,2017-05-13,2017-05-20,53,53,54,54,1963-05-14,1963-05-20
140578,2017-05-20,2017-05-27,54,54,54,54,1962-05-28,1963-05-20
140578,2017-05-27,2017-06-03,54,54,54,54,1962-06-04,1963-05-27
140578,2017-06-03,2017-06-10,54,54,54,54,1962-06-11,1963-06-03
140578,2017-06-10,2017-06-17,54,54,54,54,1962-06-18,1963-06-10
140578,2017-06-17,2017-07-01,54,54,54,54,1962-07-02,1963-06-17
140578,2017-07-01,2017-07-08,54,54,54,54,1962-07-09,1963-07-01
140578,2017-07-08,2017-07-15,54,54,54,54,1962-07-16,1963-07-08
140578,2017-07-15,2017-07-22,54,54,54,54,1962-07-23,1963-07-15
140578,2017-07-22,2017-08-12,54,54,54,54,1962-08-13,1963-07-22
140578,2017-08-12,2017-08-19,54,54,54,54,1962-08-20,1963-08-12
140578,2017-08-19,2017-08-26,54,54,54,54,1962-08-27,1963-08-19
140578,2017-08-26,2017-09-02,54,54,54,54,1962-09-03,1963-08-26
140578,2017-09-02,2017-09-09,54,54,54,54,1962-09-10,1963-09-02
140578,2017-09-09,2017-09-16,54,54,54,54,1962-09-17,1963-09-09
140578,2017-09-16,2017-09-23,54,54,54,54,1962-09-24,1963-09-16
140578,2017-09-23,2017-10-07,54,54,54,54,1962-10-08,1963-09-23
140578,2017-10-07,2017-10-21,54,54,54,54,1962-10-22,1963-10-07
140578,2017-10-21,2017-10-28,54,54,54,54,1962-10-29,1963-10-21
140578,2017-10-28,2017-11-04,54,54,54,54,1962-11-05,1963-10-28
140578,2017-11-04,2017-11-25,54,54,54,54,1962-11-26,1963-11-04
140578,2017-11-25,2017-12-02,54,54,54,54,1962-12-03,1963-11-25
140578,2017-12-02,2017-12-09,54,54,54,54,1962-12-10,1963-12-02
140578,2017-12-09,2017-12-16,54,54,54,54,1962-12-17,1963-12-09
140578,2017-12-16,2017-12-23,54,54,54,54,1962-12-24,1963-12-16
140578,2017-12-23,2017-12-30,54,54,54,54,1962-12-31,1963-12-23
140578,2017-12-30,2018-01-01,54,54,54,54,1963-01-02,1963-12-30
140578,2018-01-01,2018-01-06,54,54,54,54,1963-01-07,1964-01-01
140578,2018-01-06,2018-02-03,54,54,54,54,1963-02-04,1964-01-06
140578,2018-02-03,2018-02-17,54,54,54,54,1963-02-18,1964-02-03
140578,2018-02-17,2018-02-24,54,54,54,54,1963-02-25,1964-02-17
140578,2018-02-24,2018-03-17,54,54,54,54,1963-03-18,1964-02-24
140578,2018-03-17,2018-03-24,54,54,54,54,1963-03-25,1964-03-17
140578,2018-03-24,2018-03-31,54,54,54,54,1963-04-01,1964-03-24
140578,2018-03-31,2018-04-14,54,54,54,54,1963-04-15,1964-03-31
140578,2018-04-14,2018-04-21,54,54,54,54,1963-04-22,1964-04-14
140578,2018-04-21,2018-04-28,54,54,54,54,1963-04-29,1964-04-21
140578,2018-04-28,2018-05-05,54,54,54,54,1963-05-06,1964-04-28
140578,2018-05-05,2018-05-12,54,54,54,54,1963-05-13,1964-05-05
140578,2018-05-12,2018-05-19,54,54,55,55,1963-05-13,1963-05-19
140578,2018-05-19,2018-05-26,55,55,55,55,1962-05-27,1963-05-19
140578,2018-05-26,2018-06-02,55,55,55,55,1962-06-03,1963-05-26
140578,2018-06-02,2018-06-09,55,55,55,55,1962-06-10,1963-06-02
140578,2018-06-09,2018-06-16,55,55,55,55,1962-06-17,1963-06-09
140578,2018-06-16,2018-06-30,55,55,55,55,1962-07-01,1963-06-16
140578,2018-06-30,2018-07-14,55,55,55,55,1962-07-15,1963-06-30
140578,2018-07-14,2018-07-21,55,55,55,55,1962-07-22,1963-07-14
140578,2018-07-21,2018-07-28,55,55,55,55,1962-07-29,1963-07-21
140578,2018-07-28,2018-08-25,55,55,55,55,1962-08-26,1963-07-28
140578,2018-08-25,2018-09-01,55,55,55,55,1962-09-02,1963-08-25
140578,2018-09-01,2018-09-15,55,55,55,55,1962-09-16,1963-09-01
140578,2018-09-15,2018-09-22,55,55,55,55,1962-09-23,1963-09-15
140578,2018-09-22,2018-10-06,55,55,55,55,1962-10-07,1963-09-22
140578,2018-10-06,2018-10-13,55,55,55,55,1962-10-14,1963-10-06
140578,2018-10-13,2018-10-27,55,55,55,55,1962-10-28,1963-10-13
140578,2018-10-27,2018-11-03,55,55,55,55,1962-11-04,1963-10-27
140578,2018-11-03,2018-11-10,55,55,55,55,1962-11-11,1963-11-03
140578,2018-11-10,2018-12-01,55,55,55,55,1962-12-02,1963-11-10
140578,2018-12-01,2018-12-08,55,55,55,55,1962-12-09,1963-12-01
140578,2018-12-08,2019-01-01,55,55,55,55,1963-01-02,1963-12-08
140578,2019-01-01,2019-01-05,55,55,55,55,1963-01-06,1964-01-01
140578,2019-01-05,2019-01-26,55,55,55,55,1963-01-27,1964-01-05
140578,2019-01-26,2019-02-09,55,55,55,55,1963-02-10,1964-01-26
140578,2019-02-09,2019-02-16,55,55,55,55,1963-02-17,1964-02-09
140578,2019-02-16,2019-02-23,55,55,55,55,1963-02-24,1964-02-16
140578,2019-02-23,2019-03-02,55,55,55,55,1963-03-03,1964-02-23
140578,2019-03-02,2019-03-09,55,55,55,55,1963-03-10,1964-03-02
140578,2019-03-09,2019-03-16,55,55,55,55,1963-03-17,1964-03-09
140578,2019-03-16,2019-03-30,55,55,55,55,1963-03-31,1964-03-16
140578,2019-03-30,2019-04-06,55,55,55,55,1963-04-07,1964-03-30
140578,2019-04-06,2019-04-20,55,55,55,55,1963-04-21,1964-04-06
140578,2019-04-20,2019-04-27,55,55,55,55,1963-04-28,1964-04-20
140578,2019-04-27,2019-05-04,55,55,55,55,1963-05-05,1964-04-27
140578,2019-05-04,2019-05-18,55,55,55,55,1963-05-19,1964-05-04
140578,2019-05-18,2019-05-25,55,55,56,56,1963-05-19,1963-05-25
140578,2019-05-25,2019-06-08,56,56,56,56,1962-06-09,1963-05-25
140578,2019-06-08,2019-06-29,56,56,56,56,1962-06-30,1963-06-08
140578,2019-06-29,2019-07-06,56,56,56,56,1962-07-07,1963-06-29
140578,2019-07-06,2019-07-13,56,56,56,56,1962-07-14,1963-07-06
140578,2019-07-13,2019-07-20,56,56,56,56,1962-07-21,1963-07-13
140578,2019-07-20,2019-08-10,56,56,56,56,1962-08-11,1963-07-20
140578,2019-08-10,2019-08-24,56,56,56,56,1962-08-25,1963-08-10
140578,2019-08-24,2019-08-31,56,56,56,56,1962-09-01,1963-08-24
140578,2019-08-31,2019-09-07,56,56,56,56,1962-09-08,1963-08-31
140578,2019-09-07,2019-09-14,56,56,56,56,1962-09-15,1963-09-07
140578,2019-09-14,2019-09-21,56,56,56,56,1962-09-22,1963-09-14
140578,2019-09-21,2019-10-05,56,56,56,56,1962-10-06,1963-09-21
140578,2019-10-05,2019-10-12,56,56,56,56,1962-10-13,1963-10-05
140578,2019-10-12,2019-10-19,56,56,56,56,1962-10-20,1963-10-12
140578,2019-10-19,2019-11-02,56,56,56,56,1962-11-03,1963-10-19
140578,2019-11-02,2019-11-09,56,56,56,56,1962-11-10,1963-11-02
140578,2019-11-09,2019-11-23,56,56,56,56,1962-11-24,1963-11-09
140578,2019-11-23,2019-11-30,56,56,56,56,1962-12-01,1963-11-23
140578,2019-11-30,2019-12-07,56,56,56,56,1962-12-08,1963-11-30
140578,2019-12-07,2019-12-21,56,56,56,56,1962-12-22,1963-12-07
140578,2019-12-21,2019-12-28,56,56,56,56,1962-12-29,1963-12-21
140578,2019-12-28,2020-01-04,56,56,56,56,1963-01-05,1963-12-28
140578,2020-01-04,2020-01-25,56,56,56,56,1963-01-26,1964-01-04
140578,2020-01-25,2020-02-01,56,56,56,56,1963-02-02,1964-01-25
140578,2020-02-01,2020-02-15,56,56,56,56,1963-02-16,1964-02-01
140578,2020-02-15,2020-02-22,56,56,56,56,1963-02-23,1964-02-15
140578,2020-02-22,2020-03-07,56,56,56,56,1963-03-08,1964-02-22
140578,2020-03-07,2020-03-14,56,56,56,56,1963-03-15,1964-03-07
140578,2020-03-14,2022-07-02,56,56,59,59,1963-03-15,1963-07-02
140578,2022-07-02,2022-07-23,59,59,59,59,1962-07-24,1963-07-02
140578,2022-07-23,2022-08-20,59,59,59,59,1962-08-21,1963-07-23
140578,2022-08-20,2022-09-17,59,59,59,59,1962-09-18,1963-08-20
140578,2022-09-17,2022-09-24,59,59,59,59,1962-09-25,1963-09-17
140578,2022-09-24,2022-10-08,59,59,59,59,1962-10-09,1963-09-24
140578,2022-10-08,2022-11-12,59,59,59,59,1962-11-13,1963-10-08
140578,2022-11-12,2023-01-07,59,59,59,59,1963-01-08,1963-11-12
140578,2023-01-07,2023-01-21,59,59,59,59,1963-01-22,1964-01-07
140578,2023-01-21,2023-01-28,59,59,59,59,1963-01-29,1964-01-21
140578,2023-01-28,2023-02-04,59,59,59,59,1963-02-05,1964-01-28
140578,2023-02-04,2023-02-25,59,59,59,59,1963-02-26,1964-02-04
140578,2023-02-25,2023-03-04,59,59,59,59,1963-03-05,1964-02-25
140578,2023-03-04,2023-03-11,59,59,59,59,1963-03-12,1964-03-04
140578,2023-03-11,2023-03-25,59,59,59,59,1963-03-26,1964-03-11
140578,2023-03-25,2023-04-01,59,59,59,59,1963-04-02,1964-03-25
140578,2023-04-01,2023-04-08,59,59,59,59,1963-04-09,1964-04-01
140578,2023-04-08,2023-04-22,59,59,59,59,1963-04-23,1964-04-08
140578,2023-04-22,2023-05-06,59,59,59,59,1963-05-07,1964-04-22
140578,2023-05-06,2023-05-13,59,59,59,59,1963-05-14,1964-05-06
140578,2023-05-13,2023-05-20,59,59,60,60,1963-05-14,1963-05-20
140578,2023-05-20,2023-05-27,60,60,60,60,1962-05-28,1963-05-20
140578,2023-05-27,2023-06-03,60,60,60,60,1962-06-04,1963-05-27
140578,2023-06-03,2023-06-10,60,60,60,60,1962-06-11,1963-06-03
140578,2023-06-10,2023-06-24,60,60,60,60,1962-06-25,1963-06-10
140578,2023-06-24,2023-07-08,60,60,60,60,1962-07-09,1963-06-24
140578,2023-07-08,2023-07-22,60,60,60,60,1962-07-23,1963-07-08
140578,2023-07-22,2023-07-29,60,60,60,60,1962-07-30,1963-07-22
140578,2023-07-29,2023-08-05,60,60,60,60,1962-08-06,1963-07-29
140578,2023-08-05,2023-08-19,60,60,60,60,1962-08-20,1963-08-05
140578,2023-08-19,2023-08-26,60,60,60,60,1962-08-27,1963-08-19
140578,2023-08-26,2023-09-09,60,60,60,60,1962-09-10,1963-08-26
140578,2023-09-09,2023-10-07,60,60,60,60,1962-10-08,1963-09-09
140578,2023-10-07,2023-10-21,60,60,60,60,1962-10-22,1963-10-07
140578,2023-10-21,2023-11-04,60,60,60,60,1962-11-05,1963-10-21
140578,2023-11-04,2023-11-11,60,60,60,60,1962-11-12,1963-11-04
140578,2023-11-11,2023-12-02,60,60,60,60,1962-12-03,1963-11-11
140578,2023-12-02,2023-12-09,60,60,60,60,1962-12-10,1963-12-02
140578,2023-12-09,2023-12-16,60,60,60,60,1962-12-17,1963-12-09
140578,2023-12-16,2024-01-06,60,60,60,60,1963-01-07,1963-12-16
140578,2024-01-06,2024-01-27,60,60,60,60,1963-01-28,1964-01-06
140578,2024-01-27,2024-02-03,60,60,60,60,1963-02-04,1964-01-27
140578,2024-02-03,2024-02-24,60,60,60,60,1963-02-25,1964-02-03
140578,2024-02-24,2024-03-02,60,60,60,60,1963-03-03,1964-02-24
140578,2024-03-02,2024-03-09,60,60,60,60,1963-03-10,1964-03-02
140578,2024-03-09,2024-03-23,60,60,60,60,1963-03-24,1964-03-09
140578,2024-03-23,2024-03-30,60,60,60,60,1963-03-31,1964-03-23
140578,2024-03-30,2024-04-06,60,60,60,60,1963-04-07,1964-03-30
140578,2024-04-06,2024-04-20,60,60,60,60,1963-04-21,1964-04-06
140578,2024-04-20,2024-05-04,60,60,60,60,1963-05-05,1964-04-20
140578,2024-05-04,2024-05-11,60,60,60,60,1963-05-12,1964-05-04
140578,2024-05-11,2024-05-18,60,60,60,60,1963-05-19,1964-05-11
140578,2024-05-18,2024-05-25,60,60,61,61,1963-05-19,1963-05-25
140578,2024-05-25,2024-06-01,61,61,61,61,1962-06-02,1963-05-25
140578,2024-06-01,2024-06-15,61,61,61,61,1962-06-16,1963-06-01
140578,2024-06-15,2024-06-22,61,61,61,61,1962-06-23,1963-06-15
140578,2024-06-22,2024-07-20,61,61,61,61,1962-07-21,1963-06-22
140578,2024-07-20,2024-07-27,61,61,61,61,1962-07-28,1963-07-20
140578,2024-07-27,2024-08-03,61,61,61,61,1962-08-04,1963-07-27
140578,2024-08-03,2024-08-24,61,61,61,61,1962-08-25,1963-08-03
140578,2024-08-24,2024-09-07,61,61,61,61,1962-09-08,1963-08-24
140578,2024-09-07,2024-09-14,61,61,61,61,1962-09-15,1963-09-07
140578,2024-09-14,2024-10-05,61,61,61,61,1962-10-06,1963-09-14
140578,2024-10-05,2024-10-12,61,61,61,61,1962-10-13,1963-10-05
140578,2024-10-12,2024-10-19,61,61,61,61,1962-10-20,1963-10-12
140578,2024-10-19,2024-10-26,61,61,61,61,1962-10-27,1963-10-19
140578,2024-10-26,2024-11-02,61,61,61,61,1962-11-03,1963-10-26
140578,2024-11-02,2024-11-09,61,61,61,61,1962-11-10,1963-11-02
140578,2024-11-09,2024-11-16,61,61,61,61,1962-11-17,1963-11-09
140578,2024-11-16,2024-11-23,61,61,61,61,1962-11-24,1963-11-16
140578,2024-11-23,2024-12-14,61,61,61,61,1962-12-15,1963-11-23
140578,2024-12-14,2025-01-04,61,61,61,61,1963-01-05,1963-12-14
140578,2025-01-04,2025-01-11,61,61,61,61,1963-01-12,1964-01-04
140578,2025-01-11,2025-02-01,61,61,61,61,1963-02-02,1964-01-11
140578,2025-02-01,2025-02-08,61,61,61,61,1963-02-09,1964-02-01
140578,2025-02-08,2025-02-15,61,61,61,61,1963-02-16,1964-02-08
140578,2025-02-15,2025-03-01,61,61,61,61,1963-03-02,1964-02-15
140578,2025-03-01,2025-03-08,61,61,61,61,1963-03-09,1964-03-01
140578,2025-03-08,2025-03-15,61,61,61,61,1963-03-16,1964-03-08
140578,2025-03-15,2025-03-22,61,61,61,61,1963-03-23,1964-03-15
140578,2025-03-22,2025-04-05,61,61,61,61,1963-04-06,1964-03-22
140578,2025-04-05,2025-04-19,61,61,61,61,1963-04-20,1964-04-05
140578,2025-04-19,2025-04-26,61,61,61,61,1963-04-27,1964-04-19
140578,2025-04-26,2025-05-10,61,61,61,61,1963-05-11,1964-04-26
140578,2025-05-10,2025-05-24,61,61,62,62,1963-05-11,1963-05-24
140578,2025-05-24,2025-05-31,62,62,62,62,1962-06-01,1963-05-24
140578,2025-05-31,2025-06-07,62,62,62,62,1962-06-08,1963-05-31
140578,2025-06-07,2025-06-21,62,62,62,62,1962-06-22,1963-06-07
140578,2025-06-21,2025-07-05,62,62,62,62,1962-07-06,1963-06-21
140578,2025-07-05,2025-07-19,62,62,62,62,1962-07-20,1963-07-05
140578,2025-07-19,2025-07-26,62,62,62,62,1962-07-27,1963-07-19
140578,2025-07-26,2025-08-02,62,62,62,62,1962-08-03,1963-07-26
140578,2025-08-02,2025-08-16,62,62,62,62,1962-08-17,1963-08-02
140578,2025-08-16,2025-08-23,62,62,62,62,1962-08-24,1963-08-16
140578,2025-08-23,2025-08-30,62,62,62,62,1962-08-31,1963-08-23
140578,2025-08-30,2025-10-04,62,62,62,62,1962-10-05,1963-08-30
140578,2025-10-04,2025-10-18,62,62,62,62,1962-10-19,1963-10-04
140578,2025-10-18,2025-11-01,62,62,62,62,1962-11-02,1963-10-18
140578,2025-11-01,2025-11-08,62,62,62,62,1962-11-09,1963-11-01
140578,2025-11-08,2025-11-22,62,62,62,62,1962-11-23,1963-11-08
140578,2025-11-22,2025-11-29,62,62,62,62,1962-11-30,1963-11-22
140578,2025-11-29,2025-12-06,62,62,62,62,1962-12-07,1963-11-29
140578,2025-12-06,2025-12-13,62,62,62,62,1962-12-14,1963-12-06
140578,2025-12-13,2026-01-10,62,62,62,62,1963-01-11,1963-12-13
140578,2026-01-10,2026-01-17,62,62,62,62,1963-01-18,1964-01-10
140641,,2011-04-30,,,51,51,1959-05-01,1960-04-30
140641,2011-04-30,2011-05-07,51,51,51,51,1959-05-08,1960-04-30
140641,2011-05-07,2011-07-30,51,51,51,51,1959-07-31,1960-05-07
140641,2011-07-30,2011-08-20,51,51,52,52,1959-07-31,1959-08-20
140641,2011-08-20,2011-09-10,52,52,52,52,1958-09-11,1959-08-20
140641,2011-09-10,2012-04-07,52,52,51,51,1960-04-08,1959-09-10
140641,2012-04-07,2013-06-08,51,51,53,53,1960-04-08,1960-06-08
140751,,2011-04-30,,,49,49,1961-05-01,1962-04-30
140751,2011-04-30,2011-05-07,49,49,49,49,1961-05-08,1962-04-30
140751,2011-05-07,2011-05-21,49,49,49,49,1961-05-22,1962-05-07
140751,2011-05-21,2011-05-28,49,49,49,49,1961-05-29,1962-05-21
140751,2011-05-28,2011-06-11,49,49,51,51,1961-05-29,1960-06-11
140751,2011-06-11,2011-06-25,51,51,51,51,1959-06-26,1960-06-11
140751,2011-06-25,2011-07-02,51,51,50,50,1960-07-03,1960-06-25
140751,2011-07-02,2011-07-30,50,50,50,50,1960-07-31,1961-07-02
140751,2011-07-30,2011-09-10,50,50,51,51,1960-07-31,1960-09-10
140751,2011-09-10,2011-10-15,51,51,51,51,1959-10-16,1960-09-10
140751,2011-10-15,2011-10-22,51,51,50,50,1960-10-23,1960-10-15
140751,2011-10-22,2013-01-26,50,50,51,51,1961-01-27,1961-10-22
140751,2013-01-26,2013-03-02,51,51,51,51,1961-03-03,1962-01-26
140751,2013-03-02,2013-04-13,51,51,51,51,1961-04-14,1962-03-02
140751,2013-04-13,2013-05-25,51,51,51,51,1961-05-26,1962-04-13
140751,2013-05-25,2013-06-29,51,51,52,52,1961-05-26,1961-06-29
140751,2013-06-29,2013-07-13,52,52,52,52,1960-07-14,1961-06-29
140751,2013-07-13,2013-08-03,52,52,52,52,1960-08-04,1961-07-13
140751,2013-08-03,2013-11-16,52,52,52,52,1960-11-17,1961-08-03
140751,2013-11-16,2013-12-07,52,52,52,52,1960-12-08,1961-11-16
140751,2013-12-07,2013-12-21,52,52,52,52,1960-12-22,1961-12-07
140751,2013-12-21,2014-04-05,52,52,52,52,1961-04-06,1961-12-21
140751,2014-04-05,2014-04-26,52,52,52,52,1961-04-27,1962-04-05
140751,2014-04-26,2014-07-12,52,52,53,53,1961-04-27,1961-07-12
140751,2014-07-12,2015-06-20,53,53,54,54,1960-07-13,1961-06-20
140751,2015-06-20,2015-08-29,54,54,54,54,1960-08-30,1961-06-20
140751,2015-08-29,2017-11-04,54,54,56,56,1960-11-05,1961-08-29
140751,2017-11-04,2019-04-06,56,56,57,57,1961-04-07,1961-11-04
141347,,2011-07-16,,,48,48,1962-07-17,1963-07-16
141347,2011-07-16,2011-07-23,48,48,48,48,1962-07-24,1963-07-16
141347,2011-07-23,2011-07-30,48,48,48,48,1962-07-31,1963-07-23
141347,2011-07-30,2011-08-20,48,48,48,48,1962-08-21,1963-07-30
141347,2011-08-20,2011-08-27,48,48,48,48,1962-08-28,1963-08-20
141347,2011-08-27,2011-09-10,48,48,48,48,1962-09-11,1963-08-27
141347,2011-09-10,2011-09-24,48,48,48,48,1962-09-25,1963-09-10
141347,2011-09-24,2011-10-01,48,48,49,49,1962-09-25,1962-10-01
141347,2011-10-01,2011-10-08,49,49,49,49,1961-10-09,1962-10-01
141347,2011-10-08,2011-10-22,49,49,49,49,1961-10-23,1962-10-08
141347,2011-10-22,2011-10-29,49,49,48,48,1962-10-30,1962-10-22
141347,2011-10-29,2011-11-12,48,48,48,48,1962-11-13,1963-10-29
141347,2011-11-12,2011-11-26,48,48,48,48,1962-11-27,1963-11-12
141347,2011-11-26,2011-12-10,48,48,48,48,1962-12-11,1963-11-26
141347,2011-12-10,2012-01-07,48,48,48,48,1963-01-08,1963-12-10
141347,2012-01-07,2012-01-14,48,48,48,48,1963-01-15,1964-01-07
141347,2012-01-14,2012-01-28,48,48,48,48,1963-01-29,1964-01-14
141347,2012-01-28,2012-02-04,48,48,48,48,1963-02-05,1964-01-28
141347,2012-02-04,2012-02-25,48,48,48,48,1963-02-26,1964-02-04
141347,2012-02-25,2012-03-03,48,48,48,48,1963-03-04,1964-02-25
141347,2012-03-03,2012-03-10,48,48,48,48,1963-03-11,1964-03-03
141347,2012-03-10,2012-03-24,48,48,48,48,1963-03-25,1964-03-10
141347,2012-03-24,2012-04-14,48,48,48,48,1963-04-15,1964-03-24
141347,2012-04-14,2012-04-21,48,48,48,48,1963-04-22,1964-04-14
141347,2012-04-21,2012-04-28,48,48,48,48,1963-04-29,1964-04-21
141347,2012-04-28,2012-05-12,48,48,48,48,1963-05-13,1964-04-28
141347,2012-05-12,2012-05-19,48,48,48,48,1963-05-20,1964-05-12
141347,2012-05-19,2012-05-26,48,48,48,48,1963-05-27,1964-05-19
141347,2012-05-26,2012-06-23,48,48,48,48,1963-06-24,1964-05-26
141347,2012-06-23,2013-04-20,48,48,49,49,1963-06-24,1964-04-20
141347,2013-04-20,2013-05-11,49,49,49,49,1963-05-12,1964-04-20
141347,2013-05-11,2013-05-18,49,49,49,49,1963-05-19,1964-05-11
141347,2013-05-18,2013-07-27,49,49,49,49,1963-07-28,1964-05-18
141347,2013-07-27,2013-08-03,49,49,49,49,1963-08-04,1964-07-27
141347,2013-08-03,2013-08-10,49,49,49,49,1963-08-11,1964-08-03
141347,2013-08-10,2013-09-07,49,49,49,49,1963-09-08,1964-08-10
141347,2013-09-07,2013-09-21,49,49,49,49,1963-09-22,1964-09-07
141347,2013-09-21,2013-09-28,49,49,49,49,1963-09-29,1964-09-21
141347,2013-09-28,2013-10-12,49,49,50,50,1963-09-29,1963-10-12
141347,2013-10-12,2014-01-25,50,50,50,50,1963-01-26,1963-10-12
141347,2014-01-25,2014-05-17,50,50,50,50,1963-05-18,1964-01-25
141347,2014-05-17,2014-06-14,50,50,50,50,1963-06-15,1964-05-17
141347,2014-06-14,2014-09-06,50,50,50,50,1963-09-07,1964-06-14
141347,2014-09-06,2014-09-27,50,50,50,50,1963-09-28,1964-09-06
141347,2014-09-27,2014-10-25,50,50,51,51,1963-09-28,1963-10-25
141347,2014-10-25,2015-08-29,51,51,51,51,1963-08-30,1963-10-25
141347,2015-08-29,2015-09-05,51,51,51,51,1963-09-06,1964-08-29
141347,2015-09-05,2015-09-12,51,51,51,51,1963-09-13,1964-09-05
141347,2015-09-12,2015-09-19,51,51,51,51,1963-09-20,1964-09-12
141347,2015-09-19,2015-09-26,51,51,51,51,1963-09-27,1964-09-19
141347,2015-09-26,2015-10-31,51,51,52,52,1963-09-27,1963-10-31
141347,2015-10-31,2015-12-19,52,52,52,52,1962-12-20,1963-10-31
141347,2015-12-19,2016-01-30,52,52,52,52,1963-01-31,1963-12-19
141347,2016-01-30,2016-02-06,52,52,52,52,1963-02-07,1964-01-30
141347,2016-02-06,2016-03-12,52,52,52,52,1963-03-13,1964-02-06
141347,2016-03-12,2016-07-02,52,52,52,52,1963-07-03,1964-03-12
141347,2016-07-02,2016-08-20,52,52,52,52,1963-08-21,1964-07-02
141347,2016-08-20,2016-08-27,52,52,52,52,1963-08-28,1964-08-20
141347,2016-08-27,2016-09-03,52,52,52,52,1963-09-04,1964-08-27
141347,2016-09-03,2016-09-10,52,52,52,52,1963-09-11,1964-09-03
141347,2016-09-10,2016-09-24,52,52,52,52,1963-09-25,1964-09-10
141347,2016-09-24,2016-10-01,52,52,53,53,1963-09-25,1963-10-01
141347,2016-10-01,2016-10-08,53,53,53,53,1962-10-09,1963-10-01
141347,2016-10-08,2017-05-27,53,53,53,53,1963-05-28,1963-10-08
141347,2017-05-27,2017-06-17,53,53,53,53,1963-06-18,1964-05-27
141347,2017-06-17,2017-07-29,53,53,53,53,1963-07-30,1964-06-17
141347,2017-07-29,2017-10-21,53,53,54,54,1963-07-30,1963-10-21
141347,2017-10-21,2017-12-09,54,54,54,54,1962-12-10,1963-10-21
141347,2017-12-09,2017-12-16,54,54,54,54,1962-12-17,1963-12-09
141347,2017-12-16,2018-01-01,54,54,54,54,1963-01-02,1963-12-16
141347,2018-01-01,2018-01-01,54,54,54,54,1963-01-02,1964-01-01
141347,2018-01-01,2018-04-14,54,54,54,54,1963-04-15,1964-01-01
141347,2018-04-14,2018-04-21,54,54,54,54,1963-04-22,1964-04-14
141347,2018-04-21,2018-06-16,54,54,54,54,1963-06-17,1964-04-21
141347,2018-06-16,2018-09-08,54,54,54,54,1963-09-09,1964-06-16
141347,2018-09-08,2018-09-15,54,54,54,54,1963-09-16,1964-09-08
141347,2018-09-15,2018-09-22,54,54,54,54,1963-09-23,1964-09-15
141347,2018-09-22,2018-10-13,54,54,55,55,1963-09-23,1963-10-13
141347,2018-10-13,2018-10-27,55,55,55,55,1962-10-28,1963-10-13
141347,2018-10-27,2018-11-17,55,55,55,55,1962-11-18,1963-10-27
141347,2018-11-17,2018-11-24,55,55,55,55,1962-11-25,1963-11-17
141347,2018-11-24,2018-12-15,55,55,55,55,1962-12-16,1963-11-24
141347,2018-12-15,2018-12-25,55,55,55,55,1962-12-26,1963-12-15
141347,2018-12-25,2019-01-01,55,55,55,55,1963-01-02,1963-12-25
141347,2019-01-01,2019-05-04,55,55,55,55,1963-05-05,1964-01-01
141347,2019-05-04,2019-06-22,55,55,55,55,1963-06-23,1964-05-04
141347,2019-06-22,2019-08-31,55,55,55,55,1963-09-01,1964-06-22
141347,2019-08-31,2019-09-21,55,55,55,55,1963-09-22,1964-08-31
141347,2019-09-21,2019-10-05,55,55,56,56,1963-09-22,1963-10-05
141347,2019-10-05,2019-11-23,56,56,56,56,1962-11-24,1963-10-05
141347,2019-11-23,2019-12-14,56,56,56,56,1962-12-15,1963-11-23
141347,2019-12-14,2019-12-25,56,56,56,56,1962-12-26,1963-12-14
141347,2019-12-25,2019-12-28,56,56,56,56,1962-12-29,1963-12-25
141347,2019-12-28,2020-01-01,56,56,56,56,1963-01-02,1963-12-28
141347,2020-01-01,2020-01-01,56,56,56,56,1963-01-02,1964-01-01
141347,2020-01-01,2021-10-16,56,56,58,58,1963-01-02,1963-10-16
141347,2021-10-16,2021-10-23,58,58,58,58,1962-10-24,1963-10-16
141347,2021-10-23,2021-12-11,58,58,58,58,1962-12-12,1963-10-23
141347,2021-12-11,2021-12-18,58,58,58,58,1962-12-19,1963-12-11
141347,2021-12-18,2021-12-25,58,58,58,58,1962-12-26,1963-12-18
141347,2021-12-25,2022-03-19,58,58,58,58,1963-03-20,1963-12-25
141347,2022-03-19,2022-04-09,58,58,58,58,1963-04-10,1964-03-19
141347,2022-04-09,2022-06-04,58,58,58,58,1963-06-05,1964-04-09
141347,2022-06-04,2022-10-01,58,58,59,59,1963-06-05,1963-10-01
141347,2022-10-01,2023-02-11,59,59,59,59,1963-02-12,1963-10-01
141347,2023-02-11,2023-06-03,59,59,59,59,1963-06-04,1964-02-11
141347,2023-06-03,2024-06-08,59,59,60,60,1963-06-09,1964-06-03
141347,2024-06-08,2024-06-29,60,60,60,60,1963-06-30,1964-06-08
141347,2024-06-29,2024-10-05,60,60,61,61,1963-06-30,1963-10-05
141347,2024-10-05,2024-10-12,61,61,61,61,1962-10-13,1963-10-05
141347,2024-10-12,2024-10-26,61,61,61,61,1962-10-27,1963-10-12
141347,2024-10-26,2024-11-09,61,61,61,61,1962-11-10,1963-10-26
141347,2024-11-09,2024-11-23,61,61,61,61,1962-11-24,1963-11-09
141347,2024-11-23,2024-11-30,61,61,61,61,1962-12-01,1963-11-23
141347,2024-11-30,2024-12-14,61,61,61,61,1962-12-15,1963-11-30
141347,2024-12-14,2025-04-12,61,61,61,61,1963-04-13,1963-12-14
141347,2025-04-12,2025-04-26,61,61,61,61,1963-04-27,1964-04-12
141347,2025-04-26,2025-05-03,61,61,61,61,1963-05-04,1964-04-26
141347,2025-05-03,2025-05-24,61,61,61,61,1963-05-25,1964-05-03
141347,2025-05-24,2025-06-14,61,61,61,61,1963-06-15,1964-05-24
141347,2025-06-14,2025-07-26,61,61,61,61,1963-07-27,1964-06-14
141347,2025-07-26,2025-08-16,61,61,61,61,1963-08-17,1964-07-26
141347,2025-08-16,2025-10-18,61,61,62,62,1963-08-17,1963-10-18
141347,2025-10-18,2025-10-25,62,62,62,62,1962-10-26,1963-10-18
141347,2025-10-25,2025-11-15,62,62,62,62,1962-11-16,1963-10-25
1415290,,2015-02-14,,,37,37,1977-02-15,1978-02-14
1415290,2015-02-14,2015-03-14,37,37,37,37,1977-03-15,1978-02-14
1415290,2015-03-14,2015-03-21,37,37,37,37,1977-03-22,1978-03-14
1415290,2015-03-21,2015-04-25,37,37,37,37,1977-04-26,1978-03-21
1415290,2015-04-25,2015-05-02,37,37,37,37,1977-05-03,1978-04-25
1415290,2015-05-02,2015-06-20,37,37,39,39,1977-05-03,1976-06-20
1415290,2015-06-20,2015-07-25,39,39,37,37,1977-07-26,1976-06-20
1415290,2015-07-25,2015-08-01,37,37,37,37,1977-08-02,1978-07-25
1415290,2015-08-01,2015-09-05,37,37,37,37,1977-09-06,1978-08-01
1415290,2015-09-05,2015-10-17,37,37,37,37,1977-10-18,1978-09-05
1415290,2015-10-17,2015-10-24,37,37,38,38,1977-10-18,1977-10-24
1415290,2015-10-24,2015-10-31,38,38,38,38,1976-11-01,1977-10-24
1415290,2015-10-31,2015-11-28,38,38,38,38,1976-11-29,1977-10-31
1415290,2015-11-28,2015-12-26,38,38,38,38,1976-12-27,1977-11-28
1415290,2015-12-26,2016-01-09,38,38,38,38,1977-01-10,1977-12-26
1415290,2016-01-09,2016-01-16,38,38,38,38,1977-01-17,1978-01-09
1415290,2016-01-16,2016-02-06,38,38,38,38,1977-02-07,1978-01-16
1415290,2016-02-06,2016-04-09,38,38,38,38,1977-04-10,1978-02-06
1415290,2016-04-09,2016-05-21,38,38,38,38,1977-05-22,1978-04-09
1415290,2016-05-21,2016-06-25,38,38,38,38,1977-06-26,1978-05-21
1415290,2016-06-25,2016-10-08,38,38,38,38,1977-10-09,1978-06-25
1415290,2016-10-08,2016-12-17,38,38,39,39,1977-10-09,1977-12-17
1415290,2016-12-17,2017-01-21,39,39,39,39,1977-01-22,1977-12-17
1415290,2017-01-21,2017-03-04,39,39,39,39,1977-03-05,1978-01-21
1415290,2017-03-04,2017-03-18,39,39,39,39,1977-03-19,1978-03-04
1415290,2017-03-18,2017-04-15,39,39,39,39,1977-04-16,1978-03-18
1415290,2017-04-15,2017-05-27,39,39,39,39,1977-05-28,1978-04-15
1415290,2017-05-27,2017-11-04,39,39,40,40,1977-05-28,1977-11-04
1415290,2017-11-04,2018-07-28,40,40,40,40,1977-07-29,1977-11-04
1415290,2018-07-28,2019-06-22,40,40,41,41,1977-07-29,1978-06-22
141552,,2011-04-30,,,47,47,1963-05-01,1964-04-30
141552,2011-04-30,2011-05-07,47,47,47,47,1963-05-08,1964-04-30
141552,2011-05-07,2011-07-02,47,47,46,46,1964-07-03,1964-05-07
141552,2011-07-02,2011-07-30,46,46,46,46,1964-07-31,1965-07-02
141552,2011-07-30,2011-08-13,46,46,47,47,1964-07-31,1964-08-13
141552,2011-08-13,2011-08-27,47,47,47,47,1963-08-28,1964-08-13
141552,2011-08-27,2011-09-03,47,47,47,47,1963-09-04,1964-08-27
141552,2011-09-03,2011-09-10,47,47,47,47,1963-09-11,1964-09-03
141552,2011-09-10,2012-01-21,47,47,46,46,1965-01-22,1964-09-10
141552,2012-01-21,2012-03-10,46,46,46,46,1965-03-11,1966-01-21
141552,2012-03-10,2012-03-17,46,46,46,46,1965-03-18,1966-03-10
141552,2012-03-17,2012-03-24,46,46,46,46,1965-03-25,1966-03-17
141552,2012-03-24,2012-09-15,46,46,47,47,1965-03-25,1965-09-15
141552,2012-09-15,2012-09-22,47,47,47,47,1964-09-23,1965-09-15
141552,2012-09-22,2012-09-29,47,47,47,47,1964-09-30,1965-09-22
141552,2012-09-29,2013-02-23,47,47,47,47,1965-02-24,1965-09-29
141552,2013-02-23,2015-01-17,47,47,49,49,1965-02-24,1966-01-17
141552,2015-01-17,2015-01-24,49,49,49,49,1965-01-25,1966-01-17
1424991,,2015-02-14,,,58,58,1956-02-15,1957-02-14
1424991,2015-02-14,2015-02-21,58,58,58,58,1956-02-22,1957-02-14
1424991,2015-02-21,2015-02-28,58,58,58,58,1956-02-29,1957-02-21
1424991,2015-02-28,2015-03-07,58,58,58,58,1956-03-08,1957-02-28
1424991,2015-03-07,2015-03-14,58,58,58,58,1956-03-15,1957-03-07
1424991,2015-03-14,2015-05-16,58,58,58,58,1956-05-17,1957-03-14
1424991,2015-05-16,2015-05-23,58,58,58,58,1956-05-24,1957-05-16
1424991,2015-05-23,2015-05-30,58,58,58,58,1956-05-31,1957-05-23
1424991,2015-05-30,2015-06-13,58,58,59,59,1956-05-31,1956-06-13
1424991,2015-06-13,2015-07-04,59,59,58,58,1956-07-05,1956-06-13
1424991,2015-07-04,2015-07-11,58,58,58,58,1956-07-12,1957-07-04
1424991,2015-07-11,2015-07-18,58,58,58,58,1956-07-19,1957-07-11
1424991,2015-07-18,2015-07-25,58,58,58,58,1956-07-26,1957-07-18
1424991,2015-07-25,2015-08-01,58,58,58,58,1956-08-02,1957-07-25
1424991,2015-08-01,2015-08-08,58,58,58,58,1956-08-09,1957-08-01
1424991,2015-08-08,2015-08-22,58,58,58,58,1956-08-23,1957-08-08
1424991,2015-08-22,2015-08-29,58,58,58,58,1956-08-30,1957-08-22
1424991,2015-08-29,2015-09-12,58,58,59,59,1956-08-30,1956-09-12
1424991,2015-09-12,2015-09-19,59,59,59,59,1955-09-20,1956-09-12
1424991,2015-09-19,2015-09-26,59,59,59,59,1955-09-27,1956-09-19
1424991,2015-09-26,2015-10-10,59,59,59,59,1955-10-11,1956-09-26
1424991,2015-10-10,2015-10-17,59,59,59,59,1955-10-18,1956-10-10
1424991,2015-10-17,2015-10-24,59,59,59,59,1955-10-25,1956-10-17
1424991,2015-10-24,2015-10-31,59,59,59,59,1955-11-01,1956-10-24
1424991,2015-10-31,2015-11-07,59,59,59,59,1955-11-08,1956-10-31
1424991,2015-11-07,2015-11-21,59,59,59,59,1955-11-22,1956-11-07
1424991,2015-11-21,2015-11-28,59,59,59,59,1955-11-29,1956-11-21
1424991,2015-11-28,2015-12-05,59,59,59,59,1955-12-06,1956-11-28
1424991,2015-12-05,2015-12-12,59,59,59,59,1955-12-13,1956-12-05
1424991,2015-12-12,2015-12-19,59,59,59,59,1955-12-20,1956-12-12
1424991,2015-12-19,2015-12-25,59,59,59,59,1955-12-26,1956-12-19
1424991,2015-12-25,2016-01-02,59,59,59,59,1956-01-03,1956-12-25
1424991,2016-01-02,2016-01-16,59,59,59,59,1956-01-17,1957-01-02
1424991,2016-01-16,2016-01-30,59,59,59,59,1956-01-31,1957-01-16
1424991,2016-01-30,2016-02-06,59,59,59,59,1956-02-07,1957-01-30
1424991,2016-02-06,2016-02-13,59,59,59,59,1956-02-14,1957-02-06
1424991,2016-02-13,2016-02-20,59,59,59,59,1956-02-21,1957-02-13
1424991,2016-02-20,2016-02-27,59,59,59,59,1956-02-28,1957-02-20
1424991,2016-02-27,2016-03-05,59,59,59,59,1956-03-06,1957-02-27
1424991,2016-03-05,2016-03-12,59,59,59,59,1956-03-13,1957-03-05
1424991,2016-03-12,2016-03-19,59,59,59,59,1956-03-20,1957-03-12
1424991,2016-03-19,2016-03-26,59,59,59,59,1956-03-27,1957-03-19
1424991,2016-03-26,2016-04-23,59,59,59,59,1956-04-24,1957-03-26
1424991,2016-04-23,2016-05-07,59,59,59,59,1956-05-08,1957-04-23
1424991,2016-05-07,2016-05-14,59,59,59,59,1956-05-15,1957-05-07
1424991,2016-05-14,2016-05-21,59,59,59,59,1956-05-22,1957-05-14
1424991,2016-05-21,2016-05-28,59,59,59,59,1956-05-29,1957-05-21
1424991,2016-05-28,2016-06-04,59,59,59,59,1956-06-05,1957-05-28
1424991,2016-06-04,2016-06-11,59,59,59,59,1956-06-12,1957-06-04
1424991,2016-06-11,2016-06-18,59,59,59,59,1956-06-19,1957-06-11
1424991,2016-06-18,2016-06-25,59,59,59,59,1956-06-26,1957-06-18
1424991,2016-06-25,2016-07-16,59,59,59,59,1956-07-17,1957-06-25
1424991,2016-07-16,2016-07-23,59,59,59,59,1956-07-24,1957-07-16
1424991,2016-07-23,2016-08-20,59,59,59,59,1956-08-21,1957-07-23
1424991,2016-08-20,2016-09-24,59,59,60,60,1956-08-21,1956-09-24
1424991,2016-09-24,2016-10-01,60,60,60,60,1955-10-02,1956-09-24
1424991,2016-10-01,2016-10-15,60,60,60,60,1955-10-16,1956-10-01
1424991,2016-10-15,2016-10-22,60,60,60,60,1955-10-23,1956-10-15
1424991,2016-10-22,2016-10-29,60,60,60,60,1955-10-30,1956-10-22
1424991,2016-10-29,2016-11-05,60,60,60,60,1955-11-06,1956-10-29
1424991,2016-11-05,2016-11-12,60,60,60,60,1955-11-13,1956-11-05
1424991,2016-11-12,2016-11-19,60,60,60,60,1955-11-20,1956-11-12
1424991,2016-11-19,2016-11-26,60,60,60,60,1955-11-27,1956-11-19
1424991,2016-11-26,2016-12-03,60,60,60,60,1955-12-04,1956-11-26
1424991,2016-12-03,2016-12-10,60,60,60,60,1955-12-11,1956-12-03
1424991,2016-12-10,2016-12-24,60,60,60,60,1955-12-25,1956-12-10
1424991,2016-12-24,2016-12-31,60,60,60,60,1956-01-01,1956-12-24
1424991,2016-12-31,2017-01-07,60,60,60,60,1956-01-08,1956-12-31
1424991,2017-01-07,2017-01-14,60,60,60,60,1956-01-15,1957-01-07
1424991,2017-01-14,2017-01-21,60,60,60,60,1956-01-22,1957-01-14
1424991,2017-01-21,2017-01-28,60,60,60,60,1956-01-29,1957-01-21
1424991,2017-01-28,2017-02-11,60,60,60,60,1956-02-12,1957-01-28
1424991,2017-02-11,2017-02-18,60,60,60,60,1956-02-19,1957-02-11
1424991,2017-02-18,2017-02-25,60,60,60,60,1956-02-26,1957-02-18
1424991,2017-02-25,2017-03-04,60,60,60,60,1956-03-05,1957-02-25
1424991,2017-03-04,2017-03-11,60,60,60,60,1956-03-12,1957-03-04
1424991,2017-03-11,2017-03-18,60,60,60,60,1956-03-19,1957-03-11
1424991,2017-03-18,2017-04-01,60,60,60,60,1956-04-02,1957-03-18
1424991,2017-04-01,2017-04-15,60,60,60,60,1956-04-16,1957-04-01
1424991,2017-04-15,2017-04-29,60,60,60,60,1956-04-30,1957-04-15
1424991,2017-04-29,2017-05-06,60,60,60,60,1956-05-07,1957-04-29
1424991,2017-05-06,2017-05-20,60,60,60,60,1956-05-21,1957-05-06
1424991,2017-05-20,2017-05-27,60,60,60,60,1956-05-28,1957-05-20
1424991,2017-05-27,2017-06-03,60,60,60,60,1956-06-04,1957-05-27
1424991,2017-06-03,2017-06-10,60,60,60,60,1956-06-11,1957-06-03
1424991,2017-06-10,2017-07-01,60,60,60,60,1956-07-02,1957-06-10
1424991,2017-07-01,2017-07-08,60,60,60,60,1956-07-09,1957-07-01
1424991,2017-07-08,2017-07-22,60,60,60,60,1956-07-23,1957-07-08
1424991,2017-07-22,2017-08-26,60,60,60,60,1956-08-27,1957-07-22
1424991,2017-08-26,2017-09-16,60,60,61,61,1956-08-27,1956-09-16
1424991,2017-09-16,2017-09-23,61,61,61,61,1955-09-24,1956-09-16
1424991,2017-09-23,2017-09-30,61,61,61,61,1955-10-01,1956-09-23
1424991,2017-09-30,2017-10-07,61,61,61,61,1955-10-08,1956-09-30
1424991,2017-10-07,2017-10-14,61,61,61,61,1955-10-15,1956-10-07
1424991,2017-10-14,2017-10-21,61,61,61,61,1955-10-22,1956-10-14
1424991,2017-10-21,2017-10-28,61,61,61,61,1955-10-29,1956-10-21
1424991,2017-10-28,2017-11-11,61,61,61,61,1955-11-12,1956-10-28
1424991,2017-11-11,2017-11-18,61,61,61,61,1955-11-19,1956-11-11
1424991,2017-11-18,2017-11-25,61,61,61,61,1955-11-26,1956-11-18
1424991,2017-11-25,2017-12-16,61,61,61,61,1955-12-17,1956-11-25
1424991,2017-12-16,2017-12-23,61,61,61,61,1955-12-24,1956-12-16
1424991,2017-12-23,2017-12-30,61,61,61,61,1955-12-31,1956-12-23
1424991,2017-12-30,2018-01-06,61,61,61,61,1956-01-07,1956-12-30
1424991,2018-01-06,2018-01-13,61,61,61,61,1956-01-14,1957-01-06
1424991,2018-01-13,2018-07-21,61,61,61,61,1956-07-22,1957-01-13
1424991,2018-07-21,2018-07-28,61,61,61,61,1956-07-29,1957-07-21
1424991,2018-07-28,2018-08-04,61,61,61,61,1956-08-05,1957-07-28
1424991,2018-08-04,2018-08-11,61,61,61,61,1956-08-12,1957-08-04
1424991,2018-08-11,2018-08-18,61,61,61,61,1956-08-19,1957-08-11
1424991,2018-08-18,2018-08-25,61,61,61,61,1956-08-26,1957-08-18
1424991,2018-08-25,2018-09-01,61,61,61,61,1956-09-02,1957-08-25
1424991,2018-09-01,2019-04-06,61,61,62,62,1956-09-02,1957-04-06
1424991,2019-04-06,2019-04-13,62,62,62,62,1956-04-14,1957-04-06
1424991,2019-04-13,2019-04-20,62,62,62,62,1956-04-21,1957-04-13
1424991,2019-04-20,2019-04-27,62,62,62,62,1956-04-28,1957-04-20
1424991,2019-04-27,2019-05-11,62,62,62,62,1956-05-12,1957-04-27
1424991,2019-05-11,2019-05-18,62,62,62,62,1956-05-19,1957-05-11
1424991,2019-05-18,2019-05-25,62,62,62,62,1956-05-26,1957-05-18
1424991,2019-05-25,2019-06-01,62,62,62,62,1956-06-02,1957-05-25
1424991,2019-06-01,2019-06-22,62,62,62,62,1956-06-23,1957-06-01
1424991,2019-06-22,2019-07-06,62,62,62,62,1956-07-07,1957-06-22
1424991,2019-07-06,2019-07-13,62,62,62,62,1956-07-14,1957-07-06
1424991,2019-07-13,2019-08-03,62,62,62,62,1956-08-04,1957-07-13
1424991,2019-08-03,2019-08-10,62,62,62,62,1956-08-11,1957-08-03
1424991,2019-08-10,2019-08-17,62,62,62,62,1956-08-18,1957-08-10
1424991,2019-08-17,2019-09-07,62,62,62,62,1956-09-08,1957-08-17
1424991,2019-09-07,2020-01-04,62,62,63,63,1956-09-08,1957-01-04
1424991,2020-01-04,2020-01-11,63,63,63,63,1956-01-12,1957-01-04
1424991,2020-01-11,2020-01-25,63,63,63,63,1956-01-26,1957-01-11
1424991,2020-01-25,2020-02-01,63,63,63,63,1956-02-02,1957-01-25
1424991,2020-02-01,2020-02-08,63,63,63,63,1956-02-09,1957-02-01
1424991,2020-02-08,2020-02-15,63,63,63,63,1956-02-16,1957-02-08
1424991,2020-02-15,2020-02-22,63,63,63,63,1956-02-23,1957-02-15
1424991,2020-02-22,2020-02-29,63,63,63,63,1956-03-01,1957-02-22
1424991,2020-02-29,2022-01-29,63,63,65,65,1956-03-01,1957-01-29
1424991,2022-01-29,2022-02-05,65,65,65,65,1956-02-06,1957-01-29
1424991,2022-02-05,2022-02-12,65,65,65,65,1956-02-13,1957-02-05
1424991,2022-02-12,2023-05-20,65,65,66,66,1956-05-21,1957-02-12
1426257,,2015-02-07,,,36,36,1978-02-08,1979-02-07
1426257,2015-02-07,2015-02-14,36,36,36,36,1978-02-15,1979-02-07
1426257,2015-02-14,2015-02-21,36,36,36,36,1978-02-22,1979-02-14
1426257,2015-02-21,2015-02-28,36,36,36,36,1978-03-01,1979-02-21
1426257,2015-02-28,2015-03-07,36,36,36,36,1978-03-08,1979-02-28
1426257,2015-03-07,2015-03-14,36,36,36,36,1978-03-15,1979-03-07
1426257,2015-03-14,2015-03-21,36,36,36,36,1978-03-22,1979-03-14
1426257,2015-03-21,2015-03-28,36,36,36,36,1978-03-29,1979-03-21
1426257,2015-03-28,2015-04-04,36,36,36,36,1978-04-05,1979-03-28
1426257,2015-04-04,2015-04-11,36,36,36,36,1978-04-12,1979-04-04
1426257,2015-04-11,2015-05-23,36,36,36,36,1978-05-24,1979-04-11
1426257,2015-05-23,2015-05-30,36,36,36,36,1978-05-31,1979-05-23
1426257,2015-05-30,2015-06-13,36,36,39,39,1978-05-31,1976-06-13
1426257,2015-06-13,2015-06-20,39,39,39,39,1975-06-21,1976-06-13
1426257,2015-06-20,2015-07-11,39,39,36,36,1978-07-12,1976-06-20
1426257,2015-07-11,2015-08-15,36,36,36,36,1978-08-16,1979-07-11
1426257,2015-08-15,2015-08-29,36,36,36,36,1978-08-30,1979-08-15
1426257,2015-08-29,2015-09-05,36,36,36,36,1978-09-06,1979-08-29
1426257,2015-09-05,2015-09-12,36,36,36,36,1978-09-13,1979-09-05
1426257,2015-09-12,2015-09-19,36,36,36,36,1978-09-20,1979-09-12
1426257,2015-09-19,2015-10-03,36,36,36,36,1978-10-04,1979-09-19
1426257,2015-10-03,2015-10-10,36,36,36,36,1978-10-11,1979-10-03
1426257,2015-10-10,2015-11-07,36,36,37,37,1978-10-11,1978-11-07
1426257,2015-11-07,2015-11-14,37,37,37,37,1977-11-15,1978-11-07
1426257,2015-11-14,2015-12-05,37,37,37,37,1977-12-06,1978-11-14
1426257,2015-12-05,2015-12-12,37,37,37,37,1977-12-13,1978-12-05
1441233,,2015-04-04,,,39,39,1975-04-05,1976-04-04
1441233,2015-04-04,2015-04-11,39,39,39,39,1975-04-12,1976-04-04
1441233,2015-04-11,2015-04-18,39,39,39,39,1975-04-19,1976-04-11
1441233,2015-04-18,2015-04-25,39,39,39,39,1975-04-26,1976-04-18
1441233,2015-04-25,2015-05-16,39,39,39,39,1975-05-17,1976-04-25
1441233,2015-05-16,2015-05-30,39,39,39,39,1975-05-31,1976-05-16
1441233,2015-05-30,2015-06-06,39,39,40,40,1975-05-31,1975-06-06
1441233,2015-06-06,2015-06-13,40,40,44,44,1974-06-07,1971-06-13
1441233,2015-06-13,2015-08-22,44,44,40,40,1974-08-23,1971-06-13
1441233,2015-08-22,2015-09-05,40,40,40,40,1974-09-06,1975-08-22
1441233,2015-09-05,2015-10-03,40,40,40,40,1974-10-04,1975-09-05
1441233,2015-10-03,2015-10-10,40,40,40,40,1974-10-11,1975-10-03
1441233,2015-10-10,2015-10-17,40,40,40,40,1974-10-18,1975-10-10
1441233,2015-10-17,2015-10-31,40,40,40,40,1974-11-01,1975-10-17
1441233,2015-10-31,2015-12-26,40,40,40,40,1974-12-27,1975-10-31
1441233,2015-12-26,2016-04-02,40,40,40,40,1975-04-03,1975-12-26
1441233,2016-04-02,2016-12-31,40,40,41,41,1975-04-03,1975-12-31
1468454,,2015-02-14,,,14,14,2000-02-15,2001-02-14
1468454,2015-02-14,2015-04-25,14,14,11,11,2003-04-26,2001-02-14
1469412,,2017-08-26,,,47,47,1969-08-27,1970-08-26
1469412,2017-08-26,2017-09-09,47,47,47,47,1969-09-10,1970-08-26
1469412,2017-09-09,2017-09-30,47,47,47,47,1969-10-01,1970-09-09
1469412,2017-09-30,2017-10-07,47,47,47,47,1969-10-08,1970-09-30
1469412,2017-10-07,2017-10-14,47,47,47,47,1969-10-15,1970-10-07
1469412,2017-10-14,2017-10-21,47,47,47,47,1969-10-22,1970-10-14
1469412,2017-10-21,2017-10-28,47,47,47,47,1969-10-29,1970-10-21
1469412,2017-10-28,2017-11-04,47,47,47,47,1969-11-05,1970-10-28
1469412,2017-11-04,2017-11-18,47,47,47,47,1969-11-19,1970-11-04
1469412,2017-11-18,2017-11-25,47,47,47,47,1969-11-26,1970-11-18
1469412,2017-11-25,2017-12-16,47,47,47,47,1969-12-17,1970-11-25
1469412,2017-12-16,2017-12-23,47,47,47,47,1969-12-24,1970-12-16
1469412,2017-12-23,2017-12-30,47,47,47,47,1969-12-31,1970-12-23
1469412,2017-12-30,2018-01-01,47,47,47,47,1970-01-02,1970-12-30
1469412,2018-01-01,2018-01-06,47,47,47,47,1970-01-07,1971-01-01
1469412,2018-01-06,2018-01-13,47,47,47,47,1970-01-14,1971-01-06
1469412,2018-01-13,2018-01-20,47,47,47,47,1970-01-21,1971-01-13
1469412,2018-01-20,2018-01-27,47,47,47,47,1970-01-28,1971-01-20
1469412,2018-01-27,2018-02-03,47,47,47,47,1970-02-04,1971-01-27
1469412,2018-02-03,2018-02-10,47,47,47,47,1970-02-11,1971-02-03
1469412,2018-02-10,2018-02-17,47,47,47,47,1970-02-18,1971-02-10
1469412,2018-02-17,2018-02-24,47,47,47,47,1970-02-25,1971-02-17
1469412,2018-02-24,2018-03-03,47,47,47,47,1970-03-04,1971-02-24
1469412,2018-03-03,2018-03-10,47,47,47,47,1970-03-11,1971-03-03
1469412,2018-03-10,2018-03-17,47,47,47,47,1970-03-18,1971-03-10
1469412,2018-03-17,2018-03-24,47,47,47,47,1970-03-25,1971-03-17
1469412,2018-03-24,2018-03-31,47,47,47,47,1970-04-01,1971-03-24
1469412,2018-03-31,2018-04-07,47,47,47,47,1970-04-08,1971-03-31
1469412,2018-04-07,2018-04-14,47,47,47,47,1970-04-15,1971-04-07
1469412,2018-04-14,2018-04-21,47,47,47,47,1970-04-22,1971-04-14
1469412,2018-04-21,2018-04-28,47,47,47,47,1970-04-29,1971-04-21
1469412,2018-04-28,2018-05-05,47,47,47,47,1970-05-06,1971-04-28
1469412,2018-05-05,2018-05-12,47,47,47,47,1970-05-13,1971-05-05
1469412,2018-05-12,2018-05-19,47,47,47,47,1970-05-20,1971-05-12
1469412,2018-05-19,2018-05-26,47,47,31,31,1986-05-27,1971-05-19
1469412,2018-05-26,2018-06-02,31,31,31,31,1986-06-03,1987-05-26
1469412,2018-06-02,2018-06-09,31,31,31,31,1986-06-10,1987-06-02
1469412,2018-06-09,2018-06-16,31,31,31,31,1986-06-17,1987-06-09
1469412,2018-06-16,2018-06-23,31,31,31,31,1986-06-24,1987-06-16
1469412,2018-06-23,2018-09-01,31,31,31,31,1986-09-02,1987-06-23
1469412,2018-09-01,2018-09-22,31,31,31,31,1986-09-23,1987-09-01
1469412,2018-09-22,2018-09-29,31,31,31,31,1986-09-30,1987-09-22
1469412,2018-09-29,2018-10-06,31,31,31,31,1986-10-07,1987-09-29
1469412,2018-10-06,2018-10-27,31,31,31,31,1986-10-28,1987-10-06
1469412,2018-10-27,2018-11-10,31,31,31,31,1986-11-11,1987-10-27
1469412,2018-11-10,2018-11-17,31,31,31,31,1986-11-18,1987-11-10
1469412,2018-11-17,2018-11-24,31,31,31,31,1986-11-25,1987-11-17
1469412,2018-11-24,2019-01-01,31,31,31,31,1987-01-02,1987-11-24
1469412,2019-01-01,2019-01-19,31,31,31,31,1987-01-20,1988-01-01
1469412,2019-01-19,2019-01-26,31,31,31,31,1987-01-27,1988-01-19
1469412,2019-01-26,2019-02-02,31,31,31,31,1987-02-03,1988-01-26
1469412,2019-02-02,2019-02-16,31,31,31,31,1987-02-17,1988-02-02
1469412,2019-02-16,2019-04-27,31,31,31,31,1987-04-28,1988-02-16
1469412,2019-04-27,2019-05-04,31,31,31,31,1987-05-05,1988-04-27
1469412,2019-05-04,2019-05-11,31,31,31,31,1987-05-12,1988-05-04
1469412,2019-05-11,2019-05-25,31,31,32,32,1987-05-12,1987-05-25
1469412,2019-05-25,2019-08-03,32,32,32,32,1986-08-04,1987-05-25
1469412,2019-08-03,2019-08-10,32,32,32,32,1986-08-11,1987-08-03
1469412,2019-08-10,2019-08-17,32,32,32,32,1986-08-18,1987-08-10
1469412,2019-08-17,2019-08-24,32,32,32,32,1986-08-25,1987-08-17
1469412,2019-08-24,2019-08-31,32,32,32,32,1986-09-01,1987-08-24
1469412,2019-08-31,2019-09-14,32,32,32,32,1986-09-15,1987-08-31
1469412,2019-09-14,2019-09-28,32,32,32,32,1986-09-29,1987-09-14
1469412,2019-09-28,2019-10-05,32,32,32,32,1986-10-06,1987-09-28
1469412,2019-10-05,2019-11-09,32,32,32,32,1986-11-10,1987-10-05
1469412,2019-11-09,2020-02-08,32,32,32,32,1987-02-09,1987-11-09
146993,,2011-05-21,,,63,63,1947-05-22,1948-05-21
146993,2011-05-21,2011-05-28,63,63,63,63,1947-05-29,1948-05-21
146993,2011-05-28,2011-06-04,63,63,63,63,1947-06-05,1948-05-28
146993,2011-06-04,2011-06-11,63,63,63,63,1947-06-12,1948-06-04
146993,2011-06-11,2011-06-18,63,63,63,63,1947-06-19,1948-06-11
146993,2011-06-18,2011-06-25,63,63,63,63,1947-06-26,1948-06-18
146993,2011-06-25,2011-07-02,63,63,62,62,1948-07-03,1948-06-25
146993,2011-07-02,2011-12-31,62,62,62,62,1949-01-01,1949-07-02
146993,2011-12-31,2013-05-11,62,62,64,64,1949-01-01,1949-05-11
146993,2013-05-11,2013-05-18,64,64,64,64,1948-05-19,1949-05-11
146993,2013-05-18,2019-11-02,64,64,70,70,1948-11-03,1949-05-18
146993,2019-11-02,2019-11-09,70,70,70,70,1948-11-10,1949-11-02
149010,,2011-05-21,,,59,59,1951-05-22,1952-05-21
149010,2011-05-21,2011-06-25,59,59,55,55,1955-06-26,1952-05-21
149010,2011-06-25,2013-04-27,55,55,57,57,1955-06-26,1956-04-27
149010,2013-04-27,2013-05-18,57,57,57,57,1955-05-19,1956-04-27
149010,2013-05-18,2013-06-15,57,57,57,57,1955-06-16,1956-05-18
149010,2013-06-15,2013-11-16,57,57,58,58,1955-06-16,1955-11-16
149010,2013-11-16,2014-05-17,58,58,58,58,1955-05-18,1955-11-16
149010,2014-05-17,2014-06-14,58,58,58,58,1955-06-15,1956-05-17
149010,2014-06-14,2014-06-21,58,58,58,58,1955-06-22,1956-06-14
149010,2014-06-21,2015-03-28,58,58,59,59,1955-06-22,1956-03-28
149010,2015-03-28,2015-04-11,59,59,59,59,1955-04-12,1956-03-28
149010,2015-04-11,2019-05-04,59,59,63,63,1955-05-05,1956-04-11
1499652,,2015-03-07,,,36,36,1978-03-08,1979-03-07
1499652,2015-03-07,2015-04-18,36,36,37,37,1978-03-08,1978-04-18
1499652,2015-04-18,2015-06-13,37,37,39,39,1977-04-19,1976-06-13
1499652,2015-06-13,2015-08-08,39,39,37,37,1977-08-09,1976-06-13
1499652,2015-08-08,2015-08-15,37,37,37,37,1977-08-16,1978-08-08
1499652,2015-08-15,2015-08-22,37,37,37,37,1977-08-23,1978-08-15
1499652,2015-08-22,2015-08-29,37,37,37,37,1977-08-30,1978-08-22
1499652,2015-08-29,2015-09-05,37,37,37,37,1977-09-06,1978-08-29
1499652,2015-09-05,2015-09-12,37,37,37,37,1977-09-13,1978-09-05
1499652,2015-09-12,2015-10-10,37,37,37,37,1977-10-11,1978-09-12
1499652,2015-10-10,2015-10-17,37,37,37,37,1977-10-18,1978-10-10
1499652,2015-10-17,2015-10-24,37,37,37,37,1977-10-25,1978-10-17
1499652,2015-10-24,2015-10-31,37,37,37,37,1977-11-01,1978-10-24
1499652,2015-10-31,2015-11-14,37,37,37,37,1977-11-15,1978-10-31
1499652,2015-11-14,2016-01-02,37,37,37,37,1978-01-03,1978-11-14
1499652,2016-01-02,2016-04-02,37,37,38,38,1978-01-03,1978-04-02
1499652,2016-04-02,2017-06-24,38,38,39,39,1977-06-25,1978-04-02
149996,,2011-06-04,,,51,51,1959-06-05,1960-06-04
149996,2011-06-04,2011-06-11,51,51,51,51,1959-06-12,1960-06-04
149996,2011-06-11,2011-09-17,51,51,52,52,1959-06-12,1959-09-17
149996,2011-09-17,2011-10-01,52,52,52,52,1958-10-02,1959-09-17
149996,2011-10-01,2011-10-29,52,52,51,51,1959-10-30,1959-10-01
1515931,,2015-03-14,,,41,41,1973-03-15,1974-03-14
1515931,2015-03-14,2015-03-21,41,41,41,41,1973-03-22,1974-03-14
1515931,2015-03-21,2015-03-28,41,41,41,41,1973-03-29,1974-03-21
1515931,2015-03-28,2015-04-25,41,41,42,42,1973-03-29,1973-04-25
1515931,2015-04-25,2015-05-02,42,42,42,42,1972-05-03,1973-04-25
1515931,2015-05-02,2015-06-13,42,42,44,44,1972-05-03,1971-06-13
1515931,2015-06-13,2015-06-20,44,44,44,44,1970-06-21,1971-06-13
1515931,2015-06-20,2015-07-04,44,44,42,42,1972-07-05,1971-06-20
1515931,2015-07-04,2015-07-11,42,42,42,42,1972-07-12,1973-07-04
1515931,2015-07-11,2015-08-01,42,42,42,42,1972-08-02,1973-07-11
1515931,2015-08-01,2015-08-22,42,42,42,42,1972-08-23,1973-08-01
1515931,2015-08-22,2015-09-19,42,42,42,42,1972-09-20,1973-08-22
1515931,2015-09-19,2015-10-31,42,42,42,42,1972-11-01,1973-09-19
1515931,2015-10-31,2015-11-07,42,42,42,42,1972-11-08,1973-10-31
1515931,2015-11-07,2016-04-02,42,42,42,42,1973-04-03,1973-11-07
1515931,2016-04-02,2016-04-09,42,42,42,42,1973-04-10,1974-04-02
1515931,2016-04-09,2016-04-16,42,42,42,42,1973-04-17,1974-04-09
1515931,2016-04-16,2016-04-23,42,42,43,43,1973-04-17,1973-04-23
1515931,2016-04-23,2016-04-30,43,43,43,43,1972-05-01,1973-04-23
1515931,2016-04-30,2016-05-21,43,43,43,43,1972-05-22,1973-04-30
1515931,2016-05-21,2016-05-28,43,43,43,43,1972-05-29,1973-05-21
1515931,2016-05-28,2016-06-11,43,43,43,43,1972-06-12,1973-05-28
1515931,2016-06-11,2018-01-20,43,43,44,44,1973-01-21,1973-06-11
1515931,2018-01-20,2018-02-03,44,44,44,44,1973-02-04,1974-01-20
1521451,,2015-03-14,,,41,41,1973-03-15,1974-03-14
1521451,2015-03-14,2015-03-28,41,41,41,41,1973-03-29,1974-03-14
1521451,2015-03-28,2015-04-04,41,41,41,41,1973-04-05,1974-03-28
1521451,2015-04-04,2015-04-18,41,41,42,42,1973-04-05,1973-04-18
1521451,2015-04-18,2015-05-02,42,42,42,42,1972-05-03,1973-04-18
1521451,2015-05-02,2015-05-09,42,42,42,42,1972-05-10,1973-05-02
1521451,2015-05-09,2015-05-23,42,42,42,42,1972-05-24,1973-05-09
1521451,2015-05-23,2015-05-30,42,42,42,42,1972-05-31,1973-05-23
1521451,2015-05-30,2015-06-20,42,42,44,44,1972-05-31,1971-06-20
1521451,2015-06-20,2015-06-27,44,44,42,42,1972-06-28,1971-06-20
1521451,2015-06-27,2015-07-04,42,42,42,42,1972-07-05,1973-06-27
1521451,2015-07-04,2015-07-11,42,42,42,42,1972-07-12,1973-07-04
1521451,2015-07-11,2015-07-25,42,42,42,42,1972-07-26,1973-07-11
1521451,2015-07-25,2015-08-01,42,42,42,42,1972-08-02,1973-07-25
1521451,2015-08-01,2015-08-15,42,42,42,42,1972-08-16,1973-08-01
1521451,2015-08-15,2015-09-05,42,42,42,42,1972-09-06,1973-08-15
1521451,2015-09-05,2015-09-12,42,42,42,42,1972-09-13,1973-09-05
1521451,2015-09-12,2015-10-10,42,42,42,42,1972-10-11,1973-09-12
1521451,2015-10-10,2015-10-17,42,42,42,42,1972-10-18,1973-10-10
1521451,2015-10-17,2015-12-19,42,42,42,42,1972-12-20,1973-10-17
1521451,2015-12-19,2016-01-02,42,42,42,42,1973-01-03,1973-12-19
1521451,2016-01-02,2016-04-30,42,42,43,43,1973-01-03,1973-04-30
1521451,2016-04-30,2016-09-17,43,43,43,43,1972-09-18,1973-04-30
1521451,2016-09-17,2017-04-22,43,43,44,44,1972-09-18,1973-04-22
1521451,2017-04-22,2017-10-07,44,44,44,44,1972-10-08,1973-04-22
1521451,2017-10-07,2017-10-14,44,44,44,44,1972-10-15,1973-10-07
152395,,2011-06-04,,,54,54,1956-06-05,1957-06-04
152395,2011-06-04,2011-06-11,54,54,54,54,1956-06-12,1957-06-04
152395,2011-06-11,2011-06-18,54,54,54,54,1956-06-19,1957-06-11
152395,2011-06-18,2011-06-25,54,54,54,54,1956-06-26,1957-06-18
152395,2011-06-25,2011-07-02,54,54,54,54,1956-07-03,1957-06-25
152395,2011-07-02,2011-07-09,54,54,54,54,1956-07-10,1957-07-02
152395,2011-07-09,2011-07-16,54,54,54,54,1956-07-17,1957-07-09
152395,2011-07-16,2011-07-23,54,54,54,54,1956-07-24,1957-07-16
152395,2011-07-23,2011-08-06,54,54,54,54,1956-08-07,1957-07-23
152395,2011-08-06,2011-09-10,54,54,54,54,1956-09-11,1957-08-06
152395,2011-09-10,2011-09-17,54,54,54,54,1956-09-18,1957-09-10
152395,2011-09-17,2011-10-01,54,54,54,54,1956-10-02,1957-09-17
152395,2011-10-01,2011-10-08,54,54,54,54,1956-10-09,1957-10-01
152395,2011-10-08,2011-10-15,54,54,54,54,1956-10-16,1957-10-08
152395,2011-10-15,2011-10-22,54,54,54,54,1956-10-23,1957-10-15
152395,2011-10-22,2011-10-29,54,54,53,53,1957-10-30,1957-10-22
152395,2011-10-29,2011-11-05,53,53,53,53,1957-11-06,1958-10-29
152395,2011-11-05,2011-11-12,53,53,53,53,1957-11-13,1958-11-05
152395,2011-11-12,2012-01-21,53,53,54,54,1957-11-13,1958-01-21
152395,2012-01-21,2012-01-28,54,54,54,54,1957-01-29,1958-01-21
152395,2012-01-28,2012-03-10,54,54,54,54,1957-03-11,1958-01-28
152395,2012-03-10,2012-03-17,54,54,54,54,1957-03-18,1958-03-10
152395,2012-03-17,2012-03-24,54,54,54,54,1957-03-25,1958-03-17
152395,2012-03-24,2012-03-31,54,54,54,54,1957-04-01,1958-03-24
152395,2012-03-31,2012-04-07,54,54,54,54,1957-04-08,1958-03-31
152395,2012-04-07,2012-04-14,54,54,54,54,1957-04-15,1958-04-07
152395,2012-04-14,2012-04-21,54,54,54,54,1957-04-22,1958-04-14
152395,2012-04-21,2012-05-05,54,54,54,54,1957-05-06,1958-04-21
152395,2012-05-05,2012-05-12,54,54,54,54,1957-05-13,1958-05-05
152395,2012-05-12,2012-05-19,54,54,54,54,1957-05-20,1958-05-12
152395,2012-05-19,2012-05-26,54,54,54,54,1957-05-27,1958-05-19
152395,2012-05-26,2012-06-02,54,54,54,54,1957-06-03,1958-05-26
152395,2012-06-02,2012-06-23,54,54,54,54,1957-06-24,1958-06-02
152395,2012-06-23,2012-06-30,54,54,54,54,1957-07-01,1958-06-23
152395,2012-06-30,2012-07-07,54,54,54,54,1957-07-08,1958-06-30
152395,2012-07-07,2012-07-14,54,54,54,54,1957-07-15,1958-07-07
152434,,2011-08-13,,,52,52,1958-08-14,1959-08-13
152434,2011-08-13,2011-08-20,52,52,53,53,1958-08-14,1958-08-20
152434,2011-08-20,2011-10-01,53,53,53,53,1957-10-02,1958-08-20
152434,2011-10-01,2011-10-15,53,53,53,53,1957-10-16,1958-10-01
152434,2011-10-15,2011-11-12,53,53,52,52,1958-11-13,1958-10-15
152434,2011-11-12,2012-03-17,52,52,52,52,1959-03-18,1959-11-12
152434,2012-03-17,2012-04-07,52,52,52,52,1959-04-08,1960-03-17
152434,2012-04-07,2012-05-05,52,52,52,52,1959-05-06,1960-04-07
152434,2012-05-05,2012-05-19,52,52,52,52,1959-05-20,1960-05-05
152434,2012-05-19,2012-09-29,52,52,53,53,1959-05-20,1959-09-29
152434,2012-09-29,2013-06-01,53,53,53,53,1959-06-02,1959-09-29
152434,2013-06-01,2013-06-15,53,53,53,53,1959-06-16,1960-06-01
152434,2013-06-15,2014-04-05,53,53,54,54,1959-06-16,1960-04-05
152434,2014-04-05,2014-07-12,54,54,54,54,1959-07-13,1960-04-05
152434,2014-07-12,2016-10-01,54,54,57,57,1959-07-13,1959-10-01
152434,2016-10-01,2017-01-07,57,57,57,57,1959-01-08,1959-10-01
1551071,,2015-03-28,,,32,32,1982-03-29,1983-03-28
1551071,2015-03-28,2015-04-11,32,32,32,32,1982-04-12,1983-03-28
1551071,2015-04-11,2015-04-18,32,32,32,32,1982-04-19,1983-04-11
1551071,2015-04-18,2015-04-25,32,32,32,32,1982-04-26,1983-04-18
1551071,2015-04-25,2015-05-02,32,32,32,32,1982-05-03,1983-04-25
1551071,2015-05-02,2015-05-09,32,32,32,32,1982-05-10,1983-05-02
1551071,2015-05-09,2015-05-16,32,32,32,32,1982-05-17,1983-05-09
1551071,2015-05-16,2015-06-06,32,32,32,32,1982-06-07,1983-05-16
1551071,2015-06-06,2015-06-13,32,32,34,34,1982-06-07,1981-06-13
1551071,2015-06-13,2015-06-20,34,34,32,32,1982-06-21,1981-06-13
1551071,2015-06-20,2015-06-27,32,32,32,32,1982-06-28,1983-06-20
1551071,2015-06-27,2015-07-04,32,32,32,32,1982-07-05,1983-06-27
1551071,2015-07-04,2015-07-11,32,32,32,32,1982-07-12,1983-07-04
1551071,2015-07-11,2015-07-25,32,32,32,32,1982-07-26,1983-07-11
1551071,2015-07-25,2015-08-08,32,32,32,32,1982-08-09,1983-07-25
1551071,2015-08-08,2015-08-15,32,32,32,32,1982-08-16,1983-08-08
1551071,2015-08-15,2015-08-22,32,32,32,32,1982-08-23,1983-08-15
1551071,2015-08-22,2015-08-29,32,32,32,32,1982-08-30,1983-08-22
1551071,2015-08-29,2015-09-05,32,32,32,32,1982-09-06,1983-08-29
1551071,2015-09-05,2015-10-17,32,32,32,32,1982-10-18,1983-09-05
1551071,2015-10-17,2015-10-24,32,32,32,32,1982-10-25,1983-10-17
1551071,2015-10-24,2015-10-31,32,32,32,32,1982-11-01,1983-10-24
1551071,2015-10-31,2015-11-28,32,32,32,32,1982-11-29,1983-10-31
1551071,2015-11-28,2015-12-05,32,32,32,32,1982-12-06,1983-11-28
1551071,2015-12-05,2015-12-19,32,32,32,32,1982-12-20,1983-12-05
1551071,2015-12-19,2016-02-20,32,32,33,33,1982-12-20,1983-02-20
1551071,2016-02-20,2016-05-07,33,33,33,33,1982-05-08,1983-02-20
1551071,2016-05-07,2016-05-14,33,33,33,33,1982-05-15,1983-05-07
1551071,2016-05-14,2016-05-21,33,33,33,33,1982-05-22,1983-05-14
1551071,2016-05-21,2016-05-28,33,33,33,33,1982-05-29,1983-05-21
1551071,2016-05-28,2016-06-04,33,33,33,33,1982-06-05,1983-05-28
1551071,2016-06-04,2016-06-11,33,33,33,33,1982-06-12,1983-06-04
1551071,2016-06-11,2016-07-30,33,33,33,33,1982-07-31,1983-06-11
1551071,2016-07-30,2016-08-06,33,33,33,33,1982-08-07,1983-07-30
1551071,2016-08-06,2016-09-24,33,33,33,33,1982-09-25,1983-08-06
1551071,2016-09-24,2016-10-01,33,33,33,33,1982-10-02,1983-09-24
1551071,2016-10-01,2016-10-15,33,33,33,33,1982-10-16,1983-10-01
1551071,2016-10-15,2016-10-22,33,33,33,33,1982-10-23,1983-10-15
1551071,2016-10-22,2017-03-11,33,33,34,34,1982-10-23,1983-03-11
1551071,2017-03-11,2017-03-18,34,34,34,34,1982-03-19,1983-03-11
1551071,2017-03-18,2017-03-25,34,34,34,34,1982-03-26,1983-03-18
1551071,2017-03-25,2018-06-02,34,34,35,35,1982-06-03,1983-03-25
1551071,2018-06-02,2019-07-06,35,35,36,36,1982-07-07,1983-06-02
1551071,2019-07-06,2019-07-27,36,36,36,36,1982-07-28,1983-07-06
1551071,2019-07-27,2019-08-10,36,36,36,36,1982-08-11,1983-07-27
1551071,2019-08-10,2019-08-31,36,36,36,36,1982-09-01,1983-08-10
1551071,2019-08-31,2022-04-23,36,36,39,39,1982-09-01,1983-04-23
1551071,2022-04-23,2022-05-07,39,39,39,39,1982-05-08,1983-04-23
1551071,2022-05-07,2022-05-14,39,39,39,39,1982-05-15,1983-05-07
1551071,2022-05-14,2022-05-21,39,39,39,39,1982-05-22,1983-05-14
1551071,2022-05-21,2022-05-28,39,39,39,39,1982-05-29,1983-05-21
1551071,2022-05-28,2022-06-11,39,39,39,39,1982-06-12,1983-05-28
1551071,2022-06-11,2022-06-18,39,39,39,39,1982-06-19,1983-06-11
1551071,2022-06-18,2022-06-25,39,39,39,39,1982-06-26,1983-06-18
1551071,2022-06-25,2023-07-29,39,39,40,40,1982-07-30,1983-06-25
1551071,2023-07-29,2023-09-02,40,40,40,40,1982-09-03,1983-07-29
1551071,2023-09-02,2023-09-16,40,40,40,40,1982-09-17,1983-09-02
1551071,2023-09-16,2023-09-23,40,40,40,40,1982-09-24,1983-09-16
1551071,2023-09-23,2023-09-30,40,40,40,40,1982-10-01,1983-09-23
1551071,2023-09-30,2023-10-07,40,40,40,40,1982-10-08,1983-09-30
1551071,2023-10-07,2023-10-28,40,40,40,40,1982-10-29,1983-10-07
1553214,,2015-03-28,,,13,13,2001-03-29,2002-03-28
1553214,2015-03-28,2015-04-25,13,13,13,13,2001-04-26,2002-03-28
1553214,2015-04-25,2015-05-02,13,13,13,13,2001-05-03,2002-04-25
1553214,2015-05-02,2015-05-09,13,13,13,13,2001-05-10,2002-05-02
1553214,2015-05-09,2015-05-23,13,13,13,13,2001-05-24,2002-05-09
1553214,2015-05-23,2015-06-13,13,13,14,14,2001-05-24,2001-06-13
1553214,2015-06-13,2015-07-04,14,14,13,13,2001-07-05,2001-06-13
1553214,2015-07-04,2015-09-05,13,13,13,13,2001-09-06,2002-07-04
1553214,2015-09-05,2015-09-12,13,13,13,13,2001-09-13,2002-09-05
1553214,2015-09-12,2015-09-19,13,13,13,13,2001-09-20,2002-09-12
1553214,2015-09-19,2015-09-26,13,13,13,13,2001-09-27,2002-09-19
1553214,2015-09-26,2015-10-03,13,13,13,13,2001-10-04,2002-09-26
1553214,2015-10-03,2015-10-17,13,13,13,13,2001-10-18,2002-10-03
1553214,2015-10-17,2015-10-31,13,13,13,13,2001-11-01,2002-10-17
1553214,2015-10-31,2015-11-14,13,13,13,13,2001-11-15,2002-10-31
1553214,2015-11-14,2016-12-03,13,13,14,14,2001-12-04,2002-11-14
1556711,,2015-04-04,,,31,31,1983-04-05,1984-04-04
1556711,2015-04-04,2015-04-18,31,31,31,31,1983-04-19,1984-04-04
1556711,2015-04-18,2015-04-25,31,31,31,31,1983-04-26,1984-04-18
1556711,2015-04-25,2015-05-02,31,31,31,31,1983-05-03,1984-04-25
1556711,2015-05-02,2015-05-16,31,31,31,31,1983-05-17,1984-05-02
1556711,2015-05-16,2015-06-06,31,31,31,31,1983-06-07,1984-05-16
1556711,2015-06-06,2015-06-13,31,31,34,34,1983-06-07,1981-06-13
1556711,2015-06-13,2015-06-27,34,34,31,31,1983-06-28,1981-06-13
1556711,2015-06-27,2015-07-04,31,31,31,31,1983-07-05,1984-06-27
1556711,2015-07-04,2015-07-11,31,31,31,31,1983-07-12,1984-07-04
1556711,2015-07-11,2015-07-18,31,31,31,31,1983-07-19,1984-07-11
1556711,2015-07-18,2017-04-01,31,31,33,33,1983-07-19,1984-04-01
1556711,2017-04-01,2017-04-08,33,33,33,33,1983-04-09,1984-04-01
1556711,2017-04-08,2017-04-22,33,33,33,33,1983-04-23,1984-04-08
1556711,2017-04-22,2017-04-29,33,33,33,33,1983-04-30,1984-04-22
1556711,2017-04-29,2017-05-06,33,33,33,33,1983-05-07,1984-04-29
1556711,2017-05-06,2017-05-27,33,33,33,33,1983-05-28,1984-05-06
1556711,2017-05-27,2017-07-15,33,33,33,33,1983-07-16,1984-05-27
1556711,2017-07-15,2017-07-22,33,33,33,33,1983-07-23,1984-07-15
1556711,2017-07-22,2017-08-19,33,33,33,33,1983-08-20,1984-07-22
1556711,2017-08-19,2017-08-26,33,33,33,33,1983-08-27,1984-08-19
1556711,2017-08-26,2017-09-16,33,33,33,33,1983-09-17,1984-08-26
1556711,2017-09-16,2017-10-28,33,33,34,34,1983-09-17,1983-10-28
1556711,2017-10-28,2017-11-11,34,34,34,34,1982-11-12,1983-10-28
1556711,2017-11-11,2017-11-18,34,34,34,34,1982-11-19,1983-11-11
1556711,2017-11-18,2017-11-25,34,34,34,34,1982-11-26,1983-11-18
1556711,2017-11-25,2017-12-02,34,34,34,34,1982-12-03,1983-11-25
1556711,2017-12-02,2017-12-09,34,34,34,34,1982-12-10,1983-12-02
1556711,2017-12-09,2017-12-23,34,34,34,34,1982-12-24,1983-12-09
1556711,2017-12-23,2017-12-30,34,34,34,34,1982-12-31,1983-12-23
1556711,2017-12-30,2018-01-06,34,34,34,34,1983-01-07,1983-12-30
1556711,2018-01-06,2023-01-28,34,34,39,39,1983-01-29,1984-01-06
156359,,2011-06-11,,,47,47,1963-06-12,1964-06-11
156359,2011-06-11,2011-06-18,47,47,47,47,1963-06-19,1964-06-11
156359,2011-06-18,2011-06-25,47,47,47,47,1963-06-26,1964-06-18
156359,2011-06-25,2011-07-02,47,47,46,46,1964-07-03,1964-06-25
156359,2011-07-02,2011-07-16,46,46,46,46,1964-07-17,1965-07-02
156359,2011-07-16,2011-08-06,46,46,47,47,1964-07-17,1964-08-06
156359,2011-08-06,2011-08-27,47,47,47,47,1963-08-28,1964-08-06
156359,2011-08-27,2013-01-01,47,47,47,47,1965-01-02,1964-08-27
156359,2013-01-01,2015-01-01,47,47,49,49,1965-01-02,1966-01-01
156359,2015-01-01,2015-01-01,49,49,49,49,1965-01-02,1966-01-01
156359,2015-01-01,2016-01-01,49,49,50,50,1965-01-02,1966-01-01
156359,2016-01-01,2017-01-01,50,50,51,51,1965-01-02,1966-01-01
156359,2017-01-01,2017-01-01,51,51,51,51,1965-01-02,1966-01-01
156359,2017-01-01,2018-01-01,51,51,52,52,1965-01-02,1966-01-01
156359,2018-01-01,2018-01-01,52,52,52,52,1965-01-02,1966-01-01
156359,2018-01-01,2019-01-01,52,52,53,53,1965-01-02,1966-01-01
156359,2019-01-01,2020-01-01,53,53,54,54,1965-01-02,1966-01-01
156359,2020-01-01,2021-08-21,54,54,56,56,1965-01-02,1965-08-21
156359,2021-08-21,2022-08-20,56,56,57,57,1964-08-22,1965-08-20
156359,2022-08-20,2023-01-01,57,57,57,57,1965-01-02,1965-08-20
156359,2023-01-01,2023-08-19,57,57,58,58,1965-01-02,1965-08-19
156359,2023-08-19,2024-01-01,58,58,58,58,1965-01-02,1965-08-19
156359,2024-01-01,2025-01-01,58,58,59,59,1965-01-02,1966-01-01
156359,2025-01-01,2026-01-01,59,59,60,60,1965-01-02,1966-01-01
1576208,,2015-04-11,,,9,9,2005-04-12,2006-04-11
1576208,2015-04-11,2015-05-09,9,9,9,9,2005-05-10,2006-04-11
1576208,2015-05-09,2015-05-30,9,9,9,9,2005-05-31,2006-05-09
1576208,2015-05-30,2015-06-06,9,9,9,9,2005-06-07,2006-05-30
1576208,2015-06-06,2015-06-13,9,9,10,10,2005-06-07,2005-06-13
1576208,2015-06-13,2015-06-20,10,10,10,10,2004-06-21,2005-06-13
1576208,2015-06-20,2015-08-01,10,10,9,9,2005-08-02,2005-06-20
1576208,2015-08-01,2015-08-08,9,9,9,9,2005-08-09,2006-08-01
1576208,2015-08-08,2015-08-15,9,9,9,9,2005-08-16,2006-08-08
1576208,2015-08-15,2015-08-22,9,9,9,9,2005-08-23,2006-08-15
1576208,2015-08-22,2015-08-29,9,9,9,9,2005-08-30,2006-08-22
1576208,2015-08-29,2015-11-07,9,9,9,9,2005-11-08,2006-08-29
1576208,2015-11-07,2018-08-11,9,9,12,12,2005-11-08,2006-08-11
1576208,2018-08-11,2018-08-18,12,12,12,12,2005-08-19,2006-08-11
1576208,2018-08-18,2018-08-25,12,12,12,12,2005-08-26,2006-08-18
1576208,2018-08-25,2018-09-15,12,12,12,12,2005-09-16,2006-08-25
1576208,2018-09-15,2019-07-06,12,12,13,13,2005-09-16,2006-07-06
1576208,2019-07-06,2019-07-13,13,13,13,13,2005-07-14,2006-07-06
1576208,2019-07-13,2019-07-20,13,13,13,13,2005-07-21,2006-07-13
1576208,2019-07-20,2019-08-03,13,13,13,13,2005-08-04,2006-07-20
1576208,2019-08-03,2019-08-10,13,13,13,13,2005-08-11,2006-08-03
1576208,2019-08-10,2019-08-17,13,13,13,13,2005-08-18,2006-08-10
1576208,2019-08-17,2019-09-21,13,13,13,13,2005-09-22,2006-08-17
1576208,2019-09-21,2019-10-05,13,13,13,13,2005-10-06,2006-09-21
1576208,2019-10-05,2019-11-23,13,13,13,13,2005-11-24,2006-10-05
1576208,2019-11-23,2019-12-28,13,13,13,13,2005-12-29,2006-11-23
1576208,2019-12-28,2020-01-04,13,13,13,13,2006-01-05,2006-12-28
1576208,2020-01-04,2020-01-18,13,13,13,13,2006-01-19,2007-01-04
1576208,2020-01-18,2020-02-08,13,13,14,14,2006-01-19,2006-02-08
1576208,2020-02-08,2020-02-15,14,14,14,14,2005-02-16,2006-02-08
1576208,2020-02-15,2020-02-29,14,14,14,14,2005-03-02,2006-02-15
1576208,2020-02-29,2020-03-07,14,14,14,14,2005-03-08,2006-03-01
1576208,2020-03-07,2020-03-14,14,14,14,14,2005-03-15,2006-03-07
1576208,2020-03-14,2021-08-07,14,14,15,15,2005-08-08,2006-03-14
1576208,2021-08-07,2021-08-21,15,15,15,15,2005-08-22,2006-08-07
1576208,2021-08-21,2021-09-04,15,15,15,15,2005-09-05,2006-08-21
1576440,,2015-04-11,,,41,41,1973-04-12,1974-04-11
1576440,2015-04-11,2015-04-18,41,41,41,41,1973-04-19,1974-04-11
1576440,2015-04-18,2015-04-25,41,41,41,41,1973-04-26,1974-04-18
1576440,2015-04-25,2015-05-30,41,41,40,40,1974-05-31,1974-04-25
1576440,2015-05-30,2015-06-06,40,40,41,41,1974-05-31,1974-06-06
1576440,2015-06-06,2015-06-20,41,41,41,41,1973-06-21,1974-06-06
1576440,2015-06-20,2015-06-27,41,41,41,41,1973-06-28,1974-06-20
1576440,2015-06-27,2015-07-04,41,41,41,41,1973-07-05,1974-06-27
1576440,2015-07-04,2015-07-11,41,41,41,41,1973-07-12,1974-07-04
1576440,2015-07-11,2018-11-24,41,41,44,44,1973-11-25,1974-07-11
1591779,,2015-04-18,,,25,28,1986-04-19,1990-04-18
1591779,2015-04-18,2015-04-25,25,28,25,28,1986-04-26,1990-04-18
1591779,2015-04-25,2015-05-16,25,28,25,28,1986-05-17,1990-04-25
1591779,2015-05-16,2015-05-23,25,28,25,28,1986-05-24,1990-05-16
1591779,2015-05-23,2015-06-06,25,28,25,28,1986-06-07,1990-05-23
1591779,2015-06-06,2015-06-20,25,28,29,29,1986-06-07,1986-06-20
1591779,2015-06-20,2015-07-11,29,29,25,28,1986-07-12,1986-06-20
1591779,2015-07-11,2015-07-18,25,28,25,28,1986-07-19,1990-07-11
1591779,2015-07-18,2015-08-08,25,28,25,28,1986-08-09,1990-07-18
1591779,2015-08-08,2015-08-15,25,28,25,28,1986-08-16,1990-08-08
1591779,2015-08-15,2015-08-29,25,28,25,28,1986-08-30,1990-08-15
1591779,2015-08-29,2015-09-05,25,28,25,28,1986-09-06,1990-08-29
1591779,2015-09-05,2015-09-19,25,28,25,28,1986-09-20,1990-09-05
1591779,2015-09-19,2015-10-03,25,28,25,28,1986-10-04,1990-09-19
1591779,2015-10-03,2015-10-10,25,28,25,28,1986-10-11,1990-10-03
1591779,2015-10-10,2015-10-17,25,28,25,28,1986-10-18,1990-10-10
1591779,2015-10-17,2015-10-31,25,28,25,28,1986-11-01,1990-10-17
1591779,2015-10-31,2015-11-07,25,28,25,28,1986-11-08,1990-10-31
1591779,2015-11-07,2015-11-14,25,28,25,28,1986-11-15,1990-11-07
1591779,2015-11-14,2015-12-05,25,28,25,28,1986-12-06,1990-11-14
1591779,2015-12-05,2015-12-19,25,28,25,28,1986-12-20,1990-12-05
1591779,2015-12-19,2016-01-02,25,28,25,28,1987-01-03,1990-12-19
1591779,2016-01-02,2016-01-09,25,28,25,28,1987-01-10,1991-01-02
1591779,2016-01-09,2016-02-06,25,28,25,28,1987-02-07,1991-01-09
1591779,2016-02-06,2016-03-26,25,28,29,29,1987-02-07,1987-03-26
1591779,2016-03-26,2016-04-23,29,29,29,29,1986-04-24,1987-03-26
1591779,2016-04-23,2016-06-25,29,29,29,29,1986-06-26,1987-04-23
1591779,2016-06-25,2016-07-02,29,29,29,29,1986-07-03,1987-06-25
1591779,2016-07-02,2016-07-30,29,29,29,29,1986-07-31,1987-07-02
1591779,2016-07-30,2016-08-27,29,29,29,29,1986-08-28,1987-07-30
1591779,2016-08-27,2016-09-24,29,29,29,29,1986-09-25,1987-08-27
1591779,2016-09-24,2016-12-24,29,29,29,29,1986-12-25,1987-09-24
1594344,,2015-04-18,,,56,56,1958-04-19,1959-04-18
1594344,2015-04-18,2015-05-16,56,56,56,56,1958-05-17,1959-04-18
1594344,2015-05-16,2015-05-23,56,56,56,56,1958-05-24,1959-05-16
1594344,2015-05-23,2015-05-30,56,56,56,56,1958-05-31,1959-05-23
1594344,2015-05-30,2015-06-20,56,56,59,59,1958-05-31,1956-06-20
1594344,2015-06-20,2015-07-04,59,59,56,56,1958-07-05,1956-06-20
1594344,2015-07-04,2015-07-11,56,56,56,56,1958-07-12,1959-07-04
1594344,2015-07-11,2015-08-08,56,56,56,56,1958-08-09,1959-07-11
1594344,2015-08-08,2015-08-22,56,56,56,56,1958-08-23,1959-08-08
1594344,2015-08-22,2015-09-19,56,56,56,56,1958-09-20,1959-08-22
1594344,2015-09-19,2015-10-03,56,56,56,56,1958-10-04,1959-09-19
1594344,2015-10-03,2015-10-31,56,56,57,57,1958-10-04,1958-10-31
1594344,2015-10-31,2015-11-14,57,57,57,57,1957-11-15,1958-10-31
1594344,2015-11-14,2015-12-05,57,57,57,57,1957-12-06,1958-11-14
1594344,2015-12-05,2016-01-02,57,57,57,57,1958-01-03,1958-12-05
1594344,2016-01-02,2016-01-09,57,57,57,57,1958-01-10,1959-01-02
1594344,2016-01-09,2016-02-06,57,57,57,57,1958-02-07,1959-01-09
1594344,2016-02-06,2016-02-20,57,57,57,57,1958-02-21,1959-02-06
1594344,2016-02-20,2016-03-19,57,57,57,57,1958-03-20,1959-02-20
1594344,2016-03-19,2016-03-26,57,57,57,57,1958-03-27,1959-03-19
1594344,2016-03-26,2016-04-02,57,57,57,57,1958-04-03,1959-03-26
1594344,2016-04-02,2016-04-30,57,57,57,57,1958-05-01,1959-04-02
1594344,2016-04-30,2016-05-07,57,57,57,57,1958-05-08,1959-04-30
1594344,2016-05-07,2016-05-14,57,57,57,57,1958-05-15,1959-05-07
1594344,2016-05-14,2016-06-11,57,57,57,57,1958-06-12,1959-05-14
1594344,2016-06-11,2016-06-25,57,57,57,57,1958-06-26,1959-06-11
1594344,2016-06-25,2016-07-23,57,57,57,57,1958-07-24,1959-06-25
1594344,2016-07-23,2016-07-30,57,57,57,57,1958-07-31,1959-07-23
1594344,2016-07-30,2016-09-03,57,57,57,57,1958-09-04,1959-07-30
1594344,2016-09-03,2016-09-10,57,57,57,57,1958-09-11,1959-09-03
1594344,2016-09-10,2016-10-01,57,57,57,57,1958-10-02,1959-09-10
1594344,2016-10-01,2016-10-15,57,57,57,57,1958-10-16,1959-10-01
1594344,2016-10-15,2016-10-22,57,57,58,58,1958-10-16,1958-10-22
1594344,2016-10-22,2016-10-29,58,58,58,58,1957-10-30,1958-10-22
1594344,2016-10-29,2016-11-26,58,58,58,58,1957-11-27,1958-10-29
1594344,2016-11-26,2016-12-03,58,58,58,58,1957-12-04,1958-11-26
1594344,2016-12-03,2016-12-10,58,58,58,58,1957-12-11,1958-12-03
1594344,2016-12-10,2017-01-21,58,58,58,58,1958-01-22,1958-12-10
1594344,2017-01-21,2017-01-28,58,58,58,58,1958-01-29,1959-01-21
1594344,2017-01-28,2017-02-04,58,58,58,58,1958-02-05,1959-01-28
1594344,2017-02-04,2017-03-04,58,58,58,58,1958-03-05,1959-02-04
1594344,2017-03-04,2017-03-11,58,58,58,58,1958-03-12,1959-03-04
1594344,2017-03-11,2017-04-15,58,58,58,58,1958-04-16,1959-03-11
1594344,2017-04-15,2017-04-22,58,58,58,58,1958-04-23,1959-04-15
1594344,2017-04-22,2017-04-29,58,58,58,58,1958-04-30,1959-04-22
1594344,2017-04-29,2017-05-27,58,58,58,58,1958-05-28,1959-04-29
1594344,2017-05-27,2017-06-03,58,58,58,58,1958-06-04,1959-05-27
1594344,2017-06-03,2017-07-15,58,58,58,58,1958-07-16,1959-06-03
1594344,2017-07-15,2017-07-22,58,58,58,58,1958-07-23,1959-07-15
1594344,2017-07-22,2017-08-19,58,58,58,58,1958-08-20,1959-07-22
1594344,2017-08-19,2017-08-26,58,58,58,58,1958-08-27,1959-08-19
1594344,2017-08-26,2017-09-02,58,58,58,58,1958-09-03,1959-08-26
1594344,2017-09-02,2017-09-30,58,58,58,58,1958-10-01,1959-09-02
1594344,2017-09-30,2017-11-11,58,58,59,59,1958-10-01,1958-11-11
1594344,2017-11-11,2017-11-18,59,59,59,59,1957-11-19,1958-11-11
1594344,2017-11-18,2017-12-09,59,59,59,59,1957-12-10,1958-11-18
1594344,2017-12-09,2017-12-23,59,59,59,59,1957-12-24,1958-12-09
1594344,2017-12-23,2018-01-06,59,59,59,59,1958-01-07,1958-12-23
1594344,2018-01-06,2018-01-13,59,59,59,59,1958-01-14,1959-01-06
1594344,2018-01-13,2018-02-10,59,59,59,59,1958-02-11,1959-01-13
1594344,2018-02-10,2018-02-24,59,59,59,59,1958-02-25,1959-02-10
1594344,2018-02-24,2018-03-24,59,59,59,59,1958-03-25,1959-02-24
1594344,2018-03-24,2018-03-31,59,59,59,59,1958-04-01,1959-03-24
1594344,2018-03-31,2018-04-07,59,59,59,59,1958-04-08,1959-03-31
1594344,2018-04-07,2018-05-05,59,59,59,59,1958-05-06,1959-04-07
1606273,,2015-04-25,,,11,11,2003-04-26,2004-04-25
1606273,2015-04-25,2015-05-02,11,11,11,11,2003-05-03,2004-04-25
1606273,2015-05-02,2015-05-30,11,11,11,11,2003-05-31,2004-05-02
1606273,2015-05-30,2015-06-06,11,11,11,11,2003-06-07,2004-05-30
1606273,2015-06-06,2015-06-13,11,11,14,14,2003-06-07,2001-06-13
1606273,2015-06-13,2015-08-08,14,14,11,11,2003-08-09,2001-06-13
1606273,2015-08-08,2015-12-05,11,11,11,11,2003-12-06,2004-08-08
1606273,2015-12-05,2016-03-26,11,11,11,11,2004-03-27,2004-12-05
1606273,2016-03-26,2016-04-02,11,11,12,12,2004-03-27,2004-04-02
1606273,2016-04-02,2016-08-13,12,12,12,12,2003-08-14,2004-04-02
1606273,2016-08-13,2016-08-20,12,12,12,12,2003-08-21,2004-08-13
1606273,2016-08-20,2016-09-10,12,12,12,12,2003-09-11,2004-08-20
1606273,2016-09-10,2016-10-22,12,12,12,12,2003-10-23,2004-09-10
1606273,2016-10-22,2016-10-29,12,12,12,12,2003-10-30,2004-10-22
1606273,2016-10-29,2017-03-25,12,12,12,12,2004-03-26,2004-10-29
1606273,2017-03-25,2017-05-27,12,12,13,13,2004-03-26,2004-05-27
1606273,2017-05-27,2017-06-10,13,13,13,13,2003-06-11,2004-05-27
1606273,2017-06-10,2017-10-21,13,13,13,13,2003-10-22,2004-06-10
1606273,2017-10-21,2017-12-30,13,13,13,13,2003-12-31,2004-10-21
1606273,2017-12-30,2018-04-21,13,13,14,14,2003-12-31,2004-04-21
1606273,2018-04-21,2018-06-30,14,14,14,14,2003-07-01,2004-04-21
1606273,2018-06-30,2018-09-08,14,14,14,14,2003-09-09,2004-06-30
1606273,2018-09-08,2018-12-22,14,14,14,14,2003-12-23,2004-09-08
1606273,2018-12-22,2021-12-04,14,14,17,17,2003-12-23,2004-12-04
1617183,,2015-05-16,,,32,32,1982-05-17,1983-05-16
1617183,2015-05-16,2015-06-06,32,32,32,32,1982-06-07,1983-05-16
1617183,2015-06-06,2015-06-13,32,32,33,33,1982-06-07,1982-06-13
1617183,2015-06-13,2015-06-20,33,33,33,33,1981-06-21,1982-06-13
1617183,2015-06-20,2015-07-04,33,33,32,32,1982-07-05,1982-06-20
1617183,2015-07-04,2015-08-01,32,32,32,32,1982-08-02,1983-07-04
1617183,2015-08-01,2015-08-08,32,32,32,32,1982-08-09,1983-08-01
1617183,2015-08-08,2015-09-05,32,32,32,32,1982-09-06,1983-08-08
1617183,2015-09-05,2015-09-26,32,32,33,33,1982-09-06,1982-09-26
1617183,2015-09-26,2016-01-16,33,33,33,33,1982-01-17,1982-09-26
1617183,2016-01-16,2016-01-23,33,33,33,33,1982-01-24,1983-01-16
1617183,2016-01-23,2016-04-23,33,33,33,33,1982-04-24,1983-01-23
1617183,2016-04-23,2017-07-15,33,33,34,34,1982-07-16,1983-04-23
1617183,2017-07-15,2017-07-29,34,34,34,34,1982-07-30,1983-07-15
1617183,2017-07-29,2018-01-27,34,34,35,35,1982-07-30,1983-01-27
1617183,2018-01-27,2023-05-13,35,35,40,40,1982-05-14,1983-01-27
1617183,2023-05-13,2023-05-20,40,40,40,40,1982-05-21,1983-05-13
1617183,2023-05-20,2023-07-08,40,40,40,40,1982-07-09,1983-05-20
1617183,2023-07-08,2023-07-29,40,40,40,40,1982-07-30,1983-07-08
1617183,2023-07-29,2024-04-06,40,40,41,41,1982-07-30,1983-04-06
1617183,2024-04-06,2024-05-25,41,41,41,41,1982-05-26,1983-04-06
1617183,2024-05-25,2024-06-01,41,41,41,41,1982-06-02,1983-05-25
1617183,2024-06-01,2024-06-22,41,41,41,41,1982-06-23,1983-06-01
1617183,2024-06-22,2024-07-20,41,41,41,41,1982-07-21,1983-06-22
1617183,2024-07-20,2024-07-27,41,41,41,41,1982-07-28,1983-07-20
1617183,2024-07-27,2024-08-10,41,41,41,41,1982-08-11,1983-07-27
1617183,2024-08-10,2024-11-16,41,41,42,42,1982-08-11,1982-11-16
1617183,2024-11-16,2025-06-07,42,42,42,42,1982-06-08,1982-11-16
162024,,2011-07-30,,,59,59,1951-07-31,1952-07-30
162024,2011-07-30,2011-11-12,59,59,58,58,1952-11-13,1952-07-30
1624624,,2015-05-02,,,30,30,1984-05-03,1985-05-02
1624624,2015-05-02,2015-05-09,30,30,30,30,1984-05-10,1985-05-02
1624624,2015-05-09,2015-05-23,30,30,30,30,1984-05-24,1985-05-09
1624624,2015-05-23,2015-06-20,30,30,33,33,1984-05-24,1982-06-20
1624624,2015-06-20,2015-07-25,33,33,30,30,1984-07-26,1982-06-20
1624624,2015-07-25,2018-10-06,30,30,34,34,1984-07-26,1984-10-06
1624624,2018-10-06,2018-10-13,34,34,34,34,1983-10-14,1984-10-06
1624624,2018-10-13,2018-10-20,34,34,34,34,1983-10-21,1984-10-13
1624624,2018-10-20,2018-10-27,34,34,34,34,1983-10-28,1984-10-20
1624624,2018-10-27,2018-11-17,34,34,34,34,1983-11-18,1984-10-27
1624624,2018-11-17,2018-11-24,34,34,34,34,1983-11-25,1984-11-17
1624624,2018-11-24,2018-12-01,34,34,34,34,1983-12-02,1984-11-24
1624624,2018-12-01,2018-12-08,34,34,34,34,1983-12-09,1984-12-01
1624624,2018-12-08,2018-12-15,34,34,34,34,1983-12-16,1984-12-08
1624624,2018-12-15,2018-12-22,34,34,34,34,1983-12-23,1984-12-15
1624624,2018-12-22,2018-12-29,34,34,34,34,1983-12-30,1984-12-22
1624624,2018-12-29,2019-01-01,34,34,34,34,1984-01-02,1984-12-29
1624624,2019-01-01,2019-01-05,34,34,34,34,1984-01-06,1985-01-01
1624624,2019-01-05,2019-01-12,34,34,34,34,1984-01-13,1985-01-05
1624624,2019-01-12,2019-01-19,34,34,34,34,1984-01-20,1985-01-12
1624624,2019-01-19,2019-01-26,34,34,34,34,1984-01-27,1985-01-19
1624624,2019-01-26,2019-02-09,34,34,34,34,1984-02-10,1985-01-26
1624624,2019-02-09,2019-02-23,34,34,34,34,1984-02-24,1985-02-09
1624624,2019-02-23,2019-03-02,34,34,34,34,1984-03-03,1985-02-23
1624624,2019-03-02,2019-03-09,34,34,34,34,1984-03-10,1985-03-02
1624624,2019-03-09,2019-03-16,34,34,34,34,1984-03-17,1985-03-09
1624624,2019-03-16,2019-03-23,34,34,34,34,1984-03-24,1985-03-16
1624624,2019-03-23,2019-03-30,34,34,34,34,1984-03-31,1985-03-23
1624624,2019-03-30,2019-04-06,34,34,34,34,1984-04-07,1985-03-30
1624624,2019-04-06,2019-04-13,34,34,34,34,1984-04-14,1985-04-06
1624624,2019-04-13,2019-04-20,34,34,34,34,1984-04-21,1985-04-13
1624624,2019-04-20,2019-04-27,34,34,34,34,1984-04-28,1985-04-20
1624624,2019-04-27,2019-05-04,34,34,34,34,1984-05-05,1985-04-27
1624624,2019-05-04,2019-05-11,34,34,34,34,1984-05-12,1985-05-04
1624624,2019-05-11,2019-05-25,34,34,34,34,1984-05-26,1985-05-11
1624624,2019-05-25,2019-06-01,34,34,34,34,1984-06-02,1985-05-25
1624624,2019-06-01,2019-06-08,34,34,34,34,1984-06-09,1985-06-01
1624624,2019-06-08,2019-06-15,34,34,34,34,1984-06-16,1985-06-08
1624624,2019-06-15,2019-06-22,34,34,34,34,1984-06-23,1985-06-15
1624624,2019-06-22,2019-07-06,34,34,34,34,1984-07-07,1985-06-22
1624624,2019-07-06,2019-07-13,34,34,34,34,1984-07-14,1985-07-06
1624624,2019-07-13,2019-07-20,34,34,34,34,1984-07-21,1985-07-13
1624624,2019-07-20,2019-07-27,34,34,34,34,1984-07-28,1985-07-20
1624624,2019-07-27,2019-08-03,34,34,34,34,1984-08-04,1985-07-27
1624624,2019-08-03,2019-08-10,34,34,34,34,1984-08-11,1985-08-03
1624624,2019-08-10,2019-08-17,34,34,34,34,1984-08-18,1985-08-10
1624624,2019-08-17,2019-08-31,34,34,34,34,1984-09-01,1985-08-17
1624624,2019-08-31,2019-09-07,34,34,34,34,1984-09-08,1985-08-31
1624624,2019-09-07,2019-10-19,34,34,35,35,1984-09-08,1984-10-19
1624624,2019-10-19,2019-10-26,35,35,35,35,1983-10-27,1984-10-19
1624624,2019-10-26,2019-11-09,35,35,35,35,1983-11-10,1984-10-26
1624624,2019-11-09,2019-12-07,35,35,35,35,1983-12-08,1984-11-09
1624624,2019-12-07,2020-01-01,35,35,35,35,1984-01-02,1984-12-07
1624624,2020-01-01,2020-01-04,35,35,35,35,1984-01-05,1985-01-01
1624624,2020-01-04,2020-01-25,35,35,35,35,1984-01-26,1985-01-04
1624624,2020-01-25,2020-02-01,35,35,35,35,1984-02-02,1985-01-25
1624624,2020-02-01,2020-02-08,35,35,35,35,1984-02-09,1985-02-01
1624624,2020-02-08,2020-02-22,35,35,35,35,1984-02-23,1985-02-08
1624624,2020-02-22,2020-02-29,35,35,35,35,1984-03-01,1985-02-22
1624624,2020-02-29,2021-09-25,35,35,36,36,1984-09-26,1985-03-01
1624624,2021-09-25,2021-10-09,36,36,37,37,1984-09-26,1984-10-09
1624624,2021-10-09,2021-10-16,37,37,37,37,1983-10-17,1984-10-09
1624624,2021-10-16,2021-10-23,37,37,37,37,1983-10-24,1984-10-16
1624624,2021-10-23,2021-10-30,37,37,37,37,1983-10-31,1984-10-23
1624624,2021-10-30,2021-11-13,37,37,37,37,1983-11-14,1984-10-30
1624624,2021-11-13,2021-11-20,37,37,37,37,1983-11-21,1984-11-13
1624624,2021-11-20,2021-11-27,37,37,37,37,1983-11-28,1984-11-20
1624624,2021-11-27,2021-12-11,37,37,37,37,1983-12-12,1984-11-27
1624624,2021-12-11,2021-12-18,37,37,37,37,1983-12-19,1984-12-11
1624624,2021-12-18,2022-01-22,37,37,37,37,1984-01-23,1984-12-18
1624624,2022-01-22,2022-02-05,37,37,37,37,1984-02-06,1985-01-22
1624624,2022-02-05,2022-02-26,37,37,37,37,1984-02-27,1985-02-05
1624624,2022-02-26,2022-03-05,37,37,37,37,1984-03-06,1985-02-26
1624624,2022-03-05,2022-03-19,37,37,37,37,1984-03-20,1985-03-05
1624624,2022-03-19,2022-03-26,37,37,37,37,1984-03-27,1985-03-19
1624624,2022-03-26,2022-04-16,37,37,37,37,1984-04-17,1985-03-26
1624624,2022-04-16,2022-05-21,37,37,37,37,1984-05-22,1985-04-16
1624624,2022-05-21,2022-05-28,37,37,37,37,1984-05-29,1985-05-21
1624624,2022-05-28,2022-06-18,37,37,37,37,1984-06-19,1985-05-28
1624624,2022-06-18,2022-07-02,37,37,37,37,1984-07-03,1985-06-18
1624624,2022-07-02,2022-07-09,37,37,37,37,1984-07-10,1985-07-02
1624624,2022-07-09,2022-07-16,37,37,37,37,1984-07-17,1985-07-09
1624624,2022-07-16,2022-08-06,37,37,37,37,1984-08-07,1985-07-16
1624624,2022-08-06,2022-08-13,37,37,37,37,1984-08-14,1985-08-06
1624624,2022-08-13,2022-08-20,37,37,37,37,1984-08-21,1985-08-13
1624624,2022-08-20,2022-09-10,37,37,37,37,1984-09-11,1985-08-20
1624624,2022-09-10,2022-10-01,37,37,37,37,1984-10-02,1985-09-10
1624624,2022-10-01,2022-10-15,37,37,38,38,1984-10-02,1984-10-15
1624624,2022-10-15,2022-10-29,38,38,38,38,1983-10-30,1984-10-15
1624624,2022-10-29,2022-11-19,38,38,38,38,1983-11-20,1984-10-29
1624624,2022-11-19,2023-02-25,38,38,38,38,1984-02-26,1984-11-19
1624624,2023-02-25,2023-03-04,38,38,38,38,1984-03-05,1985-02-25
1624624,2023-03-04,2023-04-01,38,38,38,38,1984-04-02,1985-03-04
1624624,2023-04-01,2023-04-08,38,38,38,38,1984-04-09,1985-04-01
1624624,2023-04-08,2023-04-15,38,38,38,38,1984-04-16,1985-04-08
1625777,,2015-06-13,,,45,45,1969-06-14,1970-06-13
1625777,2015-06-13,2015-06-27,45,45,45,45,1969-06-28,1970-06-13
1625777,2015-06-27,2015-07-04,45,45,45,45,1969-07-05,1970-06-27
1625777,2015-07-04,2015-07-11,45,45,45,45,1969-07-12,1970-07-04
1625777,2015-07-11,2015-09-05,45,45,45,45,1969-09-06,1970-07-11
1625777,2015-09-05,2015-09-26,45,45,45,45,1969-09-27,1970-09-05
1625777,2015-09-26,2015-10-10,45,45,45,45,1969-10-11,1970-09-26
1625777,2015-10-10,2015-11-07,45,45,45,45,1969-11-08,1970-10-10
1625777,2015-11-07,2015-11-14,45,45,45,45,1969-11-15,1970-11-07
1625777,2015-11-14,2015-11-28,45,45,45,45,1969-11-29,1970-11-14
1625777,2015-11-28,2015-12-05,45,45,45,45,1969-12-06,1970-11-28
1625777,2015-12-05,2015-12-12,45,45,45,45,1969-12-13,1970-12-05
1625777,2015-12-12,2015-12-26,45,45,45,45,1969-12-27,1970-12-12
1625777,2015-12-26,2016-01-01,45,45,45,45,1970-01-02,1970-12-26
1625777,2016-01-01,2016-01-01,45,45,45,45,1970-01-02,1971-01-01
1625777,2016-01-01,2016-01-02,45,45,45,45,1970-01-03,1971-01-01
1625777,2016-01-02,2016-01-16,45,45,45,45,1970-01-17,1971-01-02
1625777,2016-01-16,2016-01-23,45,45,45,45,1970-01-24,1971-01-16
1625777,2016-01-23,2016-01-30,45,45,45,45,1970-01-31,1971-01-23
1625777,2016-01-30,2016-02-06,45,45,45,45,1970-02-07,1971-01-30
1625777,2016-02-06,2016-02-13,45,45,45,45,1970-02-14,1971-02-06
1625777,2016-02-13,2016-02-27,45,45,46,46,1970-02-14,1970-02-27
1625777,2016-02-27,2016-03-05,46,46,46,46,1969-03-06,1970-02-27
1625777,2016-03-05,2016-03-19,46,46,46,46,1969-03-20,1970-03-05
1625777,2016-03-19,2016-04-02,46,46,46,46,1969-04-03,1970-03-19
1625777,2016-04-02,2016-04-09,46,46,46,46,1969-04-10,1970-04-02
1625777,2016-04-09,2016-04-16,46,46,45,45,1970-04-17,1970-04-09
1625777,2016-04-16,2016-04-30,45,45,46,46,1970-04-17,1970-04-30
1625777,2016-04-30,2016-05-07,46,46,46,46,1969-05-08,1970-04-30
1625777,2016-05-07,2016-05-14,46,46,46,46,1969-05-15,1970-05-07
1625777,2016-05-14,2016-05-21,46,46,46,46,1969-05-22,1970-05-14
1625777,2016-05-21,2016-05-28,46,46,46,46,1969-05-29,1970-05-21
1625777,2016-05-28,2016-06-04,46,46,46,46,1969-06-05,1970-05-28
1625777,2016-06-04,2016-06-11,46,46,46,46,1969-06-12,1970-06-04
1625777,2016-06-11,2016-06-25,46,46,46,46,1969-06-26,1970-06-11
1625777,2016-06-25,2016-07-02,46,46,46,46,1969-07-03,1970-06-25
1625777,2016-07-02,2016-07-16,46,46,46,46,1969-07-17,1970-07-02
1625777,2016-07-16,2016-07-23,46,46,46,46,1969-07-24,1970-07-16
1625777,2016-07-23,2016-07-30,46,46,46,46,1969-07-31,1970-07-23
1625777,2016-07-30,2016-09-03,46,46,46,46,1969-09-04,1970-07-30
1625777,2016-09-03,2016-09-10,46,46,46,46,1969-09-11,1970-09-03
1625777,2016-09-10,2016-10-08,46,46,46,46,1969-10-09,1970-09-10
1625777,2016-10-08,2016-10-15,46,46,46,46,1969-10-16,1970-10-08
1625777,2016-10-15,2016-12-10,46,46,46,46,1969-12-11,1970-10-15
1625777,2016-12-10,2017-01-21,46,46,46,46,1970-01-22,1970-12-10
1625777,2017-01-21,2017-04-15,46,46,47,47,1970-01-22,1970-04-15
1625777,2017-04-15,2019-08-31,47,47,49,49,1969-09-01,1970-04-15
1625777,2019-08-31,2019-09-07,49,49,49,49,1969-09-08,1970-08-31
1625777,2019-09-07,2019-09-14,49,49,49,49,1969-09-15,1970-09-07
1625777,2019-09-14,2019-10-05,49,49,49,49,1969-10-06,1970-09-14
1625777,2019-10-05,2021-10-09,49,49,51,51,1969-10-10,1970-10-05
1625777,2021-10-09,2021-10-16,51,51,51,51,1969-10-17,1970-10-09
1625777,2021-10-16,2021-10-23,51,51,51,51,1969-10-24,1970-10-16
1625777,2021-10-23,2021-11-06,51,51,51,51,1969-11-07,1970-10-23
1625777,2021-11-06,2021-12-25,51,51,51,51,1969-12-26,1970-11-06
1625777,2021-12-25,2022-01-22,51,51,51,51,1970-01-23,1970-12-25
1625777,2022-01-22,2022-02-26,51,51,52,52,1970-01-23,1970-02-26
1625777,2022-02-26,2022-03-12,52,52,52,52,1969-03-13,1970-02-26
1625777,2022-03-12,2022-06-18,52,52,52,52,1969-06-19,1970-03-12
1625777,2022-06-18,2022-07-09,52,52,52,52,1969-07-10,1970-06-18
1627386,,2015-05-23,,,12,12,2002-05-24,2003-05-23
1627386,2015-05-23,2015-06-13,12,12,14,14,2002-05-24,2001-06-13
1627386,2015-06-13,2015-06-20,14,14,14,14,2000-06-21,2001-06-13
1627386,2015-06-20,2015-07-04,14,14,12,12,2002-07-05,2001-06-20
1627386,2015-07-04,2015-07-11,12,12,13,13,2002-07-05,2002-07-11
1627386,2015-07-11,2015-07-25,13,13,13,13,2001-07-26,2002-07-11
1627386,2015-07-25,2015-08-01,13,13,13,13,2001-08-02,2002-07-25
1627386,2015-08-01,2015-09-05,13,13,13,13,2001-09-06,2002-08-01
1627386,2015-09-05,2015-11-07,13,13,13,13,2001-11-08,2002-09-05
1627386,2015-11-07,2016-06-11,13,13,13,13,2002-06-12,2002-11-07
1627393,,2015-05-09,,,6,6,2008-05-10,2009-05-09
1627393,2015-05-09,2015-05-23,6,6,6,6,2008-05-24,2009-05-09
1627393,2015-05-23,2015-06-06,6,6,6,6,2008-06-07,2009-05-23
1627393,2015-06-06,2015-06-13,6,6,10,10,2008-06-07,2005-06-13
1627393,2015-06-13,2015-06-20,10,10,10,10,2004-06-21,2005-06-13
1627393,2015-06-20,2015-07-04,10,10,6,6,2008-07-05,2005-06-20
1627393,2015-07-04,2015-07-11,6,6,6,6,2008-07-12,2009-07-04
1627393,2015-07-11,2015-09-05,6,6,6,6,2008-09-06,2009-07-11
1627393,2015-09-05,2015-09-26,6,6,6,6,2008-09-27,2009-09-05
1627393,2015-09-26,2015-10-17,6,6,6,6,2008-10-18,2009-09-26
1627393,2015-10-17,2015-11-07,6,6,6,6,2008-11-08,2009-10-17
1627393,2015-11-07,2016-03-26,6,6,7,7,2008-11-08,2009-03-26
1627393,2016-03-26,2016-05-28,7,7,7,7,2008-05-29,2009-03-26
1627393,2016-05-28,2016-12-10,7,7,7,7,2008-12-11,2009-05-28
1628712,,2015-05-23,,,36,36,1978-05-24,1979-05-23
1628712,2015-05-23,2015-05-30,36,36,36,36,1978-05-31,1979-05-23
1628712,2015-05-30,2015-06-20,36,36,39,39,1978-05-31,1976-06-20
1628712,2015-06-20,2015-06-27,39,39,36,36,1978-06-28,1976-06-20
1628712,2015-06-27,2015-07-18,36,36,36,36,1978-07-19,1979-06-27
1628712,2015-07-18,2015-08-01,36,36,36,36,1978-08-02,1979-07-18
1628924,,2015-05-09,,,39,39,1975-05-10,1976-05-09
1628924,2015-05-09,2015-05-23,39,39,39,39,1975-05-24,1976-05-09
1628924,2015-05-23,2016-07-30,39,39,12,12,2003-07-31,1976-05-23
1628924,2016-07-30,2016-08-06,12,12,12,12,2003-08-07,2004-07-30
1628924,2016-08-06,2016-08-13,12,12,12,12,2003-08-14,2004-08-06
1628924,2016-08-13,2016-09-10,12,12,12,12,2003-09-11,2004-08-13
163693,,2011-07-02,,,50,50,1960-07-03,1961-07-02
163693,2011-07-02,2011-07-09,50,50,51,51,1960-07-03,1960-07-09
163693,2011-07-09,2011-07-23,51,51,51,51,1959-07-24,1960-07-09
163693,2011-07-23,2011-09-03,51,51,51,51,1959-09-04,1960-07-23
163693,2011-09-03,2011-09-10,51,51,51,51,1959-09-11,1960-09-03
163693,2011-09-10,2011-09-17,51,51,51,51,1959-09-18,1960-09-10
163693,2011-09-17,2011-09-24,51,51,52,52,1959-09-18,1959-09-24
163693,2011-09-24,2011-11-12,52,52,51,51,1959-11-13,1959-09-24
163693,2011-11-12,2011-11-19,51,51,51,51,1959-11-20,1960-11-12
163693,2011-11-19,2011-11-26,51,51,51,51,1959-11-27,1960-11-19
163693,2011-11-26,2011-12-03,51,51,51,51,1959-12-04,1960-11-26
163693,2011-12-03,2011-12-10,51,51,51,51,1959-12-11,1960-12-03
163693,2011-12-10,2011-12-17,51,51,51,51,1959-12-18,1960-12-10
163693,2011-12-17,2012-01-14,51,51,51,51,1960-01-15,1960-12-17
163693,2012-01-14,2012-01-21,51,51,51,51,1960-01-22,1961-01-14
163693,2012-01-21,2012-01-28,51,51,51,51,1960-01-29,1961-01-21
163693,2012-01-28,2012-03-10,51,51,51,51,1960-03-11,1961-01-28
163693,2012-03-10,2012-03-17,51,51,51,51,1960-03-18,1961-03-10
1640424,,2015-05-16,,,25,28,1986-05-17,1990-05-16
1640424,2015-05-16,2015-05-23,25,28,25,28,1986-05-24,1990-05-16
1640424,2015-05-23,2015-05-30,25,28,25,28,1986-05-31,1990-05-23
1640424,2015-05-30,2015-06-06,25,28,25,28,1986-06-07,1990-05-30
1640424,2015-06-06,2015-06-20,25,28,29,29,1986-06-07,1986-06-20
1640424,2015-06-20,2015-07-04,29,29,25,28,1986-07-05,1986-06-20
1640424,2015-07-04,2015-07-18,25,28,25,28,1986-07-19,1990-07-04
1640424,2015-07-18,2015-07-25,25,28,25,28,1986-07-26,1990-07-18
1640424,2015-07-25,2015-08-01,25,28,25,28,1986-08-02,1990-07-25
1640424,2015-08-01,2015-08-08,25,28,25,28,1986-08-09,1990-08-01
1640424,2015-08-08,2015-08-15,25,28,25,28,1986-08-16,1990-08-08
1640424,2015-08-15,2015-08-22,25,28,25,28,1986-08-23,1990-08-15
1640424,2015-08-22,2015-08-29,25,28,25,28,1986-08-30,1990-08-22
1640424,2015-08-29,2015-09-05,25,28,25,28,1986-09-06,1990-08-29
1640424,2015-09-05,2015-09-12,25,28,25,28,1986-09-13,1990-09-05
1640424,2015-09-12,2015-09-26,25,28,25,28,1986-09-27,1990-09-12
1640424,2015-09-26,2015-10-03,25,28,25,28,1986-10-04,1990-09-26
1640424,2015-10-03,2015-10-24,25,28,25,28,1986-10-25,1990-10-03
1640424,2015-10-24,2015-10-31,25,28,25,28,1986-11-01,1990-10-24
1640424,2015-10-31,2015-11-21,25,28,25,28,1986-11-22,1990-10-31
1640424,2015-11-21,2015-12-05,25,28,25,28,1986-12-06,1990-11-21
1640424,2015-12-05,2015-12-25,25,28,25,28,1986-12-26,1990-12-05
1640424,2015-12-25,2016-01-02,25,28,25,28,1987-01-03,1990-12-25
1640424,2016-01-02,2016-01-09,25,28,25,28,1987-01-10,1991-01-02
1640424,2016-01-09,2016-03-19,25,28,25,28,1987-03-20,1991-01-09
1640424,2016-03-19,2016-05-14,25,28,25,28,1987-05-15,1991-03-19
1640424,2016-05-14,2016-05-28,25,28,25,28,1987-05-29,1991-05-14
1640424,2016-05-28,2016-08-06,25,28,25,28,1987-08-07,1991-05-28
1640424,2016-08-06,2016-12-03,25,28,29,29,1987-08-07,1987-12-03
1646899,,2015-05-23,,,44,44,1970-05-24,1971-05-23
1646899,2015-05-23,2015-07-04,44,44,44,44,1970-07-05,1971-05-23
1646899,2015-07-04,2015-07-11,44,44,44,44,1970-07-12,1971-07-04
1646899,2015-07-11,2015-07-25,44,44,44,44,1970-07-26,1971-07-11
1646899,2015-07-25,2015-08-22,44,44,44,44,1970-08-23,1971-07-25
1646899,2015-08-22,2015-08-29,44,44,44,44,1970-08-30,1971-08-22
1646899,2015-08-29,2015-09-05,44,44,44,44,1970-09-06,1971-08-29
1646899,2015-09-05,2015-09-26,44,44,44,44,1970-09-27,1971-09-05
1646899,2015-09-26,2015-10-03,44,44,44,44,1970-10-04,1971-09-26
1646899,2015-10-03,2015-10-10,44,44,44,44,1970-10-11,1971-10-03
1646899,2015-10-10,2015-10-31,44,44,44,44,1970-11-01,1971-10-10
1646899,2015-10-31,2015-11-07,44,44,44,44,1970-11-08,1971-10-31
1646899,2015-11-07,2015-11-14,44,44,44,44,1970-11-15,1971-11-07
1646899,2015-11-14,2015-12-05,44,44,44,44,1970-12-06,1971-11-14
1646899,2015-12-05,2015-12-19,44,44,45,45,1970-12-06,1970-12-19
1646899,2015-12-19,2015-12-26,45,45,45,45,1969-12-27,1970-12-19
1646899,2015-12-26,2016-01-01,45,45,45,45,1970-01-02,1970-12-26
1646899,2016-01-01,2016-01-02,45,45,45,45,1970-01-03,1971-01-01
1646899,2016-01-02,2016-01-09,45,45,45,45,1970-01-10,1971-01-02
1646899,2016-01-09,2016-01-16,45,45,45,45,1970-01-17,1971-01-09
1646899,2016-01-16,2016-01-23,45,45,45,45,1970-01-24,1971-01-16
1646899,2016-01-23,2016-01-30,45,45,45,45,1970-01-31,1971-01-23
1646899,2016-01-30,2016-02-06,45,45,45,45,1970-02-07,1971-01-30
1646899,2016-02-06,2016-02-20,45,45,45,45,1970-02-21,1971-02-06
1646899,2016-02-20,2016-02-27,45,45,45,45,1970-02-28,1971-02-20
1646899,2016-02-27,2016-03-12,45,45,45,45,1970-03-13,1971-02-27
1646899,2016-03-12,2016-03-26,45,45,45,45,1970-03-27,1971-03-12
1646899,2016-03-26,2016-04-02,45,45,45,45,1970-04-03,1971-03-26
1646899,2016-04-02,2016-04-16,45,45,45,45,1970-04-17,1971-04-02
1646899,2016-04-16,2016-04-30,45,45,45,45,1970-05-01,1971-04-16
1646899,2016-04-30,2016-05-07,45,45,45,45,1970-05-08,1971-04-30
1646899,2016-05-07,2016-05-14,45,45,45,45,1970-05-15,1971-05-07
1646899,2016-05-14,2016-06-11,45,45,45,45,1970-06-12,1971-05-14
1646899,2016-06-11,2016-06-18,45,45,45,45,1970-06-19,1971-06-11
1646899,2016-06-18,2016-06-25,45,45,45,45,1970-06-26,1971-06-18
1646899,2016-06-25,2016-07-30,45,45,45,45,1970-07-31,1971-06-25
1646899,2016-07-30,2016-08-06,45,45,45,45,1970-08-07,1971-07-30
1646899,2016-08-06,2016-08-13,45,45,45,45,1970-08-14,1971-08-06
1646899,2016-08-13,2016-08-27,45,45,45,45,1970-08-28,1971-08-13
1646899,2016-08-27,2016-09-03,45,45,45,45,1970-09-04,1971-08-27
1646899,2016-09-03,2016-09-10,45,45,45,45,1970-09-11,1971-09-03
1646899,2016-09-10,2016-09-17,45,45,45,45,1970-09-18,1971-09-10
1646899,2016-09-17,2016-10-08,45,45,45,45,1970-10-09,1971-09-17
1646899,2016-10-08,2016-10-22,45,45,45,45,1970-10-23,1971-10-08
1646899,2016-10-22,2016-10-29,45,45,45,45,1970-10-30,1971-10-22
1646899,2016-10-29,2016-11-05,45,45,45,45,1970-11-06,1971-10-29
1646899,2016-11-05,2016-11-19,45,45,45,45,1970-11-20,1971-11-05
1646899,2016-11-19,2016-11-26,45,45,45,45,1970-11-27,1971-11-19
1646899,2016-11-26,2016-12-03,45,45,45,45,1970-12-04,1971-11-26
1646899,2016-12-03,2016-12-10,45,45,45,45,1970-12-11,1971-12-03
1646899,2016-12-10,2016-12-17,45,45,45,45,1970-12-18,1971-12-10
1646899,2016-12-17,2016-12-31,45,45,46,46,1970-12-18,1970-12-31
1646899,2016-12-31,2017-01-01,46,46,46,46,1970-01-02,1970-12-31
1646899,2017-01-01,2017-01-14,46,46,46,46,1970-01-15,1971-01-01
1646899,2017-01-14,2017-01-21,46,46,46,46,1970-01-22,1971-01-14
1646899,2017-01-21,2017-02-04,46,46,46,46,1970-02-05,1971-01-21
1646899,2017-02-04,2017-02-18,46,46,46,46,1970-02-19,1971-02-04
1646899,2017-02-18,2017-02-25,46,46,46,46,1970-02-26,1971-02-18
1646899,2017-02-25,2017-03-04,46,46,45,45,1971-03-05,1971-02-25
1646899,2017-03-04,2017-03-11,45,45,46,46,1971-03-05,1971-03-11
1646899,2017-03-11,2017-03-25,46,46,46,46,1970-03-26,1971-03-11
1646899,2017-03-25,2017-04-01,46,46,46,46,1970-04-02,1971-03-25
1646899,2017-04-01,2017-04-08,46,46,46,46,1970-04-09,1971-04-01
1646899,2017-04-08,2017-04-22,46,46,46,46,1970-04-23,1971-04-08
1646899,2017-04-22,2017-04-29,46,46,46,46,1970-04-30,1971-04-22
1646899,2017-04-29,2017-05-06,46,46,46,46,1970-05-07,1971-04-29
1646899,2017-05-06,2017-06-03,46,46,46,46,1970-06-04,1971-05-06
1646899,2017-06-03,2017-06-24,46,46,46,46,1970-06-25,1971-06-03
1646899,2017-06-24,2017-08-12,46,46,46,46,1970-08-13,1971-06-24
1646899,2017-08-12,2017-10-14,46,46,46,46,1970-10-15,1971-08-12
1646899,2017-10-14,2017-11-04,46,46,46,46,1970-11-05,1971-10-14
1646899,2017-11-04,2017-11-11,46,46,46,46,1970-11-12,1971-11-04
1646899,2017-11-11,2017-12-16,46,46,46,46,1970-12-17,1971-11-11
1646899,2017-12-16,2018-01-06,46,46,47,47,1970-12-17,1971-01-06
1646899,2018-01-06,2018-01-13,47,47,47,47,1970-01-14,1971-01-06
1646899,2018-01-13,2018-01-20,47,47,47,47,1970-01-21,1971-01-13
1646899,2018-01-20,2018-02-17,47,47,47,47,1970-02-18,1971-01-20
1646899,2018-02-17,2018-02-24,47,47,47,47,1970-02-25,1971-02-17
1646899,2018-02-24,2018-03-03,47,47,47,47,1970-03-04,1971-02-24
1646899,2018-03-03,2018-03-24,47,47,47,47,1970-03-25,1971-03-03
1646899,2018-03-24,2019-09-21,47,47,48,48,1970-09-22,1971-03-24
1646899,2019-09-21,2020-01-11,48,48,49,49,1970-09-22,1971-01-11
1646899,2020-01-11,2020-01-18,49,49,49,49,1970-01-19,1971-01-11
1646899,2020-01-18,2020-02-01,49,49,49,49,1970-02-02,1971-01-18
1646899,2020-02-01,2021-10-02,49,49,50,50,1970-10-03,1971-02-01
1646899,2021-10-02,2021-12-25,50,50,51,51,1970-10-03,1970-12-25
1646899,2021-12-25,2022-09-17,51,51,51,51,1970-09-18,1970-12-25
1646899,2022-09-17,2022-11-26,51,51,51,51,1970-11-27,1971-09-17
1646899,2022-11-26,2022-12-03,51,51,51,51,1970-12-04,1971-11-26
1646899,2022-12-03,2022-12-31,51,51,52,52,1970-12-04,1970-12-31
1646899,2022-12-31,2023-01-14,52,52,52,52,1970-01-15,1970-12-31
1646899,2023-01-14,2023-03-04,52,52,52,52,1970-03-05,1971-01-14
1646899,2023-03-04,2023-09-16,52,52,52,52,1970-09-17,1971-03-04
1646899,2023-09-16,2023-10-21,52,52,52,52,1970-10-22,1971-09-16
1646899,2023-10-21,2024-02-03,52,52,53,53,1970-10-22,1971-02-03
1646899,2024-02-03,2024-02-24,53,53,53,53,1970-02-25,1971-02-03
1646899,2024-02-24,2024-03-30,53,53,53,53,1970-03-31,1971-02-24
1646899,2024-03-30,2024-05-25,53,53,53,53,1970-05-26,1971-03-30
1646899,2024-05-25,2024-11-23,53,53,53,53,1970-11-24,1971-05-25
1646899,2024-11-23,2024-12-14,53,53,53,53,1970-12-15,1971-11-23
1646899,2024-12-14,2024-12-21,53,53,54,54,1970-12-15,1970-12-21
1646899,2024-12-21,2025-01-25,54,54,54,54,1970-01-26,1970-12-21
1646899,2025-01-25,2025-03-08,54,54,54,54,1970-03-09,1971-01-25
1646899,2025-03-08,2025-03-22,54,54,54,54,1970-03-23,1971-03-08
1646899,2025-03-22,2025-04-19,54,54,54,54,1970-04-20,1971-03-22
1646899,2025-04-19,2025-05-24,54,54,54,54,1970-05-25,1971-04-19
1646899,2025-05-24,2025-06-14,54,54,54,54,1970-06-15,1971-05-24
1646899,2025-06-14,2025-07-19,54,54,54,54,1970-07-20,1971-06-14
1646899,2025-07-19,2025-09-13,54,54,54,54,1970-09-14,1971-07-19
1646899,2025-09-13,2025-09-20,54,54,54,54,1970-09-21,1971-09-13
1646899,2025-09-20,2025-11-08,54,54,54,54,1970-11-09,1971-09-20
1646899,2025-11-08,2025-11-15,54,54,54,54,1970-11-16,1971-11-08
1646899,2025-11-15,2025-12-06,54,54,54,54,1970-12-07,1971-11-15
1646899,2025-12-06,2026-01-01,54,54,55,55,1970-12-07,1971-01-01
164707,,2011-07-09,,,49,49,1961-07-10,1962-07-09
164707,2011-07-09,2011-07-30,49,49,49,49,1961-07-31,1962-07-09
164707,2011-07-30,2011-08-06,49,49,49,49,1961-08-07,1962-07-30
164707,2011-08-06,2011-08-27,49,49,49,49,1961-08-28,1962-08-06
164707,2011-08-27,2011-09-03,49,49,49,49,1961-09-04,1962-08-27
164707,2011-09-03,2011-09-10,49,49,49,49,1961-09-11,1962-09-03
164707,2011-09-10,2011-09-17,49,49,49,49,1961-09-18,1962-09-10
164707,2011-09-17,2011-09-24,49,49,49,49,1961-09-25,1962-09-17
164707,2011-09-24,2011-10-08,49,49,49,49,1961-10-09,1962-09-24
164707,2011-10-08,2011-11-05,49,49,48,48,1962-11-06,1962-10-08
164707,2011-11-05,2011-11-12,48,48,48,48,1962-11-13,1963-11-05
164707,2011-11-12,2011-11-19,48,48,48,48,1962-11-20,1963-11-12
164707,2011-11-19,2011-12-10,48,48,48,48,1962-12-11,1963-11-19
164707,2011-12-10,2011-12-17,48,48,48,48,1962-12-18,1963-12-10
164707,2011-12-17,2011-12-24,48,48,48,48,1962-12-25,1963-12-17
164707,2011-12-24,2012-01-07,48,48,49,49,1962-12-25,1963-01-07
164707,2012-01-07,2012-01-14,49,49,49,49,1962-01-15,1963-01-07
164707,2012-01-14,2012-01-21,49,49,49,49,1962-01-22,1963-01-14
164707,2012-01-21,2012-01-28,49,49,49,49,1962-01-29,1963-01-21
164707,2012-01-28,2012-02-11,49,49,49,49,1962-02-12,1963-01-28
164707,2012-02-11,2012-02-18,49,49,49,49,1962-02-19,1963-02-11
164707,2012-02-18,2012-02-25,49,49,49,49,1962-02-26,1963-02-18
164707,2012-02-25,2012-03-10,49,49,49,49,1962-03-11,1963-02-25
164707,2012-03-10,2012-03-17,49,49,49,49,1962-03-18,1963-03-10
164707,2012-03-17,2012-03-24,49,49,49,49,1962-03-25,1963-03-17
164707,2012-03-24,2012-03-31,49,49,49,49,1962-04-01,1963-03-24
164707,2012-03-31,2012-04-14,49,49,49,49,1962-04-15,1963-03-31
164707,2012-04-14,2012-04-28,49,49,49,49,1962-04-29,1963-04-14
164707,2012-04-28,2012-05-05,49,49,49,49,1962-05-06,1963-04-28
164707,2012-05-05,2012-05-12,49,49,49,49,1962-05-13,1963-05-05
164707,2012-05-12,2012-05-19,49,49,49,49,1962-05-20,1963-05-12
164707,2012-05-19,2012-05-26,49,49,49,49,1962-05-27,1963-05-19
164707,2012-05-26,2012-06-02,49,49,49,49,1962-06-03,1963-05-26
164707,2012-06-02,2012-06-09,49,49,49,49,1962-06-10,1963-06-02
164707,2012-06-09,2012-06-16,49,49,49,49,1962-06-17,1963-06-09
164707,2012-06-16,2012-06-23,49,49,49,49,1962-06-24,1963-06-16
164707,2012-06-23,2012-06-30,49,49,49,49,1962-07-01,1963-06-23
164707,2012-06-30,2012-07-07,49,49,49,49,1962-07-08,1963-06-30
164707,2012-07-07,2012-07-14,49,49,49,49,1962-07-15,1963-07-07
164707,2012-07-14,2012-07-21,49,49,49,49,1962-07-22,1963-07-14
164707,2012-07-21,2012-08-04,49,49,49,49,1962-08-05,1963-07-21
164707,2012-08-04,2012-08-11,49,49,49,49,1962-08-12,1963-08-04
164707,2012-08-11,2012-08-18,49,49,49,49,1962-08-19,1963-08-11
164707,2012-08-18,2012-09-01,49,49,49,49,1962-09-02,1963-08-18
164707,2012-09-01,2012-09-08,49,49,49,49,1962-09-09,1963-09-01
164707,2012-09-08,2012-09-15,49,49,49,49,1962-09-16,1963-09-08
164707,2012-09-15,2012-09-22,49,49,49,49,1962-09-23,1963-09-15
164707,2012-09-22,2012-09-29,49,49,49,49,1962-09-30,1963-09-22
164707,2012-09-29,2012-10-06,49,49,49,49,1962-10-07,1963-09-29
164707,2012-10-06,2012-10-13,49,49,49,49,1962-10-14,1963-10-06
164707,2012-10-13,2012-10-20,49,49,49,49,1962-10-21,1963-10-13
164707,2012-10-20,2012-10-27,49,49,49,49,1962-10-28,1963-10-20
164707,2012-10-27,2012-11-03,49,49,49,49,1962-11-04,1963-10-27
164707,2012-11-03,2012-11-10,49,49,49,49,1962-11-11,1963-11-03
164707,2012-11-10,2012-11-17,49,49,49,49,1962-11-18,1963-11-10
164707,2012-11-17,2012-12-08,49,49,49,49,1962-12-09,1963-11-17
164707,2012-12-08,2013-01-12,49,49,50,50,1962-12-09,1963-01-12
164707,2013-01-12,2013-01-26,50,50,50,50,1962-01-27,1963-01-12
164707,2013-01-26,2013-02-09,50,50,50,50,1962-02-10,1963-01-26
164707,2013-02-09,2013-02-16,50,50,50,50,1962-02-17,1963-02-09
164707,2013-02-16,2013-02-23,50,50,50,50,1962-02-24,1963-02-16
164707,2013-02-23,2013-03-02,50,50,50,50,1962-03-03,1963-02-23
164707,2013-03-02,2013-03-09,50,50,50,50,1962-03-10,1963-03-02
164707,2013-03-09,2013-03-16,50,50,50,50,1962-03-17,1963-03-09
164707,2013-03-16,2013-03-30,50,50,50,50,1962-03-31,1963-03-16
164707,2013-03-30,2013-04-13,50,50,50,50,1962-04-14,1963-03-30
164707,2013-04-13,2013-04-20,50,50,50,50,1962-04-21,1963-04-13
164707,2013-04-20,2013-04-27,50,50,50,50,1962-04-28,1963-04-20
164707,2013-04-27,2013-05-04,50,50,50,50,1962-05-05,1963-04-27
164707,2013-05-04,2013-05-18,50,50,50,50,1962-05-19,1963-05-04
164707,2013-05-18,2013-05-25,50,50,50,50,1962-05-26,1963-05-18
164707,2013-05-25,2013-06-01,50,50,50,50,1962-06-02,1963-05-25
164707,2013-06-01,2013-06-15,50,50,50,50,1962-06-16,1963-06-01
164707,2013-06-15,2013-06-22,50,50,50,50,1962-06-23,1963-06-15
164707,2013-06-22,2013-09-07,50,50,50,50,1962-09-08,1963-06-22
164707,2013-09-07,2013-09-14,50,50,50,50,1962-09-15,1963-09-07
164707,2013-09-14,2013-09-21,50,50,50,50,1962-09-22,1963-09-14
164707,2013-09-21,2013-09-28,50,50,50,50,1962-09-29,1963-09-21
164707,2013-09-28,2013-10-05,50,50,50,50,1962-10-06,1963-09-28
164707,2013-10-05,2013-10-12,50,50,50,50,1962-10-13,1963-10-05
164707,2013-10-12,2013-10-19,50,50,50,50,1962-10-20,1963-10-12
164707,2013-10-19,2013-11-09,50,50,50,50,1962-11-10,1963-10-19
164707,2013-11-09,2013-11-23,50,50,50,50,1962-11-24,1963-11-09
164707,2013-11-23,2013-11-30,50,50,50,50,1962-12-01,1963-11-23
164707,2013-11-30,2013-12-14,50,50,50,50,1962-12-15,1963-11-30
164707,2013-12-14,2013-12-21,50,50,50,50,1962-12-22,1963-12-14
164707,2013-12-21,2013-12-28,50,50,50,50,1962-12-29,1963-12-21
164707,2013-12-28,2014-01-11,50,50,51,51,1962-12-29,1963-01-11
164707,2014-01-11,2014-01-18,51,51,51,51,1962-01-19,1963-01-11
164707,2014-01-18,2014-01-25,51,51,51,51,1962-01-26,1963-01-18
164707,2014-01-25,2014-03-08,51,51,51,51,1962-03-09,1963-01-25
164707,2014-03-08,2014-03-15,51,51,51,51,1962-03-16,1963-03-08
164707,2014-03-15,2014-04-05,51,51,51,51,1962-04-06,1963-03-15
164707,2014-04-05,2014-04-19,51,51,51,51,1962-04-20,1963-04-05
164707,2014-04-19,2014-05-03,51,51,51,51,1962-05-04,1963-04-19
164707,2014-05-03,2014-05-10,51,51,51,51,1962-05-11,1963-05-03
164707,2014-05-10,2014-05-31,51,51,51,51,1962-06-01,1963-05-10
164707,2014-05-31,2014-06-07,51,51,51,51,1962-06-08,1963-05-31
164707,2014-06-07,2014-06-14,51,51,51,51,1962-06-15,1963-06-07
164707,2014-06-14,2014-06-21,51,51,51,51,1962-06-22,1963-06-14
164707,2014-06-21,2014-06-28,51,51,51,51,1962-06-29,1963-06-21
164707,2014-06-28,2014-07-05,51,51,51,51,1962-07-06,1963-06-28
164707,2014-07-05,2014-07-12,51,51,51,51,1962-07-13,1963-07-05
164707,2014-07-12,2014-08-30,51,51,51,51,1962-08-31,1963-07-12
164707,2014-08-30,2014-09-06,51,51,51,51,1962-09-07,1963-08-30
164707,2014-09-06,2014-09-13,51,51,51,51,1962-09-14,1963-09-06
164707,2014-09-13,2014-09-27,51,51,51,51,1962-09-28,1963-09-13
164707,2014-09-27,2014-10-11,51,51,51,51,1962-10-12,1963-09-27
164707,2014-10-11,2014-10-18,51,51,51,51,1962-10-19,1963-10-11
164707,2014-10-18,2014-10-25,51,51,51,51,1962-10-26,1963-10-18
164707,2014-10-25,2014-11-08,51,51,51,51,1962-11-09,1963-10-25
164707,2014-11-08,2014-11-15,51,51,51,51,1962-11-16,1963-11-08
164707,2014-11-15,2014-11-22,51,51,51,51,1962-11-23,1963-11-15
164707,2014-11-22,2014-11-29,51,51,51,51,1962-11-30,1963-11-22
164707,2014-11-29,2014-12-06,51,51,51,51,1962-12-07,1963-11-29
164707,2014-12-06,2014-12-13,51,51,51,51,1962-12-14,1963-12-06
164707,2014-12-13,2014-12-20,51,51,51,51,1962-12-21,1963-12-13
164707,2014-12-20,2015-01-17,51,51,52,52,1962-12-21,1963-01-17
164707,2015-01-17,2015-01-24,52,52,52,52,1962-01-25,1963-01-17
164707,2015-01-24,2015-01-31,52,52,52,52,1962-02-01,1963-01-24
164707,2015-01-31,2015-02-07,52,52,52,52,1962-02-08,1963-01-31
164707,2015-02-07,2015-02-14,52,52,52,52,1962-02-15,1963-02-07
164707,2015-02-14,2015-02-21,52,52,52,52,1962-02-22,1963-02-14
164707,2015-02-21,2015-03-07,52,52,52,52,1962-03-08,1963-02-21
164707,2015-03-07,2015-03-14,52,52,52,52,1962-03-15,1963-03-07
164707,2015-03-14,2015-03-21,52,52,52,52,1962-03-22,1963-03-14
164707,2015-03-21,2015-03-28,52,52,52,52,1962-03-29,1963-03-21
164707,2015-03-28,2015-04-04,52,52,52,52,1962-04-05,1963-03-28
164707,2015-04-04,2015-04-11,52,52,52,52,1962-04-12,1963-04-04
164707,2015-04-11,2015-04-25,52,52,52,52,1962-04-26,1963-04-11
164707,2015-04-25,2015-05-02,52,52,52,52,1962-05-03,1963-04-25
164707,2015-05-02,2015-05-09,52,52,52,52,1962-05-10,1963-05-02
164707,2015-05-09,2015-05-16,52,52,52,52,1962-05-17,1963-05-09
164707,2015-05-16,2015-05-23,52,52,52,52,1962-05-24,1963-05-16
164707,2015-05-23,2015-05-30,52,52,52,52,1962-05-31,1963-05-23
164707,2015-05-30,2015-06-06,52,52,52,52,1962-06-07,1963-05-30
164707,2015-06-06,2015-06-13,52,52,52,52,1962-06-14,1963-06-06
164707,2015-06-13,2015-06-20,52,52,52,52,1962-06-21,1963-06-13
164707,2015-06-20,2015-07-18,52,52,52,52,1962-07-19,1963-06-20
164707,2015-07-18,2015-07-25,52,52,52,52,1962-07-26,1963-07-18
164707,2015-07-25,2015-08-22,52,52,52,52,1962-08-23,1963-07-25
164707,2015-08-22,2015-09-05,52,52,52,52,1962-09-06,1963-08-22
164707,2015-09-05,2015-09-12,52,52,52,52,1962-09-13,1963-09-05
164707,2015-09-12,2015-09-19,52,52,52,52,1962-09-20,1963-09-12
164707,2015-09-19,2015-09-26,52,52,52,52,1962-09-27,1963-09-19
164707,2015-09-26,2015-10-03,52,52,52,52,1962-10-04,1963-09-26
164707,2015-10-03,2015-10-10,52,52,52,52,1962-10-11,1963-10-03
164707,2015-10-10,2015-10-17,52,52,52,52,1962-10-18,1963-10-10
164707,2015-10-17,2016-04-09,52,52,53,53,1962-10-18,1963-04-09
164707,2016-04-09,2016-05-07,53,53,53,53,1962-05-08,1963-04-09
164707,2016-05-07,2016-05-14,53,53,53,53,1962-05-15,1963-05-07
164707,2016-05-14,2016-05-21,53,53,53,53,1962-05-22,1963-05-14
164707,2016-05-21,2016-09-03,53,53,53,53,1962-09-04,1963-05-21
164707,2016-09-03,2016-11-05,53,53,53,53,1962-11-06,1963-09-03
164707,2016-11-05,2016-11-19,53,53,53,53,1962-11-20,1963-11-05
164707,2016-11-19,2016-11-26,53,53,53,53,1962-11-27,1963-11-19
164707,2016-11-26,2016-12-03,53,53,53,53,1962-12-04,1963-11-26
164707,2016-12-03,2016-12-10,53,53,53,53,1962-12-11,1963-12-03
164707,2016-12-10,2016-12-17,53,53,53,53,1962-12-18,1963-12-10
164707,2016-12-17,2017-01-07,53,53,54,54,1962-12-18,1963-01-07
164707,2017-01-07,2017-01-21,54,54,54,54,1962-01-22,1963-01-07
164707,2017-01-21,2017-01-28,54,54,54,54,1962-01-29,1963-01-21
164707,2017-01-28,2017-02-04,54,54,54,54,1962-02-05,1963-01-28
164707,2017-02-04,2017-02-11,54,54,54,54,1962-02-12,1963-02-04
164707,2017-02-11,2017-02-25,54,54,54,54,1962-02-26,1963-02-11
164707,2017-02-25,2017-03-11,54,54,54,54,1962-03-12,1963-02-25
164707,2017-03-11,2017-03-18,54,54,54,54,1962-03-19,1963-03-11
164707,2017-03-18,2017-03-25,54,54,54,54,1962-03-26,1963-03-18
164707,2017-03-25,2017-04-01,54,54,54,54,1962-04-02,1963-03-25
164707,2017-04-01,2017-04-08,54,54,54,54,1962-04-09,1963-04-01
164707,2017-04-08,2017-12-09,54,54,54,54,1962-12-10,1963-04-08
164707,2017-12-09,2018-07-07,54,54,55,55,1962-12-10,1963-07-07
164707,2018-07-07,2018-07-28,55,55,55,55,1962-07-29,1963-07-07
164707,2018-07-28,2018-08-04,55,55,55,55,1962-08-05,1963-07-28
164707,2018-08-04,2018-08-11,55,55,55,55,1962-08-12,1963-08-04
164707,2018-08-11,2018-09-15,55,55,55,55,1962-09-16,1963-08-11
164707,2018-09-15,2018-09-22,55,55,55,55,1962-09-23,1963-09-15
164707,2018-09-22,2018-09-29,55,55,55,55,1962-09-30,1963-09-22
164707,2018-09-29,2018-10-06,55,55,55,55,1962-10-07,1963-09-29
164707,2018-10-06,2018-10-13,55,55,55,55,1962-10-14,1963-10-06
164707,2018-10-13,2018-10-27,55,55,55,55,1962-10-28,1963-10-13
164707,2018-10-27,2018-11-10,55,55,55,55,1962-11-11,1963-10-27
164707,2018-11-10,2018-11-17,55,55,55,55,1962-11-18,1963-11-10
164707,2018-11-17,2018-11-24,55,55,55,55,1962-11-25,1963-11-17
164707,2018-11-24,2018-12-08,55,55,55,55,1962-12-09,1963-11-24
164707,2018-12-08,2018-12-15,55,55,55,55,1962-12-16,1963-12-08
164707,2018-12-15,2018-12-22,55,55,55,55,1962-12-23,1963-12-15
164707,2018-12-22,2018-12-25,55,55,55,55,1962-12-26,1963-12-22
164707,2018-12-25,2019-01-12,55,55,56,56,1962-12-26,1963-01-12
164707,2019-01-12,2019-01-19,56,56,56,56,1962-01-20,1963-01-12
164707,2019-01-19,2019-02-02,56,56,56,56,1962-02-03,1963-01-19
164707,2019-02-02,2019-02-09,56,56,56,56,1962-02-10,1963-02-02
164707,2019-02-09,2019-03-02,56,56,56,56,1962-03-03,1963-02-09
164707,2019-03-02,2019-03-09,56,56,56,56,1962-03-10,1963-03-02
164707,2019-03-09,2019-03-23,56,56,56,56,1962-03-24,1963-03-09
164707,2019-03-23,2019-03-30,56,56,56,56,1962-03-31,1963-03-23
164707,2019-03-30,2019-09-28,56,56,56,56,1962-09-29,1963-03-30
164707,2019-09-28,2020-01-11,56,56,57,57,1962-09-29,1963-01-11
164707,2020-01-11,2020-01-18,57,57,57,57,1962-01-19,1963-01-11
164707,2020-01-18,2020-02-08,57,57,57,57,1962-02-09,1963-01-18
164707,2020-02-08,2020-02-22,57,57,57,57,1962-02-23,1963-02-08
164707,2020-02-22,2020-03-07,57,57,57,57,1962-03-08,1963-02-22
164707,2020-03-07,2021-08-14,57,57,58,58,1962-08-15,1963-03-07
164707,2021-08-14,2021-09-11,58,58,58,58,1962-09-12,1963-08-14
164707,2021-09-11,2021-09-25,58,58,58,58,1962-09-26,1963-09-11
164707,2021-09-25,2021-10-09,58,58,58,58,1962-10-10,1963-09-25
164707,2021-10-09,2021-10-23,58,58,58,58,1962-10-24,1963-10-09
164707,2021-10-23,2021-11-13,58,58,58,58,1962-11-14,1963-10-23
164707,2021-11-13,2021-11-27,58,58,58,58,1962-11-28,1963-11-13
164707,2021-11-27,2021-12-04,58,58,58,58,1962-12-05,1963-11-27
164707,2021-12-04,2021-12-11,58,58,58,58,1962-12-12,1963-12-04
164707,2021-12-11,2021-12-18,58,58,58,58,1962-12-19,1963-12-11
164707,2021-12-18,2021-12-25,58,58,58,58,1962-12-26,1963-12-18
164707,2021-12-25,2022-01-01,58,58,58,58,1963-01-02,1963-12-25
164707,2022-01-01,2022-01-15,58,58,59,59,1963-01-02,1963-01-15
164707,2022-01-15,2022-01-22,59,59,59,59,1962-01-23,1963-01-15
164707,2022-01-22,2022-01-29,59,59,59,59,1962-01-30,1963-01-22
164707,2022-01-29,2022-02-05,59,59,59,59,1962-02-06,1963-01-29
164707,2022-02-05,2022-03-05,59,59,59,59,1962-03-06,1963-02-05
164707,2022-03-05,2022-03-26,59,59,59,59,1962-03-27,1963-03-05
164707,2022-03-26,2022-04-02,59,59,59,59,1962-04-03,1963-03-26
164707,2022-04-02,2022-04-16,59,59,59,59,1962-04-17,1963-04-02
164707,2022-04-16,2022-04-23,59,59,59,59,1962-04-24,1963-04-16
164707,2022-04-23,2022-04-30,59,59,59,59,1962-05-01,1963-04-23
164707,2022-04-30,2022-05-21,59,59,59,59,1962-05-22,1963-04-30
164707,2022-05-21,2022-06-11,59,59,59,59,1962-06-12,1963-05-21
164707,2022-06-11,2022-07-02,59,59,59,59,1962-07-03,1963-06-11
164707,2022-07-02,2022-10-01,59,59,59,59,1962-10-02,1963-07-02
164707,2022-10-01,2022-10-08,59,59,59,59,1962-10-09,1963-10-01
164707,2022-10-08,2022-10-15,59,59,59,59,1962-10-16,1963-10-08
164707,2022-10-15,2022-12-03,59,59,59,59,1962-12-04,1963-10-15
164707,2022-12-03,2022-12-10,59,59,59,59,1962-12-11,1963-12-03
164707,2022-12-10,2022-12-24,59,59,59,59,1962-12-25,1963-12-10
164707,2022-12-24,2022-12-25,59,59,59,59,1962-12-26,1963-12-24
164707,2022-12-25,2023-04-15,59,59,60,60,1962-12-26,1963-04-15
164707,2023-04-15,2023-04-22,60,60,60,60,1962-04-23,1963-04-15
164707,2023-04-22,2023-04-29,60,60,60,60,1962-04-30,1963-04-22
164707,2023-04-29,2023-05-13,60,60,60,60,1962-05-14,1963-04-29
164707,2023-05-13,2023-06-03,60,60,60,60,1962-06-04,1963-05-13
164707,2023-06-03,2023-07-08,60,60,60,60,1962-07-09,1963-06-03
164707,2023-07-08,2023-07-15,60,60,60,60,1962-07-16,1963-07-08
164707,2023-07-15,2023-07-22,60,60,60,60,1962-07-23,1963-07-15
164707,2023-07-22,2023-07-29,60,60,60,60,1962-07-30,1963-07-22
164707,2023-07-29,2023-08-26,60,60,60,60,1962-08-27,1963-07-29
164707,2023-08-26,2023-09-02,60,60,60,60,1962-09-03,1963-08-26
164707,2023-09-02,2023-09-09,60,60,60,60,1962-09-10,1963-09-02
164707,2023-09-09,2023-09-30,60,60,60,60,1962-10-01,1963-09-09
164707,2023-09-30,2023-10-14,60,60,60,60,1962-10-15,1963-09-30
164707,2023-10-14,2023-10-21,60,60,60,60,1962-10-22,1963-10-14
164707,2023-10-21,2023-11-04,60,60,60,60,1962-11-05,1963-10-21
164707,2023-11-04,2023-11-11,60,60,60,60,1962-11-12,1963-11-04
164707,2023-11-11,2023-11-18,60,60,60,60,1962-11-19,1963-11-11
164707,2023-11-18,2023-12-02,60,60,60,60,1962-12-03,1963-11-18
164707,2023-12-02,2023-12-16,60,60,60,60,1962-12-17,1963-12-02
164707,2023-12-16,2023-12-25,60,60,60,60,1962-12-26,1963-12-16
164707,2023-12-25,2023-12-30,60,60,60,60,1962-12-31,1963-12-25
164707,2023-12-30,2024-01-06,60,60,61,61,1962-12-31,1963-01-06
164707,2024-01-06,2024-01-13,61,61,61,61,1962-01-14,1963-01-06
164707,2024-01-13,2024-01-20,61,61,61,61,1962-01-21,1963-01-13
164707,2024-01-20,2024-02-03,61,61,61,61,1962-02-04,1963-01-20
164707,2024-02-03,2024-02-17,61,61,61,61,1962-02-18,1963-02-03
164707,2024-02-17,2024-02-24,61,61,61,61,1962-02-25,1963-02-17
164707,2024-02-24,2024-03-02,61,61,61,61,1962-03-03,1963-02-24
164707,2024-03-02,2024-03-09,61,61,61,61,1962-03-10,1963-03-02
164707,2024-03-09,2024-03-23,61,61,61,61,1962-03-24,1963-03-09
164707,2024-03-23,2024-03-30,61,61,61,61,1962-03-31,1963-03-23
164707,2024-03-30,2024-04-13,61,61,61,61,1962-04-14,1963-03-30
164707,2024-04-13,2024-04-20,61,61,61,61,1962-04-21,1963-04-13
164707,2024-04-20,2024-05-04,61,61,61,61,1962-05-05,1963-04-20
164707,2024-05-04,2024-05-11,61,61,61,61,1962-05-12,1963-05-04
164707,2024-05-11,2024-05-18,61,61,61,61,1962-05-19,1963-05-11
164707,2024-05-18,2024-05-25,61,61,61,61,1962-05-26,1963-05-18
164707,2024-05-25,2024-06-01,61,61,61,61,1962-06-02,1963-05-25
164707,2024-06-01,2024-06-08,61,61,61,61,1962-06-09,1963-06-01
164707,2024-06-08,2024-06-15,61,61,61,61,1962-06-16,1963-06-08
164707,2024-06-15,2024-06-22,61,61,61,61,1962-06-23,1963-06-15
164707,2024-06-22,2024-06-29,61,61,61,61,1962-06-30,1963-06-22
164707,2024-06-29,2024-07-06,61,61,61,61,1962-07-07,1963-06-29
164707,2024-07-06,2024-07-20,61,61,61,61,1962-07-21,1963-07-06
164707,2024-07-20,2024-08-03,61,61,61,61,1962-08-04,1963-07-20
164707,2024-08-03,2024-08-24,61,61,61,61,1962-08-25,1963-08-03
164707,2024-08-24,2024-08-31,61,61,61,61,1962-09-01,1963-08-24
164707,2024-08-31,2024-09-07,61,61,61,61,1962-09-08,1963-08-31
164707,2024-09-07,2024-09-14,61,61,61,61,1962-09-15,1963-09-07
164707,2024-09-14,2024-09-21,61,61,61,61,1962-09-22,1963-09-14
164707,2024-09-21,2024-09-28,61,61,61,61,1962-09-29,1963-09-21
164707,2024-09-28,2024-10-05,61,61,61,61,1962-10-06,1963-09-28
164707,2024-10-05,2024-10-12,61,61,61,61,1962-10-13,1963-10-05
164707,2024-10-12,2024-10-26,61,61,61,61,1962-10-27,1963-10-12
164707,2024-10-26,2024-11-02,61,61,61,61,1962-11-03,1963-10-26
164707,2024-11-02,2024-11-09,61,61,61,61,1962-11-10,1963-11-02
164707,2024-11-09,2024-11-16,61,61,61,61,1962-11-17,1963-11-09
164707,2024-11-16,2024-11-23,61,61,61,61,1962-11-24,1963-11-16
164707,2024-11-23,2024-11-30,61,61,61,61,1962-12-01,1963-11-23
164707,2024-11-30,2024-12-14,61,61,61,61,1962-12-15,1963-11-30
164707,2024-12-14,2024-12-25,61,61,61,61,1962-12-26,1963-12-14
164707,2024-12-25,2024-12-28,61,61,61,61,1962-12-29,1963-12-25
164707,2024-12-28,2025-01-04,61,61,61,61,1963-01-05,1963-12-28
164707,2025-01-04,2025-01-11,61,61,62,62,1963-01-05,1963-01-11
164707,2025-01-11,2025-01-18,62,62,62,62,1962-01-19,1963-01-11
164707,2025-01-18,2025-02-01,62,62,62,62,1962-02-02,1963-01-18
164707,2025-02-01,2025-02-08,62,62,62,62,1962-02-09,1963-02-01
164707,2025-02-08,2025-02-15,62,62,62,62,1962-02-16,1963-02-08
164707,2025-02-15,2025-02-22,62,62,62,62,1962-02-23,1963-02-15
164707,2025-02-22,2025-03-01,62,62,62,62,1962-03-02,1963-02-22
164707,2025-03-01,2025-03-08,62,62,62,62,1962-03-09,1963-03-01
164707,2025-03-08,2025-03-15,62,62,62,62,1962-03-16,1963-03-08
164707,2025-03-15,2025-03-22,62,62,62,62,1962-03-23,1963-03-15
164707,2025-03-22,2025-03-29,62,62,62,62,1962-03-30,1963-03-22
164707,2025-03-29,2025-04-26,62,62,62,62,1962-04-27,1963-03-29
164707,2025-04-26,2025-05-17,62,62,62,62,1962-05-18,1963-04-26
164707,2025-05-17,2025-06-07,62,62,62,62,1962-06-08,1963-05-17
164707,2025-06-07,2025-06-21,62,62,62,62,1962-06-22,1963-06-07
164707,2025-06-21,2025-06-28,62,62,62,62,1962-06-29,1963-06-21
164707,2025-06-28,2025-07-05,62,62,62,62,1962-07-06,1963-06-28
164707,2025-07-05,2025-07-12,62,62,62,62,1962-07-13,1963-07-05
164707,2025-07-12,2025-07-26,62,62,62,62,1962-07-27,1963-07-12
164707,2025-07-26,2025-09-27,62,62,62,62,1962-09-28,1963-07-26
164707,2025-09-27,2025-10-04,62,62,62,62,1962-10-05,1963-09-27
164707,2025-10-04,2025-10-18,62,62,62,62,1962-10-19,1963-10-04
164707,2025-10-18,2025-11-08,62,62,62,62,1962-11-09,1963-10-18
164707,2025-11-08,2025-11-15,62,62,62,62,1962-11-16,1963-11-08
164707,2025-11-15,2025-11-22,62,62,62,62,1962-11-23,1963-11-15
164707,2025-11-22,2025-11-29,62,62,62,62,1962-11-30,1963-11-22
164707,2025-11-29,2025-12-06,62,62,62,62,1962-12-07,1963-11-29
164707,2025-12-06,2025-12-13,62,62,62,62,1962-12-14,1963-12-06
164707,2025-12-13,2025-12-20,62,62,62,62,1962-12-21,1963-12-13
164707,2025-12-20,2025-12-27,62,62,62,62,1962-12-28,1963-12-20
164707,2025-12-27,2026-01-03,62,62,62,62,1963-01-04,1963-12-27
164707,2026-01-03,2026-01-17,62,62,63,63,1963-01-04,1963-01-17
164707,2026-01-17,2026-01-24,63,63,63,63,1962-01-25,1963-01-17
1649546,,2015-06-06,,,55,55,1959-06-07,1960-06-06
1649546,2015-06-06,2015-06-20,55,55,59,59,1959-06-07,1956-06-20
1649546,2015-06-20,2015-07-04,59,59,55,55,1959-07-05,1956-06-20
1649546,2015-07-04,2015-07-11,55,55,55,55,1959-07-12,1960-07-04
1649546,2015-07-11,2015-07-25,55,55,55,55,1959-07-26,1960-07-11
1649546,2015-07-25,2015-08-01,55,55,55,55,1959-08-02,1960-07-25
1649546,2015-08-01,2015-08-08,55,55,55,55,1959-08-09,1960-08-01
1649546,2015-08-08,2015-08-29,55,55,55,55,1959-08-30,1960-08-08
1649546,2015-08-29,2015-09-12,55,55,55,55,1959-09-13,1960-08-29
1649546,2015-09-12,2015-09-19,55,55,55,55,1959-09-20,1960-09-12
1649546,2015-09-19,2015-10-03,55,55,55,55,1959-10-04,1960-09-19
1649546,2015-10-03,2015-10-17,55,55,55,55,1959-10-18,1960-10-03
1649546,2015-10-17,2015-10-24,55,55,55,55,1959-10-25,1960-10-17
1649546,2015-10-24,2015-10-31,55,55,55,55,1959-11-01,1960-10-24
1649546,2015-10-31,2015-11-07,55,55,55,55,1959-11-08,1960-10-31
1649546,2015-11-07,2015-11-14,55,55,55,55,1959-11-15,1960-11-07
1649546,2015-11-14,2015-11-21,55,55,55,55,1959-11-22,1960-11-14
1649546,2015-11-21,2016-01-02,55,55,55,55,1960-01-03,1960-11-21
1649546,2016-01-02,2016-01-09,55,55,55,55,1960-01-10,1961-01-02
1649546,2016-01-09,2016-01-16,55,55,55,55,1960-01-17,1961-01-09
1649546,2016-01-16,2016-01-23,55,55,55,55,1960-01-24,1961-01-16
1649546,2016-01-23,2016-01-30,55,55,55,55,1960-01-31,1961-01-23
1649546,2016-01-30,2016-02-06,55,55,55,55,1960-02-07,1961-01-30
1649546,2016-02-06,2016-02-13,55,55,55,55,1960-02-14,1961-02-06
1649546,2016-02-13,2016-02-20,55,55,55,55,1960-02-21,1961-02-13
1649546,2016-02-20,2016-03-19,55,55,55,55,1960-03-20,1961-02-20
1649546,2016-03-19,2016-07-16,55,55,56,56,1960-03-20,1960-07-16
1649546,2016-07-16,2016-07-23,56,56,56,56,1959-07-24,1960-07-16
1649546,2016-07-23,2016-07-30,56,56,56,56,1959-07-31,1960-07-23
1649546,2016-07-30,2016-08-06,56,56,56,56,1959-08-07,1960-07-30
1649546,2016-08-06,2016-08-13,56,56,56,56,1959-08-14,1960-08-06
1649546,2016-08-13,2016-09-03,56,56,56,56,1959-09-04,1960-08-13
1649546,2016-09-03,2016-09-10,56,56,56,56,1959-09-11,1960-09-03
1649546,2016-09-10,2016-10-01,56,56,56,56,1959-10-02,1960-09-10
1649546,2016-10-01,2016-10-08,56,56,56,56,1959-10-09,1960-10-01
1649546,2016-10-08,2016-10-15,56,56,56,56,1959-10-16,1960-10-08
1649546,2016-10-15,2016-10-22,56,56,56,56,1959-10-23,1960-10-15
1649546,2016-10-22,2016-11-12,56,56,56,56,1959-11-13,1960-10-22
1649546,2016-11-12,2016-12-03,56,56,56,56,1959-12-04,1960-11-12
1649546,2016-12-03,2016-12-10,56,56,56,56,1959-12-11,1960-12-03
1649546,2016-12-10,2016-12-24,56,56,56,56,1959-12-25,1960-12-10
1649546,2016-12-24,2016-12-31,56,56,56,56,1960-01-01,1960-12-24
1649546,2016-12-31,2017-02-04,56,56,56,56,1960-02-05,1960-12-31
1649546,2017-02-04,2017-02-18,56,56,56,56,1960-02-19,1961-02-04
1649546,2017-02-18,2017-02-25,56,56,56,56,1960-02-26,1961-02-18
1649546,2017-02-25,2017-03-11,56,56,56,56,1960-03-12,1961-02-25
1649546,2017-03-11,2017-03-18,56,56,56,56,1960-03-19,1961-03-11
1649546,2017-03-18,2017-03-25,56,56,56,56,1960-03-26,1961-03-18
1649546,2017-03-25,2017-04-01,56,56,57,57,1960-03-26,1960-04-01
1649546,2017-04-01,2017-04-08,57,57,57,57,1959-04-09,1960-04-01
1649546,2017-04-08,2017-04-22,57,57,57,57,1959-04-23,1960-04-08
1649546,2017-04-22,2017-04-29,57,57,57,57,1959-04-30,1960-04-22
1649546,2017-04-29,2017-05-06,57,57,57,57,1959-05-07,1960-04-29
1649546,2017-05-06,2017-05-27,57,57,57,57,1959-05-28,1960-05-06
1649546,2017-05-27,2017-06-03,57,57,57,57,1959-06-04,1960-05-27
1649546,2017-06-03,2017-06-17,57,57,57,57,1959-06-18,1960-06-03
1649546,2017-06-17,2017-07-01,57,57,57,57,1959-07-02,1960-06-17
1649546,2017-07-01,2017-07-08,57,57,57,57,1959-07-09,1960-07-01
1649546,2017-07-08,2017-07-15,57,57,57,57,1959-07-16,1960-07-08
1649546,2017-07-15,2017-07-29,57,57,57,57,1959-07-30,1960-07-15
1649546,2017-07-29,2017-08-05,57,57,57,57,1959-08-06,1960-07-29
1649546,2017-08-05,2017-08-12,57,57,57,57,1959-08-13,1960-08-05
1649546,2017-08-12,2017-09-02,57,57,57,57,1959-09-03,1960-08-12
1649546,2017-09-02,2017-09-23,57,57,57,57,1959-09-24,1960-09-02
1649546,2017-09-23,2017-09-30,57,57,57,57,1959-10-01,1960-09-23
1649546,2017-09-30,2017-10-07,57,57,57,57,1959-10-08,1960-09-30
1649546,2017-10-07,2017-10-21,57,57,57,57,1959-10-22,1960-10-07
1649546,2017-10-21,2017-10-28,57,57,57,57,1959-10-29,1960-10-21
1649546,2017-10-28,2017-11-04,57,57,57,57,1959-11-05,1960-10-28
1649546,2017-11-04,2017-11-11,57,57,57,57,1959-11-12,1960-11-04
1649546,2017-11-11,2017-12-23,57,57,57,57,1959-12-24,1960-11-11
1649546,2017-12-23,2017-12-30,57,57,57,57,1959-12-31,1960-12-23
1649546,2017-12-30,2018-01-06,57,57,57,57,1960-01-07,1960-12-30
1649546,2018-01-06,2018-01-13,57,57,57,57,1960-01-14,1961-01-06
1649546,2018-01-13,2018-01-20,57,57,57,57,1960-01-21,1961-01-13
1649546,2018-01-20,2018-01-27,57,57,57,57,1960-01-28,1961-01-20
1649546,2018-01-27,2018-03-24,57,57,57,57,1960-03-25,1961-01-27
1649546,2018-03-24,2018-03-31,57,57,58,58,1960-03-25,1960-03-31
1649546,2018-03-31,2018-04-07,58,58,58,58,1959-04-08,1960-03-31
1649546,2018-04-07,2018-04-14,58,58,58,58,1959-04-15,1960-04-07
1649546,2018-04-14,2018-04-21,58,58,58,58,1959-04-22,1960-04-14
1649546,2018-04-21,2018-05-05,58,58,58,58,1959-05-06,1960-04-21
1649546,2018-05-05,2018-05-12,58,58,58,58,1959-05-13,1960-05-05
1649546,2018-05-12,2018-05-19,58,58,58,58,1959-05-20,1960-05-12
1649546,2018-05-19,2018-05-26,58,58,58,58,1959-05-27,1960-05-19
1649546,2018-05-26,2018-06-02,58,58,58,58,1959-06-03,1960-05-26
1649546,2018-06-02,2018-06-09,58,58,58,58,1959-06-10,1960-06-02
1649546,2018-06-09,2018-06-30,58,58,58,58,1959-07-01,1960-06-09
1649546,2018-06-30,2018-07-07,58,58,58,58,1959-07-08,1960-06-30
1649546,2018-07-07,2018-07-14,58,58,58,58,1959-07-15,1960-07-07
1649546,2018-07-14,2018-07-21,58,58,58,58,1959-07-22,1960-07-14
1649546,2018-07-21,2018-07-28,58,58,58,58,1959-07-29,1960-07-21
1649546,2018-07-28,2018-08-18,58,58,58,58,1959-08-19,1960-07-28
1649546,2018-08-18,2018-08-25,58,58,58,58,1959-08-26,1960-08-18
1649546,2018-08-25,2018-09-01,58,58,58,58,1959-09-02,1960-08-25
1649546,2018-09-01,2018-09-08,58,58,58,58,1959-09-09,1960-09-01
1649546,2018-09-08,2018-09-15,58,58,58,58,1959-09-16,1960-09-08
1649546,2018-09-15,2018-09-22,58,58,58,58,1959-09-23,1960-09-15
1649546,2018-09-22,2018-09-29,58,58,58,58,1959-09-30,1960-09-22
1649546,2018-09-29,2018-10-06,58,58,58,58,1959-10-07,1960-09-29
1649546,2018-10-06,2018-10-13,58,58,58,58,1959-10-14,1960-10-06
1649546,2018-10-13,2018-10-20,58,58,58,58,1959-10-21,1960-10-13
1649546,2018-10-20,2018-10-27,58,58,58,58,1959-10-28,1960-10-20
1649546,2018-10-27,2018-11-17,58,58,58,58,1959-11-18,1960-10-27
1649546,2018-11-17,2018-11-24,58,58,58,58,1959-11-25,1960-11-17
1649546,2018-11-24,2018-12-08,58,58,58,58,1959-12-09,1960-11-24
1649546,2018-12-08,2018-12-22,58,58,58,58,1959-12-23,1960-12-08
1649546,2018-12-22,2018-12-29,58,58,58,58,1959-12-30,1960-12-22
1649546,2018-12-29,2019-01-05,58,58,58,58,1960-01-06,1960-12-29
1649546,2019-01-05,2019-01-12,58,58,58,58,1960-01-13,1961-01-05
1649546,2019-01-12,2019-01-19,58,58,58,58,1960-01-20,1961-01-12
1649546,2019-01-19,2019-01-26,58,58,58,58,1960-01-27,1961-01-19
1649546,2019-01-26,2019-02-02,58,58,58,58,1960-02-03,1961-01-26
1649546,2019-02-02,2019-02-09,58,58,58,58,1960-02-10,1961-02-02
1649546,2019-02-09,2019-02-16,58,58,58,58,1960-02-17,1961-02-09
1649546,2019-02-16,2019-02-23,58,58,58,58,1960-02-24,1961-02-16
1649546,2019-02-23,2019-03-02,58,58,58,58,1960-03-03,1961-02-23
1649546,2019-03-02,2019-03-09,58,58,58,58,1960-03-10,1961-03-02
1649546,2019-03-09,2019-03-16,58,58,58,58,1960-03-17,1961-03-09
1649546,2019-03-16,2019-03-30,58,58,59,59,1960-03-17,1960-03-30
1649546,2019-03-30,2019-04-13,59,59,59,59,1959-04-14,1960-03-30
1649546,2019-04-13,2019-05-04,59,59,59,59,1959-05-05,1960-04-13
1649546,2019-05-04,2019-05-11,59,59,59,59,1959-05-12,1960-05-04
1649546,2019-05-11,2019-05-18,59,59,59,59,1959-05-19,1960-05-11
1649546,2019-05-18,2019-06-01,59,59,59,59,1959-06-02,1960-05-18
1649546,2019-06-01,2019-06-08,59,59,59,59,1959-06-09,1960-06-01
1649546,2019-06-08,2019-06-15,59,59,59,59,1959-06-16,1960-06-08
1649546,2019-06-15,2019-06-29,59,59,59,59,1959-06-30,1960-06-15
1649546,2019-06-29,2019-07-06,59,59,59,59,1959-07-07,1960-06-29
1649546,2019-07-06,2019-07-13,59,59,59,59,1959-07-14,1960-07-06
1649546,2019-07-13,2019-08-10,59,59,59,59,1959-08-11,1960-07-13
1649546,2019-08-10,2019-08-17,59,59,59,59,1959-08-18,1960-08-10
1649546,2019-08-17,2019-08-24,59,59,59,59,1959-08-25,1960-08-17
1649546,2019-08-24,2019-08-31,59,59,59,59,1959-09-01,1960-08-24
1649546,2019-08-31,2019-09-07,59,59,59,59,1959-09-08,1960-08-31
1649546,2019-09-07,2019-09-14,59,59,59,59,1959-09-15,1960-09-07
1649546,2019-09-14,2019-09-21,59,59,59,59,1959-09-22,1960-09-14
1649546,2019-09-21,2020-02-01,59,59,59,59,1960-02-02,1960-09-21
1651066,,2015-05-16,,,38,38,1976-05-17,1977-05-16
1651066,2015-05-16,2015-05-30,38,38,38,38,1976-05-31,1977-05-16
1651066,2015-05-30,2015-06-20,38,38,39,39,1976-05-31,1976-06-20
1651066,2015-06-20,2015-07-11,39,39,38,38,1976-07-12,1976-06-20
1651066,2015-07-11,2016-02-20,38,38,39,39,1976-07-12,1977-02-20
1651066,2016-02-20,2016-03-12,39,39,39,39,1976-03-13,1977-02-20
1651066,2016-03-12,2016-04-02,39,39,39,39,1976-04-03,1977-03-12
1651066,2016-04-02,2016-04-16,39,39,39,39,1976-04-17,1977-04-02
1651066,2016-04-16,2016-04-30,39,39,39,39,1976-05-01,1977-04-16
1651066,2016-04-30,2016-05-14,39,39,39,39,1976-05-15,1977-04-30
1651066,2016-05-14,2016-05-28,39,39,39,39,1976-05-29,1977-05-14
1651066,2016-05-28,2016-06-11,39,39,39,39,1976-06-12,1977-05-28
1651066,2016-06-11,2016-08-13,39,39,39,39,1976-08-14,1977-06-11
1651066,2016-08-13,2016-09-03,39,39,39,39,1976-09-04,1977-08-13
1651066,2016-09-03,2016-09-24,39,39,39,39,1976-09-25,1977-09-03
1651066,2016-09-24,2016-10-15,39,39,39,39,1976-10-16,1977-09-24
1651066,2016-10-15,2016-10-22,39,39,39,39,1976-10-23,1977-10-15
1651066,2016-10-22,2016-10-29,39,39,39,39,1976-10-30,1977-10-22
1651066,2016-10-29,2016-12-03,39,39,39,39,1976-12-04,1977-10-29
1651066,2016-12-03,2017-01-07,39,39,40,40,1976-12-04,1977-01-07
1651066,2017-01-07,2017-01-14,40,40,40,40,1976-01-15,1977-01-07
1651066,2017-01-14,2017-01-21,40,40,40,40,1976-01-22,1977-01-14
1651066,2017-01-21,2017-01-28,40,40,40,40,1976-01-29,1977-01-21
1651066,2017-01-28,2017-02-04,40,40,40,40,1976-02-05,1977-01-28
1651066,2017-02-04,2017-02-25,40,40,40,40,1976-02-26,1977-02-04
1651066,2017-02-25,2017-03-11,40,40,40,40,1976-03-12,1977-02-25
1651066,2017-03-11,2017-03-18,40,40,40,40,1976-03-19,1977-03-11
1651066,2017-03-18,2017-04-08,40,40,40,40,1976-04-09,1977-03-18
1651066,2017-04-08,2017-04-15,40,40,40,40,1976-04-16,1977-04-08
1651066,2017-04-15,2017-05-06,40,40,40,40,1976-05-07,1977-04-15
1651066,2017-05-06,2017-05-20,40,40,40,40,1976-05-21,1977-05-06
1651066,2017-05-20,2017-06-03,40,40,40,40,1976-06-04,1977-05-20
1651066,2017-06-03,2017-06-10,40,40,40,40,1976-06-11,1977-06-03
1651066,2017-06-10,2017-06-17,40,40,40,40,1976-06-18,1977-06-10
1651066,2017-06-17,2017-07-01,40,40,40,40,1976-07-02,1977-06-17
1651066,2017-07-01,2017-07-22,40,40,40,40,1976-07-23,1977-07-01
1651066,2017-07-22,2017-08-05,40,40,40,40,1976-08-06,1977-07-22
1651066,2017-08-05,2017-09-09,40,40,40,40,1976-09-10,1977-08-05
1651066,2017-09-09,2017-10-07,40,40,40,40,1976-10-08,1977-09-09
1651066,2017-10-07,2017-10-14,40,40,40,40,1976-10-15,1977-10-07
1651066,2017-10-14,2017-10-21,40,40,40,40,1976-10-22,1977-10-14
1651066,2017-10-21,2017-10-28,40,40,40,40,1976-10-29,1977-10-21
1651066,2017-10-28,2017-11-04,40,40,40,40,1976-11-05,1977-10-28
1651066,2017-11-04,2017-11-25,40,40,40,40,1976-11-26,1977-11-04
1651066,2017-11-25,2018-04-21,40,40,41,41,1976-11-26,1977-04-21
1651066,2018-04-21,2018-04-28,41,41,41,41,1976-04-29,1977-04-21
1651066,2018-04-28,2018-05-05,41,41,41,41,1976-05-06,1977-04-28
1651066,2018-05-05,2018-05-19,41,41,41,41,1976-05-20,1977-05-05
1651066,2018-05-19,2018-06-02,41,41,41,41,1976-06-03,1977-05-19
1651066,2018-06-02,2021-07-31,41,41,44,44,1976-08-01,1977-06-02
1651066,2021-07-31,2021-09-11,44,44,44,44,1976-09-12,1977-07-31
1651066,2021-09-11,2021-09-18,44,44,44,44,1976-09-19,1977-09-11
1651066,2021-09-18,2021-10-02,44,44,44,44,1976-10-03,1977-09-18
1651066,2021-10-02,2021-10-09,44,44,44,44,1976-10-10,1977-10-02
1651066,2021-10-09,2022-01-15,44,44,45,45,1976-10-10,1977-01-15
165257,,2011-07-09,,,46,46,1964-07-10,1965-07-09
165257,2011-07-09,2011-07-23,46,46,46,46,1964-07-24,1965-07-09
165257,2011-07-23,2011-09-10,46,46,46,46,1964-09-11,1965-07-23
165257,2011-09-10,2011-09-17,46,46,45,45,1965-09-18,1965-09-10
165257,2011-09-17,2011-10-22,45,45,45,45,1965-10-23,1966-09-17
165257,2011-10-22,2011-11-19,45,45,45,45,1965-11-20,1966-10-22
165257,2011-11-19,2012-01-14,45,45,46,46,1965-11-20,1966-01-14
165257,2012-01-14,2012-01-21,46,46,46,46,1965-01-22,1966-01-14
165257,2012-01-21,2012-01-28,46,46,46,46,1965-01-29,1966-01-21
165257,2012-01-28,2012-02-18,46,46,46,46,1965-02-19,1966-01-28
165257,2012-02-18,2012-02-25,46,46,46,46,1965-02-26,1966-02-18
165257,2012-02-25,2012-03-03,46,46,46,46,1965-03-04,1966-02-25
165257,2012-03-03,2012-03-10,46,46,46,46,1965-03-11,1966-03-03
165257,2012-03-10,2012-04-14,46,46,46,46,1965-04-15,1966-03-10
165257,2012-04-14,2012-05-05,46,46,46,46,1965-05-06,1966-04-14
165257,2012-05-05,2012-05-26,46,46,46,46,1965-05-27,1966-05-05
165257,2012-05-26,2012-06-23,46,46,46,46,1965-06-24,1966-05-26
165257,2012-06-23,2012-06-30,46,46,46,46,1965-07-01,1966-06-23
165257,2012-06-30,2012-07-07,46,46,46,46,1965-07-08,1966-06-30
165257,2012-07-07,2012-07-21,46,46,46,46,1965-07-22,1966-07-07
165257,2012-07-21,2012-11-24,46,46,46,46,1965-11-25,1966-07-21
165257,2012-11-24,2012-12-08,46,46,46,46,1965-12-09,1966-11-24
165257,2012-12-08,2012-12-22,46,46,46,46,1965-12-23,1966-12-08
165257,2012-12-22,2013-06-29,46,46,47,47,1965-12-23,1966-06-29
165257,2013-06-29,2013-07-13,47,47,47,47,1965-07-14,1966-06-29
165257,2013-07-13,2013-07-20,47,47,47,47,1965-07-21,1966-07-13
165257,2013-07-20,2013-07-27,47,47,47,47,1965-07-28,1966-07-20
165257,2013-07-27,2013-08-03,47,47,47,47,1965-08-04,1966-07-27
165257,2013-08-03,2013-11-02,47,47,47,47,1965-11-03,1966-08-03
165257,2013-11-02,2014-11-29,47,47,48,48,1965-11-30,1966-11-02
165257,2014-11-29,2015-11-21,48,48,49,49,1965-11-30,1966-11-21
165257,2015-11-21,2016-04-02,49,49,50,50,1965-11-22,1966-04-02
1658940,,2015-06-13,,,34,34,1980-06-14,1981-06-13
1658940,2015-06-13,2015-10-03,34,34,31,31,1983-10-04,1981-06-13
1663667,,2015-06-13,,,10,10,2004-06-14,2005-06-13
1663667,2015-06-13,2015-06-20,10,10,10,10,2004-06-21,2005-06-13
1663667,2015-06-20,2015-08-01,10,10,8,8,2006-08-02,2005-06-20
1663667,2015-08-01,2015-08-08,8,8,8,8,2006-08-09,2007-08-01
1663675,,2015-05-23,,,6,6,2008-05-24,2009-05-23
1663675,2015-05-23,2015-05-30,6,6,6,6,2008-05-31,2009-05-23
1663675,2015-05-30,2015-06-13,6,6,10,10,2008-05-31,2005-06-13
1663675,2015-06-13,2015-06-20,10,10,10,10,2004-06-21,2005-06-13
1663675,2015-06-20,2015-07-11,10,10,6,6,2008-07-12,2005-06-20
1663675,2015-07-11,2015-08-01,6,6,6,6,2008-08-02,2009-07-11
1663675,2015-08-01,2015-08-08,6,6,6,6,2008-08-09,2009-08-01
1663675,2015-08-08,2015-08-15,6,6,6,6,2008-08-16,2009-08-08
1663675,2015-08-15,2015-08-29,6,6,6,6,2008-08-30,2009-08-15
1663675,2015-08-29,2015-09-12,6,6,6,6,2008-09-13,2009-08-29
1663888,,2015-05-23,,,40,40,1974-05-24,1975-05-23
1663888,2015-05-23,2015-05-30,40,40,40,40,1974-05-31,1975-05-23
1663888,2015-05-30,2015-06-06,40,40,40,40,1974-06-07,1975-05-30
1663888,2015-06-06,2015-06-20,40,40,44,44,1974-06-07,1971-06-20
1663888,2015-06-20,2015-07-11,44,44,40,40,1974-07-12,1971-06-20
1663888,2015-07-11,2015-07-18,40,40,40,40,1974-07-19,1975-07-11
1663888,2015-07-18,2015-08-29,40,40,40,40,1974-08-30,1975-07-18
166728,,2011-07-09,,,51,51,1959-07-10,1960-07-09
166728,2011-07-09,2011-07-30,51,51,50,50,1960-07-31,1960-07-09
166728,2011-07-30,2011-08-27,50,50,51,51,1960-07-31,1960-08-27
166728,2011-08-27,2011-09-03,51,51,51,51,1959-09-04,1960-08-27
166728,2011-09-03,2013-09-07,51,51,52,52,1960-09-08,1960-09-03
166728,2013-09-07,2014-11-15,52,52,53,53,1960-11-16,1961-09-07
166728,2014-11-15,2015-02-28,53,53,54,54,1960-11-16,1961-02-28
166728,2015-02-28,2015-03-07,54,54,54,54,1960-03-08,1961-02-28
166728,2015-03-07,2015-03-28,54,54,54,54,1960-03-29,1961-03-07
166728,2015-03-28,2015-04-11,54,54,54,54,1960-04-12,1961-03-28
166728,2015-04-11,2015-04-25,54,54,54,54,1960-04-26,1961-04-11
166728,2015-04-25,2016-11-05,54,54,55,55,1960-11-06,1961-04-25
166728,2016-11-05,2018-07-21,55,55,57,57,1960-11-06,1961-07-21
166728,2018-07-21,2018-08-04,57,57,57,57,1960-08-05,1961-07-21
166728,2018-08-04,2018-09-01,57,57,57,57,1960-09-02,1961-08-04
166728,2018-09-01,2018-09-29,57,57,57,57,1960-09-30,1961-09-01
166728,2018-09-29,2018-10-06,57,57,57,57,1960-10-07,1961-09-29
166728,2018-10-06,2018-10-20,57,57,57,57,1960-10-21,1961-10-06
166728,2018-10-20,2018-12-01,57,57,57,57,1960-12-02,1961-10-20
166728,2018-12-01,2018-12-22,57,57,57,57,1960-12-23,1961-12-01
166728,2018-12-22,2019-01-12,57,57,57,57,1961-01-13,1961-12-22
166728,2019-01-12,2019-01-26,57,57,57,57,1961-01-27,1962-01-12
166728,2019-01-26,2019-02-02,57,57,57,57,1961-02-03,1962-01-26
166728,2019-02-02,2019-02-16,57,57,57,57,1961-02-17,1962-02-02
166728,2019-02-16,2019-03-02,57,57,58,58,1961-02-17,1961-03-02
166728,2019-03-02,2019-03-09,58,58,58,58,1960-03-10,1961-03-02
166728,2019-03-09,2019-03-30,58,58,58,58,1960-03-31,1961-03-09
166728,2019-03-30,2019-05-04,58,58,58,58,1960-05-05,1961-03-30
166728,2019-05-04,2019-05-18,58,58,58,58,1960-05-19,1961-05-04
1668098,,2015-05-23,,,35,35,1979-05-24,1980-05-23
1668098,2015-05-23,2015-05-30,35,35,35,35,1979-05-31,1980-05-23
1668098,2015-05-30,2015-06-20,35,35,39,39,1979-05-31,1976-06-20
1668098,2015-06-20,2015-06-27,39,39,36,36,1978-06-28,1976-06-20
1668098,2015-06-27,2015-07-18,36,36,36,36,1978-07-19,1979-06-27
1668098,2015-07-18,2016-02-27,36,36,36,36,1979-02-28,1979-07-18
1668098,2016-02-27,2017-08-26,36,36,38,38,1979-02-28,1979-08-26
1668098,2017-08-26,2017-09-02,38,38,38,38,1978-09-03,1979-08-26
1668098,2017-09-02,2017-09-09,38,38,38,38,1978-09-10,1979-09-02
1675506,,2015-05-30,,,12,12,2002-05-31,2003-05-30
1675506,2015-05-30,2015-06-20,12,12,14,14,2002-05-31,2001-06-20
1675506,2015-06-20,2016-01-09,14,14,13,13,2002-01-10,2001-06-20
1675506,2016-01-09,2016-01-16,13,13,13,13,2002-01-17,2003-01-09
1675506,2016-01-16,2016-03-12,13,13,13,13,2002-03-13,2003-01-16
1675506,2016-03-12,2016-03-19,13,13,13,13,2002-03-20,2003-03-12
1675506,2016-03-19,2017-04-15,13,13,14,14,2002-04-16,2003-03-19
1675506,2017-04-15,2018-06-02,14,14,15,15,2002-06-03,2003-04-15
1675506,2018-06-02,2019-06-15,15,15,16,16,2002-06-16,2003-06-02
1684429,,2015-05-30,,,37,37,1977-05-31,1978-05-30
1684429,2015-05-30,2015-06-20,37,37,39,39,1977-05-31,1976-06-20
1684429,2015-06-20,2015-07-04,39,39,37,37,1977-07-05,1976-06-20
1684429,2015-07-04,2015-07-25,37,37,37,37,1977-07-26,1978-07-04
1684429,2015-07-25,2015-08-01,37,37,37,37,1977-08-02,1978-07-25
1684429,2015-08-01,2015-08-22,37,37,37,37,1977-08-23,1978-08-01
1684429,2015-08-22,2015-10-10,37,37,37,37,1977-10-11,1978-08-22
1684429,2015-10-10,2015-10-17,37,37,37,37,1977-10-18,1978-10-10
1684429,2015-10-17,2015-11-28,37,37,37,37,1977-11-29,1978-10-17
1684429,2015-11-28,2015-12-12,37,37,37,37,1977-12-13,1978-11-28
1684429,2015-12-12,2016-01-09,37,37,37,37,1978-01-10,1978-12-12
1684429,2016-01-09,2016-01-16,37,37,37,37,1978-01-17,1979-01-09
1684429,2016-01-16,2016-01-23,37,37,37,37,1978-01-24,1979-01-16
1684429,2016-01-23,2016-01-30,37,37,37,37,1978-01-31,1979-01-23
1684429,2016-01-30,2016-02-27,37,37,37,37,1978-02-28,1979-01-30
1684429,2016-02-27,2016-03-12,37,37,37,37,1978-03-13,1979-02-27
1684429,2016-03-12,2016-03-26,37,37,37,37,1978-03-27,1979-03-12
1684429,2016-03-26,2016-04-16,37,37,37,37,1978-04-17,1979-03-26
1684429,2016-04-16,2016-04-23,37,37,37,37,1978-04-24,1979-04-16
1684429,2016-04-23,2016-04-30,37,37,37,37,1978-05-01,1979-04-23
1684429,2016-04-30,2016-05-21,37,37,38,38,1978-05-01,1978-05-21
1684429,2016-05-21,2016-06-11,38,38,38,38,1977-06-12,1978-05-21
1684429,2016-06-11,2016-06-18,38,38,38,38,1977-06-19,1978-06-11
1684429,2016-06-18,2016-07-30,38,38,38,38,1977-07-31,1978-06-18
1684429,2016-07-30,2016-08-27,38,38,38,38,1977-08-28,1978-07-30
1684429,2016-08-27,2016-10-08,38,38,38,38,1977-10-09,1978-08-27
1684429,2016-10-08,2016-10-22,38,38,38,38,1977-10-23,1978-10-08
1684429,2016-10-22,2016-10-29,38,38,38,38,1977-10-30,1978-10-22
1684429,2016-10-29,2016-11-26,38,38,38,38,1977-11-27,1978-10-29
1684429,2016-11-26,2016-12-31,38,38,38,38,1978-01-01,1978-11-26
1684429,2016-12-31,2017-01-01,38,38,38,38,1978-01-02,1978-12-31
1684429,2017-01-01,2017-01-01,38,38,38,38,1978-01-02,1979-01-01
1684429,2017-01-01,2017-01-28,38,38,38,38,1978-01-29,1979-01-01
1684429,2017-01-28,2017-02-11,38,38,38,38,1978-02-12,1979-01-28
1684429,2017-02-11,2017-02-25,38,38,38,38,1978-02-26,1979-02-11
1684429,2017-02-25,2017-03-11,38,38,38,38,1978-03-12,1979-02-25
1684429,2017-03-11,2017-04-29,38,38,38,38,1978-04-30,1979-03-11
1684429,2017-04-29,2017-06-03,38,38,39,39,1978-04-30,1978-06-03
1684429,2017-06-03,2017-06-10,39,39,39,39,1977-06-11,1978-06-03
1684429,2017-06-10,2017-07-08,39,39,39,39,1977-07-09,1978-06-10
1684429,2017-07-08,2017-07-29,39,39,39,39,1977-07-30,1978-07-08
1684429,2017-07-29,2018-05-12,39,39,40,40,1977-07-30,1978-05-12
1684429,2018-05-12,2018-10-20,40,40,40,40,1977-10-21,1978-05-12
1684429,2018-10-20,2019-01-19,40,40,40,40,1978-01-20,1978-10-20
1684429,2019-01-19,2019-03-30,40,40,40,40,1978-03-31,1979-01-19
1684429,2019-03-30,2019-04-06,40,40,40,40,1978-04-07,1979-03-30
1684429,2019-04-06,2019-06-08,40,40,41,41,1978-04-07,1978-06-08
1684429,2019-06-08,2019-06-22,41,41,41,41,1977-06-23,1978-06-08
1684429,2019-06-22,2019-07-27,41,41,41,41,1977-07-28,1978-06-22
1684429,2019-07-27,2019-08-03,41,41,41,41,1977-08-04,1978-07-27
1684429,2019-08-03,2019-08-31,41,41,41,41,1977-09-01,1978-08-03
1684429,2019-08-31,2019-09-21,41,41,41,41,1977-09-22,1978-08-31
1684429,2019-09-21,2019-10-05,41,41,41,41,1977-10-06,1978-09-21
1684429,2019-10-05,2020-01-01,41,41,41,41,1978-01-02,1978-10-05
1684429,2020-01-01,2021-09-11,41,41,43,43,1978-01-02,1978-09-11
1684429,2021-09-11,2021-09-25,43,43,43,43,1977-09-26,1978-09-11
1684429,2021-09-25,2021-10-16,43,43,43,43,1977-10-17,1978-09-25
1684429,2021-10-16,2021-11-20,43,43,43,43,1977-11-21,1978-10-16
1684429,2021-11-20,2022-02-19,43,43,43,43,1978-02-20,1978-11-20
1684429,2022-02-19,2022-03-26,43,43,43,43,1978-03-27,1979-02-19
1684429,2022-03-26,2022-04-16,43,43,43,43,1978-04-17,1979-03-26
1684429,2022-04-16,2022-06-04,43,43,44,44,1978-04-17,1978-06-04
1684429,2022-06-04,2022-06-11,44,44,44,44,1977-06-12,1978-06-04
1684429,2022-06-11,2022-07-02,44,44,44,44,1977-07-03,1978-06-11
1684429,2022-07-02,2022-09-03,44,44,44,44,1977-09-04,1978-07-02
1684429,2022-09-03,2022-09-24,44,44,44,44,1977-09-25,1978-09-03
1684429,2022-09-24,2022-10-08,44,44,44,44,1977-10-09,1978-09-24
1684429,2022-10-08,2022-10-22,44,44,44,44,1977-10-23,1978-10-08
1684429,2022-10-22,2022-10-29,44,44,44,44,1977-10-30,1978-10-22
1684429,2022-10-29,2022-11-12,44,44,44,44,1977-11-13,1978-10-29
1684429,2022-11-12,2023-01-07,44,44,44,44,1978-01-08,1978-11-12
168933,,2011-10-08,,,46,46,1964-10-09,1965-10-08
168933,2011-10-08,2011-10-15,46,46,46,46,1964-10-16,1965-10-08
168933,2011-10-15,2011-10-22,46,46,45,45,1965-10-23,1965-10-15
168933,2011-10-22,2011-11-05,45,45,45,45,1965-11-06,1966-10-22
168933,2011-11-05,2011-11-12,45,45,45,45,1965-11-13,1966-11-05
168933,2011-11-12,2011-11-19,45,45,45,45,1965-11-20,1966-11-12
168933,2011-11-19,2011-11-26,45,45,45,45,1965-11-27,1966-11-19
168933,2011-11-26,2012-01-07,45,45,45,45,1966-01-08,1966-11-26
168933,2012-01-07,2012-01-21,45,45,45,45,1966-01-22,1967-01-07
168933,2012-01-21,2012-05-26,45,45,45,45,1966-05-27,1967-01-21
168933,2012-05-26,2012-06-02,45,45,45,45,1966-06-03,1967-05-26
168933,2012-06-02,2012-07-21,45,45,45,45,1966-07-22,1967-06-02
168933,2012-07-21,2012-09-15,45,45,46,46,1966-07-22,1966-09-15
168933,2012-09-15,2012-09-22,46,46,46,46,1965-09-23,1966-09-15
168933,2012-09-22,2014-04-12,46,46,47,47,1966-04-13,1966-09-22
168933,2014-04-12,2014-04-19,47,47,47,47,1966-04-20,1967-04-12
168933,2014-04-19,2014-04-26,47,47,47,47,1966-04-27,1967-04-19
168933,2014-04-26,2014-05-03,47,47,47,47,1966-05-04,1967-04-26
168933,2014-05-03,2014-05-10,47,47,47,47,1966-05-11,1967-05-03
168933,2014-05-10,2014-05-17,47,47,47,47,1966-05-18,1967-05-10
168933,2014-05-17,2014-06-14,47,47,47,47,1966-06-15,1967-05-17
168933,2014-06-14,2014-06-21,47,47,47,47,1966-06-22,1967-06-14
168933,2014-06-21,2014-07-05,47,47,47,47,1966-07-06,1967-06-21
168933,2014-07-05,2014-07-26,47,47,47,47,1966-07-27,1967-07-05
168933,2014-07-26,2014-08-30,47,47,48,48,1966-07-27,1966-08-30
168933,2014-08-30,2014-10-04,48,48,48,48,1965-10-05,1966-08-30
168933,2014-10-04,2014-10-18,48,48,48,48,1965-10-19,1966-10-04
168933,2014-10-18,2014-11-01,48,48,48,48,1965-11-02,1966-10-18
168933,2014-11-01,2014-11-08,48,48,48,48,1965-11-09,1966-11-01
168933,2014-11-08,2015-01-03,48,48,48,48,1966-01-04,1966-11-08
168933,2015-01-03,2015-04-18,48,48,48,48,1966-04-19,1967-01-03
168933,2015-04-18,2015-08-08,48,48,48,48,1966-08-09,1967-04-18
168933,2015-08-08,2015-08-22,48,48,49,49,1966-08-09,1966-08-22
168933,2015-08-22,2015-08-29,49,49,49,49,1965-08-30,1966-08-22
168933,2015-08-29,2016-03-05,49,49,49,49,1966-03-06,1966-08-29
168933,2016-03-05,2016-03-26,49,49,49,49,1966-03-27,1967-03-05
168933,2016-03-26,2018-01-01,49,49,51,51,1966-03-27,1967-01-01
169141,,2011-07-23,,,49,49,1961-07-24,1962-07-23
169141,2011-07-23,2011-08-06,49,49,49,49,1961-08-07,1962-07-23
169141,2011-08-06,2011-08-13,49,49,49,49,1961-08-14,1962-08-06
169141,2011-08-13,2011-08-20,49,49,49,49,1961-08-21,1962-08-13
169141,2011-08-20,2011-09-03,49,49,49,49,1961-09-04,1962-08-20
169141,2011-09-03,2011-09-10,49,49,49,49,1961-09-11,1962-09-03
169141,2011-09-10,2011-09-17,49,49,48,48,1962-09-18,1962-09-10
169141,2011-09-17,2011-10-01,48,48,49,49,1962-09-18,1962-10-01
169141,2011-10-01,2011-10-08,49,49,49,49,1961-10-09,1962-10-01
169141,2011-10-08,2011-10-29,49,49,48,48,1962-10-30,1962-10-08
169141,2011-10-29,2011-11-05,48,48,48,48,1962-11-06,1963-10-29
169141,2011-11-05,2011-11-19,48,48,48,48,1962-11-20,1963-11-05
169141,2011-11-19,2011-11-26,48,48,48,48,1962-11-27,1963-11-19
169141,2011-11-26,2011-12-03,48,48,48,48,1962-12-04,1963-11-26
169141,2011-12-03,2011-12-10,48,48,48,48,1962-12-11,1963-12-03
169141,2011-12-10,2011-12-24,48,48,48,48,1962-12-25,1963-12-10
169141,2011-12-24,2011-12-31,48,48,48,48,1963-01-01,1963-12-24
169141,2011-12-31,2012-01-07,48,48,48,48,1963-01-08,1963-12-31
169141,2012-01-07,2012-01-21,48,48,49,49,1963-01-08,1963-01-21
169141,2012-01-21,2012-01-28,49,49,49,49,1962-01-29,1963-01-21
169141,2012-01-28,2012-02-11,49,49,49,49,1962-02-12,1963-01-28
169141,2012-02-11,2012-02-18,49,49,49,49,1962-02-19,1963-02-11
169141,2012-02-18,2012-02-25,49,49,49,49,1962-02-26,1963-02-18
169141,2012-02-25,2012-03-03,49,49,49,49,1962-03-04,1963-02-25
169141,2012-03-03,2012-03-10,49,49,49,49,1962-03-11,1963-03-03
169141,2012-03-10,2012-03-31,49,49,49,49,1962-04-01,1963-03-10
169141,2012-03-31,2012-04-07,49,49,49,49,1962-04-08,1963-03-31
169141,2012-04-07,2012-04-21,49,49,49,49,1962-04-22,1963-04-07
169141,2012-04-21,2012-04-28,49,49,49,49,1962-04-29,1963-04-21
169141,2012-04-28,2012-05-05,49,49,49,49,1962-05-06,1963-04-28
169141,2012-05-05,2012-05-12,49,49,49,49,1962-05-13,1963-05-05
169141,2012-05-12,2012-05-19,49,49,49,49,1962-05-20,1963-05-12
169141,2012-05-19,2012-06-16,49,49,49,49,1962-06-17,1963-05-19
169141,2012-06-16,2012-06-30,49,49,49,49,1962-07-01,1963-06-16
169141,2012-06-30,2012-07-07,49,49,49,49,1962-07-08,1963-06-30
169141,2012-07-07,2012-07-21,49,49,49,49,1962-07-22,1963-07-07
169141,2012-07-21,2012-08-11,49,49,49,49,1962-08-12,1963-07-21
169141,2012-08-11,2012-09-08,49,49,49,49,1962-09-09,1963-08-11
169141,2012-09-08,2012-09-22,49,49,49,49,1962-09-23,1963-09-08
169141,2012-09-22,2012-09-29,49,49,49,49,1962-09-30,1963-09-22
169141,2012-09-29,2012-10-06,49,49,49,49,1962-10-07,1963-09-29
169141,2012-10-06,2012-10-13,49,49,49,49,1962-10-14,1963-10-06
169141,2012-10-13,2012-10-20,49,49,49,49,1962-10-21,1963-10-13
169141,2012-10-20,2012-10-27,49,49,49,49,1962-10-28,1963-10-20
169141,2012-10-27,2012-11-03,49,49,49,49,1962-11-04,1963-10-27
169141,2012-11-03,2012-11-17,49,49,49,49,1962-11-18,1963-11-03
169141,2012-11-17,2012-11-24,49,49,49,49,1962-11-25,1963-11-17
169141,2012-11-24,2012-12-08,49,49,49,49,1962-12-09,1963-11-24
169141,2012-12-08,2012-12-15,49,49,49,49,1962-12-16,1963-12-08
169141,2012-12-15,2013-01-01,49,49,49,49,1963-01-02,1963-12-15
169141,2013-01-01,2013-01-05,49,49,49,49,1963-01-06,1964-01-01
169141,2013-01-05,2013-02-23,49,49,50,50,1963-01-06,1963-02-23
169141,2013-02-23,2013-03-02,50,50,50,50,1962-03-03,1963-02-23
169141,2013-03-02,2013-03-09,50,50,50,50,1962-03-10,1963-03-02
169141,2013-03-09,2013-03-16,50,50,50,50,1962-03-17,1963-03-09
169141,2013-03-16,2013-04-06,50,50,50,50,1962-04-07,1963-03-16
169141,2013-04-06,2013-04-13,50,50,50,50,1962-04-14,1963-04-06
169141,2013-04-13,2013-04-27,50,50,50,50,1962-04-28,1963-04-13
169141,2013-04-27,2013-05-04,50,50,50,50,1962-05-05,1963-04-27
169141,2013-05-04,2013-05-18,50,50,50,50,1962-05-19,1963-05-04
169141,2013-05-18,2013-06-08,50,50,50,50,1962-06-09,1963-05-18
169141,2013-06-08,2013-06-15,50,50,50,50,1962-06-16,1963-06-08
169141,2013-06-15,2013-06-22,50,50,50,50,1962-06-23,1963-06-15
169141,2013-06-22,2013-06-29,50,50,50,50,1962-06-30,1963-06-22
169141,2013-06-29,2013-08-17,50,50,50,50,1962-08-18,1963-06-29
169141,2013-08-17,2013-08-24,50,50,50,50,1962-08-25,1963-08-17
169141,2013-08-24,2013-09-07,50,50,50,50,1962-09-08,1963-08-24
169141,2013-09-07,2013-09-28,50,50,50,50,1962-09-29,1963-09-07
169141,2013-09-28,2013-10-12,50,50,50,50,1962-10-13,1963-09-28
169141,2013-10-12,2013-10-19,50,50,50,50,1962-10-20,1963-10-12
169141,2013-10-19,2013-11-16,50,50,50,50,1962-11-17,1963-10-19
169141,2013-11-16,2013-11-23,50,50,50,50,1962-11-24,1963-11-16
169141,2013-11-23,2013-11-30,50,50,50,50,1962-12-01,1963-11-23
169141,2013-11-30,2014-01-01,50,50,50,50,1963-01-02,1963-11-30
169141,2014-01-01,2014-01-04,50,50,50,50,1963-01-05,1964-01-01
169141,2014-01-04,2014-01-11,50,50,50,50,1963-01-12,1964-01-04
169141,2014-01-11,2014-02-01,50,50,51,51,1963-01-12,1963-02-01
169141,2014-02-01,2014-02-22,51,51,51,51,1962-02-23,1963-02-01
169141,2014-02-22,2014-03-01,51,51,51,51,1962-03-02,1963-02-22
169141,2014-03-01,2014-03-15,51,51,51,51,1962-03-16,1963-03-01
169141,2014-03-15,2014-03-22,51,51,51,51,1962-03-23,1963-03-15
169141,2014-03-22,2014-04-19,51,51,51,51,1962-04-20,1963-03-22
169141,2014-04-19,2014-04-26,51,51,51,51,1962-04-27,1963-04-19
169141,2014-04-26,2014-05-03,51,51,51,51,1962-05-04,1963-04-26
169141,2014-05-03,2014-05-10,51,51,51,51,1962-05-11,1963-05-03
169141,2014-05-10,2014-05-17,51,51,51,51,1962-05-18,1963-05-10
169141,2014-05-17,2014-05-24,51,51,51,51,1962-05-25,1963-05-17
169141,2014-05-24,2014-06-14,51,51,51,51,1962-06-15,1963-05-24
169141,2014-06-14,2014-06-28,51,51,51,51,1962-06-29,1963-06-14
169141,2014-06-28,2014-07-05,51,51,51,51,1962-07-06,1963-06-28
169141,2014-07-05,2014-07-19,51,51,51,51,1962-07-20,1963-07-05
169141,2014-07-19,2014-08-16,51,51,51,51,1962-08-17,1963-07-19
169141,2014-08-16,2014-08-30,51,51,51,51,1962-08-31,1963-08-16
169141,2014-08-30,2014-09-27,51,51,51,51,1962-09-28,1963-08-30
169141,2014-09-27,2014-10-11,51,51,51,51,1962-10-12,1963-09-27
169141,2014-10-11,2014-10-25,51,51,51,51,1962-10-26,1963-10-11
169141,2014-10-25,2014-11-08,51,51,51,51,1962-11-09,1963-10-25
169141,2014-11-08,2014-11-15,51,51,51,51,1962-11-16,1963-11-08
169141,2014-11-15,2014-12-20,51,51,51,51,1962-12-21,1963-11-15
169141,2014-12-20,2015-01-01,51,51,51,51,1963-01-02,1963-12-20
169141,2015-01-01,2015-01-10,51,51,51,51,1963-01-11,1964-01-01
169141,2015-01-10,2015-01-17,51,51,52,52,1963-01-11,1963-01-17
169141,2015-01-17,2015-01-24,52,52,52,52,1962-01-25,1963-01-17
169141,2015-01-24,2015-01-31,52,52,52,52,1962-02-01,1963-01-24
169141,2015-01-31,2015-02-07,52,52,52,52,1962-02-08,1963-01-31
169141,2015-02-07,2015-03-28,52,52,52,52,1962-03-29,1963-02-07
169141,2015-03-28,2015-04-04,52,52,52,52,1962-04-05,1963-03-28
169141,2015-04-04,2015-05-02,52,52,52,52,1962-05-03,1963-04-04
169141,2015-05-02,2015-05-16,52,52,52,52,1962-05-17,1963-05-02
169141,2015-05-16,2015-05-23,52,52,52,52,1962-05-24,1963-05-16
169141,2015-05-23,2015-06-13,52,52,52,52,1962-06-14,1963-05-23
169141,2015-06-13,2015-06-20,52,52,52,52,1962-06-21,1963-06-13
169141,2015-06-20,2015-07-11,52,52,52,52,1962-07-12,1963-06-20
169141,2015-07-11,2015-08-29,52,52,52,52,1962-08-30,1963-07-11
169141,2015-08-29,2015-11-07,52,52,52,52,1962-11-08,1963-08-29
169141,2015-11-07,2016-01-09,52,52,52,52,1963-01-10,1963-11-07
169141,2016-01-09,2016-01-16,52,52,53,53,1963-01-10,1963-01-16
169141,2016-01-16,2016-03-12,53,53,53,53,1962-03-13,1963-01-16
169141,2016-03-12,2016-05-07,53,53,53,53,1962-05-08,1963-03-12
169141,2016-05-07,2016-07-09,53,53,53,53,1962-07-10,1963-05-07
169141,2016-07-09,2016-09-10,53,53,53,53,1962-09-11,1963-07-09
169141,2016-09-10,2016-10-01,53,53,53,53,1962-10-02,1963-09-10
169141,2016-10-01,2016-10-22,53,53,53,53,1962-10-23,1963-10-01
169141,2016-10-22,2016-11-05,53,53,53,53,1962-11-06,1963-10-22
169141,2016-11-05,2016-12-03,53,53,53,53,1962-12-04,1963-11-05
169141,2016-12-03,2016-12-10,53,53,53,53,1962-12-11,1963-12-03
169141,2016-12-10,2016-12-24,53,53,53,53,1962-12-25,1963-12-10
169141,2016-12-24,2017-01-01,53,53,53,53,1963-01-02,1963-12-24
169141,2017-01-01,2017-01-14,53,53,53,53,1963-01-15,1964-01-01
169141,2017-01-14,2017-01-28,53,53,54,54,1963-01-15,1963-01-28
169141,2017-01-28,2017-02-04,54,54,54,54,1962-02-05,1963-01-28
169141,2017-02-04,2017-03-11,54,54,54,54,1962-03-12,1963-02-04
169141,2017-03-11,2017-03-18,54,54,54,54,1962-03-19,1963-03-11
169141,2017-03-18,2017-03-25,54,54,54,54,1962-03-26,1963-03-18
169141,2017-03-25,2017-04-01,54,54,54,54,1962-04-02,1963-03-25
169141,2017-04-01,2017-04-22,54,54,54,54,1962-04-23,1963-04-01
169141,2017-04-22,2017-05-06,54,54,54,54,1962-05-07,1963-04-22
169141,2017-05-06,2017-06-03,54,54,54,54,1962-06-04,1963-05-06
169141,2017-06-03,2017-07-22,54,54,54,54,1962-07-23,1963-06-03
169141,2017-07-22,2017-09-02,54,54,54,54,1962-09-03,1963-07-22
169141,2017-09-02,2017-09-09,54,54,54,54,1962-09-10,1963-09-02
169141,2017-09-09,2017-10-21,54,54,54,54,1962-10-22,1963-09-09
169141,2017-10-21,2017-11-04,54,54,54,54,1962-11-05,1963-10-21
169141,2017-11-04,2017-11-11,54,54,54,54,1962-11-12,1963-11-04
169141,2017-11-11,2017-11-18,54,54,54,54,1962-11-19,1963-11-11
169141,2017-11-18,2017-11-25,54,54,54,54,1962-11-26,1963-11-18
169141,2017-11-25,2017-12-02,54,54,54,54,1962-12-03,1963-11-25
169141,2017-12-02,2017-12-09,54,54,54,54,1962-12-10,1963-12-02
169141,2017-12-09,2017-12-23,54,54,54,54,1962-12-24,1963-12-09
169141,2017-12-23,2017-12-30,54,54,54,54,1962-12-31,1963-12-23
169141,2017-12-30,2018-02-03,54,54,55,55,1962-12-31,1963-02-03
169141,2018-02-03,2018-02-10,55,55,55,55,1962-02-11,1963-02-03
169141,2018-02-10,2018-02-17,55,55,55,55,1962-02-18,1963-02-10
169141,2018-02-17,2018-02-24,55,55,55,55,1962-02-25,1963-02-17
169141,2018-02-24,2018-03-10,55,55,55,55,1962-03-11,1963-02-24
169141,2018-03-10,2018-04-28,55,55,55,55,1962-04-29,1963-03-10
169141,2018-04-28,2018-05-05,55,55,55,55,1962-05-06,1963-04-28
169141,2018-05-05,2018-05-12,55,55,55,55,1962-05-13,1963-05-05
169141,2018-05-12,2018-05-26,55,55,55,55,1962-05-27,1963-05-12
169141,2018-05-26,2018-06-02,55,55,55,55,1962-06-03,1963-05-26
169141,2018-06-02,2018-06-09,55,55,55,55,1962-06-10,1963-06-02
169141,2018-06-09,2018-09-08,55,55,55,55,1962-09-09,1963-06-09
169141,2018-09-08,2018-09-15,55,55,55,55,1962-09-16,1963-09-08
169141,2018-09-15,2018-09-29,55,55,55,55,1962-09-30,1963-09-15
169141,2018-09-29,2018-10-13,55,55,55,55,1962-10-14,1963-09-29
169141,2018-10-13,2018-10-27,55,55,55,55,1962-10-28,1963-10-13
169141,2018-10-27,2018-11-03,55,55,55,55,1962-11-04,1963-10-27
169141,2018-11-03,2018-11-10,55,55,55,55,1962-11-11,1963-11-03
169141,2018-11-10,2018-11-24,55,55,55,55,1962-11-25,1963-11-10
169141,2018-11-24,2018-12-08,55,55,55,55,1962-12-09,1963-11-24
169141,2018-12-08,2018-12-15,55,55,55,55,1962-12-16,1963-12-08
169141,2018-12-15,2018-12-22,55,55,55,55,1962-12-23,1963-12-15
169141,2018-12-22,2019-01-01,55,55,55,55,1963-01-02,1963-12-22
169141,2019-01-01,2019-01-01,55,55,55,55,1963-01-02,1964-01-01
169141,2019-01-01,2019-01-05,55,55,55,55,1963-01-06,1964-01-01
169141,2019-01-05,2019-01-12,55,55,55,55,1963-01-13,1964-01-05
169141,2019-01-12,2019-01-26,55,55,56,56,1963-01-13,1963-01-26
169141,2019-01-26,2019-02-02,56,56,56,56,1962-02-03,1963-01-26
169141,2019-02-02,2019-02-23,56,56,56,56,1962-02-24,1963-02-02
169141,2019-02-23,2019-03-23,56,56,56,56,1962-03-24,1963-02-23
169141,2019-03-23,2019-03-30,56,56,56,56,1962-03-31,1963-03-23
169141,2019-03-30,2019-06-01,56,56,56,56,1962-06-02,1963-03-30
169141,2019-06-01,2019-07-06,56,56,56,56,1962-07-07,1963-06-01
169141,2019-07-06,2019-08-17,56,56,56,56,1962-08-18,1963-07-06
169141,2019-08-17,2019-08-24,56,56,56,56,1962-08-25,1963-08-17
169141,2019-08-24,2019-09-07,56,56,56,56,1962-09-08,1963-08-24
169141,2019-09-07,2019-09-14,56,56,56,56,1962-09-15,1963-09-07
169141,2019-09-14,2019-11-09,56,56,56,56,1962-11-10,1963-09-14
169141,2019-11-09,2019-11-23,56,56,56,56,1962-11-24,1963-11-09
169141,2019-11-23,2019-11-30,56,56,56,56,1962-12-01,1963-11-23
169141,2019-11-30,2019-12-21,56,56,56,56,1962-12-22,1963-11-30
169141,2019-12-21,2019-12-28,56,56,56,56,1962-12-29,1963-12-21
169141,2019-12-28,2020-01-01,56,56,56,56,1963-01-02,1963-12-28
169141,2020-01-01,2020-01-01,56,56,56,56,1963-01-02,1964-01-01
169141,2020-01-01,2020-01-04,56,56,56,56,1963-01-05,1964-01-01
169141,2020-01-04,2020-02-15,56,56,57,57,1963-01-05,1963-02-15
169141,2020-02-15,2021-08-14,57,57,58,58,1962-08-15,1963-02-15
169141,2021-08-14,2021-09-18,58,58,58,58,1962-09-19,1963-08-14
169141,2021-09-18,2021-10-02,58,58,58,58,1962-10-03,1963-09-18
169141,2021-10-02,2021-10-30,58,58,58,58,1962-10-31,1963-10-02
169141,2021-10-30,2021-12-18,58,58,58,58,1962-12-19,1963-10-30
169141,2021-12-18,2022-02-05,58,58,59,59,1962-12-19,1963-02-05
169141,2022-02-05,2022-03-05,59,59,59,59,1962-03-06,1963-02-05
169141,2022-03-05,2022-03-26,59,59,59,59,1962-03-27,1963-03-05
169141,2022-03-26,2022-04-16,59,59,59,59,1962-04-17,1963-03-26
169141,2022-04-16,2022-04-23,59,59,59,59,1962-04-24,1963-04-16
169141,2022-04-23,2022-05-07,59,59,59,59,1962-05-08,1963-04-23
169141,2022-05-07,2022-05-14,59,59,59,59,1962-05-15,1963-05-07
169141,2022-05-14,2022-05-21,59,59,59,59,1962-05-22,1963-05-14
169141,2022-05-21,2022-06-11,59,59,59,59,1962-06-12,1963-05-21
169141,2022-06-11,2022-06-25,59,59,59,59,1962-06-26,1963-06-11
169141,2022-06-25,2022-07-16,59,59,59,59,1962-07-17,1963-06-25
169141,2022-07-16,2022-07-23,59,59,59,59,1962-07-24,1963-07-16
169141,2022-07-23,2022-08-20,59,59,59,59,1962-08-21,1963-07-23
169141,2022-08-20,2022-08-27,59,59,59,59,1962-08-28,1963-08-20
169141,2022-08-27,2022-09-10,59,59,59,59,1962-09-11,1963-08-27
169141,2022-09-10,2022-09-17,59,59,59,59,1962-09-18,1963-09-10
169141,2022-09-17,2022-09-24,59,59,59,59,1962-09-25,1963-09-17
169141,2022-09-24,2022-10-01,59,59,59,59,1962-10-02,1963-09-24
169141,2022-10-01,2022-10-15,59,59,59,59,1962-10-16,1963-10-01
169141,2022-10-15,2022-10-22,59,59,59,59,1962-10-23,1963-10-15
169141,2022-10-22,2022-12-24,59,59,59,59,1962-12-25,1963-10-22
169141,2022-12-24,2022-12-31,59,59,59,59,1963-01-01,1963-12-24
169141,2022-12-31,2023-01-01,59,59,59,59,1963-01-02,1963-12-31
169141,2023-01-01,2023-01-28,59,59,60,60,1963-01-02,1963-01-28
169141,2023-01-28,2023-02-04,60,60,60,60,1962-02-05,1963-01-28
169141,2023-02-04,2023-02-25,60,60,60,60,1962-02-26,1963-02-04
169141,2023-02-25,2023-03-04,60,60,60,60,1962-03-05,1963-02-25
169141,2023-03-04,2025-01-04,60,60,61,61,1963-01-05,1963-03-04
1705569,,2015-06-20,,,49,49,1965-06-21,1966-06-20
1705569,2015-06-20,2015-07-18,49,49,46,46,1968-07-19,1966-06-20
1705569,2015-07-18,2015-07-25,46,46,46,46,1968-07-26,1969-07-18
1705569,2015-07-25,2015-08-01,46,46,46,46,1968-08-02,1969-07-25
1705569,2015-08-01,2015-08-15,46,46,46,46,1968-08-16,1969-08-01
1705569,2015-08-15,2015-08-29,46,46,46,46,1968-08-30,1969-08-15
1705569,2015-08-29,2015-09-12,46,46,46,46,1968-09-13,1969-08-29
1705569,2015-09-12,2015-09-19,46,46,46,46,1968-09-20,1969-09-12
1705569,2015-09-19,2015-10-10,46,46,47,47,1968-09-20,1968-10-10
1705569,2015-10-10,2015-10-17,47,47,47,47,1967-10-18,1968-10-10
1705569,2015-10-17,2016-04-23,47,47,47,47,1968-04-24,1968-10-17
1705569,2016-04-23,2016-04-30,47,47,47,47,1968-05-01,1969-04-23
1705569,2016-04-30,2016-05-14,47,47,47,47,1968-05-15,1969-04-30
1705569,2016-05-14,2016-05-21,47,47,47,47,1968-05-22,1969-05-14
1705569,2016-05-21,2016-05-28,47,47,47,47,1968-05-29,1969-05-21
1705569,2016-05-28,2016-06-18,47,47,47,47,1968-06-19,1969-05-28
1705569,2016-06-18,2016-06-25,47,47,47,47,1968-06-26,1969-06-18
1705569,2016-06-25,2016-07-30,47,47,47,47,1968-07-31,1969-06-25
1705569,2016-07-30,2016-08-06,47,47,47,47,1968-08-07,1969-07-30
1705569,2016-08-06,2017-04-22,47,47,48,48,1968-08-07,1969-04-22
1705569,2017-04-22,2017-05-06,48,48,48,48,1968-05-07,1969-04-22
1705569,2017-05-06,2017-05-20,48,48,48,48,1968-05-21,1969-05-06
1705569,2017-05-20,2017-06-03,48,48,48,48,1968-06-04,1969-05-20
1705569,2017-06-03,2017-06-17,48,48,48,48,1968-06-18,1969-06-03
1705569,2017-06-17,2017-07-01,48,48,48,48,1968-07-02,1969-06-17
1705569,2017-07-01,2017-07-15,48,48,48,48,1968-07-16,1969-07-01
1705569,2017-07-15,2017-07-29,48,48,48,48,1968-07-30,1969-07-15
1705569,2017-07-29,2017-08-19,48,48,48,48,1968-08-20,1969-07-29
1705569,2017-08-19,2017-08-26,48,48,48,48,1968-08-27,1969-08-19
1705569,2017-08-26,2017-09-23,48,48,48,48,1968-09-24,1969-08-26
1705569,2017-09-23,2017-09-30,48,48,49,49,1968-09-24,1968-09-30
1705569,2017-09-30,2017-12-09,49,49,49,49,1967-12-10,1968-09-30
1705569,2017-12-09,2018-03-24,49,49,49,49,1968-03-25,1968-12-09
1705569,2018-03-24,2018-07-07,49,49,49,49,1968-07-08,1969-03-24
1705569,2018-07-07,2018-09-22,49,49,49,49,1968-09-23,1969-07-07
1705569,2018-09-22,2018-09-29,49,49,50,50,1968-09-23,1968-09-29
1705569,2018-09-29,2018-10-06,50,50,50,50,1967-10-07,1968-09-29
1705569,2018-10-06,2018-12-29,50,50,50,50,1967-12-30,1968-10-06
1705569,2018-12-29,2019-06-22,50,50,50,50,1968-06-23,1968-12-29
1705569,2019-06-22,2019-09-07,50,50,50,50,1968-09-08,1969-06-22
1706102,,2015-06-13,,,54,54,1960-06-14,1961-06-13
1706102,2015-06-13,2015-06-20,54,54,54,54,1960-06-21,1961-06-13
1706102,2015-06-20,2015-06-27,54,54,52,52,1962-06-28,1961-06-20
1706102,2015-06-27,2015-07-04,52,52,52,52,1962-07-05,1963-06-27
1706102,2015-07-04,2015-07-11,52,52,52,52,1962-07-12,1963-07-04
1706102,2015-07-11,2015-07-25,52,52,52,52,1962-07-26,1963-07-11
1706102,2015-07-25,2015-08-01,52,52,52,52,1962-08-02,1963-07-25
1706102,2015-08-01,2015-08-08,52,52,52,52,1962-08-09,1963-08-01
1706102,2015-08-08,2015-09-05,52,52,52,52,1962-09-06,1963-08-08
1706102,2015-09-05,2015-09-19,52,52,52,52,1962-09-20,1963-09-05
1706102,2015-09-19,2015-09-26,52,52,52,52,1962-09-27,1963-09-19
1706102,2015-09-26,2015-10-03,52,52,52,52,1962-10-04,1963-09-26
1706102,2015-10-03,2015-10-10,52,52,52,52,1962-10-11,1963-10-03
1706102,2015-10-10,2015-10-31,52,52,52,52,1962-11-01,1963-10-10
1706102,2015-10-31,2015-11-07,52,52,52,52,1962-11-08,1963-10-31
1706102,2015-11-07,2015-11-14,52,52,52,52,1962-11-15,1963-11-07
1706102,2015-11-14,2015-11-28,52,52,52,52,1962-11-29,1963-11-14
1706102,2015-11-28,2015-12-05,52,52,52,52,1962-12-06,1963-11-28
1706102,2015-12-05,2015-12-12,52,52,52,52,1962-12-13,1963-12-05
1706102,2015-12-12,2015-12-19,52,52,52,52,1962-12-20,1963-12-12
1706102,2015-12-19,2016-01-23,52,52,52,52,1963-01-24,1963-12-19
1706102,2016-01-23,2016-05-07,52,52,53,53,1963-01-24,1963-05-07
1706102,2016-05-07,2016-05-21,53,53,53,53,1962-05-22,1963-05-07
1706102,2016-05-21,2016-06-18,53,53,53,53,1962-06-19,1963-05-21
1706102,2016-06-18,2016-06-25,53,53,53,53,1962-06-26,1963-06-18
1706102,2016-06-25,2016-07-02,53,53,53,53,1962-07-03,1963-06-25
1706102,2016-07-02,2016-07-09,53,53,53,53,1962-07-10,1963-07-02
1706102,2016-07-09,2016-07-23,53,53,53,53,1962-07-24,1963-07-09
1706102,2016-07-23,2016-07-30,53,53,53,53,1962-07-31,1963-07-23
1706102,2016-07-30,2016-08-20,53,53,53,53,1962-08-21,1963-07-30
1706102,2016-08-20,2016-09-10,53,53,53,53,1962-09-11,1963-08-20
1706102,2016-09-10,2016-09-17,53,53,53,53,1962-09-18,1963-09-10
1706102,2016-09-17,2016-09-24,53,53,53,53,1962-09-25,1963-09-17
1706102,2016-09-24,2016-10-01,53,53,53,53,1962-10-02,1963-09-24
1706102,2016-10-01,2016-10-22,53,53,53,53,1962-10-23,1963-10-01
1706102,2016-10-22,2016-11-05,53,53,53,53,1962-11-06,1963-10-22
1706102,2016-11-05,2016-11-19,53,53,53,53,1962-11-20,1963-11-05
1706102,2016-11-19,2016-11-26,53,53,53,53,1962-11-27,1963-11-19
1706102,2016-11-26,2016-12-10,53,53,53,53,1962-12-11,1963-11-26
1706102,2016-12-10,2017-01-07,53,53,53,53,1963-01-08,1963-12-10
1706102,2017-01-07,2017-01-14,53,53,53,53,1963-01-15,1964-01-07
1706102,2017-01-14,2017-01-21,53,53,53,53,1963-01-22,1964-01-14
1706102,2017-01-21,2017-04-01,53,53,54,54,1963-01-22,1963-04-01
1706102,2017-04-01,2017-04-15,54,54,54,54,1962-04-16,1963-04-01
1706102,2017-04-15,2017-05-06,54,54,54,54,1962-05-07,1963-04-15
1706102,2017-05-06,2017-05-13,54,54,54,54,1962-05-14,1963-05-06
1706102,2017-05-13,2017-05-27,54,54,54,54,1962-05-28,1963-05-13
1706102,2017-05-27,2017-06-03,54,54,54,54,1962-06-04,1963-05-27
1706102,2017-06-03,2017-06-10,54,54,54,54,1962-06-11,1963-06-03
1706102,2017-06-10,2017-06-17,54,54,54,54,1962-06-18,1963-06-10
1706102,2017-06-17,2017-07-01,54,54,54,54,1962-07-02,1963-06-17
1706102,2017-07-01,2017-07-08,54,54,54,54,1962-07-09,1963-07-01
170829,,2011-07-23,,,42,42,1968-07-24,1969-07-23
170829,2011-07-23,2011-07-30,42,42,42,42,1968-07-31,1969-07-23
170829,2011-07-30,2011-08-06,42,42,42,42,1968-08-07,1969-07-30
170829,2011-08-06,2011-09-03,42,42,44,44,1968-08-07,1967-09-03
170829,2011-09-03,2011-09-10,44,44,44,44,1966-09-11,1967-09-03
170829,2011-09-10,2011-09-17,44,44,44,44,1966-09-18,1967-09-10
170829,2011-09-17,2011-10-08,44,44,44,44,1966-10-09,1967-09-17
170829,2011-10-08,2011-11-05,44,44,43,43,1967-11-06,1967-10-08
170829,2011-11-05,2011-12-24,43,43,43,43,1967-12-25,1968-11-05
170829,2011-12-24,2012-01-07,43,43,43,43,1968-01-08,1968-12-24
170829,2012-01-07,2015-02-14,43,43,46,46,1968-02-15,1969-01-07
170829,2015-02-14,2015-06-13,46,46,46,46,1968-06-14,1969-02-14
170829,2015-06-13,2016-02-13,46,46,47,47,1968-06-14,1969-02-13
170829,2016-02-13,2016-02-27,47,47,47,47,1968-02-28,1969-02-13
170829,2016-02-27,2019-01-12,47,47,50,50,1968-02-28,1969-01-12
170829,2019-01-12,2019-05-04,50,50,50,50,1968-05-05,1969-01-12
1708895,,2015-06-13,,,54,54,1960-06-14,1961-06-13
1708895,2015-06-13,2015-06-20,54,54,47,47,1967-06-21,1961-06-13
1708895,2015-06-20,2015-06-27,47,47,47,47,1967-06-28,1968-06-20
1708895,2015-06-27,2015-07-04,47,47,47,47,1967-07-05,1968-06-27
1708895,2015-07-04,2015-07-11,47,47,47,47,1967-07-12,1968-07-04
1708895,2015-07-11,2015-07-18,47,47,47,47,1967-07-19,1968-07-11
1708895,2015-07-18,2019-06-08,47,47,51,51,1967-07-19,1968-06-08
1717073,,2015-06-20,,,44,44,1970-06-21,1971-06-20
1717073,2015-06-20,2015-07-11,44,44,43,43,1971-07-12,1971-06-20
1717073,2015-07-11,2015-08-08,43,43,43,43,1971-08-09,1972-07-11
1717073,2015-08-08,2015-10-10,43,43,43,43,1971-10-11,1972-08-08
1717073,2015-10-10,2016-05-28,43,43,44,44,1971-10-11,1972-05-28
1717073,2016-05-28,2016-07-02,44,44,44,44,1971-07-03,1972-05-28
1724169,,2015-06-20,,,34,34,1980-06-21,1981-06-20
1724169,2015-06-20,2015-07-11,34,34,33,33,1981-07-12,1981-06-20
1724169,2015-07-11,2015-12-05,33,33,33,33,1981-12-06,1982-07-11
1724169,2015-12-05,2016-02-20,33,33,33,33,1982-02-21,1982-12-05
1724169,2016-02-20,2016-03-26,33,33,33,33,1982-03-27,1983-02-20
1724169,2016-03-26,2016-04-09,33,33,33,33,1982-04-10,1983-03-26
1724169,2016-04-09,2018-10-13,33,33,36,36,1982-04-10,1982-10-13
1724169,2018-10-13,2018-11-10,36,36,36,36,1981-11-11,1982-10-13
1724169,2018-11-10,2019-04-20,36,36,36,36,1982-04-21,1982-11-10
1730522,,2015-06-20,,,34,34,1980-06-21,1981-06-20
1730522,2015-06-20,2015-06-27,34,34,33,33,1981-06-28,1981-06-20
173137,,2011-07-30,,,45,45,1965-07-31,1966-07-30
173137,2011-07-30,2011-08-06,45,45,47,47,1965-07-31,1964-08-06
173137,2011-08-06,2011-08-13,47,47,47,47,1963-08-14,1964-08-06
173137,2011-08-13,2011-08-20,47,47,47,47,1963-08-21,1964-08-13
173137,2011-08-20,2011-08-27,47,47,47,47,1963-08-28,1964-08-20
173137,2011-08-27,2011-09-03,47,47,47,47,1963-09-04,1964-08-27
173137,2011-09-03,2011-09-10,47,47,47,47,1963-09-11,1964-09-03
173137,2011-09-10,2011-09-17,47,47,46,46,1964-09-18,1964-09-10
173137,2011-09-17,2011-10-01,46,46,47,47,1964-09-18,1964-10-01
173137,2011-10-01,2011-10-22,47,47,46,46,1964-10-23,1964-10-01
173137,2011-10-22,2011-10-29,46,46,46,46,1964-10-30,1965-10-22
173137,2011-10-29,2011-11-05,46,46,46,46,1964-11-06,1965-10-29
173137,2011-11-05,2012-02-25,46,46,46,46,1965-02-26,1965-11-05
173137,2012-02-25,2012-05-19,46,46,46,46,1965-05-20,1966-02-25
173137,2012-05-19,2012-06-02,46,46,46,46,1965-06-03,1966-05-19
173137,2012-06-02,2012-08-18,46,46,47,47,1965-06-03,1965-08-18
173137,2012-08-18,2013-05-04,47,47,47,47,1965-05-05,1965-08-18
173137,2013-05-04,2013-05-11,47,47,47,47,1965-05-12,1966-05-04
173137,2013-05-11,2013-06-08,47,47,47,47,1965-06-09,1966-05-11
173137,2013-06-08,2013-06-15,47,47,47,47,1965-06-16,1966-06-08
173137,2013-06-15,2013-06-29,47,47,47,47,1965-06-30,1966-06-15
173137,2013-06-29,2013-07-06,47,47,47,47,1965-07-07,1966-06-29
173137,2013-07-06,2013-07-13,47,47,47,47,1965-07-14,1966-07-06
173137,2013-07-13,2014-03-15,47,47,48,48,1965-07-14,1966-03-15
173137,2014-03-15,2014-04-12,48,48,48,48,1965-04-13,1966-03-15
173137,2014-04-12,2014-09-27,48,48,49,49,1965-04-13,1965-09-27
173137,2014-09-27,2015-02-14,49,49,49,49,1965-02-15,1965-09-27
173137,2015-02-14,2015-02-28,49,49,49,49,1965-03-01,1966-02-14
173137,2015-02-28,2015-03-14,49,49,49,49,1965-03-15,1966-02-28
173137,2015-03-14,2015-04-11,49,49,49,49,1965-04-12,1966-03-14
173137,2015-04-11,2015-05-30,49,49,49,49,1965-05-31,1966-04-11
173137,2015-05-30,2016-07-02,49,49,50,50,1965-07-03,1966-05-30
173137,2016-07-02,2016-07-09,50,50,50,50,1965-07-10,1966-07-02
173137,2016-07-09,2017-08-26,50,50,52,52,1965-07-10,1965-08-26
173137,2017-08-26,2017-09-02,52,52,52,52,1964-09-03,1965-08-26
173137,2017-09-02,2017-09-09,52,52,52,52,1964-09-10,1965-09-02
173137,2017-09-09,2017-09-16,52,52,52,52,1964-09-17,1965-09-09
173137,2017-09-16,2018-03-10,52,52,52,52,1965-03-11,1965-09-16
173137,2018-03-10,2018-04-21,52,52,52,52,1965-04-22,1966-03-10
173137,2018-04-21,2018-04-28,52,52,52,52,1965-04-29,1966-04-21
173137,2018-04-28,2018-05-05,52,52,52,52,1965-05-06,1966-04-28
173137,2018-05-05,2018-09-01,52,52,53,53,1965-05-06,1965-09-01
173137,2018-09-01,2019-06-01,53,53,53,53,1965-06-02,1965-09-01
173137,2019-06-01,2019-09-14,53,53,54,54,1965-06-02,1965-09-14
173137,2019-09-14,2019-09-21,54,54,54,54,1964-09-22,1965-09-14
173137,2019-09-21,2019-10-05,54,54,54,54,1964-10-06,1965-09-21
173137,2019-10-05,2019-10-12,54,54,54,54,1964-10-13,1965-10-05
173137,2019-10-12,2019-11-02,54,54,54,54,1964-11-03,1965-10-12
173137,2019-11-02,2019-12-14,54,54,54,54,1964-12-15,1965-11-02
173137,2019-12-14,2019-12-28,54,54,54,54,1964-12-29,1965-12-14
173137,2019-12-28,2020-01-04,54,54,54,54,1965-01-05,1965-12-28
173137,2020-01-04,2022-05-21,54,54,56,56,1965-05-22,1966-01-04
173137,2022-05-21,2022-08-13,56,56,57,57,1965-05-22,1965-08-13
173137,2022-08-13,2022-08-20,57,57,57,57,1964-08-21,1965-08-13
173137,2022-08-20,2022-09-17,57,57,57,57,1964-09-18,1965-08-20
173137,2022-09-17,2023-07-29,57,57,57,57,1965-07-30,1965-09-17
173137,2023-07-29,2023-08-05,57,57,58,58,1965-07-30,1965-08-05
173137,2023-08-05,2023-08-12,58,58,58,58,1964-08-13,1965-08-05
173137,2023-08-12,2023-08-26,58,58,58,58,1964-08-27,1965-08-12
173137,2023-08-26,2023-09-02,58,58,58,58,1964-09-03,1965-08-26
173137,2023-09-02,2023-09-23,58,58,58,58,1964-09-24,1965-09-02
173137,2023-09-23,2024-10-12,58,58,59,59,1964-10-13,1965-09-23
173137,2024-10-12,2024-10-26,59,59,59,59,1964-10-27,1965-10-12
173137,2024-10-26,2025-06-28,59,59,59,59,1965-06-29,1965-10-26
173137,2025-06-28,2025-07-05,59,59,59,59,1965-07-06,1966-06-28
173137,2025-07-05,2025-07-12,59,59,59,59,1965-07-13,1966-07-05
173137,2025-07-12,2025-08-09,59,59,60,60,1965-07-13,1965-08-09
173137,2025-08-09,2025-08-16,60,60,60,60,1964-08-17,1965-08-09
173137,2025-08-16,2025-08-30,60,60,60,60,1964-08-31,1965-08-16
173137,2025-08-30,2025-10-04,60,60,60,60,1964-10-05,1965-08-30
173137,2025-10-04,2025-10-11,60,60,60,60,1964-10-12,1965-10-04
173712,,2011-08-06,,,52,52,1958-08-07,1959-08-06
173712,2011-08-06,2011-08-20,52,52,52,52,1958-08-21,1959-08-06
173712,2011-08-20,2011-09-03,52,52,52,52,1958-09-04,1959-08-20
173712,2011-09-03,2011-09-10,52,52,52,52,1958-09-11,1959-09-03
173712,2011-09-10,2011-09-17,52,52,51,51,1959-09-18,1959-09-10
173712,2011-09-17,2011-12-24,51,51,51,51,1959-12-25,1960-09-17
173712,2011-12-24,2011-12-31,51,51,51,51,1960-01-01,1960-12-24
173712,2011-12-31,2012-01-14,51,51,52,52,1960-01-01,1960-01-14
173712,2012-01-14,2012-02-11,52,52,52,52,1959-02-12,1960-01-14
173712,2012-02-11,2012-02-18,52,52,52,52,1959-02-19,1960-02-11
173712,2012-02-18,2012-02-25,52,52,52,52,1959-02-26,1960-02-18
173712,2012-02-25,2012-08-18,52,52,52,52,1959-08-19,1960-02-25
173712,2012-08-18,2013-01-12,52,52,53,53,1959-08-19,1960-01-12
173712,2013-01-12,2013-08-17,53,53,53,53,1959-08-18,1960-01-12
173712,2013-08-17,2015-03-14,53,53,55,55,1959-08-18,1960-03-14
1752380,,2015-07-11,,,51,51,1963-07-12,1964-07-11
1752380,2015-07-11,2015-07-18,51,51,47,47,1967-07-19,1964-07-11
1752380,2015-07-18,2015-07-25,47,47,48,48,1967-07-19,1967-07-25
1752380,2015-07-25,2015-08-01,48,48,48,48,1966-08-02,1967-07-25
1752380,2015-08-01,2015-08-08,48,48,48,48,1966-08-09,1967-08-01
1752380,2015-08-08,2015-08-15,48,48,48,48,1966-08-16,1967-08-08
1752380,2015-08-15,2015-08-22,48,48,48,48,1966-08-23,1967-08-15
1752380,2015-08-22,2015-08-29,48,48,48,48,1966-08-30,1967-08-22
1752380,2015-08-29,2015-09-05,48,48,48,48,1966-09-06,1967-08-29
1752380,2015-09-05,2015-09-19,48,48,48,48,1966-09-20,1967-09-05
1752380,2015-09-19,2015-09-26,48,48,48,48,1966-09-27,1967-09-19
1752380,2015-09-26,2015-10-31,48,48,48,48,1966-11-01,1967-09-26
1752380,2015-10-31,2015-11-28,48,48,48,48,1966-11-29,1967-10-31
1752380,2015-11-28,2015-12-05,48,48,48,48,1966-12-06,1967-11-28
1752380,2015-12-05,2015-12-19,48,48,48,48,1966-12-20,1967-12-05
1752380,2015-12-19,2016-01-23,48,48,48,48,1967-01-24,1967-12-19
1752380,2016-01-23,2016-02-06,48,48,48,48,1967-02-07,1968-01-23
1752380,2016-02-06,2016-02-27,48,48,48,48,1967-02-28,1968-02-06
1752380,2016-02-27,2016-04-02,48,48,48,48,1967-04-03,1968-02-27
1752380,2016-04-02,2016-04-09,48,48,48,48,1967-04-10,1968-04-02
1752380,2016-04-09,2016-04-16,48,48,48,48,1967-04-17,1968-04-09
1752380,2016-04-16,2016-06-11,48,48,48,48,1967-06-12,1968-04-16
1752380,2016-06-11,2016-07-09,48,48,48,48,1967-07-10,1968-06-11
1752380,2016-07-09,2016-07-30,48,48,49,49,1967-07-10,1967-07-30
1752380,2016-07-30,2016-08-06,49,49,49,49,1966-08-07,1967-07-30
1752380,2016-08-06,2016-08-13,49,49,49,49,1966-08-14,1967-08-06
1752380,2016-08-13,2016-08-20,49,49,49,49,1966-08-21,1967-08-13
1752380,2016-08-20,2016-08-27,49,49,49,49,1966-08-28,1967-08-20
1752380,2016-08-27,2017-01-07,49,49,49,49,1967-01-08,1967-08-27
1752380,2017-01-07,2017-02-04,49,49,49,49,1967-02-05,1968-01-07
1752380,2017-02-04,2017-02-11,49,49,49,49,1967-02-12,1968-02-04
1752380,2017-02-11,2017-02-18,49,49,49,49,1967-02-19,1968-02-11
1752380,2017-02-18,2017-02-25,49,49,49,49,1967-02-26,1968-02-18
1752380,2017-02-25,2017-04-29,49,49,49,49,1967-04-30,1968-02-25
1752380,2017-04-29,2017-05-20,49,49,49,49,1967-05-21,1968-04-29
1752380,2017-05-20,2017-08-19,49,49,50,50,1967-05-21,1967-08-19
1752380,2017-08-19,2017-08-26,50,50,50,50,1966-08-27,1967-08-19
1752380,2017-08-26,2017-09-02,50,50,50,50,1966-09-03,1967-08-26
1752380,2017-09-02,2017-09-09,50,50,50,50,1966-09-10,1967-09-02
1752380,2017-09-09,2017-12-30,50,50,50,50,1966-12-31,1967-09-09
1752380,2017-12-30,2018-01-06,50,50,50,50,1967-01-07,1967-12-30
1752380,2018-01-06,2018-01-13,50,50,50,50,1967-01-14,1968-01-06
1752380,2018-01-13,2018-01-20,50,50,50,50,1967-01-21,1968-01-13
1752380,2018-01-20,2018-01-27,50,50,50,50,1967-01-28,1968-01-20
1752380,2018-01-27,2018-02-03,50,50,50,50,1967-02-04,1968-01-27
1752380,2018-02-03,2018-02-10,50,50,50,50,1967-02-11,1968-02-03
1752380,2018-02-10,2018-02-17,50,50,50,50,1967-02-18,1968-02-10
1752380,2018-02-17,2018-02-24,50,50,50,50,1967-02-25,1968-02-17
1752380,2018-02-24,2018-03-10,50,50,50,50,1967-03-11,1968-02-24
1752380,2018-03-10,2018-04-07,50,50,50,50,1967-04-08,1968-03-10
1752380,2018-04-07,2018-04-21,50,50,50,50,1967-04-22,1968-04-07
1752380,2018-04-21,2018-04-28,50,50,50,50,1967-04-29,1968-04-21
1752380,2018-04-28,2018-05-05,50,50,50,50,1967-05-06,1968-04-28
1752380,2018-05-05,2018-05-19,50,50,50,50,1967-05-20,1968-05-05
1752380,2018-05-19,2018-05-26,50,50,50,50,1967-05-27,1968-05-19
1752380,2018-05-26,2018-07-14,50,50,50,50,1967-07-15,1968-05-26
1752380,2018-07-14,2018-07-21,50,50,51,51,1967-07-15,1967-07-21
1752380,2018-07-21,2018-07-28,51,51,51,51,1966-07-29,1967-07-21
1752380,2018-07-28,2018-08-25,51,51,51,51,1966-08-26,1967-07-28
1752380,2018-08-25,2018-09-01,51,51,51,51,1966-09-02,1967-08-25
1752380,2018-09-01,2018-09-08,51,51,51,51,1966-09-09,1967-09-01
1752380,2018-09-08,2018-09-15,51,51,51,51,1966-09-16,1967-09-08
1752380,2018-09-15,2018-09-29,51,51,51,51,1966-09-30,1967-09-15
1752380,2018-09-29,2018-10-06,51,51,51,51,1966-10-07,1967-09-29
1752380,2018-10-06,2018-10-13,51,51,51,51,1966-10-14,1967-10-06
1752380,2018-10-13,2018-10-20,51,51,51,51,1966-10-21,1967-10-13
1752380,2018-10-20,2018-11-03,51,51,51,51,1966-11-04,1967-10-20
1752380,2018-11-03,2018-11-10,51,51,51,51,1966-11-11,1967-11-03
1752380,2018-11-10,2018-11-17,51,51,51,51,1966-11-18,1967-11-10
1752380,2018-11-17,2018-11-24,51,51,51,51,1966-11-25,1967-11-17
1752380,2018-11-24,2018-12-01,51,51,51,51,1966-12-02,1967-11-24
1752380,2018-12-01,2018-12-22,51,51,51,51,1966-12-23,1967-12-01
1752380,2018-12-22,2018-12-25,51,51,51,51,1966-12-26,1967-12-22
1752380,2018-12-25,2018-12-29,51,51,51,51,1966-12-30,1967-12-25
1752380,2018-12-29,2019-01-01,51,51,51,51,1967-01-02,1967-12-29
1752380,2019-01-01,2019-01-01,51,51,51,51,1967-01-02,1968-01-01
1752380,2019-01-01,2019-01-05,51,51,51,51,1967-01-06,1968-01-01
1752380,2019-01-05,2019-01-12,51,51,51,51,1967-01-13,1968-01-05
1752380,2019-01-12,2019-01-19,51,51,51,51,1967-01-20,1968-01-12
1752380,2019-01-19,2019-01-26,51,51,51,51,1967-01-27,1968-01-19
1752380,2019-01-26,2019-02-09,51,51,51,51,1967-02-10,1968-01-26
1752380,2019-02-09,2019-02-16,51,51,51,51,1967-02-17,1968-02-09
1752380,2019-02-16,2019-03-02,51,51,51,51,1967-03-03,1968-02-16
1752380,2019-03-02,2019-03-09,51,51,51,51,1967-03-10,1968-03-02
1752380,2019-03-09,2019-03-23,51,51,51,51,1967-03-24,1968-03-09
1752380,2019-03-23,2019-03-30,51,51,51,51,1967-03-31,1968-03-23
1752380,2019-03-30,2019-04-06,51,51,51,51,1967-04-07,1968-03-30
1752380,2019-04-06,2019-04-13,51,51,51,51,1967-04-14,1968-04-06
1752380,2019-04-13,2019-04-20,51,51,51,51,1967-04-21,1968-04-13
1752380,2019-04-20,2019-05-04,51,51,51,51,1967-05-05,1968-04-20
1752380,2019-05-04,2019-05-18,51,51,51,51,1967-05-19,1968-05-04
1752380,2019-05-18,2019-05-25,51,51,51,51,1967-05-26,1968-05-18
1752380,2019-05-25,2019-06-08,51,51,51,51,1967-06-09,1968-05-25
1752380,2019-06-08,2019-06-15,51,51,51,51,1967-06-16,1968-06-08
1752380,2019-06-15,2019-07-20,51,51,51,51,1967-07-21,1968-06-15
1752380,2019-07-20,2019-07-27,51,51,52,52,1967-07-21,1967-07-27
1752380,2019-07-27,2019-08-03,52,52,52,52,1966-08-04,1967-07-27
1752380,2019-08-03,2019-08-10,52,52,52,52,1966-08-11,1967-08-03
1752380,2019-08-10,2019-08-17,52,52,52,52,1966-08-18,1967-08-10
1752380,2019-08-17,2019-08-24,52,52,52,52,1966-08-25,1967-08-17
1752380,2019-08-24,2019-08-31,52,52,52,52,1966-09-01,1967-08-24
1752380,2019-08-31,2019-09-07,52,52,52,52,1966-09-08,1967-08-31
1752380,2019-09-07,2019-09-14,52,52,52,52,1966-09-15,1967-09-07
1752380,2019-09-14,2019-09-21,52,52,52,52,1966-09-22,1967-09-14
1752380,2019-09-21,2019-10-05,52,52,52,52,1966-10-06,1967-09-21
1752380,2019-10-05,2019-11-02,52,52,52,52,1966-11-03,1967-10-05
1752380,2019-11-02,2019-11-09,52,52,52,52,1966-11-10,1967-11-02
1752380,2019-11-09,2019-12-21,52,52,52,52,1966-12-22,1967-11-09
1752380,2019-12-21,2019-12-25,52,52,52,52,1966-12-26,1967-12-21
1752380,2019-12-25,2019-12-28,52,52,52,52,1966-12-29,1967-12-25
1752380,2019-12-28,2020-01-01,52,52,52,52,1967-01-02,1967-12-28
1752380,2020-01-01,2020-01-01,52,52,52,52,1967-01-02,1968-01-01
1752380,2020-01-01,2020-01-04,52,52,52,52,1967-01-05,1968-01-01
1752380,2020-01-04,2020-01-25,52,52,52,52,1967-01-26,1968-01-04
1752380,2020-01-25,2021-08-07,52,52,54,54,1967-01-26,1967-08-07
1752380,2021-08-07,2021-08-14,54,54,54,54,1966-08-15,1967-08-07
1752380,2021-08-14,2021-08-21,54,54,54,54,1966-08-22,1967-08-14
1752380,2021-08-21,2021-08-28,54,54,54,54,1966-08-29,1967-08-21
1752380,2021-08-28,2021-11-06,54,54,54,54,1966-11-07,1967-08-28
1752380,2021-11-06,2021-12-11,54,54,54,54,1966-12-12,1967-11-06
1752380,2021-12-11,2021-12-25,54,54,54,54,1966-12-26,1967-12-11
1752380,2021-12-25,2022-01-01,54,54,54,54,1967-01-02,1967-12-25
1752380,2022-01-01,2022-01-15,54,54,54,54,1967-01-16,1968-01-01
1752380,2022-01-15,2022-01-29,54,54,54,54,1967-01-30,1968-01-15
1752380,2022-01-29,2022-04-23,54,54,54,54,1967-04-24,1968-01-29
1752380,2022-04-23,2023-01-07,54,54,55,55,1967-04-24,1968-01-07
1752380,2023-01-07,2023-01-21,55,55,55,55,1967-01-22,1968-01-07
1752380,2023-01-21,2023-08-12,55,55,56,56,1967-01-22,1967-08-12
1752380,2023-08-12,2023-08-19,56,56,56,56,1966-08-20,1967-08-12
1752380,2023-08-19,2023-10-14,56,56,56,56,1966-10-15,1967-08-19
1752380,2023-10-14,2023-10-21,56,56,56,56,1966-10-22,1967-10-14
1752380,2023-10-21,2023-10-28,56,56,56,56,1966-10-29,1967-10-21
1752380,2023-10-28,2023-11-11,56,56,56,56,1966-11-12,1967-10-28
1752380,2023-11-11,2023-11-18,56,56,56,56,1966-11-19,1967-11-11
1752380,2023-11-18,2023-11-25,56,56,56,56,1966-11-26,1967-11-18
1752380,2023-11-25,2023-12-02,56,56,56,56,1966-12-03,1967-11-25
1752380,2023-12-02,2023-12-09,56,56,56,56,1966-12-10,1967-12-02
1752380,2023-12-09,2023-12-16,56,56,56,56,1966-12-17,1967-12-09
1752380,2023-12-16,2023-12-23,56,56,56,56,1966-12-24,1967-12-16
1752380,2023-12-23,2023-12-25,56,56,56,56,1966-12-26,1967-12-23
1752380,2023-12-25,2023-12-30,56,56,56,56,1966-12-31,1967-12-25
1752380,2023-12-30,2024-01-01,56,56,56,56,1967-01-02,1967-12-30
1752380,2024-01-01,2024-01-06,56,56,56,56,1967-01-07,1968-01-01
1752380,2024-01-06,2024-01-13,56,56,56,56,1967-01-14,1968-01-06
1752380,2024-01-13,2024-01-20,56,56,56,56,1967-01-21,1968-01-13
1752380,2024-01-20,2024-02-03,56,56,56,56,1967-02-04,1968-01-20
1752380,2024-02-03,2024-02-24,56,56,56,56,1967-02-25,1968-02-03
1752380,2024-02-24,2024-03-09,56,56,56,56,1967-03-10,1968-02-24
1752380,2024-03-09,2024-03-23,56,56,56,56,1967-03-24,1968-03-09
1752380,2024-03-23,2024-03-30,56,56,56,56,1967-03-31,1968-03-23
1752380,2024-03-30,2024-04-06,56,56,56,56,1967-04-07,1968-03-30
1752380,2024-04-06,2024-04-13,56,56,56,56,1967-04-14,1968-04-06
1752380,2024-04-13,2024-04-20,56,56,56,56,1967-04-21,1968-04-13
1752380,2024-04-20,2024-04-27,56,56,56,56,1967-04-28,1968-04-20
1752380,2024-04-27,2024-05-25,56,56,56,56,1967-05-26,1968-04-27
1752380,2024-05-25,2024-06-08,56,56,56,56,1967-06-09,1968-05-25
1752380,2024-06-08,2024-06-22,56,56,56,56,1967-06-23,1968-06-08
1752380,2024-06-22,2024-06-29,56,56,56,56,1967-06-30,1968-06-22
1752380,2024-06-29,2024-07-06,56,56,56,56,1967-07-07,1968-06-29
1752380,2024-07-06,2024-07-27,56,56,57,57,1967-07-07,1967-07-27
1752380,2024-07-27,2024-08-03,57,57,57,57,1966-08-04,1967-07-27
1752380,2024-08-03,2024-08-10,57,57,57,57,1966-08-11,1967-08-03
1752380,2024-08-10,2024-08-17,57,57,57,57,1966-08-18,1967-08-10
1752380,2024-08-17,2024-08-31,57,57,57,57,1966-09-01,1967-08-17
1752380,2024-08-31,2024-09-07,57,57,57,57,1966-09-08,1967-08-31
1752380,2024-09-07,2024-09-21,57,57,57,57,1966-09-22,1967-09-07
1752380,2024-09-21,2024-10-05,57,57,57,57,1966-10-06,1967-09-21
1752380,2024-10-05,2024-10-12,57,57,57,57,1966-10-13,1967-10-05
1752380,2024-10-12,2024-10-19,57,57,57,57,1966-10-20,1967-10-12
1752380,2024-10-19,2024-10-26,57,57,57,57,1966-10-27,1967-10-19
1752380,2024-10-26,2024-11-02,57,57,57,57,1966-11-03,1967-10-26
1752380,2024-11-02,2024-11-09,57,57,57,57,1966-11-10,1967-11-02
1752380,2024-11-09,2024-11-16,57,57,57,57,1966-11-17,1967-11-09
1752380,2024-11-16,2024-12-14,57,57,57,57,1966-12-15,1967-11-16
1752380,2024-12-14,2024-12-21,57,57,57,57,1966-12-22,1967-12-14
1752380,2024-12-21,2024-12-25,57,57,57,57,1966-12-26,1967-12-21
1752380,2024-12-25,2025-01-01,57,57,57,57,1967-01-02,1967-12-25
1752380,2025-01-01,2025-01-04,57,57,57,57,1967-01-05,1968-01-01
1752380,2025-01-04,2025-03-22,57,57,57,57,1967-03-23,1968-01-04
1752380,2025-03-22,2025-04-12,57,57,57,57,1967-04-13,1968-03-22
1752380,2025-04-12,2025-05-31,57,57,57,57,1967-06-01,1968-04-12
1752380,2025-05-31,2025-11-15,57,57,58,58,1967-06-01,1967-11-15
1752380,2025-11-15,2025-11-29,58,58,58,58,1966-11-30,1967-11-15
1752380,2025-11-29,2025-12-06,58,58,58,58,1966-12-07,1967-11-29
1752380,2025-12-06,2025-12-13,58,58,58,58,1966-12-14,1967-12-06
1752380,2025-12-13,2025-12-27,58,58,58,58,1966-12-28,1967-12-13
1786236,,2016-01-16,,,41,41,1974-01-17,1975-01-16
1786236,2016-01-16,2016-01-23,41,41,41,41,1974-01-24,1975-01-16
1786236,2016-01-23,2016-09-24,41,41,42,42,1974-01-24,1974-09-24
1786236,2016-09-24,2016-10-01,42,42,42,42,1973-10-02,1974-09-24
1786236,2016-10-01,2016-10-22,42,42,42,42,1973-10-23,1974-10-01
1786236,2016-10-22,2016-11-12,42,42,42,42,1973-11-13,1974-10-22
1786236,2016-11-12,2016-11-26,42,42,42,42,1973-11-27,1974-11-12
1786236,2016-11-26,2016-12-03,42,42,42,42,1973-12-04,1974-11-26
1786236,2016-12-03,2016-12-10,42,42,42,42,1973-12-11,1974-12-03
1786236,2016-12-10,2016-12-17,42,42,42,42,1973-12-18,1974-12-10
1786236,2016-12-17,2016-12-24,42,42,42,42,1973-12-25,1974-12-17
1786236,2016-12-24,2016-12-31,42,42,42,42,1974-01-01,1974-12-24
1786236,2016-12-31,2017-01-01,42,42,42,42,1974-01-02,1974-12-31
1786236,2017-01-01,2017-01-07,42,42,42,42,1974-01-08,1975-01-01
1786236,2017-01-07,2017-01-14,42,42,42,42,1974-01-15,1975-01-07
1786236,2017-01-14,2017-01-21,42,42,42,42,1974-01-22,1975-01-14
1786236,2017-01-21,2017-01-28,42,42,42,42,1974-01-29,1975-01-21
1786236,2017-01-28,2017-02-04,42,42,42,42,1974-02-05,1975-01-28
1786236,2017-02-04,2017-02-11,42,42,42,42,1974-02-12,1975-02-04
1786236,2017-02-11,2017-02-18,42,42,42,42,1974-02-19,1975-02-11
1786236,2017-02-18,2017-02-25,42,42,42,42,1974-02-26,1975-02-18
1786236,2017-02-25,2017-03-18,42,42,42,42,1974-03-19,1975-02-25
1786236,2017-03-18,2017-03-25,42,42,42,42,1974-03-26,1975-03-18
1786236,2017-03-25,2017-04-15,42,42,42,42,1974-04-16,1975-03-25
1786236,2017-04-15,2017-04-22,42,42,42,42,1974-04-23,1975-04-15
1786236,2017-04-22,2017-04-29,42,42,42,42,1974-04-30,1975-04-22
1786236,2017-04-29,2017-05-06,42,42,42,42,1974-05-07,1975-04-29
1786236,2017-05-06,2017-05-13,42,42,42,42,1974-05-14,1975-05-06
1786236,2017-05-13,2017-05-20,42,42,42,42,1974-05-21,1975-05-13
1786236,2017-05-20,2017-05-27,42,42,42,42,1974-05-28,1975-05-20
1786236,2017-05-27,2017-06-10,42,42,42,42,1974-06-11,1975-05-27
1786236,2017-06-10,2017-06-17,42,42,42,42,1974-06-18,1975-06-10
1786236,2017-06-17,2017-07-01,42,42,42,42,1974-07-02,1975-06-17
1786236,2017-07-01,2017-07-08,42,42,43,43,1974-07-02,1974-07-08
1786236,2017-07-08,2017-07-22,43,43,43,43,1973-07-23,1974-07-08
1786236,2017-07-22,2017-08-05,43,43,43,43,1973-08-06,1974-07-22
1786236,2017-08-05,2017-09-02,43,43,43,43,1973-09-03,1974-08-05
1786236,2017-09-02,2017-09-09,43,43,43,43,1973-09-10,1974-09-02
1786236,2017-09-09,2017-09-16,43,43,43,43,1973-09-17,1974-09-09
1786236,2017-09-16,2017-09-23,43,43,43,43,1973-09-24,1974-09-16
1786236,2017-09-23,2017-10-14,43,43,43,43,1973-10-15,1974-09-23
1786236,2017-10-14,2017-10-21,43,43,43,43,1973-10-22,1974-10-14
1786236,2017-10-21,2017-10-28,43,43,43,43,1973-10-29,1974-10-21
1786236,2017-10-28,2017-11-11,43,43,43,43,1973-11-12,1974-10-28
1786236,2017-11-11,2017-11-18,43,43,43,43,1973-11-19,1974-11-11
1786236,2017-11-18,2017-11-25,43,43,43,43,1973-11-26,1974-11-18
1786236,2017-11-25,2017-12-02,43,43,43,43,1973-12-03,1974-11-25
1786236,2017-12-02,2017-12-09,43,43,43,43,1973-12-10,1974-12-02
1786236,2017-12-09,2017-12-23,43,43,43,43,1973-12-24,1974-12-09
1786236,2017-12-23,2017-12-25,43,43,43,43,1973-12-26,1974-12-23
1786236,2017-12-25,2018-01-06,43,43,43,43,1974-01-07,1974-12-25
1786236,2018-01-06,2018-01-13,43,43,43,43,1974-01-14,1975-01-06
1786236,2018-01-13,2018-01-20,43,43,43,43,1974-01-21,1975-01-13
1786236,2018-01-20,2018-02-03,43,43,43,43,1974-02-04,1975-01-20
1786236,2018-02-03,2018-02-10,43,43,43,43,1974-02-11,1975-02-03
1786236,2018-02-10,2018-02-17,43,43,43,43,1974-02-18,1975-02-10
1786236,2018-02-17,2018-02-24,43,43,43,43,1974-02-25,1975-02-17
1786236,2018-02-24,2018-03-03,43,43,43,43,1974-03-04,1975-02-24
1786236,2018-03-03,2018-03-10,43,43,43,43,1974-03-11,1975-03-03
1786236,2018-03-10,2018-03-17,43,43,43,43,1974-03-18,1975-03-10
1786236,2018-03-17,2018-03-24,43,43,43,43,1974-03-25,1975-03-17
1786236,2018-03-24,2018-04-07,43,43,43,43,1974-04-08,1975-03-24
1786236,2018-04-07,2018-04-14,43,43,43,43,1974-04-15,1975-04-07
1786236,2018-04-14,2018-04-28,43,43,43,43,1974-04-29,1975-04-14
1786236,2018-04-28,2018-05-12,43,43,43,43,1974-05-13,1975-04-28
1786236,2018-05-12,2018-05-19,43,43,43,43,1974-05-20,1975-05-12
1786236,2018-05-19,2018-06-02,43,43,43,43,1974-06-03,1975-05-19
1786236,2018-06-02,2018-06-16,43,43,43,43,1974-06-17,1975-06-02
1786236,2018-06-16,2018-06-23,43,43,43,43,1974-06-24,1975-06-16
1786236,2018-06-23,2018-06-30,43,43,43,43,1974-07-01,1975-06-23
1786236,2018-06-30,2018-07-07,43,43,44,44,1974-07-01,1974-07-07
1786236,2018-07-07,2018-07-21,44,44,44,44,1973-07-22,1974-07-07
1786236,2018-07-21,2018-08-04,44,44,44,44,1973-08-05,1974-07-21
1786236,2018-08-04,2018-08-11,44,44,44,44,1973-08-12,1974-08-04
1786236,2018-08-11,2018-08-18,44,44,44,44,1973-08-19,1974-08-11
1786236,2018-08-18,2018-08-25,44,44,44,44,1973-08-26,1974-08-18
1786236,2018-08-25,2018-09-01,44,44,44,44,1973-09-02,1974-08-25
1786236,2018-09-01,2018-09-08,44,44,44,44,1973-09-09,1974-09-01
1786236,2018-09-08,2018-09-15,44,44,44,44,1973-09-16,1974-09-08
1786236,2018-09-15,2018-10-06,44,44,44,44,1973-10-07,1974-09-15
1786236,2018-10-06,2018-10-20,44,44,44,44,1973-10-21,1974-10-06
1786236,2018-10-20,2018-10-27,44,44,44,44,1973-10-28,1974-10-20
1786236,2018-10-27,2018-11-10,44,44,44,44,1973-11-11,1974-10-27
1786236,2018-11-10,2018-11-17,44,44,44,44,1973-11-18,1974-11-10
1786236,2018-11-17,2018-12-01,44,44,44,44,1973-12-02,1974-11-17
1786236,2018-12-01,2018-12-25,44,44,44,44,1973-12-26,1974-12-01
1786236,2018-12-25,2019-01-01,44,44,44,44,1974-01-02,1974-12-25
1786236,2019-01-01,2019-01-05,44,44,44,44,1974-01-06,1975-01-01
1786236,2019-01-05,2019-02-02,44,44,44,44,1974-02-03,1975-01-05
1786236,2019-02-02,2019-02-16,44,44,44,44,1974-02-17,1975-02-02
1786236,2019-02-16,2019-02-23,44,44,44,44,1974-02-24,1975-02-16
1786236,2019-02-23,2019-03-02,44,44,44,44,1974-03-03,1975-02-23
1786236,2019-03-02,2019-03-23,44,44,44,44,1974-03-24,1975-03-02
1786236,2019-03-23,2019-03-30,44,44,44,44,1974-03-31,1975-03-23
1786236,2019-03-30,2019-04-13,44,44,44,44,1974-04-14,1975-03-30
1786236,2019-04-13,2019-04-20,44,44,44,44,1974-04-21,1975-04-13
1786236,2019-04-20,2019-05-11,44,44,44,44,1974-05-12,1975-04-20
1786236,2019-05-11,2019-05-18,44,44,44,44,1974-05-19,1975-05-11
1786236,2019-05-18,2019-05-25,44,44,44,44,1974-05-26,1975-05-18
1786236,2019-05-25,2019-06-01,44,44,44,44,1974-06-02,1975-05-25
1786236,2019-06-01,2019-06-22,44,44,44,44,1974-06-23,1975-06-01
1786236,2019-06-22,2019-07-20,44,44,45,45,1974-06-23,1974-07-20
1786236,2019-07-20,2019-09-14,45,45,44,44,1974-09-15,1974-07-20
1786236,2019-09-14,2019-09-21,44,44,44,44,1974-09-22,1975-09-14
1786236,2019-09-21,2019-09-28,44,44,44,44,1974-09-29,1975-09-21
1786236,2019-09-28,2019-10-12,44,44,44,44,1974-10-13,1975-09-28
1786236,2019-10-12,2019-11-09,44,44,44,44,1974-11-10,1975-10-12
1786236,2019-11-09,2019-11-16,44,44,44,44,1974-11-17,1975-11-09
1786236,2019-11-16,2019-12-14,44,44,44,44,1974-12-15,1975-11-16
1786236,2019-12-14,2019-12-21,44,44,44,44,1974-12-22,1975-12-14
1786236,2019-12-21,2019-12-25,44,44,44,44,1974-12-26,1975-12-21
1786236,2019-12-25,2020-01-01,44,44,44,44,1975-01-02,1975-12-25
1786236,2020-01-01,2020-01-04,44,44,44,44,1975-01-05,1976-01-01
1786236,2020-01-04,2020-01-11,44,44,44,44,1975-01-12,1976-01-04
1786236,2020-01-11,2020-02-15,44,44,44,44,1975-02-16,1976-01-11
1786236,2020-02-15,2020-02-29,44,44,44,44,1975-03-02,1976-02-15
1786236,2020-02-29,2021-07-24,44,44,46,46,1975-03-02,1975-07-24
1786236,2021-07-24,2021-07-31,46,46,46,46,1974-08-01,1975-07-24
1786236,2021-07-31,2021-08-07,46,46,46,46,1974-08-08,1975-07-31
1786236,2021-08-07,2021-08-21,46,46,46,46,1974-08-22,1975-08-07
1786236,2021-08-21,2021-08-28,46,46,46,46,1974-08-29,1975-08-21
1786236,2021-08-28,2021-09-11,46,46,46,46,1974-09-12,1975-08-28
1786236,2021-09-11,2021-09-25,46,46,46,46,1974-09-26,1975-09-11
1786236,2021-09-25,2021-10-16,46,46,46,46,1974-10-17,1975-09-25
1786236,2021-10-16,2021-10-23,46,46,46,46,1974-10-24,1975-10-16
1786236,2021-10-23,2021-11-13,46,46,46,46,1974-11-14,1975-10-23
1786236,2021-11-13,2021-11-20,46,46,46,46,1974-11-21,1975-11-13
1786236,2021-11-20,2021-12-18,46,46,46,46,1974-12-19,1975-11-20
1786236,2021-12-18,2021-12-25,46,46,46,46,1974-12-26,1975-12-18
1786236,2021-12-25,2022-01-08,46,46,46,46,1975-01-09,1975-12-25
1786236,2022-01-08,2022-02-12,46,46,46,46,1975-02-13,1976-01-08
1786236,2022-02-12,2022-02-26,46,46,46,46,1975-02-27,1976-02-12
1786236,2022-02-26,2022-03-12,46,46,46,46,1975-03-13,1976-02-26
1786236,2022-03-12,2022-03-19,46,46,46,46,1975-03-20,1976-03-12
1786236,2022-03-19,2022-03-26,46,46,46,46,1975-03-27,1976-03-19
1786236,2022-03-26,2022-04-02,46,46,46,46,1975-04-03,1976-03-26
1786236,2022-04-02,2022-04-09,46,46,46,46,1975-04-10,1976-04-02
1786236,2022-04-09,2022-04-16,46,46,46,46,1975-04-17,1976-04-09
1786236,2022-04-16,2022-04-30,46,46,46,46,1975-05-01,1976-04-16
1786236,2022-04-30,2022-06-11,46,46,46,46,1975-06-12,1976-04-30
1786236,2022-06-11,2022-06-25,46,46,46,46,1975-06-26,1976-06-11
1786236,2022-06-25,2022-07-02,46,46,47,47,1975-06-26,1975-07-02
1786236,2022-07-02,2022-07-09,47,47,47,47,1974-07-10,1975-07-02
1786236,2022-07-09,2022-07-23,47,47,47,47,1974-07-24,1975-07-09
1786236,2022-07-23,2022-07-30,47,47,47,47,1974-07-31,1975-07-23
1786236,2022-07-30,2022-08-06,47,47,47,47,1974-08-07,1975-07-30
1786236,2022-08-06,2022-08-13,47,47,47,47,1974-08-14,1975-08-06
1786236,2022-08-13,2022-08-20,47,47,47,47,1974-08-21,1975-08-13
1786236,2022-08-20,2022-09-03,47,47,47,47,1974-09-04,1975-08-20
1786236,2022-09-03,2022-09-17,47,47,47,47,1974-09-18,1975-09-03
1786236,2022-09-17,2022-10-29,47,47,47,47,1974-10-30,1975-09-17
1786236,2022-10-29,2022-11-12,47,47,47,47,1974-11-13,1975-10-29
1786236,2022-11-12,2022-11-19,47,47,47,47,1974-11-20,1975-11-12
1786236,2022-11-19,2022-12-25,47,47,47,47,1974-12-26,1975-11-19
1786236,2022-12-25,2023-03-25,47,47,47,47,1975-03-26,1975-12-25
1786236,2023-03-25,2023-04-08,47,47,47,47,1975-04-09,1976-03-25
1786236,2023-04-08,2023-05-27,47,47,47,47,1975-05-28,1976-04-08
1786236,2023-05-27,2023-06-24,47,47,47,47,1975-06-25,1976-05-27
1786236,2023-06-24,2023-07-01,47,47,47,47,1975-07-02,1976-06-24
1786236,2023-07-01,2023-07-08,47,47,48,48,1975-07-02,1975-07-08
1786236,2023-07-08,2023-07-29,48,48,48,48,1974-07-30,1975-07-08
1786236,2023-07-29,2023-08-12,48,48,48,48,1974-08-13,1975-07-29
1786236,2023-08-12,2023-08-19,48,48,48,48,1974-08-20,1975-08-12
1786236,2023-08-19,2023-09-02,48,48,48,48,1974-09-03,1975-08-19
1786236,2023-09-02,2023-09-09,48,48,48,48,1974-09-10,1975-09-02
1786236,2023-09-09,2023-09-16,48,48,48,48,1974-09-17,1975-09-09
1786236,2023-09-16,2023-09-30,48,48,48,48,1974-10-01,1975-09-16
1786236,2023-09-30,2023-10-07,48,48,48,48,1974-10-08,1975-09-30
1786236,2023-10-07,2023-10-14,48,48,48,48,1974-10-15,1975-10-07
1786236,2023-10-14,2023-10-28,48,48,48,48,1974-10-29,1975-10-14
1786236,2023-10-28,2023-11-04,48,48,48,48,1974-11-05,1975-10-28
1786236,2023-11-04,2023-11-25,48,48,48,48,1974-11-26,1975-11-04
1786236,2023-11-25,2023-12-02,48,48,48,48,1974-12-03,1975-11-25
1786236,2023-12-02,2023-12-25,48,48,48,48,1974-12-26,1975-12-02
1786236,2023-12-25,2023-12-30,48,48,48,48,1974-12-31,1975-12-25
1786236,2023-12-30,2024-01-01,48,48,48,48,1975-01-02,1975-12-30
1786236,2024-01-01,2024-01-27,48,48,48,48,1975-01-28,1976-01-01
1786236,2024-01-27,2024-02-17,48,48,48,48,1975-02-18,1976-01-27
1786236,2024-02-17,2024-03-09,48,48,48,48,1975-03-10,1976-02-17
1786236,2024-03-09,2024-03-23,48,48,48,48,1975-03-24,1976-03-09
1786236,2024-03-23,2024-03-30,48,48,48,48,1975-03-31,1976-03-23
1786236,2024-03-30,2024-04-13,48,48,48,48,1975-04-14,1976-03-30
1786236,2024-04-13,2024-04-20,48,48,48,48,1975-04-21,1976-04-13
1786236,2024-04-20,2024-05-04,48,48,48,48,1975-05-05,1976-04-20
1786236,2024-05-04,2024-05-18,48,48,48,48,1975-05-19,1976-05-04
1786236,2024-05-18,2024-05-25,48,48,48,48,1975-05-26,1976-05-18
1786236,2024-05-25,2024-06-08,48,48,48,48,1975-06-09,1976-05-25
1786236,2024-06-08,2024-06-15,48,48,48,48,1975-06-16,1976-06-08
1786236,2024-06-15,2024-06-29,48,48,48,48,1975-06-30,1976-06-15
1786236,2024-06-29,2024-07-13,48,48,49,49,1975-06-30,1975-07-13
1786236,2024-07-13,2024-07-20,49,49,49,49,1974-07-21,1975-07-13
1786236,2024-07-20,2024-07-27,49,49,49,49,1974-07-28,1975-07-20
1786236,2024-07-27,2024-08-10,49,49,49,49,1974-08-11,1975-07-27
1786236,2024-08-10,2024-08-17,49,49,49,49,1974-08-18,1975-08-10
1786236,2024-08-17,2024-08-31,49,49,49,49,1974-09-01,1975-08-17
1786236,2024-08-31,2024-09-21,49,49,49,49,1974-09-22,1975-08-31
1786236,2024-09-21,2024-09-28,49,49,49,49,1974-09-29,1975-09-21
1786236,2024-09-28,2024-10-26,49,49,49,49,1974-10-27,1975-09-28
1786236,2024-10-26,2024-11-09,49,49,49,49,1974-11-10,1975-10-26
1786236,2024-11-09,2024-11-16,49,49,49,49,1974-11-17,1975-11-09
1786236,2024-11-16,2024-11-23,49,49,49,49,1974-11-24,1975-11-16
1786236,2024-11-23,2024-12-07,49,49,49,49,1974-12-08,1975-11-23
1786236,2024-12-07,2025-01-01,49,49,49,49,1975-01-02,1975-12-07
1786236,2025-01-01,2025-01-04,49,49,49,49,1975-01-05,1976-01-01
1786236,2025-01-04,2025-01-25,49,49,49,49,1975-01-26,1976-01-04
1786236,2025-01-25,2025-02-01,49,49,49,49,1975-02-02,1976-01-25
1786236,2025-02-01,2025-02-08,49,49,49,49,1975-02-09,1976-02-01
1786236,2025-02-08,2025-02-22,49,49,49,49,1975-02-23,1976-02-08
1786236,2025-02-22,2025-03-08,49,49,49,49,1975-03-09,1976-02-22
1786236,2025-03-08,2025-03-29,49,49,49,49,1975-03-30,1976-03-08
1786236,2025-03-29,2025-04-26,49,49,49,49,1975-04-27,1976-03-29
1786236,2025-04-26,2025-06-07,49,49,49,49,1975-06-08,1976-04-26
1786236,2025-06-07,2025-06-21,49,49,49,49,1975-06-22,1976-06-07
1786236,2025-06-21,2025-06-28,49,49,49,49,1975-06-29,1976-06-21
1786236,2025-06-28,2025-07-12,49,49,50,50,1975-06-29,1975-07-12
1786236,2025-07-12,2025-07-19,50,50,50,50,1974-07-20,1975-07-12
1786236,2025-07-19,2025-07-26,50,50,50,50,1974-07-27,1975-07-19
1786236,2025-07-26,2025-08-02,50,50,50,50,1974-08-03,1975-07-26
1786236,2025-08-02,2025-08-09,50,50,50,50,1974-08-10,1975-08-02
1786236,2025-08-09,2025-08-16,50,50,50,50,1974-08-17,1975-08-09
1786236,2025-08-16,2025-08-23,50,50,50,50,1974-08-24,1975-08-16
1786236,2025-08-23,2025-08-30,50,50,50,50,1974-08-31,1975-08-23
1786236,2025-08-30,2025-09-13,50,50,50,50,1974-09-14,1975-08-30
1786236,2025-09-13,2025-09-20,50,50,50,50,1974-09-21,1975-09-13
1786236,2025-09-20,2025-09-27,50,50,50,50,1974-09-28,1975-09-20
1786236,2025-09-27,2025-10-11,50,50,50,50,1974-10-12,1975-09-27
1786236,2025-10-11,2025-11-15,50,50,50,50,1974-11-16,1975-10-11
1786236,2025-11-15,2025-11-22,50,50,50,50,1974-11-23,1975-11-15
1786236,2025-11-22,2025-12-13,50,50,50,50,1974-12-14,1975-11-22
1786236,2025-12-13,2025-12-20,50,50,50,50,1974-12-21,1975-12-13
1786236,2025-12-20,2025-12-25,50,50,50,50,1974-12-26,1975-12-20
1786236,2025-12-25,2025-12-27,50,50,50,50,1974-12-28,1975-12-25
1786236,2025-12-27,2026-01-01,50,50,50,50,1975-01-02,1975-12-27
1786236,2026-01-01,2026-01-03,50,50,50,50,1975-01-04,1976-01-01
1794504,,2015-08-08,,,25,28,1986-08-09,1990-08-08
1794504,2015-08-08,2015-08-15,25,28,25,28,1986-08-16,1990-08-08
1794504,2015-08-15,2015-08-22,25,28,25,28,1986-08-23,1990-08-15
1794504,2015-08-22,2015-09-05,25,28,25,28,1986-09-06,1990-08-22
1794504,2015-09-05,2015-09-12,25,28,25,28,1986-09-13,1990-09-05
1794504,2015-09-12,2015-09-19,25,28,25,28,1986-09-20,1990-09-12
1794504,2015-09-19,2015-10-03,25,28,25,28,1986-10-04,1990-09-19
1794504,2015-10-03,2015-10-10,25,28,25,28,1986-10-11,1990-10-03
1794504,2015-10-10,2015-10-17,25,28,25,28,1986-10-18,1990-10-10
1794504,2015-10-17,2015-10-24,25,28,25,28,1986-10-25,1990-10-17
1794504,2015-10-24,2015-10-31,25,28,25,28,1986-11-01,1990-10-24
1794504,2015-10-31,2015-11-07,25,28,25,28,1986-11-08,1990-10-31
1794504,2015-11-07,2015-11-21,25,28,25,28,1986-11-22,1990-11-07
1794504,2015-11-21,2015-12-05,25,28,25,28,1986-12-06,1990-11-21
1794504,2015-12-05,2015-12-12,25,28,25,28,1986-12-13,1990-12-05
1794504,2015-12-12,2016-01-02,25,28,25,28,1987-01-03,1990-12-12
1794504,2016-01-02,2016-02-20,25,28,25,28,1987-02-21,1991-01-02
1794504,2016-02-20,2016-03-19,25,28,25,28,1987-03-20,1991-02-20
1794504,2016-03-19,2016-04-02,25,28,25,28,1987-04-03,1991-03-19
1794504,2016-04-02,2016-04-09,25,28,25,28,1987-04-10,1991-04-02
1794504,2016-04-09,2016-04-16,25,28,25,28,1987-04-17,1991-04-09
1794504,2016-04-16,2016-04-23,25,28,25,28,1987-04-24,1991-04-16
1794504,2016-04-23,2016-04-30,25,28,25,28,1987-05-01,1991-04-23
1794504,2016-04-30,2016-05-07,25,28,25,28,1987-05-08,1991-04-30
1794504,2016-05-07,2016-05-21,25,28,25,28,1987-05-22,1991-05-07
1794504,2016-05-21,2016-05-28,25,28,25,28,1987-05-29,1991-05-21
1794504,2016-05-28,2016-06-18,25,28,25,28,1987-06-19,1991-05-28
1794504,2016-06-18,2016-06-25,25,28,25,28,1987-06-26,1991-06-18
1794504,2016-06-25,2016-07-02,25,28,25,28,1987-07-03,1991-06-25
1794504,2016-07-02,2016-07-16,25,28,29,29,1987-07-03,1987-07-16
1794504,2016-07-16,2016-08-20,29,29,29,29,1986-08-21,1987-07-16
1794504,2016-08-20,2016-08-27,29,29,29,29,1986-08-28,1987-08-20
1794504,2016-08-27,2016-09-03,29,29,29,29,1986-09-04,1987-08-27
1794504,2016-09-03,2016-09-17,29,29,29,29,1986-09-18,1987-09-03
1794504,2016-09-17,2016-09-24,29,29,29,29,1986-09-25,1987-09-17
1794504,2016-09-24,2016-10-01,29,29,29,29,1986-10-02,1987-09-24
1794504,2016-10-01,2016-10-08,29,29,29,29,1986-10-09,1987-10-01
1794504,2016-10-08,2016-10-15,29,29,29,29,1986-10-16,1987-10-08
1794504,2016-10-15,2016-10-29,29,29,29,29,1986-10-30,1987-10-15
1794504,2016-10-29,2016-11-05,29,29,29,29,1986-11-06,1987-10-29
1794504,2016-11-05,2016-11-12,29,29,29,29,1986-11-13,1987-11-05
1794504,2016-11-12,2016-11-19,29,29,29,29,1986-11-20,1987-11-12
1794504,2016-11-19,2016-11-26,29,29,29,29,1986-11-27,1987-11-19
1794504,2016-11-26,2016-12-03,29,29,29,29,1986-12-04,1987-11-26
1794504,2016-12-03,2016-12-10,29,29,29,29,1986-12-11,1987-12-03
1794504,2016-12-10,2016-12-17,29,29,29,29,1986-12-18,1987-12-10
1794504,2016-12-17,2017-01-01,29,29,29,29,1987-01-02,1987-12-17
1794504,2017-01-01,2017-01-01,29,29,29,29,1987-01-02,1988-01-01
1794504,2017-01-01,2017-01-07,29,29,29,29,1987-01-08,1988-01-01
1794504,2017-01-07,2017-01-14,29,29,29,29,1987-01-15,1988-01-07
1794504,2017-01-14,2017-01-21,29,29,29,29,1987-01-22,1988-01-14
1794504,2017-01-21,2017-01-28,29,29,29,29,1987-01-29,1988-01-21
1794504,2017-01-28,2017-02-04,29,29,29,29,1987-02-05,1988-01-28
1794504,2017-02-04,2017-02-11,29,29,29,29,1987-02-12,1988-02-04
1794504,2017-02-11,2017-02-18,29,29,29,29,1987-02-19,1988-02-11
1794504,2017-02-18,2017-02-25,29,29,29,29,1987-02-26,1988-02-18
1794504,2017-02-25,2017-03-04,29,29,29,29,1987-03-05,1988-02-25
1794504,2017-03-04,2017-03-11,29,29,29,29,1987-03-12,1988-03-04
1794504,2017-03-11,2017-03-18,29,29,29,29,1987-03-19,1988-03-11
1794504,2017-03-18,2017-03-25,29,29,29,29,1987-03-26,1988-03-18
1794504,2017-03-25,2017-04-01,29,29,29,29,1987-04-02,1988-03-25
1794504,2017-04-01,2017-04-08,29,29,29,29,1987-04-09,1988-04-01
1794504,2017-04-08,2017-04-29,29,29,29,29,1987-04-30,1988-04-08
1794504,2017-04-29,2017-05-06,29,29,29,29,1987-05-07,1988-04-29
1794504,2017-05-06,2017-05-13,29,29,29,29,1987-05-14,1988-05-06
1794504,2017-05-13,2017-07-01,29,29,29,29,1987-07-02,1988-05-13
1794504,2017-07-01,2017-07-29,29,29,30,30,1987-07-02,1987-07-29
1794504,2017-07-29,2017-08-05,30,30,30,30,1986-08-06,1987-07-29
1794504,2017-08-05,2017-08-19,30,30,29,29,1987-08-20,1987-08-05
1794504,2017-08-19,2017-08-26,29,29,29,29,1987-08-27,1988-08-19
1794504,2017-08-26,2017-09-02,29,29,29,29,1987-09-03,1988-08-26
1794504,2017-09-02,2017-09-16,29,29,29,29,1987-09-17,1988-09-02
1794504,2017-09-16,2017-09-30,29,29,29,29,1987-10-01,1988-09-16
1794504,2017-09-30,2017-10-07,29,29,29,29,1987-10-08,1988-09-30
1794504,2017-10-07,2017-10-14,29,29,29,29,1987-10-15,1988-10-07
1794504,2017-10-14,2017-10-28,29,29,29,29,1987-10-29,1988-10-14
1794504,2017-10-28,2017-11-11,29,29,29,29,1987-11-12,1988-10-28
1794504,2017-11-11,2017-11-18,29,29,29,29,1987-11-19,1988-11-11
1794504,2017-11-18,2017-12-02,29,29,29,29,1987-12-03,1988-11-18
1794504,2017-12-02,2017-12-23,29,29,29,29,1987-12-24,1988-12-02
1794504,2017-12-23,2018-01-01,29,29,29,29,1988-01-02,1988-12-23
1794504,2018-01-01,2018-01-01,29,29,29,29,1988-01-02,1989-01-01
1794504,2018-01-01,2018-01-13,29,29,29,29,1988-01-14,1989-01-01
1794504,2018-01-13,2018-01-20,29,29,29,29,1988-01-21,1989-01-13
1794504,2018-01-20,2018-01-27,29,29,29,29,1988-01-28,1989-01-20
1794504,2018-01-27,2018-02-03,29,29,29,29,1988-02-04,1989-01-27
1794504,2018-02-03,2018-02-10,29,29,29,29,1988-02-11,1989-02-03
1794504,2018-02-10,2018-02-24,29,29,29,29,1988-02-25,1989-02-10
1794504,2018-02-24,2018-03-10,29,29,30,30,1988-02-25,1988-03-10
1794504,2018-03-10,2018-04-07,30,30,30,30,1987-04-08,1988-03-10
1794504,2018-04-07,2018-04-14,30,30,30,30,1987-04-15,1988-04-07
1794504,2018-04-14,2018-04-21,30,30,30,30,1987-04-22,1988-04-14
1794504,2018-04-21,2018-05-05,30,30,30,30,1987-05-06,1988-04-21
1794504,2018-05-05,2018-05-12,30,30,30,30,1987-05-13,1988-05-05
1794504,2018-05-12,2018-05-19,30,30,30,30,1987-05-20,1988-05-12
1794504,2018-05-19,2018-05-26,30,30,30,30,1987-05-27,1988-05-19
1794504,2018-05-26,2018-06-09,30,30,30,30,1987-06-10,1988-05-26
1794504,2018-06-09,2018-06-30,30,30,30,30,1987-07-01,1988-06-09
1794504,2018-06-30,2018-07-28,30,30,30,30,1987-07-29,1988-06-30
1794504,2018-07-28,2018-08-18,30,30,30,30,1987-08-19,1988-07-28
1794504,2018-08-18,2018-09-08,30,30,30,30,1987-09-09,1988-08-18
1794504,2018-09-08,2018-09-29,30,30,30,30,1987-09-30,1988-09-08
1794504,2018-09-29,2018-10-06,30,30,30,30,1987-10-07,1988-09-29
1794504,2018-10-06,2018-10-13,30,30,30,30,1987-10-14,1988-10-06
1794504,2018-10-13,2018-10-20,30,30,30,30,1987-10-21,1988-10-13
1794504,2018-10-20,2018-10-27,30,30,30,30,1987-10-28,1988-10-20
1794504,2018-10-27,2018-11-17,30,30,30,30,1987-11-18,1988-10-27
1794504,2018-11-17,2018-12-15,30,30,30,30,1987-12-16,1988-11-17
1794504,2018-12-15,2018-12-29,30,30,30,30,1987-12-30,1988-12-15
1794504,2018-12-29,2019-01-05,30,30,30,30,1988-01-06,1988-12-29
1794504,2019-01-05,2019-01-19,30,30,30,30,1988-01-20,1989-01-05
1794504,2019-01-19,2019-01-26,30,30,30,30,1988-01-27,1989-01-19
1794504,2019-01-26,2019-02-02,30,30,30,30,1988-02-03,1989-01-26
1794504,2019-02-02,2019-03-02,30,30,31,31,1988-02-03,1988-03-02
1794504,2019-03-02,2019-03-09,31,31,31,31,1987-03-10,1988-03-02
1794504,2019-03-09,2019-03-23,31,31,31,31,1987-03-24,1988-03-09
1794504,2019-03-23,2019-04-20,31,31,31,31,1987-04-21,1988-03-23
1794504,2019-04-20,2019-05-11,31,31,31,31,1987-05-12,1988-04-20
1794504,2019-05-11,2019-05-25,31,31,31,31,1987-05-26,1988-05-11
1794504,2019-05-25,2019-06-01,31,31,31,31,1987-06-02,1988-05-25
1794504,2019-06-01,2019-07-06,31,31,31,31,1987-07-07,1988-06-01
1794504,2019-07-06,2019-07-13,31,31,31,31,1987-07-14,1988-07-06
1794504,2019-07-13,2019-07-20,31,31,31,31,1987-07-21,1988-07-13
1794504,2019-07-20,2019-07-27,31,31,31,31,1987-07-28,1988-07-20
1794504,2019-07-27,2019-08-17,31,31,31,31,1987-08-18,1988-07-27
1794504,2019-08-17,2019-08-24,31,31,31,31,1987-08-25,1988-08-17
1794504,2019-08-24,2019-08-31,31,31,31,31,1987-09-01,1988-08-24
1794504,2019-08-31,2019-09-07,31,31,31,31,1987-09-08,1988-08-31
1794504,2019-09-07,2019-11-16,31,31,31,31,1987-11-17,1988-09-07
1794504,2019-11-16,2019-12-07,31,31,31,31,1987-12-08,1988-11-16
1794504,2019-12-07,2020-02-22,31,31,31,31,1988-02-23,1988-12-07
1794504,2020-02-22,2020-02-29,31,31,32,32,1988-02-23,1988-02-29
1794504,2020-02-29,2021-07-24,32,32,33,33,1987-07-25,1988-02-29
1794504,2021-07-24,2021-10-30,33,33,33,33,1987-10-31,1988-07-24
1794504,2021-10-30,2022-01-01,33,33,33,33,1988-01-02,1988-10-30
1794504,2022-01-01,2022-02-12,33,33,33,33,1988-02-13,1989-01-01
1794504,2022-02-12,2022-04-02,33,33,34,34,1988-02-13,1988-04-02
1794504,2022-04-02,2022-09-24,34,34,34,34,1987-09-25,1988-04-02
1794504,2022-09-24,2022-10-01,34,34,34,34,1987-10-02,1988-09-24
1794504,2022-10-01,2022-10-29,34,34,34,34,1987-10-30,1988-10-01
1794504,2022-10-29,2023-01-01,34,34,34,34,1988-01-02,1988-10-29
1794504,2023-01-01,2023-01-14,34,34,34,34,1988-01-15,1989-01-01
1794504,2023-01-14,2024-01-01,34,34,35,35,1988-01-15,1989-01-01
1794504,2024-01-01,2024-01-13,35,35,35,35,1988-01-14,1989-01-01
1794504,2024-01-13,2024-02-17,35,35,35,35,1988-02-18,1989-01-13
1794504,2024-02-17,2024-06-15,35,35,36,36,1988-02-18,1988-06-15
1794504,2024-06-15,2025-08-30,36,36,37,37,1987-08-31,1988-06-15
1794504,2025-08-30,2025-09-06,37,37,37,37,1987-09-07,1988-08-30
1794504,2025-09-06,2025-09-13,37,37,37,37,1987-09-14,1988-09-06
1794504,2025-09-13,2025-10-11,37,37,37,37,1987-10-12,1988-09-13
1794504,2025-10-11,2025-11-22,37,37,37,37,1987-11-23,1988-10-11
1794504,2025-11-22,2026-01-03,37,37,37,37,1988-01-04,1988-11-22
1806735,,2015-08-01,,,15,15,1999-08-02,2000-08-01
1806735,2015-08-01,2016-02-06,15,15,11,11,2004-02-07,2000-08-01
1806735,2016-02-06,2016-02-13,11,11,11,11,2004-02-14,2005-02-06
1806735,2016-02-13,2016-03-12,11,11,11,11,2004-03-13,2005-02-13
1812239,,2017-10-21,,,51,51,1965-10-22,1966-10-21
1812239,2017-10-21,2018-01-13,51,51,42,42,1975-01-14,1966-10-21
1812239,2018-01-13,2018-02-17,42,42,42,42,1975-02-18,1976-01-13
1812239,2018-02-17,2018-03-31,42,42,42,42,1975-04-01,1976-02-17
1812239,2018-03-31,2018-05-19,42,42,42,42,1975-05-20,1976-03-31
1812239,2018-05-19,2018-08-25,42,42,42,42,1975-08-26,1976-05-19
1812239,2018-08-25,2018-09-15,42,42,42,42,1975-09-16,1976-08-25
1812239,2018-09-15,2018-10-06,42,42,43,43,1975-09-16,1975-10-06
1812239,2018-10-06,2018-10-27,43,43,43,43,1974-10-28,1975-10-06
1812239,2018-10-27,2019-04-13,43,43,43,43,1975-04-14,1975-10-27
1812239,2019-04-13,2019-05-04,43,43,43,43,1975-05-05,1976-04-13
1812239,2019-05-04,2020-02-29,43,43,44,44,1975-05-05,1976-02-29
1812239,2020-02-29,2020-03-07,44,44,44,44,1975-03-08,1976-02-29
1812239,2020-03-07,2021-08-21,44,44,45,45,1975-08-22,1976-03-07
1812239,2021-08-21,2022-01-01,45,45,46,46,1975-08-22,1976-01-01
1812239,2022-01-01,2022-05-28,46,46,46,46,1975-05-29,1976-01-01
1812239,2022-05-28,2022-07-23,46,46,46,46,1975-07-24,1976-05-28
1812239,2022-07-23,2022-08-13,46,46,46,46,1975-08-14,1976-07-23
1812239,2022-08-13,2022-08-20,46,46,46,46,1975-08-21,1976-08-13
1812239,2022-08-20,2022-08-27,46,46,46,46,1975-08-28,1976-08-20
1812239,2022-08-27,2022-10-01,46,46,47,47,1975-08-28,1975-10-01
1812239,2022-10-01,2022-10-29,47,47,47,47,1974-10-30,1975-10-01
1812239,2022-10-29,2022-12-03,47,47,47,47,1974-12-04,1975-10-29
1812239,2022-12-03,2023-01-07,47,47,47,47,1975-01-08,1975-12-03
1812239,2023-01-07,2023-01-28,47,47,47,47,1975-01-29,1976-01-07
1812239,2023-01-28,2023-05-06,47,47,47,47,1975-05-07,1976-01-28
1812239,2023-05-06,2023-05-20,47,47,47,47,1975-05-21,1976-05-06
1812239,2023-05-20,2023-06-03,47,47,47,47,1975-06-04,1976-05-20
1812239,2023-06-03,2023-06-10,47,47,47,47,1975-06-11,1976-06-03
1812239,2023-06-10,2023-07-08,47,47,47,47,1975-07-09,1976-06-10
1812239,2023-07-08,2023-08-26,47,47,47,47,1975-08-27,1976-07-08
1812239,2023-08-26,2023-09-02,47,47,47,47,1975-09-03,1976-08-26
1812239,2023-09-02,2024-02-03,47,47,48,48,1975-09-03,1976-02-03
1812239,2024-02-03,2024-02-17,48,48,48,48,1975-02-18,1976-02-03
1812239,2024-02-17,2024-02-24,48,48,48,48,1975-02-25,1976-02-17
1812239,2024-02-24,2024-03-23,48,48,48,48,1975-03-24,1976-02-24
1812239,2024-03-23,2024-05-04,48,48,48,48,1975-05-05,1976-03-23
183788,,2011-09-10,,,46,46,1964-09-11,1965-09-10
183788,2011-09-10,2011-09-17,46,46,45,45,1965-09-18,1965-09-10
183788,2011-09-17,2011-09-24,45,45,46,46,1965-09-18,1965-09-24
1875696,,2015-09-05,,,25,28,1986-09-06,1990-09-05
1875696,2015-09-05,2015-09-19,25,28,25,28,1986-09-20,1990-09-05
1875696,2015-09-19,2015-10-03,25,28,22,24,1990-10-04,1990-09-19
1875696,2015-10-03,2015-10-24,22,24,22,24,1990-10-25,1993-10-03
1875696,2015-10-24,2015-11-14,22,24,22,24,1990-11-15,1993-10-24
1875696,2015-11-14,2016-01-02,22,24,22,24,1991-01-03,1993-11-14
1875696,2016-01-02,2016-02-06,22,24,22,24,1991-02-07,1994-01-02
1875696,2016-02-06,2016-03-05,22,24,22,24,1991-03-06,1994-02-06
1875696,2016-03-05,2016-04-23,22,24,22,24,1991-04-24,1994-03-05
1875696,2016-04-23,2016-04-30,22,24,22,24,1991-05-01,1994-04-23
1875696,2016-04-30,2017-08-05,22,24,22,24,1992-08-06,1994-04-30
1882503,,2015-09-12,,,59,59,1955-09-13,1956-09-12
1882503,2015-09-12,2015-09-19,59,59,59,59,1955-09-20,1956-09-12
1882503,2015-09-19,2015-09-26,59,59,59,59,1955-09-27,1956-09-19
1882503,2015-09-26,2015-10-03,59,59,59,59,1955-10-04,1956-09-26
1882503,2015-10-03,2015-10-10,59,59,59,59,1955-10-11,1956-10-03
1882503,2015-10-10,2015-10-24,59,59,59,59,1955-10-25,1956-10-10
1882503,2015-10-24,2015-10-31,59,59,59,59,1955-11-01,1956-10-24
1882503,2015-10-31,2015-11-07,59,59,59,59,1955-11-08,1956-10-31
1882503,2015-11-07,2015-11-14,59,59,59,59,1955-11-15,1956-11-07
1882503,2015-11-14,2015-11-21,59,59,59,59,1955-11-22,1956-11-14
1882503,2015-11-21,2015-11-28,59,59,59,59,1955-11-29,1956-11-21
1882503,2015-11-28,2015-12-12,59,59,59,59,1955-12-13,1956-11-28
1882503,2015-12-12,2015-12-19,59,59,59,59,1955-12-20,1956-12-12
1882503,2015-12-19,2016-01-02,59,59,59,59,1956-01-03,1956-12-19
1882503,2016-01-02,2016-01-09,59,59,59,59,1956-01-10,1957-01-02
1882503,2016-01-09,2016-01-16,59,59,59,59,1956-01-17,1957-01-09
1882503,2016-01-16,2016-01-23,59,59,59,59,1956-01-24,1957-01-16
1882503,2016-01-23,2016-01-30,59,59,59,59,1956-01-31,1957-01-23
1882503,2016-01-30,2016-02-06,59,59,59,59,1956-02-07,1957-01-30
1882503,2016-02-06,2016-02-13,59,59,59,59,1956-02-14,1957-02-06
1882503,2016-02-13,2016-02-20,59,59,59,59,1956-02-21,1957-02-13
1882503,2016-02-20,2016-02-27,59,59,57,57,1958-02-28,1957-02-20
1882503,2016-02-27,2016-03-05,57,57,59,59,1958-02-28,1957-03-05
1882503,2016-03-05,2016-03-12,59,59,57,57,1958-03-13,1957-03-05
1882503,2016-03-12,2016-03-19,57,57,57,57,1958-03-20,1959-03-12
1882503,2016-03-19,2016-03-26,57,57,57,57,1958-03-27,1959-03-19
1882503,2016-03-26,2016-04-02,57,57,57,57,1958-04-03,1959-03-26
1882503,2016-04-02,2016-04-09,57,57,57,57,1958-04-10,1959-04-02
1882503,2016-04-09,2016-04-16,57,57,57,57,1958-04-17,1959-04-09
1882503,2016-04-16,2016-04-23,57,57,57,57,1958-04-24,1959-04-16
1882503,2016-04-23,2016-04-30,57,57,57,57,1958-05-01,1959-04-23
1882503,2016-04-30,2016-05-07,57,57,57,57,1958-05-08,1959-04-30
1882503,2016-05-07,2016-05-28,57,57,57,57,1958-05-29,1959-05-07
1882503,2016-05-28,2016-06-04,57,57,57,57,1958-06-05,1959-05-28
1882503,2016-06-04,2016-06-11,57,57,57,57,1958-06-12,1959-06-04
1882503,2016-06-11,2016-06-18,57,57,57,57,1958-06-19,1959-06-11
1882503,2016-06-18,2016-06-25,57,57,57,57,1958-06-26,1959-06-18
1882503,2016-06-25,2016-07-02,57,57,57,57,1958-07-03,1959-06-25
1882503,2016-07-02,2016-07-09,57,57,57,57,1958-07-10,1959-07-02
1882503,2016-07-09,2016-07-16,57,57,57,57,1958-07-17,1959-07-09
1882503,2016-07-16,2016-08-20,57,57,58,58,1958-07-17,1958-08-20
1882503,2016-08-20,2016-08-27,58,58,58,58,1957-08-28,1958-08-20
1882503,2016-08-27,2016-09-03,58,58,58,58,1957-09-04,1958-08-27
1882503,2016-09-03,2016-09-10,58,58,58,58,1957-09-11,1958-09-03
1882503,2016-09-10,2016-09-17,58,58,58,58,1957-09-18,1958-09-10
1882503,2016-09-17,2016-09-24,58,58,58,58,1957-09-25,1958-09-17
1882503,2016-09-24,2016-10-08,58,58,58,58,1957-10-09,1958-09-24
1882503,2016-10-08,2016-10-15,58,58,58,58,1957-10-16,1958-10-08
1882503,2016-10-15,2016-10-22,58,58,58,58,1957-10-23,1958-10-15
1882503,2016-10-22,2016-10-29,58,58,58,58,1957-10-30,1958-10-22
1882503,2016-10-29,2016-11-05,58,58,58,58,1957-11-06,1958-10-29
1882503,2016-11-05,2016-11-12,58,58,58,58,1957-11-13,1958-11-05
1882503,2016-11-12,2016-11-19,58,58,58,58,1957-11-20,1958-11-12
1882503,2016-11-19,2016-11-26,58,58,58,58,1957-11-27,1958-11-19
1882503,2016-11-26,2016-12-10,58,58,58,58,1957-12-11,1958-11-26
1882503,2016-12-10,2016-12-17,58,58,58,58,1957-12-18,1958-12-10
1882503,2016-12-17,2016-12-24,58,58,58,58,1957-12-25,1958-12-17
1882503,2016-12-24,2016-12-31,58,58,58,58,1958-01-01,1958-12-24
1882503,2016-12-31,2017-01-01,58,58,58,58,1958-01-02,1958-12-31
1882503,2017-01-01,2017-01-07,58,58,58,58,1958-01-08,1959-01-01
1882503,2017-01-07,2017-01-14,58,58,58,58,1958-01-15,1959-01-07
1882503,2017-01-14,2017-01-21,58,58,58,58,1958-01-22,1959-01-14
1882503,2017-01-21,2017-01-28,58,58,58,58,1958-01-29,1959-01-21
1882503,2017-01-28,2017-02-04,58,58,58,58,1958-02-05,1959-01-28
1882503,2017-02-04,2017-02-11,58,58,58,58,1958-02-12,1959-02-04
1882503,2017-02-11,2017-02-18,58,58,58,58,1958-02-19,1959-02-11
1882503,2017-02-18,2017-03-25,58,58,58,58,1958-03-26,1959-02-18
1882503,2017-03-25,2017-04-01,58,58,58,58,1958-04-02,1959-03-25
1882503,2017-04-01,2017-04-08,58,58,58,58,1958-04-09,1959-04-01
1882503,2017-04-08,2017-04-15,58,58,58,58,1958-04-16,1959-04-08
1882503,2017-04-15,2017-04-22,58,58,58,58,1958-04-23,1959-04-15
1882503,2017-04-22,2017-04-29,58,58,58,58,1958-04-30,1959-04-22
1882503,2017-04-29,2017-05-27,58,58,58,58,1958-05-28,1959-04-29
1882503,2017-05-27,2017-06-10,58,58,58,58,1958-06-11,1959-05-27
1882503,2017-06-10,2017-06-17,58,58,58,58,1958-06-18,1959-06-10
1882503,2017-06-17,2017-06-24,58,58,58,58,1958-06-25,1959-06-17
1882503,2017-06-24,2017-07-01,58,58,58,58,1958-07-02,1959-06-24
1882503,2017-07-01,2017-07-08,58,58,58,58,1958-07-09,1959-07-01
1882503,2017-07-08,2017-07-15,58,58,58,58,1958-07-16,1959-07-08
1882503,2017-07-15,2017-07-22,58,58,59,59,1958-07-16,1958-07-22
1882503,2017-07-22,2017-07-29,59,59,59,59,1957-07-30,1958-07-22
1882503,2017-07-29,2017-08-05,59,59,59,59,1957-08-06,1958-07-29
1882503,2017-08-05,2017-08-12,59,59,59,59,1957-08-13,1958-08-05
1882503,2017-08-12,2017-08-19,59,59,59,59,1957-08-20,1958-08-12
1882503,2017-08-19,2017-08-26,59,59,59,59,1957-08-27,1958-08-19
1882503,2017-08-26,2017-09-02,59,59,59,59,1957-09-03,1958-08-26
1882503,2017-09-02,2017-09-09,59,59,59,59,1957-09-10,1958-09-02
1882503,2017-09-09,2017-09-16,59,59,59,59,1957-09-17,1958-09-09
1882503,2017-09-16,2017-09-23,59,59,59,59,1957-09-24,1958-09-16
1882503,2017-09-23,2017-10-14,59,59,59,59,1957-10-15,1958-09-23
1882503,2017-10-14,2017-10-21,59,59,59,59,1957-10-22,1958-10-14
1882503,2017-10-21,2017-10-28,59,59,59,59,1957-10-29,1958-10-21
1882503,2017-10-28,2017-11-04,59,59,59,59,1957-11-05,1958-10-28
1882503,2017-11-04,2017-11-11,59,59,59,59,1957-11-12,1958-11-04
1882503,2017-11-11,2017-11-18,59,59,59,59,1957-11-19,1958-11-11
1882503,2017-11-18,2017-11-25,59,59,59,59,1957-11-26,1958-11-18
1882503,2017-11-25,2017-12-02,59,59,59,59,1957-12-03,1958-11-25
1882503,2017-12-02,2017-12-09,59,59,59,59,1957-12-10,1958-12-02
1882503,2017-12-09,2017-12-23,59,59,59,59,1957-12-24,1958-12-09
1882503,2017-12-23,2017-12-30,59,59,59,59,1957-12-31,1958-12-23
1882503,2017-12-30,2018-01-01,59,59,59,59,1958-01-02,1958-12-30
1882503,2018-01-01,2018-01-06,59,59,59,59,1958-01-07,1959-01-01
1882503,2018-01-06,2018-01-13,59,59,59,59,1958-01-14,1959-01-06
1882503,2018-01-13,2018-01-20,59,59,59,59,1958-01-21,1959-01-13
1882503,2018-01-20,2018-01-27,59,59,59,59,1958-01-28,1959-01-20
1882503,2018-01-27,2018-02-03,59,59,59,59,1958-02-04,1959-01-27
1882503,2018-02-03,2018-02-10,59,59,59,59,1958-02-11,1959-02-03
1882503,2018-02-10,2018-02-17,59,59,59,59,1958-02-18,1959-02-10
1882503,2018-02-17,2018-02-24,59,59,59,59,1958-02-25,1959-02-17
1882503,2018-02-24,2018-03-10,59,59,59,59,1958-03-11,1959-02-24
1882503,2018-03-10,2018-03-17,59,59,59,59,1958-03-18,1959-03-10
1882503,2018-03-17,2018-03-24,59,59,59,59,1958-03-25,1959-03-17
1882503,2018-03-24,2018-03-31,59,59,59,59,1958-04-01,1959-03-24
1882503,2018-03-31,2018-04-07,59,59,59,59,1958-04-08,1959-03-31
1882503,2018-04-07,2018-04-21,59,59,59,59,1958-04-22,1959-04-07
1882503,2018-04-21,2018-04-28,59,59,59,59,1958-04-29,1959-04-21
1882503,2018-04-28,2018-05-26,59,59,59,59,1958-05-27,1959-04-28
1882503,2018-05-26,2018-06-09,59,59,59,59,1958-06-10,1959-05-26
1882503,2018-06-09,2018-06-16,59,59,59,59,1958-06-17,1959-06-09
1882503,2018-06-16,2018-06-23,59,59,59,59,1958-06-24,1959-06-16
1882503,2018-06-23,2018-06-30,59,59,59,59,1958-07-01,1959-06-23
1882503,2018-06-30,2018-07-14,59,59,59,59,1958-07-15,1959-06-30
1882503,2018-07-14,2018-07-21,59,59,60,60,1958-07-15,1958-07-21
1882503,2018-07-21,2018-08-04,60,60,60,60,1957-08-05,1958-07-21
1882503,2018-08-04,2018-08-11,60,60,60,60,1957-08-12,1958-08-04
1882503,2018-08-11,2018-08-18,60,60,60,60,1957-08-19,1958-08-11
1882503,2018-08-18,2018-08-25,60,60,60,60,1957-08-26,1958-08-18
1882503,2018-08-25,2018-09-01,60,60,60,60,1957-09-02,1958-08-25
1882503,2018-09-01,2018-09-08,60,60,60,60,1957-09-09,1958-09-01
1882503,2018-09-08,2018-09-15,60,60,60,60,1957-09-16,1958-09-08
1882503,2018-09-15,2018-09-22,60,60,60,60,1957-09-23,1958-09-15
1882503,2018-09-22,2018-09-29,60,60,60,60,1957-09-30,1958-09-22
1882503,2018-09-29,2018-10-20,60,60,60,60,1957-10-21,1958-09-29
1882503,2018-10-20,2018-10-27,60,60,60,60,1957-10-28,1958-10-20
1882503,2018-10-27,2018-11-24,60,60,60,60,1957-11-25,1958-10-27
1882503,2018-11-24,2018-12-01,60,60,60,60,1957-12-02,1958-11-24
1882503,2018-12-01,2018-12-08,60,60,60,60,1957-12-09,1958-12-01
1882503,2018-12-08,2018-12-22,60,60,60,60,1957-12-23,1958-12-08
1882503,2018-12-22,2019-01-05,60,60,60,60,1958-01-06,1958-12-22
1882503,2019-01-05,2019-01-12,60,60,60,60,1958-01-13,1959-01-05
1882503,2019-01-12,2019-01-19,60,60,60,60,1958-01-20,1959-01-12
1882503,2019-01-19,2019-01-26,60,60,60,60,1958-01-27,1959-01-19
1882503,2019-01-26,2019-02-02,60,60,60,60,1958-02-03,1959-01-26
1882503,2019-02-02,2019-02-09,60,60,60,60,1958-02-10,1959-02-02
1882503,2019-02-09,2019-02-16,60,60,60,60,1958-02-17,1959-02-09
1882503,2019-02-16,2019-02-23,60,60,60,60,1958-02-24,1959-02-16
1882503,2019-02-23,2019-03-02,60,60,60,60,1958-03-03,1959-02-23
1882503,2019-03-02,2019-03-09,60,60,60,60,1958-03-10,1959-03-02
1882503,2019-03-09,2019-03-16,60,60,60,60,1958-03-17,1959-03-09
1882503,2019-03-16,2019-03-23,60,60,60,60,1958-03-24,1959-03-16
1882503,2019-03-23,2019-03-30,60,60,60,60,1958-03-31,1959-03-23
1882503,2019-03-30,2019-04-06,60,60,60,60,1958-04-07,1959-03-30
1882503,2019-04-06,2019-04-13,60,60,60,60,1958-04-14,1959-04-06
1882503,2019-04-13,2019-04-20,60,60,60,60,1958-04-21,1959-04-13
1882503,2019-04-20,2019-04-27,60,60,60,60,1958-04-28,1959-04-20
1882503,2019-04-27,2019-05-04,60,60,60,60,1958-05-05,1959-04-27
1882503,2019-05-04,2019-05-11,60,60,60,60,1958-05-12,1959-05-04
1882503,2019-05-11,2019-06-29,60,60,60,60,1958-06-30,1959-05-11
1882503,2019-06-29,2019-08-17,60,60,61,61,1958-06-30,1958-08-17
1882503,2019-08-17,2019-08-24,61,61,61,61,1957-08-25,1958-08-17
1882503,2019-08-24,2019-08-31,61,61,61,61,1957-09-01,1958-08-24
1882503,2019-08-31,2019-09-07,61,61,61,61,1957-09-08,1958-08-31
1882503,2019-09-07,2019-09-14,61,61,61,61,1957-09-15,1958-09-07
1882503,2019-09-14,2019-09-21,61,61,61,61,1957-09-22,1958-09-14
1882503,2019-09-21,2019-10-05,61,61,61,61,1957-10-06,1958-09-21
1882503,2019-10-05,2019-11-09,61,61,61,61,1957-11-10,1958-10-05
1882503,2019-11-09,2019-11-16,61,61,61,61,1957-11-17,1958-11-09
1882503,2019-11-16,2019-11-23,61,61,61,61,1957-11-24,1958-11-16
1882503,2019-11-23,2019-11-30,61,61,61,61,1957-12-01,1958-11-23
1882503,2019-11-30,2019-12-07,61,61,61,61,1957-12-08,1958-11-30
1882503,2019-12-07,2019-12-21,61,61,61,61,1957-12-22,1958-12-07
1882503,2019-12-21,2020-01-11,61,61,61,61,1958-01-12,1958-12-21
1882503,2020-01-11,2020-01-18,61,61,61,61,1958-01-19,1959-01-11
1882503,2020-01-18,2020-01-25,61,61,61,61,1958-01-26,1959-01-18
1882503,2020-01-25,2020-02-01,61,61,61,61,1958-02-02,1959-01-25
1882503,2020-02-01,2020-02-08,61,61,61,61,1958-02-09,1959-02-01
1882503,2020-02-08,2020-02-15,61,61,61,61,1958-02-16,1959-02-08
1882503,2020-02-15,2020-02-22,61,61,61,61,1958-02-23,1959-02-15
1882503,2020-02-22,2020-02-29,61,61,61,61,1958-03-02,1959-02-22
1882503,2020-02-29,2020-03-07,61,61,61,61,1958-03-08,1959-03-01
1882503,2020-03-07,2020-03-14,61,61,61,61,1958-03-15,1959-03-07
1882503,2020-03-14,2021-08-14,61,61,63,63,1958-03-15,1958-08-14
1882503,2021-08-14,2021-08-21,63,63,63,63,1957-08-22,1958-08-14
1882503,2021-08-21,2021-08-28,63,63,63,63,1957-08-29,1958-08-21
1882503,2021-08-28,2021-09-04,63,63,63,63,1957-09-05,1958-08-28
1882503,2021-09-04,2021-09-11,63,63,63,63,1957-09-12,1958-09-04
1882503,2021-09-11,2021-09-18,63,63,63,63,1957-09-19,1958-09-11
1882503,2021-09-18,2021-09-25,63,63,63,63,1957-09-26,1958-09-18
1882503,2021-09-25,2021-10-02,63,63,63,63,1957-10-03,1958-09-25
1882503,2021-10-02,2021-10-09,63,63,63,63,1957-10-10,1958-10-02
1882503,2021-10-09,2021-10-16,63,63,63,63,1957-10-17,1958-10-09
1882503,2021-10-16,2021-10-23,63,63,63,63,1957-10-24,1958-10-16
1882503,2021-10-23,2021-10-30,63,63,63,63,1957-10-31,1958-10-23
1882503,2021-10-30,2021-11-06,63,63,63,63,1957-11-07,1958-10-30
1882503,2021-11-06,2021-11-13,63,63,63,63,1957-11-14,1958-11-06
1882503,2021-11-13,2021-11-20,63,63,63,63,1957-11-21,1958-11-13
1882503,2021-11-20,2021-11-27,63,63,63,63,1957-11-28,1958-11-20
1882503,2021-11-27,2021-12-18,63,63,63,63,1957-12-19,1958-11-27
1882503,2021-12-18,2022-01-01,63,63,63,63,1958-01-02,1958-12-18
1882503,2022-01-01,2022-01-08,63,63,63,63,1958-01-09,1959-01-01
1882503,2022-01-08,2022-01-15,63,63,63,63,1958-01-16,1959-01-08
1882503,2022-01-15,2022-01-22,63,63,63,63,1958-01-23,1959-01-15
1882503,2022-01-22,2022-01-29,63,63,63,63,1958-01-30,1959-01-22
1882503,2022-01-29,2022-02-05,63,63,63,63,1958-02-06,1959-01-29
1882503,2022-02-05,2022-02-12,63,63,63,63,1958-02-13,1959-02-05
1882503,2022-02-12,2022-02-26,63,63,63,63,1958-02-27,1959-02-12
1882503,2022-02-26,2022-03-05,63,63,63,63,1958-03-06,1959-02-26
1882503,2022-03-05,2022-03-12,63,63,63,63,1958-03-13,1959-03-05
1882503,2022-03-12,2022-03-19,63,63,63,63,1958-03-20,1959-03-12
1882503,2022-03-19,2022-03-26,63,63,63,63,1958-03-27,1959-03-19
1882503,2022-03-26,2022-04-02,63,63,63,63,1958-04-03,1959-03-26
1882503,2022-04-02,2022-04-16,63,63,63,63,1958-04-17,1959-04-02
1882503,2022-04-16,2022-05-07,63,63,63,63,1958-05-08,1959-04-16
1882503,2022-05-07,2022-05-14,63,63,63,63,1958-05-15,1959-05-07
1882503,2022-05-14,2022-05-28,63,63,63,63,1958-05-29,1959-05-14
1882503,2022-05-28,2022-07-02,63,63,63,63,1958-07-03,1959-05-28
1882503,2022-07-02,2022-07-09,63,63,63,63,1958-07-10,1959-07-02
1882503,2022-07-09,2022-07-16,63,63,63,63,1958-07-17,1959-07-09
1882503,2022-07-16,2022-08-13,63,63,64,64,1958-07-17,1958-08-13
1882503,2022-08-13,2022-12-03,64,64,64,64,1957-12-04,1958-08-13
1882503,2022-12-03,2022-12-17,64,64,64,64,1957-12-18,1958-12-03
1882503,2022-12-17,2022-12-31,64,64,64,64,1958-01-01,1958-12-17
1882503,2022-12-31,2023-02-11,64,64,64,64,1958-02-12,1958-12-31
1882503,2023-02-11,2023-03-04,64,64,64,64,1958-03-05,1959-02-11
1882503,2023-03-04,2023-03-18,64,64,64,64,1958-03-19,1959-03-04
1882503,2023-03-18,2023-04-08,64,64,64,64,1958-04-09,1959-03-18
1882503,2023-04-08,2023-04-29,64,64,64,64,1958-04-30,1959-04-08
1882503,2023-04-29,2023-07-15,64,64,64,64,1958-07-16,1959-04-29
1882503,2023-07-15,2023-10-07,64,64,65,65,1958-07-16,1958-10-07
1882503,2023-10-07,2023-12-30,65,65,65,65,1957-12-31,1958-10-07
1882503,2023-12-30,2024-03-23,65,65,65,65,1958-03-24,1958-12-30
1882503,2024-03-23,2024-03-30,65,65,65,65,1958-03-31,1959-03-23
1882503,2024-03-30,2024-05-18,65,65,65,65,1958-05-19,1959-03-30
1882503,2024-05-18,2024-11-23,65,65,66,66,1958-05-19,1958-11-23
1882503,2024-11-23,2025-04-19,66,66,66,66,1958-04-20,1958-11-23
1882503,2025-04-19,2025-05-17,66,66,66,66,1958-05-18,1959-04-19
1882503,2025-05-17,2025-11-22,66,66,67,67,1958-05-18,1958-11-22
1882503,2025-11-22,2025-12-27,67,67,67,67,1957-12-28,1958-11-22
189478,,2011-09-24,,,14,14,1996-09-25,1997-09-24
189478,2011-09-24,2011-10-01,14,14,14,14,1996-10-02,1997-09-24
189478,2011-10-01,2011-11-12,14,14,14,14,1996-11-13,1997-10-01
189478,2011-11-12,2012-01-07,14,14,14,14,1997-01-08,1997-11-12
189478,2012-01-07,2012-02-25,14,14,11,11,2000-02-26,1998-01-07
189478,2012-02-25,2012-03-03,11,11,14,14,2000-02-26,1998-03-03
189478,2012-03-03,2012-10-06,14,14,14,14,1997-10-07,1998-03-03
189478,2012-10-06,2012-10-20,14,14,12,12,1999-10-21,1998-10-06
189478,2012-10-20,2012-11-03,12,12,12,12,1999-11-04,2000-10-20
189478,2012-11-03,2012-11-24,12,12,12,12,1999-11-25,2000-11-03
1903974,,2015-09-19,,,43,43,1971-09-20,1972-09-19
1903974,2015-09-19,2016-12-31,43,43,44,44,1972-01-01,1972-09-19
1903974,2016-12-31,2017-05-13,44,44,44,44,1972-05-14,1972-12-31
1903974,2017-05-13,2018-02-24,44,44,45,45,1972-05-14,1973-02-24
1903974,2018-02-24,2018-03-17,45,45,43,43,1974-03-18,1973-02-24
1903974,2018-03-17,2018-03-31,43,43,43,43,1974-04-01,1975-03-17
1903974,2018-03-31,2018-04-28,43,43,43,43,1974-04-29,1975-03-31
1903974,2018-04-28,2018-05-12,43,43,43,43,1974-05-13,1975-04-28
1903974,2018-05-12,2018-06-02,43,43,43,43,1974-06-03,1975-05-12
1903974,2018-06-02,2018-07-21,43,43,44,44,1974-06-03,1974-07-21
1903974,2018-07-21,2018-10-06,44,44,44,44,1973-10-07,1974-07-21
1903974,2018-10-06,2019-01-26,44,44,44,44,1974-01-27,1974-10-06
1903974,2019-01-26,2019-02-23,44,44,44,44,1974-02-24,1975-01-26
1903974,2019-02-23,2019-03-16,44,44,44,44,1974-03-17,1975-02-23
1903974,2019-03-16,2019-12-28,44,44,45,45,1974-03-17,1974-12-28
1903974,2019-12-28,2022-01-08,45,45,47,47,1974-01-09,1974-12-28
1903974,2022-01-08,2023-11-04,47,47,49,49,1974-01-09,1974-11-04
1903974,2023-11-04,2023-11-18,49,49,49,49,1973-11-19,1974-11-04
1903974,2023-11-18,2023-12-30,49,49,49,49,1973-12-31,1974-11-18
1903974,2023-12-30,2024-02-24,49,49,49,49,1974-02-25,1974-12-30
1903974,2024-02-24,2024-04-27,49,49,49,49,1974-04-28,1975-02-24
1903974,2024-04-27,2024-05-04,49,49,49,49,1974-05-05,1975-04-27
1903974,2024-05-04,2024-05-11,49,49,49,49,1974-05-12,1975-05-04
1903974,2024-05-11,2024-05-18,49,49,49,49,1974-05-19,1975-05-11
1903974,2024-05-18,2024-05-25,49,49,49,49,1974-05-26,1975-05-18
1903974,2024-05-25,2024-08-31,49,49,50,50,1974-05-26,1974-08-31
1903974,2024-08-31,2024-10-05,50,50,50,50,1973-10-06,1974-08-31
1903974,2024-10-05,2025-01-11,50,50,50,50,1974-01-12,1974-10-05
1903974,2025-01-11,2025-05-10,50,50,50,50,1974-05-11,1975-01-11
1903974,2025-05-10,2025-05-17,50,50,50,50,1974-05-18,1975-05-10
1903974,2025-05-17,2025-07-26,50,50,51,51,1974-05-18,1974-07-26
1903974,2025-07-26,2025-08-02,51,51,51,51,1973-08-03,1974-07-26
1916309,,2015-09-26,,,30,30,1984-09-27,1985-09-26
1916309,2015-09-26,2015-10-03,30,30,30,30,1984-10-04,1985-09-26
1916309,2015-10-03,2015-10-24,30,30,31,31,1984-10-04,1984-10-24
1916309,2015-10-24,2015-10-31,31,31,29,29,1985-11-01,1984-10-24
1916309,2015-10-31,2015-11-07,29,29,29,29,1985-11-08,1986-10-31
1916309,2015-11-07,2016-09-10,29,29,29,29,1986-09-11,1986-11-07
1916309,2016-09-10,2016-10-01,29,29,29,29,1986-10-02,1987-09-10
1916309,2016-10-01,2017-07-29,29,29,30,30,1986-10-02,1987-07-29
1916309,2017-07-29,2017-08-05,30,30,30,30,1986-08-06,1987-07-29
1945581,,2015-10-17,,,42,42,1972-10-18,1973-10-17
1945581,2015-10-17,2016-01-02,42,42,42,42,1973-01-03,1973-10-17
1945581,2016-01-02,2016-01-23,42,42,40,40,1975-01-24,1974-01-02
1945581,2016-01-23,2016-02-06,40,40,42,42,1975-01-24,1974-02-06
1945581,2016-02-06,2017-05-13,42,42,43,43,1973-05-14,1974-02-06
1945581,2017-05-13,2017-06-10,43,43,43,43,1973-06-11,1974-05-13
1945581,2017-06-10,2017-07-15,43,43,44,44,1973-06-11,1973-07-15
1945581,2017-07-15,2018-02-10,44,44,44,44,1973-02-11,1973-07-15
1945581,2018-02-10,2019-01-05,44,44,45,45,1973-02-11,1974-01-05
1945581,2019-01-05,2019-04-20,45,45,45,45,1973-04-21,1974-01-05
1945581,2019-04-20,2024-02-17,45,45,50,50,1973-04-21,1974-02-17
1949590,,2018-06-30,,,56,56,1961-07-01,1962-06-30
1949590,2018-06-30,2018-07-07,56,56,56,56,1961-07-08,1962-06-30
1949590,2018-07-07,2018-07-14,56,56,56,56,1961-07-15,1962-07-07
1949590,2018-07-14,2018-07-21,56,56,56,56,1961-07-22,1962-07-14
1949590,2018-07-21,2018-08-11,56,56,57,57,1961-07-22,1961-08-11
1949590,2018-08-11,2018-09-01,57,57,57,57,1960-09-02,1961-08-11
1949590,2018-09-01,2018-09-08,57,57,57,57,1960-09-09,1961-09-01
1949590,2018-09-08,2018-10-06,57,57,57,57,1960-10-07,1961-09-08
1949590,2018-10-06,2018-10-13,57,57,57,57,1960-10-14,1961-10-06
1949590,2018-10-13,2018-11-10,57,57,57,57,1960-11-11,1961-10-13
1949590,2018-11-10,2018-11-24,57,57,57,57,1960-11-25,1961-11-10
1949590,2018-11-24,2018-12-01,57,57,57,57,1960-12-02,1961-11-24
1949590,2018-12-01,2018-12-08,57,57,57,57,1960-12-09,1961-12-01
1949590,2018-12-08,2018-12-22,57,57,57,57,1960-12-23,1961-12-08
1949590,2018-12-22,2018-12-25,57,57,57,57,1960-12-26,1961-12-22
1949590,2018-12-25,2018-12-29,57,57,57,57,1960-12-30,1961-12-25
1949590,2018-12-29,2019-01-05,57,57,57,57,1961-01-06,1961-12-29
1949590,2019-01-05,2019-01-26,57,57,57,57,1961-01-27,1962-01-05
1949590,2019-01-26,2019-02-02,57,57,57,57,1961-02-03,1962-01-26
1949590,2019-02-02,2019-02-09,57,57,57,57,1961-02-10,1962-02-02
1949590,2019-02-09,2019-02-16,57,57,57,57,1961-02-17,1962-02-09
1949590,2019-02-16,2019-02-23,57,57,56,56,1962-02-24,1962-02-16
1949590,2019-02-23,2019-03-16,56,56,56,56,1962-03-17,1963-02-23
1949590,2019-03-16,2019-03-23,56,56,56,56,1962-03-24,1963-03-16
1949590,2019-03-23,2019-04-13,56,56,56,56,1962-04-14,1963-03-23
1949590,2019-04-13,2022-08-13,56,56,60,60,1962-04-14,1962-08-13
1949590,2022-08-13,2022-08-20,60,60,60,60,1961-08-21,1962-08-13
1949590,2022-08-20,2022-10-01,60,60,60,60,1961-10-02,1962-08-20
195736,,2011-10-15,,,48,48,1962-10-16,1963-10-15
195736,2011-10-15,2011-11-05,48,48,47,47,1963-11-06,1963-10-15
195736,2011-11-05,2011-11-12,47,47,47,47,1963-11-13,1964-11-05
196316,,2011-10-15,,,59,59,1951-10-16,1952-10-15
196316,2011-10-15,2011-10-22,59,59,58,58,1952-10-23,1952-10-15
196316,2011-10-22,2011-10-29,58,58,58,58,1952-10-30,1953-10-22
196316,2011-10-29,2011-11-05,58,58,58,58,1952-11-06,1953-10-29
196316,2011-11-05,2011-11-12,58,58,58,58,1952-11-13,1953-11-05
196316,2011-11-12,2011-11-19,58,58,58,58,1952-11-20,1953-11-12
196316,2011-11-19,2011-12-31,58,58,58,58,1953-01-01,1953-11-19
196316,2011-12-31,2012-01-14,58,58,58,58,1953-01-15,1953-12-31
196316,2012-01-14,2012-03-31,58,58,58,58,1953-04-01,1954-01-14
196316,2012-03-31,2012-04-07,58,58,58,58,1953-04-08,1954-03-31
196316,2012-04-07,2012-04-14,58,58,58,58,1953-04-15,1954-04-07
196316,2012-04-14,2012-04-21,58,58,58,58,1953-04-22,1954-04-14
196316,2012-04-21,2012-05-12,58,58,58,58,1953-05-13,1954-04-21
196316,2012-05-12,2012-05-19,58,58,58,58,1953-05-20,1954-05-12
196316,2012-05-19,2012-05-26,58,58,58,58,1953-05-27,1954-05-19
196316,2012-05-26,2012-06-09,58,58,58,58,1953-06-10,1954-05-26
196316,2012-06-09,2012-06-16,58,58,58,58,1953-06-17,1954-06-09
196316,2012-06-16,2012-06-30,58,58,58,58,1953-07-01,1954-06-16
1977081,,2015-10-24,,,52,52,1962-10-25,1963-10-24
1977081,2015-10-24,2015-11-14,52,52,46,46,1968-11-15,1963-10-24
1977081,2015-11-14,2015-11-28,46,46,46,46,1968-11-29,1969-11-14
1977081,2015-11-28,2015-12-05,46,46,46,46,1968-12-06,1969-11-28
1977081,2015-12-05,2015-12-12,46,46,46,46,1968-12-13,1969-12-05
1977081,2015-12-12,2016-01-23,46,46,46,46,1969-01-24,1969-12-12
1977081,2016-01-23,2016-01-30,46,46,46,46,1969-01-31,1970-01-23
1977081,2016-01-30,2016-03-12,46,46,46,46,1969-03-13,1970-01-30
1977081,2016-03-12,2016-04-02,46,46,46,46,1969-04-03,1970-03-12
1977081,2016-04-02,2016-05-07,46,46,46,46,1969-05-08,1970-04-02
1977081,2016-05-07,2017-01-21,46,46,47,47,1969-05-08,1970-01-21
1977081,2017-01-21,2017-04-01,47,47,47,47,1969-04-02,1970-01-21
1983235,,2015-10-24,,,38,38,1976-10-25,1977-10-24
1983235,2015-10-24,2015-10-31,38,38,38,38,1976-11-01,1977-10-24
1983235,2015-10-31,2015-11-07,38,38,38,38,1976-11-08,1977-10-31
1983235,2015-11-07,2015-11-28,38,38,35,35,1979-11-29,1977-11-07
1997252,,2015-10-31,,,40,40,1974-11-01,1975-10-31
1997252,2015-10-31,2015-11-28,40,40,41,41,1974-11-01,1974-11-28
1997252,2015-11-28,2015-12-12,41,41,41,41,1973-12-13,1974-11-28
1997252,2015-12-12,2016-01-09,41,41,41,41,1974-01-10,1974-12-12
1997252,2016-01-09,2016-01-16,41,41,41,41,1974-01-17,1975-01-09
1997252,2016-01-16,2016-02-06,41,41,41,41,1974-02-07,1975-01-16
1997252,2016-02-06,2016-03-05,41,41,41,41,1974-03-06,1975-02-06
1997252,2016-03-05,2016-03-26,41,41,41,41,1974-03-27,1975-03-05
1997252,2016-03-26,2016-04-09,41,41,41,41,1974-04-10,1975-03-26
1997252,2016-04-09,2016-04-30,41,41,41,41,1974-05-01,1975-04-09
1997252,2016-04-30,2016-05-14,41,41,41,41,1974-05-15,1975-04-30
1997252,2016-05-14,2016-05-21,41,41,41,41,1974-05-22,1975-05-14
1997252,2016-05-21,2016-07-30,41,41,41,41,1974-07-31,1975-05-21
1997252,2016-07-30,2016-08-13,41,41,41,41,1974-08-14,1975-07-30
1997252,2016-08-13,2016-08-20,41,41,41,41,1974-08-21,1975-08-13
1997252,2016-08-20,2016-08-27,41,41,41,41,1974-08-28,1975-08-20
1997252,2016-08-27,2016-09-03,41,41,41,41,1974-09-04,1975-08-27
1997252,2016-09-03,2016-09-17,41,41,41,41,1974-09-18,1975-09-03
1997252,2016-09-17,2016-10-22,41,41,41,41,1974-10-23,1975-09-17
1997252,2016-10-22,2016-11-19,41,41,42,42,1974-10-23,1974-11-19
1997252,2016-11-19,2016-12-03,42,42,42,42,1973-12-04,1974-11-19
1997252,2016-12-03,2016-12-24,42,42,42,42,1973-12-25,1974-12-03
1997252,2016-12-24,2016-12-31,42,42,42,42,1974-01-01,1974-12-24
1997252,2016-12-31,2017-01-01,42,42,42,42,1974-01-02,1974-12-31
1997252,2017-01-01,2017-03-04,42,42,42,42,1974-03-05,1975-01-01
1997252,2017-03-04,2017-03-11,42,42,42,42,1974-03-12,1975-03-04
1997252,2017-03-11,2017-04-08,42,42,42,42,1974-04-09,1975-03-11
1997252,2017-04-08,2017-05-06,42,42,42,42,1974-05-07,1975-04-08
1997252,2017-05-06,2017-05-20,42,42,42,42,1974-05-21,1975-05-06
1997252,2017-05-20,2017-06-03,42,42,42,42,1974-06-04,1975-05-20
1997252,2017-06-03,2017-06-10,42,42,42,42,1974-06-11,1975-06-03
1997252,2017-06-10,2017-07-29,42,42,42,42,1974-07-30,1975-06-10
1997252,2017-07-29,2017-08-05,42,42,42,42,1974-08-06,1975-07-29
1997252,2017-08-05,2017-08-19,42,42,42,42,1974-08-20,1975-08-05
1997252,2017-08-19,2017-09-30,42,42,42,42,1974-10-01,1975-08-19
1997252,2017-09-30,2017-10-14,42,42,42,42,1974-10-15,1975-09-30
1997252,2017-10-14,2017-10-21,42,42,42,42,1974-10-22,1975-10-14
1997252,2017-10-21,2017-12-09,42,42,43,43,1974-10-22,1974-12-09
1997252,2017-12-09,2017-12-16,43,43,43,43,1973-12-17,1974-12-09
1997252,2017-12-16,2017-12-23,43,43,43,43,1973-12-24,1974-12-16
1997252,2017-12-23,2018-01-01,43,43,43,43,1974-01-02,1974-12-23
1997252,2018-01-01,2018-01-13,43,43,43,43,1974-01-14,1975-01-01
1997252,2018-01-13,2018-01-27,43,43,43,43,1974-01-28,1975-01-13
1997252,2018-01-27,2018-02-03,43,43,43,43,1974-02-04,1975-01-27
1997252,2018-02-03,2018-02-17,43,43,43,43,1974-02-18,1975-02-03
1997252,2018-02-17,2018-02-24,43,43,43,43,1974-02-25,1975-02-17
1997252,2018-02-24,2018-03-10,43,43,43,43,1974-03-11,1975-02-24
1997252,2018-03-10,2018-03-31,43,43,43,43,1974-04-01,1975-03-10
1997252,2018-03-31,2018-04-21,43,43,43,43,1974-04-22,1975-03-31
1997252,2018-04-21,2018-05-05,43,43,43,43,1974-05-06,1975-04-21
1997252,2018-05-05,2018-05-19,43,43,43,43,1974-05-20,1975-05-05
1997252,2018-05-19,2018-06-09,43,43,43,43,1974-06-10,1975-05-19
1997252,2018-06-09,2018-07-07,43,43,43,43,1974-07-08,1975-06-09
1997252,2018-07-07,2018-08-04,43,43,43,43,1974-08-05,1975-07-07
1997252,2018-08-04,2018-08-11,43,43,43,43,1974-08-12,1975-08-04
1997252,2018-08-11,2018-08-18,43,43,43,43,1974-08-19,1975-08-11
1997252,2018-08-18,2018-09-01,43,43,43,43,1974-09-02,1975-08-18
1997252,2018-09-01,2018-09-08,43,43,43,43,1974-09-09,1975-09-01
1997252,2018-09-08,2018-10-27,43,43,43,43,1974-10-28,1975-09-08
1997252,2018-10-27,2018-11-03,43,43,43,43,1974-11-04,1975-10-27
1997252,2018-11-03,2018-11-10,43,43,44,44,1974-11-04,1974-11-10
1997252,2018-11-10,2018-11-17,44,44,44,44,1973-11-18,1974-11-10
1997252,2018-11-17,2018-11-24,44,44,44,44,1973-11-25,1974-11-17
1997252,2018-11-24,2018-12-25,44,44,44,44,1973-12-26,1974-11-24
1997252,2018-12-25,2018-12-29,44,44,44,44,1973-12-30,1974-12-25
1997252,2018-12-29,2019-01-19,44,44,44,44,1974-01-20,1974-12-29
1997252,2019-01-19,2019-01-26,44,44,44,44,1974-01-27,1975-01-19
1997252,2019-01-26,2019-02-16,44,44,44,44,1974-02-17,1975-01-26
1997252,2019-02-16,2019-03-30,44,44,44,44,1974-03-31,1975-02-16
1997252,2019-03-30,2019-04-06,44,44,44,44,1974-04-07,1975-03-30
1997252,2019-04-06,2019-05-04,44,44,40,40,1978-05-05,1975-04-06
1997252,2019-05-04,2019-05-25,40,40,44,44,1978-05-05,1975-05-25
1997252,2019-05-25,2019-06-01,44,44,44,44,1974-06-02,1975-05-25
1997252,2019-06-01,2019-07-27,44,44,44,44,1974-07-28,1975-06-01
1997252,2019-07-27,2019-08-17,44,44,44,44,1974-08-18,1975-07-27
1997252,2019-08-17,2019-08-24,44,44,44,44,1974-08-25,1975-08-17
1997252,2019-08-24,2019-09-14,44,44,44,44,1974-09-15,1975-08-24
1997252,2019-09-14,2019-10-05,44,44,40,40,1978-10-06,1975-09-14
1997252,2019-10-05,2019-11-09,40,40,45,45,1978-10-06,1974-11-09
1997252,2019-11-09,2019-11-16,45,45,45,45,1973-11-17,1974-11-09
1997252,2019-11-16,2019-12-07,45,45,45,45,1973-12-08,1974-11-16
1997252,2019-12-07,2019-12-21,45,45,45,45,1973-12-22,1974-12-07
1997252,2019-12-21,2019-12-25,45,45,45,45,1973-12-26,1974-12-21
1997252,2019-12-25,2020-01-01,45,45,45,45,1974-01-02,1974-12-25
1997252,2020-01-01,2020-01-18,45,45,45,45,1974-01-19,1975-01-01
1997252,2020-01-18,2020-01-25,45,45,45,45,1974-01-26,1975-01-18
1997252,2020-01-25,2020-02-08,45,45,45,45,1974-02-09,1975-01-25
1997252,2020-02-08,2021-07-24,45,45,46,46,1974-07-25,1975-02-08
1997252,2021-07-24,2021-09-11,46,46,46,46,1974-09-12,1975-07-24
1997252,2021-09-11,2021-09-25,46,46,46,46,1974-09-26,1975-09-11
1997252,2021-09-25,2022-03-05,46,46,47,47,1974-09-26,1975-03-05
1997252,2022-03-05,2022-03-19,47,47,47,47,1974-03-20,1975-03-05
1997252,2022-03-19,2022-03-26,47,47,47,47,1974-03-27,1975-03-19
1997252,2022-03-26,2022-04-02,47,47,47,47,1974-04-03,1975-03-26
1997252,2022-04-02,2022-06-25,47,47,47,47,1974-06-26,1975-04-02
1997252,2022-06-25,2022-07-09,47,47,47,47,1974-07-10,1975-06-25
1997252,2022-07-09,2022-12-25,47,47,48,48,1974-07-10,1974-12-25
1997252,2022-12-25,2023-01-28,48,48,48,48,1974-01-29,1974-12-25
1997252,2023-01-28,2023-03-25,48,48,48,48,1974-03-26,1975-01-28
1997252,2023-03-25,2023-04-29,48,48,48,48,1974-04-30,1975-03-25
1997252,2023-04-29,2023-12-25,48,48,49,49,1974-04-30,1974-12-25
1997252,2023-12-25,2024-01-27,49,49,49,49,1974-01-28,1974-12-25
1997252,2024-01-27,2024-03-23,49,49,49,49,1974-03-24,1975-01-27
1997252,2024-03-23,2024-03-30,49,49,49,49,1974-03-31,1975-03-23
1997252,2024-03-30,2024-04-13,49,49,49,49,1974-04-14,1975-03-30
1997252,2024-04-13,2024-05-04,49,49,49,49,1974-05-05,1975-04-13
1997252,2024-05-04,2024-07-20,49,49,49,49,1974-07-21,1975-05-04
1997252,2024-07-20,2024-11-09,49,49,50,50,1974-07-21,1974-11-09
1997252,2024-11-09,2024-12-14,50,50,50,50,1973-12-15,1974-11-09
1997252,2024-12-14,2024-12-21,50,50,50,50,1973-12-22,1974-12-14
1997252,2024-12-21,2024-12-25,50,50,50,50,1973-12-26,1974-12-21
1997252,2024-12-25,2025-02-15,50,50,50,50,1974-02-16,1974-12-25
1997252,2025-02-15,2025-04-05,50,50,50,50,1974-04-06,1975-02-15
1997252,2025-04-05,2025-06-28,50,50,50,50,1974-06-29,1975-04-05
1997252,2025-06-28,2025-07-05,50,50,50,50,1974-07-06,1975-06-28
1997252,2025-07-05,2025-07-12,50,50,50,50,1974-07-13,1975-07-05
1997252,2025-07-12,2025-08-30,50,50,50,50,1974-08-31,1975-07-12
1997252,2025-08-30,2025-10-18,50,50,50,50,1974-10-19,1975-08-30
1997252,2025-10-18,2025-11-29,50,50,51,51,1974-10-19,1974-11-29
1997252,2025-11-29,2025-12-25,51,51,51,51,1973-12-26,1974-11-29
1997252,2025-12-25,2026-01-01,51,51,51,51,1974-01-02,1974-12-25
1997252,2026-01-01,2026-01-17,51,51,51,51,1974-01-18,1975-01-01
2038021,,2015-11-28,,,25,28,1986-11-29,1990-11-28
2038021,2015-11-28,2015-12-12,25,28,25,28,1986-12-13,1990-11-28
2038021,2015-12-12,2015-12-26,25,28,25,28,1986-12-27,1990-12-12
2038021,2015-12-26,2016-01-09,25,28,29,29,1986-12-27,1987-01-09
2038021,2016-01-09,2016-01-16,29,29,29,29,1986-01-17,1987-01-09
2038021,2016-01-16,2016-01-23,29,29,29,29,1986-01-24,1987-01-16
2038021,2016-01-23,2016-01-30,29,29,29,29,1986-01-31,1987-01-23
2038021,2016-01-30,2016-02-06,29,29,29,29,1986-02-07,1987-01-30
2038021,2016-02-06,2016-02-13,29,29,29,29,1986-02-14,1987-02-06
2038021,2016-02-13,2016-02-20,29,29,25,28,1987-02-21,1987-02-13
2038021,2016-02-20,2016-02-27,25,28,25,28,1987-02-28,1991-02-20
2038021,2016-02-27,2016-03-05,25,28,25,28,1987-03-06,1991-02-27
2038021,2016-03-05,2016-03-12,25,28,25,28,1987-03-13,1991-03-05
2038021,2016-03-12,2016-03-19,25,28,25,28,1987-03-20,1991-03-12
2038021,2016-03-19,2016-04-02,25,28,25,28,1987-04-03,1991-03-19
2038021,2016-04-02,2016-04-16,25,28,25,28,1987-04-17,1991-04-02
2038021,2016-04-16,2016-05-07,25,28,29,29,1987-04-17,1987-05-07
2038021,2016-05-07,2016-05-14,29,29,29,29,1986-05-15,1987-05-07
2038021,2016-05-14,2016-05-21,29,29,29,29,1986-05-22,1987-05-14
2038021,2016-05-21,2016-06-11,29,29,29,29,1986-06-12,1987-05-21
2038021,2016-06-11,2016-07-02,29,29,29,29,1986-07-03,1987-06-11
2038021,2016-07-02,2016-07-09,29,29,29,29,1986-07-10,1987-07-02
2038021,2016-07-09,2016-07-16,29,29,29,29,1986-07-17,1987-07-09
2038021,2016-07-16,2016-07-23,29,29,29,29,1986-07-24,1987-07-16
2038021,2016-07-23,2016-09-10,29,29,29,29,1986-09-11,1987-07-23
2038021,2016-09-10,2016-09-17,29,29,29,29,1986-09-18,1987-09-10
2038021,2016-09-17,2016-10-01,29,29,29,29,1986-10-02,1987-09-17
2038021,2016-10-01,2016-10-22,29,29,29,29,1986-10-23,1987-10-01
2038021,2016-10-22,2016-10-29,29,29,29,29,1986-10-30,1987-10-22
2038021,2016-10-29,2016-11-05,29,29,29,29,1986-11-06,1987-10-29
2038021,2016-11-05,2016-11-12,29,29,29,29,1986-11-13,1987-11-05
2038021,2016-11-12,2016-11-26,29,29,29,29,1986-11-27,1987-11-12
2038021,2016-11-26,2016-12-17,29,29,29,29,1986-12-18,1987-11-26
2038021,2016-12-17,2016-12-31,29,29,29,29,1987-01-01,1987-12-17
2038021,2016-12-31,2017-01-14,29,29,29,29,1987-01-15,1987-12-31
2038021,2017-01-14,2017-01-21,29,29,29,29,1987-01-22,1988-01-14
2038021,2017-01-21,2017-01-28,29,29,29,29,1987-01-29,1988-01-21
2038021,2017-01-28,2017-02-11,29,29,29,29,1987-02-12,1988-01-28
2038021,2017-02-11,2017-02-25,29,29,29,29,1987-02-26,1988-02-11
2038021,2017-02-25,2017-03-04,29,29,29,29,1987-03-05,1988-02-25
2038021,2017-03-04,2017-03-18,29,29,29,29,1987-03-19,1988-03-04
2038021,2017-03-18,2017-03-25,29,29,29,29,1987-03-26,1988-03-18
2038021,2017-03-25,2017-04-01,29,29,29,29,1987-04-02,1988-03-25
2038021,2017-04-01,2017-04-08,29,29,29,29,1987-04-09,1988-04-01
2038021,2017-04-08,2017-04-15,29,29,29,29,1987-04-16,1988-04-08
2038021,2017-04-15,2017-04-22,29,29,30,30,1987-04-16,1987-04-22
2038021,2017-04-22,2017-04-29,30,30,30,30,1986-04-30,1987-04-22
2038021,2017-04-29,2017-05-06,30,30,30,30,1986-05-07,1987-04-29
2038021,2017-05-06,2017-05-13,30,30,30,30,1986-05-14,1987-05-06
2038021,2017-05-13,2017-05-27,30,30,30,30,1986-05-28,1987-05-13
2038021,2017-05-27,2017-06-17,30,30,30,30,1986-06-18,1987-05-27
2038021,2017-06-17,2017-07-01,30,30,30,30,1986-07-02,1987-06-17
2038021,2017-07-01,2017-07-22,30,30,30,30,1986-07-23,1987-07-01
2038021,2017-07-22,2017-07-29,30,30,30,30,1986-07-30,1987-07-22
2038021,2017-07-29,2017-08-05,30,30,30,30,1986-08-06,1987-07-29
2038021,2017-08-05,2017-08-12,30,30,30,30,1986-08-13,1987-08-05
2038021,2017-08-12,2017-08-19,30,30,30,30,1986-08-20,1987-08-12
2038021,2017-08-19,2017-09-02,30,30,30,30,1986-09-03,1987-08-19
2038021,2017-09-02,2017-09-09,30,30,30,30,1986-09-10,1987-09-02
2038021,2017-09-09,2017-09-16,30,30,30,30,1986-09-17,1987-09-09
2038021,2017-09-16,2017-09-23,30,30,30,30,1986-09-24,1987-09-16
2038021,2017-09-23,2017-09-30,30,30,30,30,1986-10-01,1987-09-23
2038021,2017-09-30,2017-10-07,30,30,30,30,1986-10-08,1987-09-30
2038021,2017-10-07,2017-10-14,30,30,30,30,1986-10-15,1987-10-07
2038021,2017-10-14,2017-10-21,30,30,30,30,1986-10-22,1987-10-14
2038021,2017-10-21,2017-10-28,30,30,30,30,1986-10-29,1987-10-21
2038021,2017-10-28,2017-11-04,30,30,30,30,1986-11-05,1987-10-28
2038021,2017-11-04,2017-11-18,30,30,30,30,1986-11-19,1987-11-04
2038021,2017-11-18,2017-11-25,30,30,30,30,1986-11-26,1987-11-18
2038021,2017-11-25,2017-12-09,30,30,30,30,1986-12-10,1987-11-25
2038021,2017-12-09,2017-12-16,30,30,30,30,1986-12-17,1987-12-09
2038021,2017-12-16,2017-12-23,30,30,30,30,1986-12-24,1987-12-16
2038021,2017-12-23,2018-01-13,30,30,30,30,1987-01-14,1987-12-23
2038021,2018-01-13,2018-01-20,30,30,30,30,1987-01-21,1988-01-13
2038021,2018-01-20,2018-02-03,30,30,30,30,1987-02-04,1988-01-20
2038021,2018-02-03,2018-02-17,30,30,30,30,1987-02-18,1988-02-03
2038021,2018-02-17,2018-03-10,30,30,30,30,1987-03-11,1988-02-17
2038021,2018-03-10,2018-03-24,30,30,30,30,1987-03-25,1988-03-10
2038021,2018-03-24,2018-03-31,30,30,30,30,1987-04-01,1988-03-24
2038021,2018-03-31,2018-04-14,30,30,30,30,1987-04-15,1988-03-31
2038021,2018-04-14,2018-04-28,30,30,31,31,1987-04-15,1987-04-28
2038021,2018-04-28,2018-05-05,31,31,31,31,1986-05-06,1987-04-28
2038021,2018-05-05,2018-05-12,31,31,31,31,1986-05-13,1987-05-05
2038021,2018-05-12,2018-05-26,31,31,31,31,1986-05-27,1987-05-12
2038021,2018-05-26,2018-06-09,31,31,31,31,1986-06-10,1987-05-26
2038021,2018-06-09,2018-06-23,31,31,31,31,1986-06-24,1987-06-09
2038021,2018-06-23,2018-07-07,31,31,31,31,1986-07-08,1987-06-23
2038021,2018-07-07,2018-07-14,31,31,31,31,1986-07-15,1987-07-07
2038021,2018-07-14,2018-07-21,31,31,31,31,1986-07-22,1987-07-14
2038021,2018-07-21,2018-07-28,31,31,31,31,1986-07-29,1987-07-21
2038021,2018-07-28,2018-08-11,31,31,31,31,1986-08-12,1987-07-28
2038021,2018-08-11,2018-08-18,31,31,31,31,1986-08-19,1987-08-11
2038021,2018-08-18,2018-08-25,31,31,31,31,1986-08-26,1987-08-18
2038021,2018-08-25,2018-09-01,31,31,31,31,1986-09-02,1987-08-25
2038021,2018-09-01,2018-11-03,31,31,31,31,1986-11-04,1987-09-01
2038021,2018-11-03,2018-11-10,31,31,31,31,1986-11-11,1987-11-03
2038021,2018-11-10,2018-11-24,31,31,31,31,1986-11-25,1987-11-10
2038021,2018-11-24,2018-12-08,31,31,31,31,1986-12-09,1987-11-24
2038021,2018-12-08,2018-12-15,31,31,31,31,1986-12-16,1987-12-08
2038021,2018-12-15,2018-12-22,31,31,31,31,1986-12-23,1987-12-15
2038021,2018-12-22,2018-12-29,31,31,31,31,1986-12-30,1987-12-22
2038021,2018-12-29,2019-01-01,31,31,31,31,1987-01-02,1987-12-29
2038021,2019-01-01,2019-01-19,31,31,31,31,1987-01-20,1988-01-01
2038021,2019-01-19,2019-01-26,31,31,31,31,1987-01-27,1988-01-19
2038021,2019-01-26,2019-02-02,31,31,31,31,1987-02-03,1988-01-26
2038021,2019-02-02,2019-02-09,31,31,31,31,1987-02-10,1988-02-02
2038021,2019-02-09,2019-02-23,31,31,31,31,1987-02-24,1988-02-09
2038021,2019-02-23,2019-03-02,31,31,31,31,1987-03-03,1988-02-23
2038021,2019-03-02,2019-03-16,31,31,31,31,1987-03-17,1988-03-02
2038021,2019-03-16,2019-03-23,31,31,31,31,1987-03-24,1988-03-16
2038021,2019-03-23,2019-03-30,31,31,31,31,1987-03-31,1988-03-23
2038021,2019-03-30,2019-04-06,31,31,31,31,1987-04-07,1988-03-30
2038021,2019-04-06,2019-04-13,31,31,31,31,1987-04-14,1988-04-06
2038021,2019-04-13,2019-04-27,31,31,32,32,1987-04-14,1987-04-27
2038021,2019-04-27,2019-05-04,32,32,32,32,1986-05-05,1987-04-27
2038021,2019-05-04,2019-05-11,32,32,32,32,1986-05-12,1987-05-04
2038021,2019-05-11,2019-05-18,32,32,32,32,1986-05-19,1987-05-11
2038021,2019-05-18,2019-05-25,32,32,32,32,1986-05-26,1987-05-18
2038021,2019-05-25,2019-06-01,32,32,32,32,1986-06-02,1987-05-25
2038021,2019-06-01,2019-06-08,32,32,32,32,1986-06-09,1987-06-01
2038021,2019-06-08,2019-06-22,32,32,32,32,1986-06-23,1987-06-08
2038021,2019-06-22,2019-07-27,32,32,32,32,1986-07-28,1987-06-22
2038021,2019-07-27,2019-08-03,32,32,32,32,1986-08-04,1987-07-27
2038021,2019-08-03,2019-08-10,32,32,32,32,1986-08-11,1987-08-03
2038021,2019-08-10,2019-08-17,32,32,32,32,1986-08-18,1987-08-10
2038021,2019-08-17,2019-08-24,32,32,32,32,1986-08-25,1987-08-17
2038021,2019-08-24,2019-08-31,32,32,32,32,1986-09-01,1987-08-24
2038021,2019-08-31,2019-09-07,32,32,32,32,1986-09-08,1987-08-31
2038021,2019-09-07,2019-09-14,32,32,32,32,1986-09-15,1987-09-07
2038021,2019-09-14,2019-09-21,32,32,32,32,1986-09-22,1987-09-14
2038021,2019-09-21,2019-09-28,32,32,32,32,1986-09-29,1987-09-21
2038021,2019-09-28,2019-10-05,32,32,32,32,1986-10-06,1987-09-28
2038021,2019-10-05,2019-10-12,32,32,32,32,1986-10-13,1987-10-05
2038021,2019-10-12,2019-10-19,32,32,32,32,1986-10-20,1987-10-12
2038021,2019-10-19,2019-10-26,32,32,32,32,1986-10-27,1987-10-19
2038021,2019-10-26,2019-11-02,32,32,32,32,1986-11-03,1987-10-26
2038021,2019-11-02,2019-11-09,32,32,32,32,1986-11-10,1987-11-02
2038021,2019-11-09,2019-11-16,32,32,32,32,1986-11-17,1987-11-09
2038021,2019-11-16,2019-11-23,32,32,32,32,1986-11-24,1987-11-16
2038021,2019-11-23,2019-11-30,32,32,32,32,1986-12-01,1987-11-23
2038021,2019-11-30,2019-12-14,32,32,32,32,1986-12-15,1987-11-30
2038021,2019-12-14,2019-12-21,32,32,32,32,1986-12-22,1987-12-14
2038021,2019-12-21,2020-01-01,32,32,32,32,1987-01-02,1987-12-21
2038021,2020-01-01,2020-01-11,32,32,32,32,1987-01-12,1988-01-01
2038021,2020-01-11,2020-01-18,32,32,32,32,1987-01-19,1988-01-11
2038021,2020-01-18,2020-01-25,32,32,32,32,1987-01-26,1988-01-18
2038021,2020-01-25,2020-02-01,32,32,32,32,1987-02-02,1988-01-25
2038021,2020-02-01,2020-02-15,32,32,32,32,1987-02-16,1988-02-01
2038021,2020-02-15,2020-02-22,32,32,32,32,1987-02-23,1988-02-15
2038021,2020-02-22,2020-03-07,32,32,32,32,1987-03-08,1988-02-22
2038021,2020-03-07,2020-03-14,32,32,32,32,1987-03-15,1988-03-07
2038021,2020-03-14,2021-07-24,32,32,34,34,1987-03-15,1987-07-24
2038021,2021-07-24,2021-07-31,34,34,34,34,1986-08-01,1987-07-24
2038021,2021-07-31,2021-08-07,34,34,34,34,1986-08-08,1987-07-31
2038021,2021-08-07,2021-08-21,34,34,34,34,1986-08-22,1987-08-07
2038021,2021-08-21,2021-08-28,34,34,34,34,1986-08-29,1987-08-21
2038021,2021-08-28,2021-09-11,34,34,34,34,1986-09-12,1987-08-28
2038021,2021-09-11,2021-09-18,34,34,34,34,1986-09-19,1987-09-11
2038021,2021-09-18,2021-10-02,34,34,34,34,1986-10-03,1987-09-18
2038021,2021-10-02,2021-10-09,34,34,34,34,1986-10-10,1987-10-02
2038021,2021-10-09,2021-10-16,34,34,34,34,1986-10-17,1987-10-09
2038021,2021-10-16,2021-10-23,34,34,34,34,1986-10-24,1987-10-16
2038021,2021-10-23,2021-10-30,34,34,34,34,1986-10-31,1987-10-23
2038021,2021-10-30,2021-11-06,34,34,34,34,1986-11-07,1987-10-30
2038021,2021-11-06,2021-11-13,34,34,34,34,1986-11-14,1987-11-06
2038021,2021-11-13,2021-11-20,34,34,34,34,1986-11-21,1987-11-13
2038021,2021-11-20,2021-12-04,34,34,34,34,1986-12-05,1987-11-20
2038021,2021-12-04,2021-12-11,34,34,34,34,1986-12-12,1987-12-04
2038021,2021-12-11,2021-12-18,34,34,34,34,1986-12-19,1987-12-11
2038021,2021-12-18,2022-01-01,34,34,34,34,1987-01-02,1987-12-18
2038021,2022-01-01,2022-01-08,34,34,34,34,1987-01-09,1988-01-01
2038021,2022-01-08,2022-01-15,34,34,34,34,1987-01-16,1988-01-08
2038021,2022-01-15,2022-01-22,34,34,34,34,1987-01-23,1988-01-15
2038021,2022-01-22,2022-01-29,34,34,34,34,1987-01-30,1988-01-22
2038021,2022-01-29,2022-02-12,34,34,34,34,1987-02-13,1988-01-29
2038021,2022-02-12,2022-02-26,34,34,34,34,1987-02-27,1988-02-12
2038021,2022-02-26,2022-03-05,34,34,34,34,1987-03-06,1988-02-26
2038021,2022-03-05,2022-03-12,34,34,34,34,1987-03-13,1988-03-05
2038021,2022-03-12,2022-03-19,34,34,34,34,1987-03-20,1988-03-12
2038021,2022-03-19,2022-03-26,34,34,34,34,1987-03-27,1988-03-19
2038021,2022-03-26,2022-04-02,34,34,34,34,1987-04-03,1988-03-26
2038021,2022-04-02,2022-04-09,34,34,34,34,1987-04-10,1988-04-02
2038021,2022-04-09,2022-04-23,34,34,35,35,1987-04-10,1987-04-23
2038021,2022-04-23,2022-05-07,35,35,35,35,1986-05-08,1987-04-23
2038021,2022-05-07,2022-05-14,35,35,35,35,1986-05-15,1987-05-07
2038021,2022-05-14,2022-06-18,35,35,35,35,1986-06-19,1987-05-14
2038021,2022-06-18,2022-07-02,35,35,35,35,1986-07-03,1987-06-18
2038021,2022-07-02,2022-07-16,35,35,35,35,1986-07-17,1987-07-02
2038021,2022-07-16,2022-07-23,35,35,35,35,1986-07-24,1987-07-16
2038021,2022-07-23,2022-07-30,35,35,35,35,1986-07-31,1987-07-23
2038021,2022-07-30,2022-08-06,35,35,35,35,1986-08-07,1987-07-30
2038021,2022-08-06,2022-08-13,35,35,35,35,1986-08-14,1987-08-06
2038021,2022-08-13,2022-08-20,35,35,35,35,1986-08-21,1987-08-13
2038021,2022-08-20,2022-09-03,35,35,35,35,1986-09-04,1987-08-20
2038021,2022-09-03,2022-09-10,35,35,35,35,1986-09-11,1987-09-03
2038021,2022-09-10,2022-09-17,35,35,35,35,1986-09-18,1987-09-10
2038021,2022-09-17,2022-09-24,35,35,35,35,1986-09-25,1987-09-17
2038021,2022-09-24,2022-10-01,35,35,35,35,1986-10-02,1987-09-24
2038021,2022-10-01,2022-10-08,35,35,35,35,1986-10-09,1987-10-01
2038021,2022-10-08,2022-10-22,35,35,35,35,1986-10-23,1987-10-08
2038021,2022-10-22,2022-10-29,35,35,35,35,1986-10-30,1987-10-22
2038021,2022-10-29,2022-11-05,35,35,35,35,1986-11-06,1987-10-29
2038021,2022-11-05,2022-11-26,35,35,35,35,1986-11-27,1987-11-05
2038021,2022-11-26,2022-12-03,35,35,35,35,1986-12-04,1987-11-26
2038021,2022-12-03,2022-12-10,35,35,35,35,1986-12-11,1987-12-03
2038021,2022-12-10,2022-12-24,35,35,35,35,1986-12-25,1987-12-10
2038021,2022-12-24,2022-12-31,35,35,35,35,1987-01-01,1987-12-24
2038021,2022-12-31,2023-01-07,35,35,35,35,1987-01-08,1987-12-31
2038021,2023-01-07,2023-01-14,35,35,35,35,1987-01-15,1988-01-07
2038021,2023-01-14,2023-01-21,35,35,35,35,1987-01-22,1988-01-14
2038021,2023-01-21,2023-01-28,35,35,35,35,1987-01-29,1988-01-21
2038021,2023-01-28,2023-02-18,35,35,35,35,1987-02-19,1988-01-28
2038021,2023-02-18,2023-02-25,35,35,35,35,1987-02-26,1988-02-18
2038021,2023-02-25,2023-03-04,35,35,35,35,1987-03-05,1988-02-25
2038021,2023-03-04,2023-03-11,35,35,35,35,1987-03-12,1988-03-04
2038021,2023-03-11,2023-03-18,35,35,35,35,1987-03-19,1988-03-11
2038021,2023-03-18,2023-03-25,35,35,35,35,1987-03-26,1988-03-18
2038021,2023-03-25,2023-04-08,35,35,35,35,1987-04-09,1988-03-25
2038021,2023-04-08,2023-04-15,35,35,35,35,1987-04-16,1988-04-08
2038021,2023-04-15,2023-04-29,35,35,36,36,1987-04-16,1987-04-29
2038021,2023-04-29,2023-05-06,36,36,36,36,1986-05-07,1987-04-29
2038021,2023-05-06,2023-05-20,36,36,36,36,1986-05-21,1987-05-06
2038021,2023-05-20,2023-06-10,36,36,36,36,1986-06-11,1987-05-20
2038021,2023-06-10,2023-06-17,36,36,36,36,1986-06-18,1987-06-10
2038021,2023-06-17,2023-06-24,36,36,36,36,1986-06-25,1987-06-17
2038021,2023-06-24,2023-07-01,36,36,36,36,1986-07-02,1987-06-24
2038021,2023-07-01,2023-07-08,36,36,36,36,1986-07-09,1987-07-01
2038021,2023-07-08,2023-07-15,36,36,36,36,1986-07-16,1987-07-08
2038021,2023-07-15,2023-07-22,36,36,36,36,1986-07-23,1987-07-15
2038021,2023-07-22,2023-07-29,36,36,36,36,1986-07-30,1987-07-22
2038021,2023-07-29,2023-09-16,36,36,36,36,1986-09-17,1987-07-29
2038021,2023-09-16,2023-09-23,36,36,36,36,1986-09-24,1987-09-16
2038021,2023-09-23,2023-09-30,36,36,36,36,1986-10-01,1987-09-23
2038021,2023-09-30,2023-10-07,36,36,36,36,1986-10-08,1987-09-30
2038021,2023-10-07,2023-10-14,36,36,36,36,1986-10-15,1987-10-07
2038021,2023-10-14,2023-10-21,36,36,36,36,1986-10-22,1987-10-14
2038021,2023-10-21,2023-11-04,36,36,36,36,1986-11-05,1987-10-21
2038021,2023-11-04,2023-11-11,36,36,36,36,1986-11-12,1987-11-04
2038021,2023-11-11,2023-11-18,36,36,36,36,1986-11-19,1987-11-11
2038021,2023-11-18,2023-11-25,36,36,36,36,1986-11-26,1987-11-18
2038021,2023-11-25,2023-12-02,36,36,36,36,1986-12-03,1987-11-25
2038021,2023-12-02,2023-12-09,36,36,36,36,1986-12-10,1987-12-02
2038021,2023-12-09,2023-12-16,36,36,36,36,1986-12-17,1987-12-09
2038021,2023-12-16,2023-12-23,36,36,36,36,1986-12-24,1987-12-16
2038021,2023-12-23,2023-12-30,36,36,36,36,1986-12-31,1987-12-23
2038021,2023-12-30,2024-01-13,36,36,36,36,1987-01-14,1987-12-30
2038021,2024-01-13,2024-01-20,36,36,36,36,1987-01-21,1988-01-13
2038021,2024-01-20,2024-01-27,36,36,36,36,1987-01-28,1988-01-20
2038021,2024-01-27,2024-02-10,36,36,36,36,1987-02-11,1988-01-27
2038021,2024-02-10,2024-02-17,36,36,36,36,1987-02-18,1988-02-10
2038021,2024-02-17,2024-03-09,36,36,36,36,1987-03-10,1988-02-17
2038021,2024-03-09,2024-03-16,36,36,36,36,1987-03-17,1988-03-09
2038021,2024-03-16,2024-03-23,36,36,36,36,1987-03-24,1988-03-16
2038021,2024-03-23,2024-03-30,36,36,36,36,1987-03-31,1988-03-23
2038021,2024-03-30,2024-04-06,36,36,36,36,1987-04-07,1988-03-30
2038021,2024-04-06,2024-04-27,36,36,37,37,1987-04-07,1987-04-27
2038021,2024-04-27,2024-05-04,37,37,37,37,1986-05-05,1987-04-27
2038021,2024-05-04,2024-05-11,37,37,37,37,1986-05-12,1987-05-04
2038021,2024-05-11,2024-05-18,37,37,37,37,1986-05-19,1987-05-11
2038021,2024-05-18,2024-05-25,37,37,37,37,1986-05-26,1987-05-18
2038021,2024-05-25,2024-06-08,37,37,37,37,1986-06-09,1987-05-25
2038021,2024-06-08,2024-06-15,37,37,37,37,1986-06-16,1987-06-08
2038021,2024-06-15,2024-06-22,37,37,37,37,1986-06-23,1987-06-15
2038021,2024-06-22,2024-06-29,37,37,37,37,1986-06-30,1987-06-22
2038021,2024-06-29,2024-07-06,37,37,37,37,1986-07-07,1987-06-29
2038021,2024-07-06,2024-07-13,37,37,37,37,1986-07-14,1987-07-06
2038021,2024-07-13,2024-07-27,37,37,37,37,1986-07-28,1987-07-13
2038021,2024-07-27,2024-08-03,37,37,37,37,1986-08-04,1987-07-27
2038021,2024-08-03,2024-08-10,37,37,37,37,1986-08-11,1987-08-03
2038021,2024-08-10,2024-09-07,37,37,37,37,1986-09-08,1987-08-10
2038021,2024-09-07,2024-10-05,37,37,37,37,1986-10-06,1987-09-07
2038021,2024-10-05,2024-10-19,37,37,37,37,1986-10-20,1987-10-05
2038021,2024-10-19,2024-10-26,37,37,37,37,1986-10-27,1987-10-19
2038021,2024-10-26,2024-11-02,37,37,37,37,1986-11-03,1987-10-26
2038021,2024-11-02,2024-11-09,37,37,37,37,1986-11-10,1987-11-02
2038021,2024-11-09,2024-11-16,37,37,37,37,1986-11-17,1987-11-09
2038021,2024-11-16,2024-11-23,37,37,37,37,1986-11-24,1987-11-16
2038021,2024-11-23,2024-11-30,37,37,37,37,1986-12-01,1987-11-23
2038021,2024-11-30,2024-12-07,37,37,37,37,1986-12-08,1987-11-30
2038021,2024-12-07,2024-12-14,37,37,37,37,1986-12-15,1987-12-07
2038021,2024-12-14,2024-12-21,37,37,37,37,1986-12-22,1987-12-14
2038021,2024-12-21,2025-01-01,37,37,37,37,1987-01-02,1987-12-21
2038021,2025-01-01,2025-01-11,37,37,37,37,1987-01-12,1988-01-01
2038021,2025-01-11,2025-01-18,37,37,37,37,1987-01-19,1988-01-11
2038021,2025-01-18,2025-01-25,37,37,37,37,1987-01-26,1988-01-18
2038021,2025-01-25,2025-02-01,37,37,37,37,1987-02-02,1988-01-25
2038021,2025-02-01,2025-02-08,37,37,37,37,1987-02-09,1988-02-01
2038021,2025-02-08,2025-02-15,37,37,37,37,1987-02-16,1988-02-08
2038021,2025-02-15,2025-02-22,37,37,37,37,1987-02-23,1988-02-15
2038021,2025-02-22,2025-03-01,37,37,37,37,1987-03-02,1988-02-22
2038021,2025-03-01,2025-03-08,37,37,37,37,1987-03-09,1988-03-01
2038021,2025-03-08,2025-03-15,37,37,37,37,1987-03-16,1988-03-08
2038021,2025-03-15,2025-03-22,37,37,37,37,1987-03-23,1988-03-15
2038021,2025-03-22,2025-03-29,37,37,37,37,1987-03-30,1988-03-22
2038021,2025-03-29,2025-04-05,37,37,37,37,1987-04-06,1988-03-29
2038021,2025-04-05,2025-04-12,37,37,37,37,1987-04-13,1988-04-05
2038021,2025-04-12,2025-04-19,37,37,37,37,1987-04-20,1988-04-12
2038021,2025-04-19,2025-04-26,37,37,38,38,1987-04-20,1987-04-26
2038021,2025-04-26,2025-05-03,38,38,38,38,1986-05-04,1987-04-26
2038021,2025-05-03,2025-05-10,38,38,38,38,1986-05-11,1987-05-03
2038021,2025-05-10,2025-05-17,38,38,38,38,1986-05-18,1987-05-10
2038021,2025-05-17,2025-05-31,38,38,38,38,1986-06-01,1987-05-17
2038021,2025-05-31,2025-06-07,38,38,38,38,1986-06-08,1987-05-31
2038021,2025-06-07,2025-06-14,38,38,38,38,1986-06-15,1987-06-07
2038021,2025-06-14,2025-06-21,38,38,38,38,1986-06-22,1987-06-14
2038021,2025-06-21,2025-06-28,38,38,38,38,1986-06-29,1987-06-21
2038021,2025-06-28,2025-07-05,38,38,38,38,1986-07-06,1987-06-28
2038021,2025-07-05,2025-07-12,38,38,38,38,1986-07-13,1987-07-05
2038021,2025-07-12,2025-07-19,38,38,38,38,1986-07-20,1987-07-12
2038021,2025-07-19,2025-07-26,38,38,38,38,1986-07-27,1987-07-19
2038021,2025-07-26,2025-08-02,38,38,38,38,1986-08-03,1987-07-26
2038021,2025-08-02,2025-08-09,38,38,38,38,1986-08-10,1987-08-02
2038021,2025-08-09,2025-08-16,38,38,38,38,1986-08-17,1987-08-09
2038021,2025-08-16,2025-09-06,38,38,38,38,1986-09-07,1987-08-16
2038021,2025-09-06,2025-09-13,38,38,38,38,1986-09-14,1987-09-06
2038021,2025-09-13,2025-09-20,38,38,38,38,1986-09-21,1987-09-13
2038021,2025-09-20,2025-09-27,38,38,38,38,1986-09-28,1987-09-20
2038021,2025-09-27,2025-10-04,38,38,38,38,1986-10-05,1987-09-27
2038021,2025-10-04,2025-10-18,38,38,38,38,1986-10-19,1987-10-04
2038021,2025-10-18,2025-10-25,38,38,38,38,1986-10-26,1987-10-18
2038021,2025-10-25,2025-11-01,38,38,38,38,1986-11-02,1987-10-25
2038021,2025-11-01,2025-11-08,38,38,38,38,1986-11-09,1987-11-01
2038021,2025-11-08,2025-11-15,38,38,38,38,1986-11-16,1987-11-08
2038021,2025-11-15,2025-11-22,38,38,38,38,1986-11-23,1987-11-15
2038021,2025-11-22,2025-11-29,38,38,38,38,1986-11-30,1987-11-22
2038021,2025-11-29,2025-12-06,38,38,38,38,1986-12-07,1987-11-29
2038021,2025-12-06,2025-12-13,38,38,38,38,1986-12-14,1987-12-06
2038021,2025-12-13,2025-12-20,38,38,38,38,1986-12-21,1987-12-13
2038021,2025-12-20,2025-12-27,38,38,38,38,1986-12-28,1987-12-20
2038021,2025-12-27,2026-01-01,38,38,38,38,1987-01-02,1987-12-27
2038021,2026-01-01,2026-01-10,38,38,38,38,1987-01-11,1988-01-01
2038021,2026-01-10,2026-01-17,38,38,38,38,1987-01-18,1988-01-10
2038021,2026-01-17,2026-01-24,38,38,38,38,1987-01-25,1988-01-17
2048645,,2015-11-28,,,50,50,1964-11-29,1965-11-28
2048645,2015-11-28,2015-12-05,50,50,51,51,1964-11-29,1964-12-05
2048645,2015-12-05,2015-12-12,51,51,51,51,1963-12-13,1964-12-05
2048645,2015-12-12,2015-12-19,51,51,51,51,1963-12-20,1964-12-12
2048645,2015-12-19,2015-12-26,51,51,51,51,1963-12-27,1964-12-19
2048645,2015-12-26,2016-01-02,51,51,51,51,1964-01-03,1964-12-26
2048645,2016-01-02,2016-01-09,51,51,51,51,1964-01-10,1965-01-02
2048645,2016-01-09,2016-01-16,51,51,51,51,1964-01-17,1965-01-09
2048645,2016-01-16,2016-01-23,51,51,50,50,1965-01-24,1965-01-16
2048645,2016-01-23,2016-02-13,50,50,51,51,1965-01-24,1965-02-13
2048645,2016-02-13,2016-02-20,51,51,51,51,1964-02-21,1965-02-13
2048645,2016-02-20,2016-02-27,51,51,51,51,1964-02-28,1965-02-20
2048645,2016-02-27,2016-03-12,51,51,51,51,1964-03-13,1965-02-27
2048645,2016-03-12,2016-03-19,51,51,51,51,1964-03-20,1965-03-12
2048645,2016-03-19,2016-03-26,51,51,51,51,1964-03-27,1965-03-19
2048645,2016-03-26,2016-04-02,51,51,51,51,1964-04-03,1965-03-26
2048645,2016-04-02,2016-04-09,51,51,51,51,1964-04-10,1965-04-02
2048645,2016-04-09,2016-04-16,51,51,51,51,1964-04-17,1965-04-09
2048645,2016-04-16,2016-04-23,51,51,51,51,1964-04-24,1965-04-16
2048645,2016-04-23,2016-04-30,51,51,51,51,1964-05-01,1965-04-23
2048645,2016-04-30,2016-05-07,51,51,52,52,1964-05-01,1964-05-07
2048645,2016-05-07,2016-05-14,52,52,52,52,1963-05-15,1964-05-07
2048645,2016-05-14,2016-05-21,52,52,52,52,1963-05-22,1964-05-14
2048645,2016-05-21,2016-05-28,52,52,52,52,1963-05-29,1964-05-21
2048645,2016-05-28,2016-06-04,52,52,52,52,1963-06-05,1964-05-28
2048645,2016-06-04,2016-06-11,52,52,52,52,1963-06-12,1964-06-04
2048645,2016-06-11,2016-06-18,52,52,52,52,1963-06-19,1964-06-11
2048645,2016-06-18,2016-07-02,52,52,52,52,1963-07-03,1964-06-18
2048645,2016-07-02,2016-07-09,52,52,52,52,1963-07-10,1964-07-02
2048645,2016-07-09,2016-07-16,52,52,52,52,1963-07-17,1964-07-09
2048645,2016-07-16,2016-07-23,52,52,52,52,1963-07-24,1964-07-16
2048645,2016-07-23,2016-07-30,52,52,52,52,1963-07-31,1964-07-23
2048645,2016-07-30,2016-08-06,52,52,52,52,1963-08-07,1964-07-30
2048645,2016-08-06,2016-08-13,52,52,52,52,1963-08-14,1964-08-06
2048645,2016-08-13,2016-09-03,52,52,52,52,1963-09-04,1964-08-13
2048645,2016-09-03,2016-09-10,52,52,52,52,1963-09-11,1964-09-03
2048645,2016-09-10,2016-09-17,52,52,52,52,1963-09-18,1964-09-10
2048645,2016-09-17,2016-10-01,52,52,52,52,1963-10-02,1964-09-17
2048645,2016-10-01,2016-10-08,52,52,52,52,1963-10-09,1964-10-01
2048645,2016-10-08,2016-10-22,52,52,52,52,1963-10-23,1964-10-08
2048645,2016-10-22,2016-10-29,52,52,52,52,1963-10-30,1964-10-22
2048645,2016-10-29,2016-11-19,52,52,52,52,1963-11-20,1964-10-29
2048645,2016-11-19,2016-11-26,52,52,52,52,1963-11-27,1964-11-19
2048645,2016-11-26,2016-12-03,52,52,52,52,1963-12-04,1964-11-26
2048645,2016-12-03,2016-12-10,52,52,52,52,1963-12-11,1964-12-03
2048645,2016-12-10,2016-12-24,52,52,52,52,1963-12-25,1964-12-10
2048645,2016-12-24,2016-12-31,52,52,52,52,1964-01-01,1964-12-24
2048645,2016-12-31,2017-01-07,52,52,52,52,1964-01-08,1964-12-31
2048645,2017-01-07,2017-01-21,52,52,52,52,1964-01-22,1965-01-07
2048645,2017-01-21,2017-02-04,52,52,52,52,1964-02-05,1965-01-21
2048645,2017-02-04,2017-02-25,52,52,52,52,1964-02-26,1965-02-04
2048645,2017-02-25,2017-03-04,52,52,52,52,1964-03-05,1965-02-25
2048645,2017-03-04,2017-03-11,52,52,52,52,1964-03-12,1965-03-04
2048645,2017-03-11,2017-03-18,52,52,52,52,1964-03-19,1965-03-11
2048645,2017-03-18,2017-03-25,52,52,52,52,1964-03-26,1965-03-18
2048645,2017-03-25,2017-04-01,52,52,52,52,1964-04-02,1965-03-25
2048645,2017-04-01,2017-04-08,52,52,52,52,1964-04-09,1965-04-01
2048645,2017-04-08,2017-04-22,52,52,52,52,1964-04-23,1965-04-08
2048645,2017-04-22,2017-04-29,52,52,52,52,1964-04-30,1965-04-22
2048645,2017-04-29,2017-05-06,52,52,53,53,1964-04-30,1964-05-06
2048645,2017-05-06,2017-05-13,53,53,53,53,1963-05-14,1964-05-06
2048645,2017-05-13,2017-05-27,53,53,53,53,1963-05-28,1964-05-13
2048645,2017-05-27,2017-06-03,53,53,53,53,1963-06-04,1964-05-27
2048645,2017-06-03,2017-06-10,53,53,53,53,1963-06-11,1964-06-03
2048645,2017-06-10,2017-06-17,53,53,53,53,1963-06-18,1964-06-10
2048645,2017-06-17,2017-06-24,53,53,53,53,1963-06-25,1964-06-17
2048645,2017-06-24,2017-07-08,53,53,53,53,1963-07-09,1964-06-24
2048645,2017-07-08,2017-09-09,53,53,53,53,1963-09-10,1964-07-08
2048645,2017-09-09,2017-09-30,53,53,53,53,1963-10-01,1964-09-09
2048645,2017-09-30,2017-10-07,53,53,53,53,1963-10-08,1964-09-30
2048645,2017-10-07,2017-12-09,53,53,53,53,1963-12-10,1964-10-07
2048645,2017-12-09,2017-12-23,53,53,53,53,1963-12-24,1964-12-09
2048645,2017-12-23,2018-01-06,53,53,53,53,1964-01-07,1964-12-23
2048645,2018-01-06,2018-01-27,53,53,53,53,1964-01-28,1965-01-06
2048645,2018-01-27,2018-02-03,53,53,53,53,1964-02-04,1965-01-27
2048645,2018-02-03,2018-02-24,53,53,53,53,1964-02-25,1965-02-03
2048645,2018-02-24,2018-03-03,53,53,53,53,1964-03-04,1965-02-24
2048645,2018-03-03,2018-03-10,53,53,53,53,1964-03-11,1965-03-03
2048645,2018-03-10,2018-03-17,53,53,53,53,1964-03-18,1965-03-10
2048645,2018-03-17,2018-03-31,53,53,53,53,1964-04-01,1965-03-17
2048645,2018-03-31,2018-04-07,53,53,53,53,1964-04-08,1965-03-31
2048645,2018-04-07,2018-04-21,53,53,53,53,1964-04-22,1965-04-07
2048645,2018-04-21,2018-04-28,53,53,53,53,1964-04-29,1965-04-21
2048645,2018-04-28,2018-05-05,53,53,54,54,1964-04-29,1964-05-05
2048645,2018-05-05,2018-05-12,54,54,54,54,1963-05-13,1964-05-05
2048645,2018-05-12,2018-06-02,54,54,54,54,1963-06-03,1964-05-12
2048645,2018-06-02,2018-06-09,54,54,54,54,1963-06-10,1964-06-02
2048645,2018-06-09,2018-06-16,54,54,54,54,1963-06-17,1964-06-09
2048645,2018-06-16,2018-06-23,54,54,54,54,1963-06-24,1964-06-16
2048645,2018-06-23,2018-06-30,54,54,54,54,1963-07-01,1964-06-23
2048645,2018-06-30,2018-07-07,54,54,54,54,1963-07-08,1964-06-30
2048645,2018-07-07,2018-07-14,54,54,54,54,1963-07-15,1964-07-07
2048645,2018-07-14,2018-07-21,54,54,54,54,1963-07-22,1964-07-14
2048645,2018-07-21,2018-07-28,54,54,54,54,1963-07-29,1964-07-21
2048645,2018-07-28,2018-08-04,54,54,54,54,1963-08-05,1964-07-28
2048645,2018-08-04,2018-08-11,54,54,54,54,1963-08-12,1964-08-04
2048645,2018-08-11,2018-08-18,54,54,54,54,1963-08-19,1964-08-11
2048645,2018-08-18,2018-09-15,54,54,54,54,1963-09-16,1964-08-18
2048645,2018-09-15,2018-09-22,54,54,54,54,1963-09-23,1964-09-15
2048645,2018-09-22,2018-09-29,54,54,54,54,1963-09-30,1964-09-22
2048645,2018-09-29,2018-10-06,54,54,54,54,1963-10-07,1964-09-29
2048645,2018-10-06,2018-10-13,54,54,54,54,1963-10-14,1964-10-06
2048645,2018-10-13,2018-11-03,54,54,54,54,1963-11-04,1964-10-13
2048645,2018-11-03,2018-11-10,54,54,54,54,1963-11-11,1964-11-03
2048645,2018-11-10,2018-11-17,54,54,54,54,1963-11-18,1964-11-10
2048645,2018-11-17,2018-12-01,54,54,54,54,1963-12-02,1964-11-17
2048645,2018-12-01,2018-12-22,54,54,54,54,1963-12-23,1964-12-01
2048645,2018-12-22,2018-12-29,54,54,54,54,1963-12-30,1964-12-22
2048645,2018-12-29,2019-01-01,54,54,54,54,1964-01-02,1964-12-29
2048645,2019-01-01,2019-01-05,54,54,54,54,1964-01-06,1965-01-01
2048645,2019-01-05,2019-01-12,54,54,54,54,1964-01-13,1965-01-05
2048645,2019-01-12,2019-01-19,54,54,54,54,1964-01-20,1965-01-12
2048645,2019-01-19,2019-01-26,54,54,54,54,1964-01-27,1965-01-19
2048645,2019-01-26,2019-02-02,54,54,54,54,1964-02-03,1965-01-26
2048645,2019-02-02,2019-02-09,54,54,54,54,1964-02-10,1965-02-02
2048645,2019-02-09,2019-02-23,54,54,54,54,1964-02-24,1965-02-09
2048645,2019-02-23,2019-03-02,54,54,54,54,1964-03-03,1965-02-23
2048645,2019-03-02,2019-03-16,54,54,54,54,1964-03-17,1965-03-02
2048645,2019-03-16,2019-03-23,54,54,54,54,1964-03-24,1965-03-16
2048645,2019-03-23,2019-03-30,54,54,54,54,1964-03-31,1965-03-23
2048645,2019-03-30,2019-04-06,54,54,54,54,1964-04-07,1965-03-30
2048645,2019-04-06,2019-04-20,54,54,54,54,1964-04-21,1965-04-06
2048645,2019-04-20,2019-04-27,54,54,54,54,1964-04-28,1965-04-20
2048645,2019-04-27,2019-05-04,54,54,55,55,1964-04-28,1964-05-04
2048645,2019-05-04,2019-05-11,55,55,55,55,1963-05-12,1964-05-04
2048645,2019-05-11,2019-06-01,55,55,55,55,1963-06-02,1964-05-11
2048645,2019-06-01,2019-06-08,55,55,55,55,1963-06-09,1964-06-01
2048645,2019-06-08,2019-07-06,55,55,55,55,1963-07-07,1964-06-08
2048645,2019-07-06,2019-07-13,55,55,55,55,1963-07-14,1964-07-06
2048645,2019-07-13,2019-07-27,55,55,55,55,1963-07-28,1964-07-13
2048645,2019-07-27,2019-08-03,55,55,55,55,1963-08-04,1964-07-27
2048645,2019-08-03,2019-08-10,55,55,55,55,1963-08-11,1964-08-03
2048645,2019-08-10,2019-08-17,55,55,55,55,1963-08-18,1964-08-10
2048645,2019-08-17,2019-08-24,55,55,55,55,1963-08-25,1964-08-17
2048645,2019-08-24,2019-08-31,55,55,55,55,1963-09-01,1964-08-24
2048645,2019-08-31,2019-09-07,55,55,55,55,1963-09-08,1964-08-31
2048645,2019-09-07,2019-09-14,55,55,55,55,1963-09-15,1964-09-07
2048645,2019-09-14,2019-09-21,55,55,55,55,1963-09-22,1964-09-14
2048645,2019-09-21,2019-10-05,55,55,55,55,1963-10-06,1964-09-21
2048645,2019-10-05,2019-10-12,55,55,55,55,1963-10-13,1964-10-05
2048645,2019-10-12,2019-10-19,55,55,55,55,1963-10-20,1964-10-12
2048645,2019-10-19,2019-10-26,55,55,55,55,1963-10-27,1964-10-19
2048645,2019-10-26,2019-11-02,55,55,55,55,1963-11-03,1964-10-26
2048645,2019-11-02,2019-11-09,55,55,55,55,1963-11-10,1964-11-02
2048645,2019-11-09,2019-11-16,55,55,55,55,1963-11-17,1964-11-09
2048645,2019-11-16,2019-11-23,55,55,55,55,1963-11-24,1964-11-16
2048645,2019-11-23,2019-11-30,55,55,55,55,1963-12-01,1964-11-23
2048645,2019-11-30,2020-01-01,55,55,55,55,1964-01-02,1964-11-30
2048645,2020-01-01,2020-01-04,55,55,55,55,1964-01-05,1965-01-01
2048645,2020-01-04,2020-01-18,55,55,55,55,1964-01-19,1965-01-04
2048645,2020-01-18,2020-01-25,55,55,55,55,1964-01-26,1965-01-18
2048645,2020-01-25,2020-02-08,55,55,55,55,1964-02-09,1965-01-25
2048645,2020-02-08,2020-02-22,55,55,55,55,1964-02-23,1965-02-08
2048645,2020-02-22,2020-02-29,55,55,55,55,1964-03-01,1965-02-22
2048645,2020-02-29,2020-03-07,55,55,55,55,1964-03-08,1965-03-01
2048645,2020-03-07,2020-03-14,55,55,55,55,1964-03-15,1965-03-07
2048645,2020-03-14,2024-09-14,55,55,60,60,1964-03-15,1964-09-14
2048645,2024-09-14,2024-09-21,60,60,60,60,1963-09-22,1964-09-14
2048645,2024-09-21,2024-09-28,60,60,60,60,1963-09-29,1964-09-21
2048645,2024-09-28,2024-10-26,60,60,60,60,1963-10-27,1964-09-28
2048645,2024-10-26,2024-11-09,60,60,60,60,1963-11-10,1964-10-26
2048645,2024-11-09,2024-11-16,60,60,60,60,1963-11-17,1964-11-09
2048645,2024-11-16,2024-11-23,60,60,60,60,1963-11-24,1964-11-16
2048645,2024-11-23,2024-11-30,60,60,60,60,1963-12-01,1964-11-23
2048645,2024-11-30,2024-12-07,60,60,60,60,1963-12-08,1964-11-30
2048645,2024-12-07,2024-12-14,60,60,60,60,1963-12-15,1964-12-07
2048645,2024-12-14,2024-12-21,60,60,60,60,1963-12-22,1964-12-14
2048645,2024-12-21,2024-12-28,60,60,60,60,1963-12-29,1964-12-21
2048645,2024-12-28,2025-01-18,60,60,60,60,1964-01-19,1964-12-28
2048645,2025-01-18,2025-03-15,60,60,60,60,1964-03-16,1965-01-18
2048645,2025-03-15,2025-03-29,60,60,60,60,1964-03-30,1965-03-15
2048645,2025-03-29,2025-10-18,60,60,61,61,1964-03-30,1964-10-18
2075628,,2017-07-01,,,46,46,1970-07-02,1971-07-01
2075628,2017-07-01,2017-07-08,46,46,46,46,1970-07-09,1971-07-01
2075628,2017-07-08,2017-07-15,46,46,46,46,1970-07-16,1971-07-08
2075628,2017-07-15,2017-07-22,46,46,46,46,1970-07-23,1971-07-15
2075628,2017-07-22,2017-07-29,46,46,14,14,2002-07-30,1971-07-22
2075628,2017-07-29,2017-08-05,14,14,14,14,2002-08-06,2003-07-29
2075628,2017-08-05,2017-12-16,14,14,14,14,2002-12-17,2003-08-05
2075628,2017-12-16,2018-06-30,14,14,15,15,2002-12-17,2003-06-30
2075628,2018-06-30,2018-07-14,15,15,15,15,2002-07-15,2003-06-30
2107483,,2016-01-09,,,15,15,2000-01-10,2001-01-09
2107483,2016-01-09,2016-01-16,15,15,7,7,2008-01-17,2001-01-09
2107483,2016-01-16,2016-03-26,7,7,7,7,2008-03-27,2009-01-16
2107483,2016-03-26,2016-05-07,7,7,7,7,2008-05-08,2009-03-26
2107483,2016-05-07,2016-07-23,7,7,7,7,2008-07-24,2009-05-07
2128209,,2016-01-09,,,38,38,1977-01-10,1978-01-09
2128209,2016-01-09,2016-03-19,38,38,12,12,2003-03-20,1978-01-09
2128209,2016-03-19,2016-12-24,12,12,13,13,2003-03-20,2003-12-24
215996,,2014-04-05,,,48,48,1965-04-06,1966-04-05
215996,2014-04-05,2014-12-13,48,48,49,49,1965-04-06,1965-12-13
215996,2014-12-13,2015-07-18,49,49,49,49,1965-07-19,1965-12-13
215996,2015-07-18,2015-08-01,49,49,49,49,1965-08-02,1966-07-18
215996,2015-08-01,2015-11-28,49,49,50,50,1965-08-02,1965-11-28
215996,2015-11-28,2016-12-10,50,50,51,51,1964-12-11,1965-11-28
215996,2016-12-10,2017-01-21,51,51,51,51,1965-01-22,1965-12-10
215996,2017-01-21,2017-01-21,51,51,51,51,1965-01-22,1966-01-21
215996,2017-01-21,2017-04-29,51,51,51,51,1965-04-30,1966-01-21
215996,2017-04-29,2017-05-13,51,51,51,51,1965-05-14,1966-04-29
215996,2017-05-13,2017-07-01,51,51,51,51,1965-07-02,1966-05-13
215996,2017-07-01,2017-09-02,51,51,51,51,1965-09-03,1966-07-01
215996,2017-09-02,2018-02-17,51,51,52,52,1965-09-03,1966-02-17
215996,2018-02-17,2018-03-03,52,52,52,52,1965-03-04,1966-02-17
215996,2018-03-03,2018-04-14,52,52,52,52,1965-04-15,1966-03-03
215996,2018-04-14,2018-06-02,52,52,52,52,1965-06-03,1966-04-14
215996,2018-06-02,2018-08-18,52,52,52,52,1965-08-19,1966-06-02
215996,2018-08-18,2019-02-02,52,52,53,53,1965-08-19,1966-02-02
215996,2019-02-02,2019-08-10,53,53,53,53,1965-08-11,1966-02-02
215996,2019-08-10,2019-09-07,53,53,53,53,1965-09-08,1966-08-10
215996,2019-09-07,2020-02-15,53,53,54,54,1965-09-08,1966-02-15
215996,2020-02-15,2020-03-14,54,54,54,54,1965-03-15,1966-02-15
215996,2020-03-14,2021-07-24,54,54,55,55,1965-07-25,1966-03-14
215996,2021-07-24,2022-01-15,55,55,56,56,1965-07-25,1966-01-15
215996,2022-01-15,2022-03-26,56,56,55,55,1966-03-27,1966-01-15
215996,2022-03-26,2022-11-19,55,55,57,57,1966-03-27,1965-11-19
215996,2022-11-19,2025-01-11,57,57,59,59,1965-01-12,1965-11-19
215996,2025-01-11,2025-01-18,59,59,59,59,1965-01-19,1966-01-11
215996,2025-01-18,2026-01-24,59,59,60,60,1965-01-25,1966-01-18
2225632,,2016-02-13,,,56,56,1959-02-14,1960-02-13
2225632,2016-02-13,2016-02-27,56,56,56,56,1959-02-28,1960-02-13
2225632,2016-02-27,2016-03-05,56,56,56,56,1959-03-06,1960-02-27
2225632,2016-03-05,2016-03-12,56,56,56,56,1959-03-13,1960-03-05
2225632,2016-03-12,2016-03-19,56,56,56,56,1959-03-20,1960-03-12
2225632,2016-03-19,2016-04-02,56,56,56,56,1959-04-03,1960-03-19
2225632,2016-04-02,2016-04-23,56,56,56,56,1959-04-24,1960-04-02
2225632,2016-04-23,2016-06-04,56,56,56,56,1959-06-05,1960-04-23
2225632,2016-06-04,2016-06-11,56,56,56,56,1959-06-12,1960-06-04
2225632,2016-06-11,2016-06-25,56,56,56,56,1959-06-26,1960-06-11
2225632,2016-06-25,2016-07-09,56,56,56,56,1959-07-10,1960-06-25
2225632,2016-07-09,2016-07-16,56,56,56,56,1959-07-17,1960-07-09
2225632,2016-07-16,2016-09-03,56,56,57,57,1959-07-17,1959-09-03
2225632,2016-09-03,2016-10-08,57,57,57,57,1958-10-09,1959-09-03
2225632,2016-10-08,2016-11-05,57,57,57,57,1958-11-06,1959-10-08
2225632,2016-11-05,2016-11-12,57,57,57,57,1958-11-13,1959-11-05
2225632,2016-11-12,2016-11-26,57,57,57,57,1958-11-27,1959-11-12
2225632,2016-11-26,2016-12-03,57,57,57,57,1958-12-04,1959-11-26
2225632,2016-12-03,2017-01-07,57,57,57,57,1959-01-08,1959-12-03
2225632,2017-01-07,2017-01-21,57,57,57,57,1959-01-22,1960-01-07
2225632,2017-01-21,2017-02-18,57,57,57,57,1959-02-19,1960-01-21
2225632,2017-02-18,2017-03-04,57,57,57,57,1959-03-05,1960-02-18
2225632,2017-03-04,2017-03-11,57,57,57,57,1959-03-12,1960-03-04
2225632,2017-03-11,2017-03-25,57,57,57,57,1959-03-26,1960-03-11
2225632,2017-03-25,2017-04-01,57,57,57,57,1959-04-02,1960-03-25
2225632,2017-04-01,2017-04-08,57,57,57,57,1959-04-09,1960-04-01
2225632,2017-04-08,2017-04-15,57,57,57,57,1959-04-16,1960-04-08
2225632,2017-04-15,2017-04-22,57,57,57,57,1959-04-23,1960-04-15
2225632,2017-04-22,2017-04-29,57,57,57,57,1959-04-30,1960-04-22
2225632,2017-04-29,2017-05-13,57,57,57,57,1959-05-14,1960-04-29
2225632,2017-05-13,2017-05-20,57,57,57,57,1959-05-21,1960-05-13
2225632,2017-05-20,2017-05-27,57,57,57,57,1959-05-28,1960-05-20
2225632,2017-05-27,2017-06-03,57,57,57,57,1959-06-04,1960-05-27
2225632,2017-06-03,2017-06-10,57,57,57,57,1959-06-11,1960-06-03
2225632,2017-06-10,2017-06-17,57,57,57,57,1959-06-18,1960-06-10
2225632,2017-06-17,2017-07-01,57,57,57,57,1959-07-02,1960-06-17
2225632,2017-07-01,2017-07-08,57,57,57,57,1959-07-09,1960-07-01
2225632,2017-07-08,2017-07-22,57,57,57,57,1959-07-23,1960-07-08
2225632,2017-07-22,2017-08-05,57,57,57,57,1959-08-06,1960-07-22
2225632,2017-08-05,2017-09-02,57,57,58,58,1959-08-06,1959-09-02
2225632,2017-09-02,2017-09-09,58,58,58,58,1958-09-10,1959-09-02
2225632,2017-09-09,2017-09-16,58,58,58,58,1958-09-17,1959-09-09
2225632,2017-09-16,2017-09-23,58,58,58,58,1958-09-24,1959-09-16
2225632,2017-09-23,2017-09-30,58,58,58,58,1958-10-01,1959-09-23
2225632,2017-09-30,2017-10-07,58,58,58,58,1958-10-08,1959-09-30
2225632,2017-10-07,2017-10-14,58,58,58,58,1958-10-15,1959-10-07
2225632,2017-10-14,2017-10-21,58,58,58,58,1958-10-22,1959-10-14
2225632,2017-10-21,2017-11-04,58,58,58,58,1958-11-05,1959-10-21
2225632,2017-11-04,2017-11-11,58,58,58,58,1958-11-12,1959-11-04
2225632,2017-11-11,2017-11-18,58,58,58,58,1958-11-19,1959-11-11
2225632,2017-11-18,2017-11-25,58,58,58,58,1958-11-26,1959-11-18
2225632,2017-11-25,2017-12-02,58,58,58,58,1958-12-03,1959-11-25
2225632,2017-12-02,2017-12-09,58,58,58,58,1958-12-10,1959-12-02
2225632,2017-12-09,2017-12-16,58,58,58,58,1958-12-17,1959-12-09
2225632,2017-12-16,2017-12-23,58,58,58,58,1958-12-24,1959-12-16
2225632,2017-12-23,2017-12-30,58,58,58,58,1958-12-31,1959-12-23
2225632,2017-12-30,2018-01-20,58,58,58,58,1959-01-21,1959-12-30
2225632,2018-01-20,2018-02-17,58,58,58,58,1959-02-18,1960-01-20
2225632,2018-02-17,2018-02-24,58,58,58,58,1959-02-25,1960-02-17
2225632,2018-02-24,2018-03-10,58,58,58,58,1959-03-11,1960-02-24
2225632,2018-03-10,2018-03-24,58,58,58,58,1959-03-25,1960-03-10
2225632,2018-03-24,2018-03-31,58,58,58,58,1959-04-01,1960-03-24
2225632,2018-03-31,2018-04-07,58,58,58,58,1959-04-08,1960-03-31
2225632,2018-04-07,2018-04-14,58,58,58,58,1959-04-15,1960-04-07
2225632,2018-04-14,2018-04-21,58,58,58,58,1959-04-22,1960-04-14
2225632,2018-04-21,2018-04-28,58,58,58,58,1959-04-29,1960-04-21
2225632,2018-04-28,2018-05-05,58,58,58,58,1959-05-06,1960-04-28
2225632,2018-05-05,2018-05-12,58,58,58,58,1959-05-13,1960-05-05
2225632,2018-05-12,2018-05-19,58,58,58,58,1959-05-20,1960-05-12
2225632,2018-05-19,2018-06-02,58,58,58,58,1959-06-03,1960-05-19
2225632,2018-06-02,2018-06-16,58,58,58,58,1959-06-17,1960-06-02
2225632,2018-06-16,2018-06-30,58,58,58,58,1959-07-01,1960-06-16
2225632,2018-06-30,2018-07-07,58,58,57,57,1960-07-08,1960-06-30
2225632,2018-07-07,2018-07-28,57,57,57,57,1960-07-29,1961-07-07
2225632,2018-07-28,2018-08-04,57,57,57,57,1960-08-05,1961-07-28
2225632,2018-08-04,2018-08-11,57,57,58,58,1960-08-05,1960-08-11
2225632,2018-08-11,2018-08-18,58,58,58,58,1959-08-19,1960-08-11
2225632,2018-08-18,2018-08-25,58,58,58,58,1959-08-26,1960-08-18
2225632,2018-08-25,2018-09-01,58,58,58,58,1959-09-02,1960-08-25
2225632,2018-09-01,2018-09-08,58,58,58,58,1959-09-09,1960-09-01
2225632,2018-09-08,2018-09-15,58,58,58,58,1959-09-16,1960-09-08
2225632,2018-09-15,2018-09-29,58,58,58,58,1959-09-30,1960-09-15
2225632,2018-09-29,2018-10-06,58,58,58,58,1959-10-07,1960-09-29
2225632,2018-10-06,2018-10-13,58,58,58,58,1959-10-14,1960-10-06
2225632,2018-10-13,2018-10-20,58,58,58,58,1959-10-21,1960-10-13
2225632,2018-10-20,2018-10-27,58,58,58,58,1959-10-28,1960-10-20
2225632,2018-10-27,2018-11-03,58,58,58,58,1959-11-04,1960-10-27
2225632,2018-11-03,2018-11-17,58,58,58,58,1959-11-18,1960-11-03
2225632,2018-11-17,2018-11-24,58,58,58,58,1959-11-25,1960-11-17
2225632,2018-11-24,2018-12-08,58,58,58,58,1959-12-09,1960-11-24
2225632,2018-12-08,2018-12-15,58,58,58,58,1959-12-16,1960-12-08
2225632,2018-12-15,2018-12-22,58,58,58,58,1959-12-23,1960-12-15
2225632,2018-12-22,2018-12-29,58,58,58,58,1959-12-30,1960-12-22
2225632,2018-12-29,2019-01-01,58,58,58,58,1960-01-02,1960-12-29
2225632,2019-01-01,2019-01-05,58,58,58,58,1960-01-06,1961-01-01
2225632,2019-01-05,2019-01-12,58,58,58,58,1960-01-13,1961-01-05
2225632,2019-01-12,2019-01-19,58,58,58,58,1960-01-20,1961-01-12
2225632,2019-01-19,2019-01-26,58,58,58,58,1960-01-27,1961-01-19
2225632,2019-01-26,2019-02-09,58,58,58,58,1960-02-10,1961-01-26
2225632,2019-02-09,2019-02-16,58,58,58,58,1960-02-17,1961-02-09
2225632,2019-02-16,2019-02-23,58,58,58,58,1960-02-24,1961-02-16
2225632,2019-02-23,2019-03-02,58,58,58,58,1960-03-03,1961-02-23
2225632,2019-03-02,2019-03-09,58,58,58,58,1960-03-10,1961-03-02
2225632,2019-03-09,2019-03-23,58,58,58,58,1960-03-24,1961-03-09
2225632,2019-03-23,2019-03-30,58,58,58,58,1960-03-31,1961-03-23
2225632,2019-03-30,2019-04-06,58,58,58,58,1960-04-07,1961-03-30
2225632,2019-04-06,2019-04-13,58,58,58,58,1960-04-14,1961-04-06
2225632,2019-04-13,2019-04-20,58,58,58,58,1960-04-21,1961-04-13
2225632,2019-04-20,2019-04-27,58,58,58,58,1960-04-28,1961-04-20
2225632,2019-04-27,2019-05-25,58,58,58,58,1960-05-26,1961-04-27
2225632,2019-05-25,2019-07-13,58,58,58,58,1960-07-14,1961-05-25
2225632,2019-07-13,2019-07-20,58,58,58,58,1960-07-21,1961-07-13
2225632,2019-07-20,2019-07-27,58,58,58,58,1960-07-28,1961-07-20
2225632,2019-07-27,2019-08-17,58,58,59,59,1960-07-28,1960-08-17
2225632,2019-08-17,2019-08-24,59,59,59,59,1959-08-25,1960-08-17
2225632,2019-08-24,2019-09-07,59,59,60,60,1959-08-25,1959-09-07
2225632,2019-09-07,2019-09-14,60,60,60,60,1958-09-15,1959-09-07
2225632,2019-09-14,2019-10-05,60,60,60,60,1958-10-06,1959-09-14
2225632,2019-10-05,2019-10-12,60,60,60,60,1958-10-13,1959-10-05
2225632,2019-10-12,2020-01-01,60,60,60,60,1959-01-02,1959-10-12
2225632,2020-01-01,2020-01-11,60,60,60,60,1959-01-12,1960-01-01
2225632,2020-01-11,2020-01-18,60,60,60,60,1959-01-19,1960-01-11
2225632,2020-01-18,2020-01-25,60,60,60,60,1959-01-26,1960-01-18
2225632,2020-01-25,2020-02-08,60,60,60,60,1959-02-09,1960-01-25
2225632,2020-02-08,2020-02-15,60,60,60,60,1959-02-16,1960-02-08
2225632,2020-02-15,2020-02-22,60,60,60,60,1959-02-23,1960-02-15
2225632,2020-02-22,2020-02-29,60,60,60,60,1959-03-02,1960-02-22
2225632,2020-02-29,2020-03-07,60,60,60,60,1959-03-08,1960-02-29
2225632,2020-03-07,2020-03-14,60,60,60,60,1959-03-15,1960-03-07
2225632,2020-03-14,2021-07-31,60,60,61,61,1959-08-01,1960-03-14
2225632,2021-07-31,2021-08-21,61,61,62,62,1959-08-01,1959-08-21
2225632,2021-08-21,2021-08-28,62,62,62,62,1958-08-29,1959-08-21
2225632,2021-08-28,2021-09-04,62,62,62,62,1958-09-05,1959-08-28
2225632,2021-09-04,2021-09-11,62,62,62,62,1958-09-12,1959-09-04
2225632,2021-09-11,2021-09-18,62,62,62,62,1958-09-19,1959-09-11
2225632,2021-09-18,2021-10-09,62,62,62,62,1958-10-10,1959-09-18
2225632,2021-10-09,2021-10-16,62,62,62,62,1958-10-17,1959-10-09
2225632,2021-10-16,2021-10-30,62,62,62,62,1958-10-31,1959-10-16
2225632,2021-10-30,2021-11-06,62,62,62,62,1958-11-07,1959-10-30
2225632,2021-11-06,2021-11-13,62,62,62,62,1958-11-14,1959-11-06
2225632,2021-11-13,2021-11-20,62,62,62,62,1958-11-21,1959-11-13
2225632,2021-11-20,2021-11-27,62,62,62,62,1958-11-28,1959-11-20
2225632,2021-11-27,2022-01-08,62,62,62,62,1959-01-09,1959-11-27
2225632,2022-01-08,2022-01-15,62,62,62,62,1959-01-16,1960-01-08
2225632,2022-01-15,2022-01-29,62,62,62,62,1959-01-30,1960-01-15
2225632,2022-01-29,2022-02-05,62,62,62,62,1959-02-06,1960-01-29
2225632,2022-02-05,2022-02-12,62,62,62,62,1959-02-13,1960-02-05
2225632,2022-02-12,2022-02-19,62,62,62,62,1959-02-20,1960-02-12
2225632,2022-02-19,2022-02-26,62,62,62,62,1959-02-27,1960-02-19
2225632,2022-02-26,2022-03-05,62,62,62,62,1959-03-06,1960-02-26
2225632,2022-03-05,2022-03-12,62,62,62,62,1959-03-13,1960-03-05
2225632,2022-03-12,2022-03-19,62,62,62,62,1959-03-20,1960-03-12
2225632,2022-03-19,2022-03-26,62,62,62,62,1959-03-27,1960-03-19
2225632,2022-03-26,2022-04-02,62,62,62,62,1959-04-03,1960-03-26
2225632,2022-04-02,2022-04-09,62,62,62,62,1959-04-10,1960-04-02
2225632,2022-04-09,2022-04-16,62,62,62,62,1959-04-17,1960-04-09
2225632,2022-04-16,2022-04-30,62,62,62,62,1959-05-01,1960-04-16
2225632,2022-04-30,2022-05-07,62,62,62,62,1959-05-08,1960-04-30
2225632,2022-05-07,2022-05-21,62,62,62,62,1959-05-22,1960-05-07
2225632,2022-05-21,2022-06-18,62,62,62,62,1959-06-19,1960-05-21
2225632,2022-06-18,2022-08-13,62,62,63,63,1959-06-19,1959-08-13
2225632,2022-08-13,2022-10-01,63,63,63,63,1958-10-02,1959-08-13
2225632,2022-10-01,2022-10-15,63,63,63,63,1958-10-16,1959-10-01
2225632,2022-10-15,2022-10-22,63,63,63,63,1958-10-23,1959-10-15
2225632,2022-10-22,2022-10-29,63,63,63,63,1958-10-30,1959-10-22
2225632,2022-10-29,2022-11-05,63,63,63,63,1958-11-06,1959-10-29
2225632,2022-11-05,2022-11-12,63,63,63,63,1958-11-13,1959-11-05
2225632,2022-11-12,2022-11-19,63,63,63,63,1958-11-20,1959-11-12
2225632,2022-11-19,2022-11-26,63,63,63,63,1958-11-27,1959-11-19
2225632,2022-11-26,2022-12-10,63,63,63,63,1958-12-11,1959-11-26
2225632,2022-12-10,2022-12-17,63,63,63,63,1958-12-18,1959-12-10
2225632,2022-12-17,2022-12-24,63,63,63,63,1958-12-25,1959-12-17
2225632,2022-12-24,2022-12-31,63,63,63,63,1959-01-01,1959-12-24
2225632,2022-12-31,2023-01-01,63,63,63,63,1959-01-02,1959-12-31
2225632,2023-01-01,2023-01-07,63,63,63,63,1959-01-08,1960-01-01
2225632,2023-01-07,2023-01-21,63,63,63,63,1959-01-22,1960-01-07
2225632,2023-01-21,2023-01-28,63,63,63,63,1959-01-29,1960-01-21
2225632,2023-01-28,2023-02-04,63,63,63,63,1959-02-05,1960-01-28
2225632,2023-02-04,2023-02-11,63,63,63,63,1959-02-12,1960-02-04
2225632,2023-02-11,2023-02-18,63,63,63,63,1959-02-19,1960-02-11
2225632,2023-02-18,2023-02-25,63,63,63,63,1959-02-26,1960-02-18
2225632,2023-02-25,2023-03-04,63,63,63,63,1959-03-05,1960-02-25
2225632,2023-03-04,2023-03-11,63,63,63,63,1959-03-12,1960-03-04
2225632,2023-03-11,2023-03-18,63,63,63,63,1959-03-19,1960-03-11
2225632,2023-03-18,2023-03-25,63,63,63,63,1959-03-26,1960-03-18
2225632,2023-03-25,2023-04-08,63,63,63,63,1959-04-09,1960-03-25
2225632,2023-04-08,2023-04-15,63,63,63,63,1959-04-16,1960-04-08
2225632,2023-04-15,2023-04-22,63,63,63,63,1959-04-23,1960-04-15
2225632,2023-04-22,2023-04-29,63,63,63,63,1959-04-30,1960-04-22
2225632,2023-04-29,2023-05-06,63,63,63,63,1959-05-07,1960-04-29
2225632,2023-05-06,2023-05-13,63,63,63,63,1959-05-14,1960-05-06
2225632,2023-05-13,2023-05-27,63,63,63,63,1959-05-28,1960-05-13
2225632,2023-05-27,2023-06-03,63,63,63,63,1959-06-04,1960-05-27
2225632,2023-06-03,2023-06-10,63,63,63,63,1959-06-11,1960-06-03
2225632,2023-06-10,2023-06-17,63,63,63,63,1959-06-18,1960-06-10
2225632,2023-06-17,2023-07-22,63,63,63,63,1959-07-23,1960-06-17
2225632,2023-07-22,2023-07-29,63,63,63,63,1959-07-30,1960-07-22
2225632,2023-07-29,2023-08-05,63,63,63,63,1959-08-06,1960-07-29
2225632,2023-08-05,2023-08-12,63,63,64,64,1959-08-06,1959-08-12
2225632,2023-08-12,2023-08-19,64,64,64,64,1958-08-20,1959-08-12
2225632,2023-08-19,2023-08-26,64,64,64,64,1958-08-27,1959-08-19
2225632,2023-08-26,2023-09-02,64,64,64,64,1958-09-03,1959-08-26
2225632,2023-09-02,2023-09-09,64,64,64,64,1958-09-10,1959-09-02
2225632,2023-09-09,2023-10-28,64,64,64,64,1958-10-29,1959-09-09
2225632,2023-10-28,2023-11-04,64,64,64,64,1958-11-05,1959-10-28
2225632,2023-11-04,2023-11-11,64,64,64,64,1958-11-12,1959-11-04
2225632,2023-11-11,2023-11-18,64,64,64,64,1958-11-19,1959-11-11
2225632,2023-11-18,2023-11-25,64,64,64,64,1958-11-26,1959-11-18
2225632,2023-11-25,2023-12-02,64,64,64,64,1958-12-03,1959-11-25
2225632,2023-12-02,2023-12-16,64,64,64,64,1958-12-17,1959-12-02
2225632,2023-12-16,2023-12-23,64,64,64,64,1958-12-24,1959-12-16
2225632,2023-12-23,2023-12-25,64,64,64,64,1958-12-26,1959-12-23
2225632,2023-12-25,2023-12-30,64,64,64,64,1958-12-31,1959-12-25
2225632,2023-12-30,2024-01-01,64,64,64,64,1959-01-02,1959-12-30
2225632,2024-01-01,2024-01-06,64,64,64,64,1959-01-07,1960-01-01
2225632,2024-01-06,2024-01-13,64,64,64,64,1959-01-14,1960-01-06
2225632,2024-01-13,2024-01-20,64,64,64,64,1959-01-21,1960-01-13
2225632,2024-01-20,2024-01-27,64,64,64,64,1959-01-28,1960-01-20
2225632,2024-01-27,2024-02-03,64,64,64,64,1959-02-04,1960-01-27
2225632,2024-02-03,2024-03-16,64,64,64,64,1959-03-17,1960-02-03
2225632,2024-03-16,2024-03-23,64,64,64,64,1959-03-24,1960-03-16
2225632,2024-03-23,2024-03-30,64,64,64,64,1959-03-31,1960-03-23
2225632,2024-03-30,2024-04-06,64,64,64,64,1959-04-07,1960-03-30
2225632,2024-04-06,2024-04-13,64,64,64,64,1959-04-14,1960-04-06
2225632,2024-04-13,2024-04-27,64,64,64,64,1959-04-28,1960-04-13
2225632,2024-04-27,2024-05-04,64,64,64,64,1959-05-05,1960-04-27
2225632,2024-05-04,2024-05-11,64,64,64,64,1959-05-12,1960-05-04
2225632,2024-05-11,2024-05-18,64,64,64,64,1959-05-19,1960-05-11
2225632,2024-05-18,2024-05-25,64,64,64,64,1959-05-26,1960-05-18
2225632,2024-05-25,2024-06-01,64,64,64,64,1959-06-02,1960-05-25
2225632,2024-06-01,2024-06-08,64,64,64,64,1959-06-09,1960-06-01
2225632,2024-06-08,2024-06-15,64,64,64,64,1959-06-16,1960-06-08
2225632,2024-06-15,2024-06-22,64,64,64,64,1959-06-23,1960-06-15
2225632,2024-06-22,2024-06-29,64,64,64,64,1959-06-30,1960-06-22
2225632,2024-06-29,2024-07-13,64,64,64,64,1959-07-14,1960-06-29
2225632,2024-07-13,2024-07-20,64,64,64,64,1959-07-21,1960-07-13
2225632,2024-07-20,2024-07-27,64,64,64,64,1959-07-28,1960-07-20
2225632,2024-07-27,2024-08-03,64,64,64,64,1959-08-04,1960-07-27
2225632,2024-08-03,2024-08-10,64,64,65,65,1959-08-04,1959-08-10
2225632,2024-08-10,2024-08-17,65,65,65,65,1958-08-18,1959-08-10
2225632,2024-08-17,2024-08-24,65,65,65,65,1958-08-25,1959-08-17
2225632,2024-08-24,2024-09-14,65,65,65,65,1958-09-15,1959-08-24
2225632,2024-09-14,2024-09-28,65,65,65,65,1958-09-29,1959-09-14
2225632,2024-09-28,2024-10-05,65,65,65,65,1958-10-06,1959-09-28
2225632,2024-10-05,2024-10-12,65,65,65,65,1958-10-13,1959-10-05
2225632,2024-10-12,2024-10-19,65,65,65,65,1958-10-20,1959-10-12
2225632,2024-10-19,2024-10-26,65,65,65,65,1958-10-27,1959-10-19
2225632,2024-10-26,2024-11-09,65,65,65,65,1958-11-10,1959-10-26
2225632,2024-11-09,2024-11-16,65,65,65,65,1958-11-17,1959-11-09
2225632,2024-11-16,2024-11-23,65,65,65,65,1958-11-24,1959-11-16
2225632,2024-11-23,2024-11-30,65,65,65,65,1958-12-01,1959-11-23
2225632,2024-11-30,2024-12-14,65,65,65,65,1958-12-15,1959-11-30
2225632,2024-12-14,2025-01-04,65,65,65,65,1959-01-05,1959-12-14
2225632,2025-01-04,2025-03-15,65,65,65,65,1959-03-16,1960-01-04
2225632,2025-03-15,2025-03-22,65,65,65,65,1959-03-23,1960-03-15
2225632,2025-03-22,2025-03-29,65,65,65,65,1959-03-30,1960-03-22
2225632,2025-03-29,2025-04-05,65,65,65,65,1959-04-06,1960-03-29
2225632,2025-04-05,2025-04-12,65,65,65,65,1959-04-13,1960-04-05
2225632,2025-04-12,2025-04-19,65,65,65,65,1959-04-20,1960-04-12
2225632,2025-04-19,2025-04-26,65,65,65,65,1959-04-27,1960-04-19
2225632,2025-04-26,2025-05-03,65,65,65,65,1959-05-04,1960-04-26
2225632,2025-05-03,2025-05-17,65,65,65,65,1959-05-18,1960-05-03
2225632,2025-05-17,2025-05-24,65,65,65,65,1959-05-25,1960-05-17
2225632,2025-05-24,2025-05-31,65,65,65,65,1959-06-01,1960-05-24
2225632,2025-05-31,2025-06-07,65,65,65,65,1959-06-08,1960-05-31
2225632,2025-06-07,2025-06-14,65,65,65,65,1959-06-15,1960-06-07
2225632,2025-06-14,2025-06-21,65,65,65,65,1959-06-22,1960-06-14
2225632,2025-06-21,2025-06-28,65,65,65,65,1959-06-29,1960-06-21
2225632,2025-06-28,2025-07-05,65,65,65,65,1959-07-06,1960-06-28
2225632,2025-07-05,2025-07-19,65,65,65,65,1959-07-20,1960-07-05
2225632,2025-07-19,2025-07-26,65,65,65,65,1959-07-27,1960-07-19
2225632,2025-07-26,2025-08-02,65,65,65,65,1959-08-03,1960-07-26
2225632,2025-08-02,2025-08-23,65,65,66,66,1959-08-03,1959-08-23
2225632,2025-08-23,2025-08-30,66,66,66,66,1958-08-31,1959-08-23
2225632,2025-08-30,2025-09-06,66,66,66,66,1958-09-07,1959-08-30
2225632,2025-09-06,2025-09-13,66,66,66,66,1958-09-14,1959-09-06
2225632,2025-09-13,2025-09-27,66,66,66,66,1958-09-28,1959-09-13
2225632,2025-09-27,2025-10-04,66,66,66,66,1958-10-05,1959-09-27
2225632,2025-10-04,2025-10-11,66,66,66,66,1958-10-12,1959-10-04
2225632,2025-10-11,2025-10-25,66,66,66,66,1958-10-26,1959-10-11
2225632,2025-10-25,2025-11-08,66,66,66,66,1958-11-09,1959-10-25
2225632,2025-11-08,2025-11-15,66,66,66,66,1958-11-16,1959-11-08
2225632,2025-11-15,2025-11-22,66,66,66,66,1958-11-23,1959-11-15
2225632,2025-11-22,2025-12-06,66,66,66,66,1958-12-07,1959-11-22
2225632,2025-12-06,2025-12-20,66,66,66,66,1958-12-21,1959-12-06
2225632,2025-12-20,2025-12-27,66,66,66,66,1958-12-28,1959-12-20
2225632,2025-12-27,2026-01-01,66,66,66,66,1959-01-02,1959-12-27
2225632,2026-01-01,2026-01-03,66,66,66,66,1959-01-04,1960-01-01
2225632,2026-01-03,2026-01-10,66,66,66,66,1959-01-11,1960-01-03
2225632,2026-01-10,2026-01-17,66,66,66,66,1959-01-18,1960-01-10
2225632,2026-01-17,2026-01-24,66,66,66,66,1959-01-25,1960-01-17
2305995,,2016-03-12,,,18,18,1997-03-13,1998-03-12
2305995,2016-03-12,2016-07-02,18,18,18,18,1997-07-03,1998-03-12
2305995,2016-07-02,2016-08-13,18,18,19,19,1997-07-03,1997-08-13
2305995,2016-08-13,2016-08-20,19,19,19,19,1996-08-21,1997-08-13
2305995,2016-08-20,2016-08-27,19,19,18,18,1997-08-28,1997-08-20
2305995,2016-08-27,2016-09-03,18,18,18,18,1997-09-04,1998-08-27
2305995,2016-09-03,2016-09-10,18,18,18,18,1997-09-11,1998-09-03
2305995,2016-09-10,2016-09-17,18,18,18,18,1997-09-18,1998-09-10
2305995,2016-09-17,2016-09-24,18,18,18,18,1997-09-25,1998-09-17
2305995,2016-09-24,2016-10-01,18,18,18,18,1997-10-02,1998-09-24
2305995,2016-10-01,2017-07-08,18,18,19,19,1997-10-02,1998-07-08
2305995,2017-07-08,2017-07-15,19,19,19,19,1997-07-16,1998-07-08
2305995,2017-07-15,2017-08-05,19,19,19,19,1997-08-06,1998-07-15
2305995,2017-08-05,2017-08-12,19,19,19,19,1997-08-13,1998-08-05
2305995,2017-08-12,2017-08-19,19,19,19,19,1997-08-20,1998-08-12
2305995,2017-08-19,2017-08-26,19,19,19,19,1997-08-27,1998-08-19
2305995,2017-08-26,2017-09-02,19,19,19,19,1997-09-03,1998-08-26
2305995,2017-09-02,2017-09-09,19,19,19,19,1997-09-10,1998-09-02
2305995,2017-09-09,2017-09-16,19,19,19,19,1997-09-17,1998-09-09
2305995,2017-09-16,2017-09-23,19,19,19,19,1997-09-24,1998-09-16
2305995,2017-09-23,2018-07-14,19,19,20,20,1997-09-24,1998-07-14
2305995,2018-07-14,2018-08-11,20,20,20,20,1997-08-12,1998-07-14
2305995,2018-08-11,2018-08-18,20,20,20,20,1997-08-19,1998-08-11
2305995,2018-08-18,2018-08-25,20,20,20,20,1997-08-26,1998-08-18
2305995,2018-08-25,2018-09-01,20,20,20,20,1997-09-02,1998-08-25
2305995,2018-09-01,2018-09-08,20,20,20,20,1997-09-09,1998-09-01
2305995,2018-09-08,2018-12-29,20,20,21,21,1997-09-09,1997-12-29
2305995,2018-12-29,2019-01-01,21,21,21,21,1997-01-02,1997-12-29
2305995,2019-01-01,2019-01-01,21,21,21,21,1997-01-02,1998-01-01
2305995,2019-01-01,2021-07-31,21,21,22,24,1997-01-02,1998-01-01
2305995,2021-07-31,2021-08-07,22,24,22,24,1996-08-08,1999-07-31
2305995,2021-08-07,2021-08-14,22,24,22,24,1996-08-15,1999-08-07
2305995,2021-08-14,2022-01-01,22,24,22,24,1997-01-02,1999-08-14
2305995,2022-01-01,2022-04-16,22,24,22,24,1997-04-17,2000-01-01
2305995,2022-04-16,2022-07-09,22,24,22,24,1997-07-10,2000-04-16
2305995,2022-07-09,2022-11-26,22,24,22,24,1997-11-27,2000-07-09
2305995,2022-11-26,2022-12-24,22,24,22,24,1997-12-25,2000-11-26
2305995,2022-12-24,2022-12-31,22,24,25,28,1997-12-25,1997-12-31
2305995,2022-12-31,2023-01-01,25,28,25,28,1994-01-02,1997-12-31
2305995,2023-01-01,2023-04-08,25,28,25,28,1994-04-09,1998-01-01
2305995,2023-04-08,2023-07-01,25,28,25,28,1994-07-02,1998-04-08
2305995,2023-07-01,2023-09-02,25,28,25,28,1994-09-03,1998-07-01
2305995,2023-09-02,2023-11-25,25,28,25,28,1994-11-26,1998-09-02
2305995,2023-11-25,2023-12-30,25,28,25,28,1994-12-31,1998-11-25
2305995,2023-12-30,2024-01-01,25,28,25,28,1995-01-02,1998-12-30
2305995,2024-01-01,2024-06-29,25,28,25,28,1995-06-30,1999-01-01
2305995,2024-06-29,2024-07-06,25,28,25,28,1995-07-07,1999-06-29
2305995,2024-07-06,2025-03-22,25,28,25,28,1996-03-23,1999-07-06
2305995,2025-03-22,2025-09-13,25,28,25,28,1996-09-14,2000-03-22
2305995,2025-09-13,2025-09-20,25,28,25,28,1996-09-21,2000-09-13
2305995,2025-09-20,2025-09-27,25,28,25,28,1996-09-28,2000-09-20
2305995,2025-09-27,2025-10-04,25,28,25,28,1996-10-05,2000-09-27
2305995,2025-10-04,2025-10-11,25,28,25,28,1996-10-12,2000-10-04
2305995,2025-10-11,2025-10-18,25,28,25,28,1996-10-19,2000-10-11
2305995,2025-10-18,2025-10-25,25,28,25,28,1996-10-26,2000-10-18
2305995,2025-10-25,2025-11-01,25,28,25,28,1996-11-02,2000-10-25
2305995,2025-11-01,2025-11-08,25,28,25,28,1996-11-09,2000-11-01
2305995,2025-11-08,2025-11-15,25,28,25,28,1996-11-16,2000-11-08
2305995,2025-11-15,2025-11-22,25,28,25,28,1996-11-23,2000-11-15
2305995,2025-11-22,2025-11-29,25,28,25,28,1996-11-30,2000-11-22
2305995,2025-11-29,2025-12-06,25,28,25,28,1996-12-07,2000-11-29
2305995,2025-12-06,2025-12-13,25,28,25,28,1996-12-14,2000-12-06
2305995,2025-12-13,2025-12-20,25,28,25,28,1996-12-21,2000-12-13
2305995,2025-12-20,2025-12-27,25,28,25,28,1996-12-28,2000-12-20
2305995,2025-12-27,2026-01-01,25,28,25,28,1997-01-02,2000-12-27
2305995,2026-01-01,2026-01-03,25,28,25,28,1997-01-04,2001-01-01
2305995,2026-01-03,2026-01-10,25,28,25,28,1997-01-11,2001-01-03
2305995,2026-01-10,2026-01-17,25,28,25,28,1997-01-18,2001-01-10
2305995,2026-01-17,2026-01-24,25,28,25,28,1997-01-25,2001-01-17
2378240,,2016-04-09,,,39,39,1976-04-10,1977-04-09
2378240,2016-04-09,2016-04-16,39,39,39,39,1976-04-17,1977-04-09
2378240,2016-04-16,2016-05-07,39,39,39,39,1976-05-08,1977-04-16
2378240,2016-05-07,2016-05-14,39,39,39,39,1976-05-15,1977-05-07
2378240,2016-05-14,2016-05-21,39,39,39,39,1976-05-22,1977-05-14
2378240,2016-05-21,2016-06-04,39,39,39,39,1976-06-05,1977-05-21
2378240,2016-06-04,2016-06-11,39,39,39,39,1976-06-12,1977-06-04
2378240,2016-06-11,2016-06-18,39,39,39,39,1976-06-19,1977-06-11
2378240,2016-06-18,2016-06-25,39,39,39,39,1976-06-26,1977-06-18
2378240,2016-06-25,2016-07-02,39,39,39,39,1976-07-03,1977-06-25
2378240,2016-07-02,2016-07-23,39,39,39,39,1976-07-24,1977-07-02
2378240,2016-07-23,2016-08-06,39,39,39,39,1976-08-07,1977-07-23
2378240,2016-08-06,2016-08-13,39,39,39,39,1976-08-14,1977-08-06
2378240,2016-08-13,2016-08-20,39,39,39,39,1976-08-21,1977-08-13
2378240,2016-08-20,2016-08-27,39,39,39,39,1976-08-28,1977-08-20
2378240,2016-08-27,2016-09-03,39,39,39,39,1976-09-04,1977-08-27
2378240,2016-09-03,2016-09-10,39,39,39,39,1976-09-11,1977-09-03
2378240,2016-09-10,2016-09-24,39,39,39,39,1976-09-25,1977-09-10
2378240,2016-09-24,2016-10-01,39,39,39,39,1976-10-02,1977-09-24
2378240,2016-10-01,2016-10-08,39,39,39,39,1976-10-09,1977-10-01
2378240,2016-10-08,2016-10-15,39,39,39,39,1976-10-16,1977-10-08
2378240,2016-10-15,2016-10-22,39,39,39,39,1976-10-23,1977-10-15
2378240,2016-10-22,2016-10-29,39,39,39,39,1976-10-30,1977-10-22
2378240,2016-10-29,2016-11-05,39,39,39,39,1976-11-06,1977-10-29
2378240,2016-11-05,2016-11-12,39,39,39,39,1976-11-13,1977-11-05
2378240,2016-11-12,2016-11-19,39,39,39,39,1976-11-20,1977-11-12
2378240,2016-11-19,2016-11-26,39,39,39,39,1976-11-27,1977-11-19
2378240,2016-11-26,2016-12-10,39,39,39,39,1976-12-11,1977-11-26
2378240,2016-12-10,2016-12-17,39,39,39,39,1976-12-18,1977-12-10
2378240,2016-12-17,2016-12-24,39,39,39,39,1976-12-25,1977-12-17
2378240,2016-12-24,2016-12-31,39,39,39,39,1977-01-01,1977-12-24
2378240,2016-12-31,2017-01-07,39,39,40,40,1977-01-01,1977-01-07
2378240,2017-01-07,2017-02-25,40,40,40,40,1976-02-26,1977-01-07
2378240,2017-02-25,2017-03-04,40,40,40,40,1976-03-05,1977-02-25
2378240,2017-03-04,2017-03-18,40,40,40,40,1976-03-19,1977-03-04
2378240,2017-03-18,2017-03-25,40,40,40,40,1976-03-26,1977-03-18
2378240,2017-03-25,2017-04-01,40,40,40,40,1976-04-02,1977-03-25
2378240,2017-04-01,2017-04-08,40,40,40,40,1976-04-09,1977-04-01
2378240,2017-04-08,2017-04-15,40,40,40,40,1976-04-16,1977-04-08
2378240,2017-04-15,2017-04-22,40,40,40,40,1976-04-23,1977-04-15
2378240,2017-04-22,2017-04-29,40,40,40,40,1976-04-30,1977-04-22
2378240,2017-04-29,2017-05-06,40,40,40,40,1976-05-07,1977-04-29
2378240,2017-05-06,2017-05-13,40,40,40,40,1976-05-14,1977-05-06
2378240,2017-05-13,2017-05-20,40,40,40,40,1976-05-21,1977-05-13
2378240,2017-05-20,2017-05-27,40,40,40,40,1976-05-28,1977-05-20
2378240,2017-05-27,2017-06-10,40,40,40,40,1976-06-11,1977-05-27
2378240,2017-06-10,2017-06-24,40,40,40,40,1976-06-25,1977-06-10
2378240,2017-06-24,2017-07-01,40,40,40,40,1976-07-02,1977-06-24
2378240,2017-07-01,2017-07-22,40,40,40,40,1976-07-23,1977-07-01
2378240,2017-07-22,2017-07-29,40,40,40,40,1976-07-30,1977-07-22
2378240,2017-07-29,2017-08-05,40,40,40,40,1976-08-06,1977-07-29
2378240,2017-08-05,2017-08-12,40,40,40,40,1976-08-13,1977-08-05
2378240,2017-08-12,2017-08-19,40,40,39,39,1977-08-20,1977-08-12
2378240,2017-08-19,2017-08-26,39,39,39,39,1977-08-27,1978-08-19
2378240,2017-08-26,2017-09-02,39,39,39,39,1977-09-03,1978-08-26
2378240,2017-09-02,2017-09-23,39,39,39,39,1977-09-24,1978-09-02
2378240,2017-09-23,2017-09-30,39,39,39,39,1977-10-01,1978-09-23
2378240,2017-09-30,2017-10-14,39,39,39,39,1977-10-15,1978-09-30
2378240,2017-10-14,2017-10-21,39,39,39,39,1977-10-22,1978-10-14
2378240,2017-10-21,2017-10-28,39,39,39,39,1977-10-29,1978-10-21
2378240,2017-10-28,2017-11-04,39,39,39,39,1977-11-05,1978-10-28
2378240,2017-11-04,2017-11-18,39,39,39,39,1977-11-19,1978-11-04
2378240,2017-11-18,2017-11-25,39,39,39,39,1977-11-26,1978-11-18
2378240,2017-11-25,2017-12-02,39,39,39,39,1977-12-03,1978-11-25
2378240,2017-12-02,2017-12-16,39,39,39,39,1977-12-17,1978-12-02
2378240,2017-12-16,2017-12-23,39,39,39,39,1977-12-24,1978-12-16
2378240,2017-12-23,2018-01-01,39,39,40,40,1977-12-24,1978-01-01
2378240,2018-01-01,2018-01-06,40,40,40,40,1977-01-07,1978-01-01
2378240,2018-01-06,2018-01-27,40,40,40,40,1977-01-28,1978-01-06
2378240,2018-01-27,2018-02-10,40,40,40,40,1977-02-11,1978-01-27
2378240,2018-02-10,2018-02-17,40,40,40,40,1977-02-18,1978-02-10
2378240,2018-02-17,2018-03-10,40,40,40,40,1977-03-11,1978-02-17
2378240,2018-03-10,2018-03-17,40,40,40,40,1977-03-18,1978-03-10
2378240,2018-03-17,2018-04-21,40,40,40,40,1977-04-22,1978-03-17
2378240,2018-04-21,2018-04-28,40,40,40,40,1977-04-29,1978-04-21
2378240,2018-04-28,2018-05-05,40,40,40,40,1977-05-06,1978-04-28
2378240,2018-05-05,2018-05-12,40,40,40,40,1977-05-13,1978-05-05
2378240,2018-05-12,2018-05-19,40,40,40,40,1977-05-20,1978-05-12
2378240,2018-05-19,2018-06-02,40,40,40,40,1977-06-03,1978-05-19
2378240,2018-06-02,2018-06-23,40,40,40,40,1977-06-24,1978-06-02
2378240,2018-06-23,2018-06-30,40,40,40,40,1977-07-01,1978-06-23
2378240,2018-06-30,2018-07-07,40,40,40,40,1977-07-08,1978-06-30
2378240,2018-07-07,2018-07-14,40,40,40,40,1977-07-15,1978-07-07
2378240,2018-07-14,2018-07-21,40,40,40,40,1977-07-22,1978-07-14
2378240,2018-07-21,2018-07-28,40,40,40,40,1977-07-29,1978-07-21
2378240,2018-07-28,2018-08-04,40,40,40,40,1977-08-05,1978-07-28
2378240,2018-08-04,2018-08-25,40,40,40,40,1977-08-26,1978-08-04
2378240,2018-08-25,2018-09-01,40,40,40,40,1977-09-02,1978-08-25
2378240,2018-09-01,2018-09-08,40,40,40,40,1977-09-09,1978-09-01
2378240,2018-09-08,2018-09-29,40,40,40,40,1977-09-30,1978-09-08
2378240,2018-09-29,2018-10-13,40,40,40,40,1977-10-14,1978-09-29
2378240,2018-10-13,2018-10-20,40,40,40,40,1977-10-21,1978-10-13
2378240,2018-10-20,2018-10-27,40,40,40,40,1977-10-28,1978-10-20
2378240,2018-10-27,2018-11-03,40,40,40,40,1977-11-04,1978-10-27
2378240,2018-11-03,2018-12-08,40,40,40,40,1977-12-09,1978-11-03
2378240,2018-12-08,2018-12-15,40,40,40,40,1977-12-16,1978-12-08
2378240,2018-12-15,2018-12-22,40,40,40,40,1977-12-23,1978-12-15
2378240,2018-12-22,2018-12-25,40,40,40,40,1977-12-26,1978-12-22
2378240,2018-12-25,2018-12-29,40,40,40,40,1977-12-30,1978-12-25
2378240,2018-12-29,2019-01-01,40,40,41,41,1977-12-30,1978-01-01
2378240,2019-01-01,2019-01-05,41,41,41,41,1977-01-06,1978-01-01
2378240,2019-01-05,2019-01-12,41,41,41,41,1977-01-13,1978-01-05
2378240,2019-01-12,2019-01-19,41,41,41,41,1977-01-20,1978-01-12
2378240,2019-01-19,2019-01-26,41,41,41,41,1977-01-27,1978-01-19
2378240,2019-01-26,2019-02-09,41,41,41,41,1977-02-10,1978-01-26
2378240,2019-02-09,2019-02-16,41,41,41,41,1977-02-17,1978-02-09
2378240,2019-02-16,2019-02-23,41,41,41,41,1977-02-24,1978-02-16
2378240,2019-02-23,2019-03-16,41,41,41,41,1977-03-17,1978-02-23
2378240,2019-03-16,2019-03-30,41,41,41,41,1977-03-31,1978-03-16
2378240,2019-03-30,2019-04-06,41,41,41,41,1977-04-07,1978-03-30
2378240,2019-04-06,2019-04-13,41,41,41,41,1977-04-14,1978-04-06
2378240,2019-04-13,2019-04-27,41,41,41,41,1977-04-28,1978-04-13
2378240,2019-04-27,2019-05-04,41,41,41,41,1977-05-05,1978-04-27
2378240,2019-05-04,2019-05-11,41,41,41,41,1977-05-12,1978-05-04
2378240,2019-05-11,2019-05-18,41,41,41,41,1977-05-19,1978-05-11
2378240,2019-05-18,2019-05-25,41,41,41,41,1977-05-26,1978-05-18
2378240,2019-05-25,2019-06-15,41,41,41,41,1977-06-16,1978-05-25
2378240,2019-06-15,2019-06-29,41,41,41,41,1977-06-30,1978-06-15
2378240,2019-06-29,2019-07-13,41,41,41,41,1977-07-14,1978-06-29
2378240,2019-07-13,2019-07-20,41,41,41,41,1977-07-21,1978-07-13
2378240,2019-07-20,2019-08-03,41,41,41,41,1977-08-04,1978-07-20
2378240,2019-08-03,2019-08-10,41,41,41,41,1977-08-11,1978-08-03
2378240,2019-08-10,2019-08-17,41,41,41,41,1977-08-18,1978-08-10
2378240,2019-08-17,2019-08-24,41,41,41,41,1977-08-25,1978-08-17
2378240,2019-08-24,2019-08-31,41,41,41,41,1977-09-01,1978-08-24
2378240,2019-08-31,2019-09-07,41,41,41,41,1977-09-08,1978-08-31
2378240,2019-09-07,2019-09-14,41,41,41,41,1977-09-15,1978-09-07
2378240,2019-09-14,2019-09-28,41,41,41,41,1977-09-29,1978-09-14
2378240,2019-09-28,2019-10-05,41,41,41,41,1977-10-06,1978-09-28
2378240,2019-10-05,2019-10-12,41,41,41,41,1977-10-13,1978-10-05
2378240,2019-10-12,2019-10-26,41,41,41,41,1977-10-27,1978-10-12
2378240,2019-10-26,2019-11-02,41,41,41,41,1977-11-03,1978-10-26
2378240,2019-11-02,2019-11-09,41,41,41,41,1977-11-10,1978-11-02
2378240,2019-11-09,2019-11-16,41,41,41,41,1977-11-17,1978-11-09
2378240,2019-11-16,2019-11-23,41,41,41,41,1977-11-24,1978-11-16
2378240,2019-11-23,2019-11-30,41,41,41,41,1977-12-01,1978-11-23
2378240,2019-11-30,2019-12-07,41,41,41,41,1977-12-08,1978-11-30
2378240,2019-12-07,2019-12-14,41,41,41,41,1977-12-15,1978-12-07
2378240,2019-12-14,2019-12-25,41,41,41,41,1977-12-26,1978-12-14
2378240,2019-12-25,2019-12-28,41,41,41,41,1977-12-29,1978-12-25
2378240,2019-12-28,2020-01-18,41,41,42,42,1977-12-29,1978-01-18
2378240,2020-01-18,2020-01-25,42,42,42,42,1977-01-26,1978-01-18
2378240,2020-01-25,2020-02-01,42,42,42,42,1977-02-02,1978-01-25
2378240,2020-02-01,2020-02-08,42,42,42,42,1977-02-09,1978-02-01
2378240,2020-02-08,2020-02-22,42,42,42,42,1977-02-23,1978-02-08
2378240,2020-02-22,2020-02-29,42,42,42,42,1977-03-02,1978-02-22
2378240,2020-02-29,2022-06-18,42,42,44,44,1977-06-19,1978-03-01
2378240,2022-06-18,2022-06-25,44,44,44,44,1977-06-26,1978-06-18
2378240,2022-06-25,2022-07-02,44,44,44,44,1977-07-03,1978-06-25
2378240,2022-07-02,2022-07-09,44,44,44,44,1977-07-10,1978-07-02
2378240,2022-07-09,2022-07-16,44,44,44,44,1977-07-17,1978-07-09
2378240,2022-07-16,2022-07-23,44,44,44,44,1977-07-24,1978-07-16
2378240,2022-07-23,2022-07-30,44,44,44,44,1977-07-31,1978-07-23
2378240,2022-07-30,2022-08-06,44,44,44,44,1977-08-07,1978-07-30
2378240,2022-08-06,2022-08-13,44,44,44,44,1977-08-14,1978-08-06
2378240,2022-08-13,2022-08-20,44,44,44,44,1977-08-21,1978-08-13
2378240,2022-08-20,2022-09-24,44,44,44,44,1977-09-25,1978-08-20
2378240,2022-09-24,2022-10-01,44,44,44,44,1977-10-02,1978-09-24
2378240,2022-10-01,2022-11-19,44,44,44,44,1977-11-20,1978-10-01
2378240,2022-11-19,2023-06-17,44,44,45,45,1977-11-20,1978-06-17
2378240,2023-06-17,2023-06-24,45,45,45,45,1977-06-25,1978-06-17
2378240,2023-06-24,2023-07-01,45,45,45,45,1977-07-02,1978-06-24
2378240,2023-07-01,2023-07-08,45,45,45,45,1977-07-09,1978-07-01
2378240,2023-07-08,2023-07-15,45,45,45,45,1977-07-16,1978-07-08
2378240,2023-07-15,2023-07-22,45,45,45,45,1977-07-23,1978-07-15
2378240,2023-07-22,2023-07-29,45,45,45,45,1977-07-30,1978-07-22
2378240,2023-07-29,2023-08-05,45,45,45,45,1977-08-06,1978-07-29
2378240,2023-08-05,2023-08-12,45,45,45,45,1977-08-13,1978-08-05
2378240,2023-08-12,2023-09-16,45,45,45,45,1977-09-17,1978-08-12
2378240,2023-09-16,2023-09-23,45,45,45,45,1977-09-24,1978-09-16
2378240,2023-09-23,2023-09-30,45,45,45,45,1977-10-01,1978-09-23
2378240,2023-09-30,2023-10-07,45,45,45,45,1977-10-08,1978-09-30
2378240,2023-10-07,2023-10-14,45,45,45,45,1977-10-15,1978-10-07
2378240,2023-10-14,2023-10-28,45,45,45,45,1977-10-29,1978-10-14
2378240,2023-10-28,2023-12-02,45,45,45,45,1977-12-03,1978-10-28
2378240,2023-12-02,2024-01-20,45,45,46,46,1977-12-03,1978-01-20
2378240,2024-01-20,2024-01-27,46,46,46,46,1977-01-28,1978-01-20
2378240,2024-01-27,2024-02-03,46,46,46,46,1977-02-04,1978-01-27
2378240,2024-02-03,2024-02-17,46,46,46,46,1977-02-18,1978-02-03
2378240,2024-02-17,2024-02-24,46,46,46,46,1977-02-25,1978-02-17
2378240,2024-02-24,2024-03-09,46,46,46,46,1977-03-10,1978-02-24
2378240,2024-03-09,2024-03-30,46,46,46,46,1977-03-31,1978-03-09
2378240,2024-03-30,2024-04-06,46,46,46,46,1977-04-07,1978-03-30
2378240,2024-04-06,2024-05-04,46,46,46,46,1977-05-05,1978-04-06
2378240,2024-05-04,2024-05-11,46,46,46,46,1977-05-12,1978-05-04
2378240,2024-05-11,2024-05-18,46,46,46,46,1977-05-19,1978-05-11
2378240,2024-05-18,2024-06-01,46,46,46,46,1977-06-02,1978-05-18
2378240,2024-06-01,2024-06-08,46,46,46,46,1977-06-09,1978-06-01
2378240,2024-06-08,2024-06-22,46,46,46,46,1977-06-23,1978-06-08
2378240,2024-06-22,2024-06-29,46,46,46,46,1977-06-30,1978-06-22
2378240,2024-06-29,2024-07-06,46,46,46,46,1977-07-07,1978-06-29
2378240,2024-07-06,2024-07-27,46,46,46,46,1977-07-28,1978-07-06
2378240,2024-07-27,2024-08-03,46,46,46,46,1977-08-04,1978-07-27
2378240,2024-08-03,2024-08-17,46,46,46,46,1977-08-18,1978-08-03
2378240,2024-08-17,2024-08-24,46,46,46,46,1977-08-25,1978-08-17
2378240,2024-08-24,2024-09-14,46,46,46,46,1977-09-15,1978-08-24
2378240,2024-09-14,2024-09-28,46,46,46,46,1977-09-29,1978-09-14
2378240,2024-09-28,2024-10-05,46,46,46,46,1977-10-06,1978-09-28
2378240,2024-10-05,2024-10-12,46,46,46,46,1977-10-13,1978-10-05
2378240,2024-10-12,2024-10-26,46,46,46,46,1977-10-27,1978-10-12
2378240,2024-10-26,2024-11-02,46,46,46,46,1977-11-03,1978-10-26
2378240,2024-11-02,2024-11-09,46,46,46,46,1977-11-10,1978-11-02
2378240,2024-11-09,2024-11-16,46,46,46,46,1977-11-17,1978-11-09
2378240,2024-11-16,2024-12-14,46,46,46,46,1977-12-15,1978-11-16
2378240,2024-12-14,2025-01-04,46,46,47,47,1977-12-15,1978-01-04
2378240,2025-01-04,2025-01-18,47,47,47,47,1977-01-19,1978-01-04
2378240,2025-01-18,2025-02-01,47,47,47,47,1977-02-02,1978-01-18
2378240,2025-02-01,2025-02-08,47,47,47,47,1977-02-09,1978-02-01
2378240,2025-02-08,2025-02-15,47,47,47,47,1977-02-16,1978-02-08
2378240,2025-02-15,2025-02-22,47,47,47,47,1977-02-23,1978-02-15
2378240,2025-02-22,2025-03-01,47,47,47,47,1977-03-02,1978-02-22
2378240,2025-03-01,2025-03-08,47,47,47,47,1977-03-09,1978-03-01
2378240,2025-03-08,2025-03-15,47,47,47,47,1977-03-16,1978-03-08
2378240,2025-03-15,2025-03-29,47,47,47,47,1977-03-30,1978-03-15
2378240,2025-03-29,2025-04-05,47,47,47,47,1977-04-06,1978-03-29
2378240,2025-04-05,2025-04-12,47,47,47,47,1977-04-13,1978-04-05
2378240,2025-04-12,2025-04-19,47,47,47,47,1977-04-20,1978-04-12
2378240,2025-04-19,2025-04-26,47,47,47,47,1977-04-27,1978-04-19
2378240,2025-04-26,2025-05-03,47,47,47,47,1977-05-04,1978-04-26
2378240,2025-05-03,2025-05-10,47,47,47,47,1977-05-11,1978-05-03
2378240,2025-05-10,2025-06-21,47,47,47,47,1977-06-22,1978-05-10
2378240,2025-06-21,2025-06-28,47,47,47,47,1977-06-29,1978-06-21
2378240,2025-06-28,2025-07-05,47,47,47,47,1977-07-06,1978-06-28
2378240,2025-07-05,2025-07-12,47,47,47,47,1977-07-13,1978-07-05
2378240,2025-07-12,2025-07-19,47,47,47,47,1977-07-20,1978-07-12
2378240,2025-07-19,2025-07-26,47,47,47,47,1977-07-27,1978-07-19
2378240,2025-07-26,2025-08-02,47,47,47,47,1977-08-03,1978-07-26
2378240,2025-08-02,2025-08-09,47,47,47,47,1977-08-10,1978-08-02
2378240,2025-08-09,2025-08-30,47,47,47,47,1977-08-31,1978-08-09
2378240,2025-08-30,2025-09-06,47,47,47,47,1977-09-07,1978-08-30
2378240,2025-09-06,2025-09-13,47,47,47,47,1977-09-14,1978-09-06
2378240,2025-09-13,2025-09-20,47,47,47,47,1977-09-21,1978-09-13
2378240,2025-09-20,2025-09-27,47,47,47,47,1977-09-28,1978-09-20
2378240,2025-09-27,2025-10-04,47,47,47,47,1977-10-05,1978-09-27
2378240,2025-10-04,2025-10-11,47,47,47,47,1977-10-12,1978-10-04
2378240,2025-10-11,2025-10-18,47,47,47,47,1977-10-19,1978-10-11
2378240,2025-10-18,2025-10-25,47,47,47,47,1977-10-26,1978-10-18
2378240,2025-10-25,2025-11-01,47,47,47,47,1977-11-02,1978-10-25
2378240,2025-11-01,2025-11-08,47,47,47,47,1977-11-09,1978-11-01
2378240,2025-11-08,2025-11-15,47,47,47,47,1977-11-16,1978-11-08
2378240,2025-11-15,2025-11-22,47,47,47,47,1977-11-23,1978-11-15
2378240,2025-11-22,2025-11-29,47,47,47,47,1977-11-30,1978-11-22
2378240,2025-11-29,2025-12-13,47,47,47,47,1977-12-14,1978-11-29
2378240,2025-12-13,2025-12-20,47,47,47,47,1977-12-21,1978-12-13
2378240,2025-12-20,2025-12-27,47,47,47,47,1977-12-28,1978-12-20
2378240,2025-12-27,2026-01-01,47,47,48,48,1977-12-28,1978-01-01
2378240,2026-01-01,2026-01-03,48,48,48,48,1977-01-04,1978-01-01
2378240,2026-01-03,2026-01-10,48,48,48,48,1977-01-11,1978-01-03
2378240,2026-01-10,2026-01-17,48,48,48,48,1977-01-18,1978-01-10
2378240,2026-01-17,2026-01-24,48,48,48,48,1977-01-25,1978-01-17
2390247,,2017-02-11,,,42,42,1974-02-12,1975-02-11
2390247,2017-02-11,2017-05-20,42,42,42,42,1974-05-21,1975-02-11
2390247,2017-05-20,2017-08-26,42,42,42,42,1974-08-27,1975-05-20
2390247,2017-08-26,2017-09-09,42,42,42,42,1974-09-10,1975-08-26
2390247,2017-09-09,2018-02-10,42,42,43,43,1974-09-10,1975-02-10
2390247,2018-02-10,2018-04-28,43,43,43,43,1974-04-29,1975-02-10
2390247,2018-04-28,2018-05-05,43,43,43,43,1974-05-06,1975-04-28
2390247,2018-05-05,2018-05-19,43,43,43,43,1974-05-20,1975-05-05
2390247,2018-05-19,2018-05-26,43,43,43,43,1974-05-27,1975-05-19
2390247,2018-05-26,2018-06-09,43,43,43,43,1974-06-10,1975-05-26
2390247,2018-06-09,2018-06-30,43,43,43,43,1974-07-01,1975-06-09
2390247,2018-06-30,2018-09-01,43,43,43,43,1974-09-02,1975-06-30
2390247,2018-09-01,2018-09-15,43,43,43,43,1974-09-16,1975-09-01
2390247,2018-09-15,2018-09-22,43,43,43,43,1974-09-23,1975-09-15
2390247,2018-09-22,2018-10-06,43,43,43,43,1974-10-07,1975-09-22
2390247,2018-10-06,2018-11-10,43,43,43,43,1974-11-11,1975-10-06
2390247,2018-11-10,2018-11-17,43,43,43,43,1974-11-18,1975-11-10
2390247,2018-11-17,2018-12-01,43,43,43,43,1974-12-02,1975-11-17
2390247,2018-12-01,2018-12-15,43,43,43,43,1974-12-16,1975-12-01
2390247,2018-12-15,2018-12-29,43,43,44,44,1974-12-16,1974-12-29
2390247,2018-12-29,2019-01-01,44,44,44,44,1974-01-02,1974-12-29
2390247,2019-01-01,2019-01-05,44,44,40,40,1978-01-06,1975-01-01
2390247,2019-01-05,2019-01-26,40,40,44,44,1978-01-06,1975-01-26
2390247,2019-01-26,2019-02-16,44,44,44,44,1974-02-17,1975-01-26
2390247,2019-02-16,2019-02-23,44,44,44,44,1974-02-24,1975-02-16
2390247,2019-02-23,2019-03-09,44,44,44,44,1974-03-10,1975-02-23
2390247,2019-03-09,2019-03-23,44,44,44,44,1974-03-24,1975-03-09
2390247,2019-03-23,2019-04-13,44,44,44,44,1974-04-14,1975-03-23
2390247,2019-04-13,2019-04-27,44,44,44,44,1974-04-28,1975-04-13
2390247,2019-04-27,2019-05-25,44,44,44,44,1974-05-26,1975-04-27
2390247,2019-05-25,2019-06-22,44,44,44,44,1974-06-23,1975-05-25
2390247,2019-06-22,2019-06-29,44,44,44,44,1974-06-30,1975-06-22
2390247,2019-06-29,2019-07-06,44,44,44,44,1974-07-07,1975-06-29
2390247,2019-07-06,2019-08-17,44,44,44,44,1974-08-18,1975-07-06
2390247,2019-08-17,2019-08-31,44,44,44,44,1974-09-01,1975-08-17
2390247,2019-08-31,2019-09-28,44,44,44,44,1974-09-29,1975-08-31
2390247,2019-09-28,2020-01-18,44,44,45,45,1974-09-29,1975-01-18
2390247,2020-01-18,2020-03-14,45,45,45,45,1974-03-15,1975-01-18
2390247,2020-03-14,2021-07-31,45,45,46,46,1974-08-01,1975-03-14
2390247,2021-07-31,2021-10-02,46,46,46,46,1974-10-03,1975-07-31
2390247,2021-10-02,2021-10-09,46,46,46,46,1974-10-10,1975-10-02
2390247,2021-10-09,2022-02-12,46,46,47,47,1974-10-10,1975-02-12
2390247,2022-02-12,2022-03-19,47,47,47,47,1974-03-20,1975-02-12
2390247,2022-03-19,2022-06-11,47,47,47,47,1974-06-12,1975-03-19
2390247,2022-06-11,2022-09-17,47,47,47,47,1974-09-18,1975-06-11
2390247,2022-09-17,2022-11-19,47,47,47,47,1974-11-20,1975-09-17
2390247,2022-11-19,2023-03-11,47,47,48,48,1974-11-20,1975-03-11
2390247,2023-03-11,2023-05-27,48,48,48,48,1974-05-28,1975-03-11
2390247,2023-05-27,2023-06-10,48,48,48,48,1974-06-11,1975-05-27
2390247,2023-06-10,2023-06-24,48,48,48,48,1974-06-25,1975-06-10
2390247,2023-06-24,2023-07-08,48,48,48,48,1974-07-09,1975-06-24
2390247,2023-07-08,2023-08-12,48,48,48,48,1974-08-13,1975-07-08
2390247,2023-08-12,2023-09-23,48,48,48,48,1974-09-24,1975-08-12
2390247,2023-09-23,2023-10-21,48,48,48,48,1974-10-22,1975-09-23
2390247,2023-10-21,2023-12-02,48,48,48,48,1974-12-03,1975-10-21
2390247,2023-12-02,2024-05-11,48,48,49,49,1974-12-03,1975-05-11
2390247,2024-05-11,2024-05-18,49,49,49,49,1974-05-19,1975-05-11
2390247,2024-05-18,2024-05-25,49,49,49,49,1974-05-26,1975-05-18
2390247,2024-05-25,2024-06-01,49,49,49,49,1974-06-02,1975-05-25
2390247,2024-06-01,2024-06-08,49,49,49,49,1974-06-09,1975-06-01
2390247,2024-06-08,2024-06-29,49,49,49,49,1974-06-30,1975-06-08
2390247,2024-06-29,2024-07-20,49,49,49,49,1974-07-21,1975-06-29
2390247,2024-07-20,2024-08-31,49,49,49,49,1974-09-01,1975-07-20
2390247,2024-08-31,2024-09-14,49,49,49,49,1974-09-15,1975-08-31
2390247,2024-09-14,2024-12-21,49,49,49,49,1974-12-22,1975-09-14
2390247,2024-12-21,2024-12-25,49,49,50,50,1974-12-22,1974-12-25
2390247,2024-12-25,2025-01-04,50,50,50,50,1974-01-05,1974-12-25
2390247,2025-01-04,2025-03-08,50,50,50,50,1974-03-09,1975-01-04
2390247,2025-03-08,2025-03-22,50,50,50,50,1974-03-23,1975-03-08
2390247,2025-03-22,2025-03-29,50,50,50,50,1974-03-30,1975-03-22
2390247,2025-03-29,2025-05-10,50,50,50,50,1974-05-11,1975-03-29
2390247,2025-05-10,2025-06-07,50,50,50,50,1974-06-08,1975-05-10
2390247,2025-06-07,2025-07-19,50,50,50,50,1974-07-20,1975-06-07
2390247,2025-07-19,2025-07-26,50,50,50,50,1974-07-27,1975-07-19
2390247,2025-07-26,2025-08-16,50,50,50,50,1974-08-17,1975-07-26
2390247,2025-08-16,2025-08-23,50,50,50,50,1974-08-24,1975-08-16
2390247,2025-08-23,2025-09-06,50,50,50,50,1974-09-07,1975-08-23
2390247,2025-09-06,2025-12-25,50,50,51,51,1974-09-07,1974-12-25
2390247,2025-12-25,2026-01-03,51,51,51,51,1974-01-04,1974-12-25
2477618,,2016-07-23,,,36,36,1979-07-24,1980-07-23
2477618,2016-07-23,2016-08-06,36,36,36,36,1979-08-07,1980-07-23
2477618,2016-08-06,2016-08-13,36,36,36,36,1979-08-14,1980-08-06
2477618,2016-08-13,2016-08-20,36,36,36,36,1979-08-21,1980-08-13
2477618,2016-08-20,2016-08-27,36,36,36,36,1979-08-28,1980-08-20
2477618,2016-08-27,2016-09-03,36,36,36,36,1979-09-04,1980-08-27
2477618,2016-09-03,2016-09-17,36,36,36,36,1979-09-18,1980-09-03
2477618,2016-09-17,2016-09-24,36,36,36,36,1979-09-25,1980-09-17
2477618,2016-09-24,2017-01-07,36,36,37,37,1979-09-25,1980-01-07
2477618,2017-01-07,2017-01-14,37,37,37,37,1979-01-15,1980-01-07
2477618,2017-01-14,2017-01-21,37,37,37,37,1979-01-22,1980-01-14
2477618,2017-01-21,2017-04-29,37,37,34,34,1982-04-30,1980-01-21
2477618,2017-04-29,2017-05-20,34,34,34,34,1982-05-21,1983-04-29
2477618,2017-05-20,2017-06-03,34,34,34,34,1982-06-04,1983-05-20
2477618,2017-06-03,2017-06-10,34,34,34,34,1982-06-11,1983-06-03
2477618,2017-06-10,2017-06-17,34,34,34,34,1982-06-18,1983-06-10
2477618,2017-06-17,2017-07-01,34,34,34,34,1982-07-02,1983-06-17
2477618,2017-07-01,2017-07-08,34,34,34,34,1982-07-09,1983-07-01
2477618,2017-07-08,2017-07-15,34,34,34,34,1982-07-16,1983-07-08
2477618,2017-07-15,2017-07-22,34,34,34,34,1982-07-23,1983-07-15
2477618,2017-07-22,2017-08-05,34,34,35,35,1982-07-23,1982-08-05
2477618,2017-08-05,2017-08-12,35,35,35,35,1981-08-13,1982-08-05
2477618,2017-08-12,2017-10-14,35,35,35,35,1981-10-15,1982-08-12
2477618,2017-10-14,2017-10-28,35,35,35,35,1981-10-29,1982-10-14
2477618,2017-10-28,2017-11-18,35,35,35,35,1981-11-19,1982-10-28
2477618,2017-11-18,2017-12-09,35,35,35,35,1981-12-10,1982-11-18
2477618,2017-12-09,2017-12-23,35,35,35,35,1981-12-24,1982-12-09
2477618,2017-12-23,2018-02-10,35,35,35,35,1982-02-11,1982-12-23
2477618,2018-02-10,2018-02-17,35,35,35,35,1982-02-18,1983-02-10
2477618,2018-02-17,2018-02-24,35,35,35,35,1982-02-25,1983-02-17
2477618,2018-02-24,2018-03-24,35,35,35,35,1982-03-25,1983-02-24
2477618,2018-03-24,2018-04-07,35,35,35,35,1982-04-08,1983-03-24
2477618,2018-04-07,2018-04-14,35,35,35,35,1982-04-15,1983-04-07
2477618,2018-04-14,2018-04-21,35,35,35,35,1982-04-22,1983-04-14
2477618,2018-04-21,2018-05-05,35,35,35,35,1982-05-06,1983-04-21
2477618,2018-05-05,2018-05-26,35,35,35,35,1982-05-27,1983-05-05
2477618,2018-05-26,2018-06-02,35,35,35,35,1982-06-03,1983-05-26
2477618,2018-06-02,2018-06-09,35,35,35,35,1982-06-10,1983-06-02
2477618,2018-06-09,2018-06-16,35,35,35,35,1982-06-17,1983-06-09
2477618,2018-06-16,2018-07-21,35,35,35,35,1982-07-22,1983-06-16
2477618,2018-07-21,2018-07-28,35,35,36,36,1982-07-22,1982-07-28
2477618,2018-07-28,2018-08-11,36,36,36,36,1981-08-12,1982-07-28
2477618,2018-08-11,2018-08-25,36,36,36,36,1981-08-26,1982-08-11
2477618,2018-08-25,2018-09-01,36,36,36,36,1981-09-02,1982-08-25
2477618,2018-09-01,2018-09-08,36,36,36,36,1981-09-09,1982-09-01
2477618,2018-09-08,2018-09-15,36,36,36,36,1981-09-16,1982-09-08
2477618,2018-09-15,2018-10-06,36,36,36,36,1981-10-07,1982-09-15
2477618,2018-10-06,2018-10-13,36,36,36,36,1981-10-14,1982-10-06
2477618,2018-10-13,2018-11-03,36,36,36,36,1981-11-04,1982-10-13
2477618,2018-11-03,2018-11-10,36,36,36,36,1981-11-11,1982-11-03
2477618,2018-11-10,2018-12-08,36,36,36,36,1981-12-09,1982-11-10
2477618,2018-12-08,2019-01-05,36,36,36,36,1982-01-06,1982-12-08
2477618,2019-01-05,2019-02-23,36,36,36,36,1982-02-24,1983-01-05
2477618,2019-02-23,2019-03-16,36,36,36,36,1982-03-17,1983-02-23
2477618,2019-03-16,2019-03-30,36,36,36,36,1982-03-31,1983-03-16
2477618,2019-03-30,2019-05-18,36,36,36,36,1982-05-19,1983-03-30
2477618,2019-05-18,2019-05-25,36,36,36,36,1982-05-26,1983-05-18
2477618,2019-05-25,2019-06-08,36,36,36,36,1982-06-09,1983-05-25
2477618,2019-06-08,2019-06-29,36,36,36,36,1982-06-30,1983-06-08
2477618,2019-06-29,2019-07-13,36,36,36,36,1982-07-14,1983-06-29
2477618,2019-07-13,2019-08-03,36,36,37,37,1982-07-14,1982-08-03
2477618,2019-08-03,2019-08-17,37,37,37,37,1981-08-18,1982-08-03
2477618,2019-08-17,2019-08-24,37,37,37,37,1981-08-25,1982-08-17
2477618,2019-08-24,2019-08-31,37,37,37,37,1981-09-01,1982-08-24
2477618,2019-08-31,2019-09-14,37,37,37,37,1981-09-15,1982-08-31
2477618,2019-09-14,2019-12-07,37,37,37,37,1981-12-08,1982-09-14
2477618,2019-12-07,2024-06-22,37,37,41,41,1982-06-23,1982-12-07
2477618,2024-06-22,2024-09-21,41,41,42,42,1982-06-23,1982-09-21
2477618,2024-09-21,2025-01-11,42,42,42,42,1982-01-12,1982-09-21
2491375,,2016-12-24,,,8,8,2007-12-25,2008-12-24
2491375,2016-12-24,2016-12-31,8,8,8,8,2008-01-01,2008-12-24
2491375,2016-12-31,2018-09-01,8,8,10,10,2008-01-01,2008-09-01
2491375,2018-09-01,2019-06-08,10,10,11,11,2007-09-02,2008-06-08
2491375,2019-06-08,2019-06-15,11,11,11,11,2007-06-16,2008-06-08
2491375,2019-06-15,2019-07-13,11,11,10,10,2008-07-14,2008-06-15
2491375,2019-07-13,2019-08-31,10,10,10,10,2008-09-01,2009-07-13
2505144,,2016-05-21,,,35,35,1980-05-22,1981-05-21
2505144,2016-05-21,2016-06-11,35,35,36,36,1980-05-22,1980-06-11
2505144,2016-06-11,2016-06-18,36,36,36,36,1979-06-19,1980-06-11
2505144,2016-06-18,2016-07-02,36,36,36,36,1979-07-03,1980-06-18
2505144,2016-07-02,2016-07-09,36,36,36,36,1979-07-10,1980-07-02
2505144,2016-07-09,2016-07-16,36,36,34,34,1981-07-17,1980-07-09
2505144,2016-07-16,2016-08-06,34,34,35,35,1981-07-17,1981-08-06
2505144,2016-08-06,2016-08-20,35,35,35,35,1980-08-21,1981-08-06
2505144,2016-08-20,2016-08-27,35,35,35,35,1980-08-28,1981-08-20
2505144,2016-08-27,2016-09-03,35,35,35,35,1980-09-04,1981-08-27
2528702,,2017-09-30,,,25,29,1987-10-01,1992-09-30
2528702,2017-09-30,2017-10-07,25,29,25,29,1987-10-08,1992-09-30
2528702,2017-10-07,2017-11-04,25,29,25,29,1987-11-05,1992-10-07
2528702,2017-11-04,2017-11-18,25,29,25,29,1987-11-19,1992-11-04
2528702,2017-11-18,2017-12-09,25,29,25,29,1987-12-10,1992-11-18
2528702,2017-12-09,2017-12-16,25,29,25,29,1987-12-17,1992-12-09
2528702,2017-12-16,2017-12-23,25,29,25,29,1987-12-24,1992-12-16
2528702,2017-12-23,2017-12-25,25,29,25,29,1987-12-26,1992-12-23
2528702,2017-12-25,2017-12-30,25,29,25,29,1987-12-31,1992-12-25
2528702,2017-12-30,2018-01-06,25,29,25,29,1988-01-07,1992-12-30
2528702,2018-01-06,2018-02-24,25,29,25,29,1988-02-25,1993-01-06
2528702,2018-02-24,2018-03-10,25,29,25,29,1988-03-11,1993-02-24
2528702,2018-03-10,2018-04-07,25,29,25,29,1988-04-08,1993-03-10
2528702,2018-04-07,2018-04-28,25,29,25,29,1988-04-29,1993-04-07
2528702,2018-04-28,2018-05-05,25,29,25,29,1988-05-06,1993-04-28
2528702,2018-05-05,2018-06-02,25,29,25,29,1988-06-03,1993-05-05
2528702,2018-06-02,2018-06-09,25,29,25,29,1988-06-10,1993-06-02
2528702,2018-06-09,2018-06-16,25,29,25,29,1988-06-17,1993-06-09
2528702,2018-06-16,2018-06-23,25,29,25,29,1988-06-24,1993-06-16
2528702,2018-06-23,2018-06-30,25,29,25,29,1988-07-01,1993-06-23
2528702,2018-06-30,2018-07-07,25,29,25,29,1988-07-08,1993-06-30
2528702,2018-07-07,2018-07-21,25,29,25,29,1988-07-22,1993-07-07
2528702,2018-07-21,2018-07-28,25,29,25,29,1988-07-29,1993-07-21
2528702,2018-07-28,2018-08-18,25,29,25,29,1988-08-19,1993-07-28
2528702,2018-08-18,2018-09-08,25,29,25,29,1988-09-09,1993-08-18
2528702,2018-09-08,2018-09-15,25,29,25,29,1988-09-16,1993-09-08
2528702,2018-09-15,2018-10-06,25,29,25,29,1988-10-07,1993-09-15
2528702,2018-10-06,2018-10-13,25,29,25,29,1988-10-14,1993-10-06
2528702,2018-10-13,2018-10-20,25,29,25,29,1988-10-21,1993-10-13
2528702,2018-10-20,2018-10-27,25,29,25,29,1988-10-28,1993-10-20
2528702,2018-10-27,2018-11-03,25,29,25,29,1988-11-04,1993-10-27
2528702,2018-11-03,2018-11-17,25,29,25,29,1988-11-18,1993-11-03
2528702,2018-11-17,2018-11-24,25,29,25,29,1988-11-25,1993-11-17
2528702,2018-11-24,2018-12-08,25,29,25,29,1988-12-09,1993-11-24
2528702,2018-12-08,2018-12-22,25,29,25,29,1988-12-23,1993-12-08
2528702,2018-12-22,2018-12-25,25,29,25,29,1988-12-26,1993-12-22
2528702,2018-12-25,2018-12-29,25,29,25,29,1988-12-30,1993-12-25
2528702,2018-12-29,2019-01-01,25,29,25,29,1989-01-02,1993-12-29
2528702,2019-01-01,2019-01-05,25,29,25,29,1989-01-06,1994-01-01
2528702,2019-01-05,2019-01-12,25,29,25,29,1989-01-13,1994-01-05
2528702,2019-01-12,2019-01-26,25,29,25,29,1989-01-27,1994-01-12
2528702,2019-01-26,2019-02-02,25,29,25,29,1989-02-03,1994-01-26
2528702,2019-02-02,2019-02-16,25,29,25,29,1989-02-17,1994-02-02
2528702,2019-02-16,2019-02-23,25,29,25,29,1989-02-24,1994-02-16
2528702,2019-02-23,2019-03-02,25,29,25,29,1989-03-03,1994-02-23
2528702,2019-03-02,2019-03-16,25,29,25,29,1989-03-17,1994-03-02
2528702,2019-03-16,2019-03-23,25,29,25,29,1989-03-24,1994-03-16
2528702,2019-03-23,2019-03-30,25,29,25,29,1989-03-31,1994-03-23
2528702,2019-03-30,2019-04-13,25,29,25,29,1989-04-14,1994-03-30
2528702,2019-04-13,2019-04-20,25,29,25,29,1989-04-21,1994-04-13
2528702,2019-04-20,2019-04-27,25,29,25,29,1989-04-28,1994-04-20
2528702,2019-04-27,2019-05-04,25,29,25,29,1989-05-05,1994-04-27
2528702,2019-05-04,2019-05-11,25,29,25,29,1989-05-12,1994-05-04
2528702,2019-05-11,2019-05-18,25,29,25,29,1989-05-19,1994-05-11
2528702,2019-05-18,2019-06-08,25,29,25,29,1989-06-09,1994-05-18
2528702,2019-06-08,2019-06-15,25,29,25,29,1989-06-16,1994-06-08
2528702,2019-06-15,2019-06-22,25,29,25,29,1989-06-23,1994-06-15
2528702,2019-06-22,2019-06-29,25,29,25,29,1989-06-30,1994-06-22
2528702,2019-06-29,2019-07-06,25,29,25,29,1989-07-07,1994-06-29
2528702,2019-07-06,2019-07-13,25,29,25,29,1989-07-14,1994-07-06
2528702,2019-07-13,2019-07-20,25,29,25,29,1989-07-21,1994-07-13
2528702,2019-07-20,2019-07-27,25,29,25,29,1989-07-28,1994-07-20
2528702,2019-07-27,2019-08-03,25,29,25,29,1989-08-04,1994-07-27
2528702,2019-08-03,2019-08-10,25,29,25,29,1989-08-11,1994-08-03
2528702,2019-08-10,2019-08-31,25,29,25,29,1989-09-01,1994-08-10
2528702,2019-08-31,2019-09-07,25,29,25,29,1989-09-08,1994-08-31
2528702,2019-09-07,2019-09-14,25,29,25,29,1989-09-15,1994-09-07
2528702,2019-09-14,2019-09-21,25,29,25,29,1989-09-22,1994-09-14
2528702,2019-09-21,2019-09-28,25,29,25,29,1989-09-29,1994-09-21
2528702,2019-09-28,2019-10-05,25,29,25,29,1989-10-06,1994-09-28
2528702,2019-10-05,2019-10-12,25,29,25,29,1989-10-13,1994-10-05
2528702,2019-10-12,2019-10-19,25,29,25,29,1989-10-20,1994-10-12
2528702,2019-10-19,2019-11-02,25,29,25,29,1989-11-03,1994-10-19
2528702,2019-11-02,2019-11-09,25,29,25,29,1989-11-10,1994-11-02
2528702,2019-11-09,2019-11-16,25,29,25,29,1989-11-17,1994-11-09
2528702,2019-11-16,2019-11-23,25,29,25,29,1989-11-24,1994-11-16
2528702,2019-11-23,2019-12-25,25,29,25,29,1989-12-26,1994-11-23
2528702,2019-12-25,2019-12-28,25,29,25,29,1989-12-29,1994-12-25
2528702,2019-12-28,2020-01-01,25,29,25,29,1990-01-02,1994-12-28
2528702,2020-01-01,2020-01-01,25,29,25,29,1990-01-02,1995-01-01
2528702,2020-01-01,2020-01-04,25,29,25,29,1990-01-05,1995-01-01
2528702,2020-01-04,2020-01-11,25,29,25,29,1990-01-12,1995-01-04
2528702,2020-01-11,2020-02-01,25,29,25,29,1990-02-02,1995-01-11
2528702,2020-02-01,2020-02-08,25,29,25,29,1990-02-09,1995-02-01
2528702,2020-02-08,2020-02-22,25,29,25,29,1990-02-23,1995-02-08
2528702,2020-02-22,2021-07-24,25,29,25,29,1991-07-25,1995-02-22
2528702,2021-07-24,2021-07-31,25,29,25,29,1991-08-01,1996-07-24
2528702,2021-07-31,2021-08-07,25,29,25,29,1991-08-08,1996-07-31
2528702,2021-08-07,2021-08-14,25,29,25,29,1991-08-15,1996-08-07
2528702,2021-08-14,2021-08-21,25,29,25,29,1991-08-22,1996-08-14
2528702,2021-08-21,2021-08-28,25,29,25,29,1991-08-29,1996-08-21
2528702,2021-08-28,2021-09-04,25,29,25,29,1991-09-05,1996-08-28
2528702,2021-09-04,2021-09-18,25,29,25,29,1991-09-19,1996-09-04
2528702,2021-09-18,2021-09-25,25,29,25,29,1991-09-26,1996-09-18
2528702,2021-09-25,2021-10-09,25,29,25,29,1991-10-10,1996-09-25
2528702,2021-10-09,2021-11-13,25,29,30,30,1991-10-10,1991-11-13
2528702,2021-11-13,2021-11-20,30,30,25,29,1991-11-21,1991-11-13
2528702,2021-11-20,2021-11-27,25,29,25,29,1991-11-28,1996-11-20
2528702,2021-11-27,2021-12-11,25,29,25,29,1991-12-12,1996-11-27
2528702,2021-12-11,2021-12-18,25,29,25,29,1991-12-19,1996-12-11
2528702,2021-12-18,2021-12-25,25,29,25,29,1991-12-26,1996-12-18
2528702,2021-12-25,2022-01-15,25,29,25,29,1992-01-16,1996-12-25
2528702,2022-01-15,2022-03-05,25,29,25,29,1992-03-06,1997-01-15
2528702,2022-03-05,2022-04-23,25,29,25,29,1992-04-24,1997-03-05
2528702,2022-04-23,2022-04-30,25,29,25,29,1992-05-01,1997-04-23
2528702,2022-04-30,2022-05-14,25,29,25,29,1992-05-15,1997-04-30
2528702,2022-05-14,2022-05-28,25,29,25,29,1992-05-29,1997-05-14
2528702,2022-05-28,2022-06-04,25,29,25,29,1992-06-05,1997-05-28
2528702,2022-06-04,2022-06-11,25,29,25,29,1992-06-12,1997-06-04
2528702,2022-06-11,2022-06-18,25,29,25,29,1992-06-19,1997-06-11
2528702,2022-06-18,2022-06-25,25,29,25,29,1992-06-26,1997-06-18
2528702,2022-06-25,2022-07-02,25,29,25,29,1992-07-03,1997-06-25
2528702,2022-07-02,2022-07-09,25,29,25,29,1992-07-10,1997-07-02
2528702,2022-07-09,2022-07-16,25,29,25,29,1992-07-17,1997-07-09
2528702,2022-07-16,2022-07-30,25,29,25,29,1992-07-31,1997-07-16
2528702,2022-07-30,2022-08-27,25,29,25,29,1992-08-28,1997-07-30
2528702,2022-08-27,2022-09-17,25,29,25,29,1992-09-18,1997-08-27
2528702,2022-09-17,2022-10-01,25,29,25,29,1992-10-02,1997-09-17
2528702,2022-10-01,2022-10-29,25,29,30,30,1992-10-02,1992-10-29
2528702,2022-10-29,2022-11-05,30,30,30,30,1991-11-06,1992-10-29
2528702,2022-11-05,2022-11-12,30,30,30,30,1991-11-13,1992-11-05
2528702,2022-11-12,2022-12-31,30,30,30,30,1992-01-01,1992-11-12
2528702,2022-12-31,2023-01-01,30,30,30,30,1992-01-02,1992-12-31
2528702,2023-01-01,2023-01-07,30,30,30,30,1992-01-08,1993-01-01
2528702,2023-01-07,2023-01-14,30,30,30,30,1992-01-15,1993-01-07
2528702,2023-01-14,2023-01-21,30,30,30,30,1992-01-22,1993-01-14
2528702,2023-01-21,2023-01-28,30,30,30,30,1992-01-29,1993-01-21
2528702,2023-01-28,2023-02-04,30,30,30,30,1992-02-05,1993-01-28
2528702,2023-02-04,2023-02-11,30,30,30,30,1992-02-12,1993-02-04
2528702,2023-02-11,2023-02-25,30,30,30,30,1992-02-26,1993-02-11
2528702,2023-02-25,2023-03-04,30,30,30,30,1992-03-05,1993-02-25
2528702,2023-03-04,2023-03-18,30,30,30,30,1992-03-19,1993-03-04
2528702,2023-03-18,2023-03-25,30,30,30,30,1992-03-26,1993-03-18
2528702,2023-03-25,2023-04-08,30,30,30,30,1992-04-09,1993-03-25
2528702,2023-04-08,2023-04-15,30,30,30,30,1992-04-16,1993-04-08
2528702,2023-04-15,2023-04-22,30,30,30,30,1992-04-23,1993-04-15
2528702,2023-04-22,2023-04-29,30,30,30,30,1992-04-30,1993-04-22
2528702,2023-04-29,2023-05-06,30,30,30,30,1992-05-07,1993-04-29
2528702,2023-05-06,2023-05-20,30,30,30,30,1992-05-21,1993-05-06
2528702,2023-05-20,2023-06-10,30,30,30,30,1992-06-11,1993-05-20
2528702,2023-06-10,2023-06-17,30,30,30,30,1992-06-18,1993-06-10
2528702,2023-06-17,2023-06-24,30,30,30,30,1992-06-25,1993-06-17
2528702,2023-06-24,2023-07-01,30,30,30,30,1992-07-02,1993-06-24
2528702,2023-07-01,2023-07-15,30,30,30,30,1992-07-16,1993-07-01
2528702,2023-07-15,2023-07-22,30,30,30,30,1992-07-23,1993-07-15
2528702,2023-07-22,2023-07-29,30,30,30,30,1992-07-30,1993-07-22
2528702,2023-07-29,2023-08-12,30,30,30,30,1992-08-13,1993-07-29
2528702,2023-08-12,2023-08-19,30,30,30,30,1992-08-20,1993-08-12
2528702,2023-08-19,2023-08-26,30,30,30,30,1992-08-27,1993-08-19
2528702,2023-08-26,2023-09-02,30,30,30,30,1992-09-03,1993-08-26
2528702,2023-09-02,2023-09-09,30,30,30,30,1992-09-10,1993-09-02
2528702,2023-09-09,2023-09-23,30,30,30,30,1992-09-24,1993-09-09
2528702,2023-09-23,2023-09-30,30,30,30,30,1992-10-01,1993-09-23
2528702,2023-09-30,2023-10-07,30,30,30,30,1992-10-08,1993-09-30
2528702,2023-10-07,2023-10-21,30,30,30,30,1992-10-22,1993-10-07
2528702,2023-10-21,2023-10-28,30,30,31,31,1992-10-22,1992-10-28
2528702,2023-10-28,2023-11-11,31,31,31,31,1991-11-12,1992-10-28
2528702,2023-11-11,2023-11-25,31,31,31,31,1991-11-26,1992-11-11
2528702,2023-11-25,2023-12-02,31,31,31,31,1991-12-03,1992-11-25
2528702,2023-12-02,2023-12-09,31,31,31,31,1991-12-10,1992-12-02
2528702,2023-12-09,2023-12-16,31,31,31,31,1991-12-17,1992-12-09
2528702,2023-12-16,2023-12-23,31,31,31,31,1991-12-24,1992-12-16
2528702,2023-12-23,2023-12-25,31,31,31,31,1991-12-26,1992-12-23
2528702,2023-12-25,2023-12-30,31,31,31,31,1991-12-31,1992-12-25
2528702,2023-12-30,2024-01-01,31,31,31,31,1992-01-02,1992-12-30
2528702,2024-01-01,2024-01-06,31,31,31,31,1992-01-07,1993-01-01
2528702,2024-01-06,2024-01-13,31,31,31,31,1992-01-14,1993-01-06
2528702,2024-01-13,2024-01-20,31,31,31,31,1992-01-21,1993-01-13
2528702,2024-01-20,2024-01-27,31,31,31,31,1992-01-28,1993-01-20
2528702,2024-01-27,2024-02-17,31,31,31,31,1992-02-18,1993-01-27
2528702,2024-02-17,2024-02-24,31,31,31,31,1992-02-25,1993-02-17
2528702,2024-02-24,2024-03-02,31,31,31,31,1992-03-03,1993-02-24
2528702,2024-03-02,2024-03-16,31,31,31,31,1992-03-17,1993-03-02
2528702,2024-03-16,2024-03-23,31,31,31,31,1992-03-24,1993-03-16
2528702,2024-03-23,2024-03-30,31,31,31,31,1992-03-31,1993-03-23
2528702,2024-03-30,2024-04-06,31,31,31,31,1992-04-07,1993-03-30
2528702,2024-04-06,2024-04-13,31,31,31,31,1992-04-14,1993-04-06
2528702,2024-04-13,2024-04-20,31,31,31,31,1992-04-21,1993-04-13
2528702,2024-04-20,2024-04-27,31,31,31,31,1992-04-28,1993-04-20
2528702,2024-04-27,2024-05-04,31,31,31,31,1992-05-05,1993-04-27
2528702,2024-05-04,2024-05-18,31,31,31,31,1992-05-19,1993-05-04
2528702,2024-05-18,2024-05-25,31,31,31,31,1992-05-26,1993-05-18
2528702,2024-05-25,2024-06-01,31,31,31,31,1992-06-02,1993-05-25
2528702,2024-06-01,2024-06-15,31,31,31,31,1992-06-16,1993-06-01
2528702,2024-06-15,2024-06-22,31,31,31,31,1992-06-23,1993-06-15
2528702,2024-06-22,2024-06-29,31,31,31,31,1992-06-30,1993-06-22
2528702,2024-06-29,2024-07-06,31,31,31,31,1992-07-07,1993-06-29
2528702,2024-07-06,2024-07-20,31,31,31,31,1992-07-21,1993-07-06
2528702,2024-07-20,2024-07-27,31,31,31,31,1992-07-28,1993-07-20
2528702,2024-07-27,2024-08-03,31,31,31,31,1992-08-04,1993-07-27
2528702,2024-08-03,2024-08-10,31,31,31,31,1992-08-11,1993-08-03
2528702,2024-08-10,2024-08-17,31,31,31,31,1992-08-18,1993-08-10
2528702,2024-08-17,2024-08-24,31,31,31,31,1992-08-25,1993-08-17
2528702,2024-08-24,2024-08-31,31,31,31,31,1992-09-01,1993-08-24
2528702,2024-08-31,2024-09-14,31,31,31,31,1992-09-15,1993-08-31
2528702,2024-09-14,2024-09-21,31,31,31,31,1992-09-22,1993-09-14
2528702,2024-09-21,2024-10-05,31,31,31,31,1992-10-06,1993-09-21
2528702,2024-10-05,2024-10-19,31,31,31,31,1992-10-20,1993-10-05
2528702,2024-10-19,2024-10-26,31,31,32,32,1992-10-20,1992-10-26
2528702,2024-10-26,2024-11-09,32,32,32,32,1991-11-10,1992-10-26
2528702,2024-11-09,2024-11-23,32,32,32,32,1991-11-24,1992-11-09
2528702,2024-11-23,2024-12-07,32,32,32,32,1991-12-08,1992-11-23
2528702,2024-12-07,2024-12-14,32,32,32,32,1991-12-15,1992-12-07
2528702,2024-12-14,2024-12-21,32,32,32,32,1991-12-22,1992-12-14
2528702,2024-12-21,2024-12-25,32,32,32,32,1991-12-26,1992-12-21
2528702,2024-12-25,2024-12-28,32,32,32,32,1991-12-29,1992-12-25
2528702,2024-12-28,2025-01-01,32,32,32,32,1992-01-02,1992-12-28
2528702,2025-01-01,2025-01-11,32,32,32,32,1992-01-12,1993-01-01
2528702,2025-01-11,2025-01-18,32,32,32,32,1992-01-19,1993-01-11
2528702,2025-01-18,2025-01-25,32,32,32,32,1992-01-26,1993-01-18
2528702,2025-01-25,2025-02-08,32,32,32,32,1992-02-09,1993-01-25
2528702,2025-02-08,2025-02-15,32,32,32,32,1992-02-16,1993-02-08
2528702,2025-02-15,2025-02-22,32,32,32,32,1992-02-23,1993-02-15
2528702,2025-02-22,2025-03-15,32,32,32,32,1992-03-16,1993-02-22
2528702,2025-03-15,2025-04-05,32,32,32,32,1992-04-06,1993-03-15
2528702,2025-04-05,2025-04-12,32,32,32,32,1992-04-13,1993-04-05
2528702,2025-04-12,2025-04-26,32,32,32,32,1992-04-27,1993-04-12
2528702,2025-04-26,2025-05-03,32,32,32,32,1992-05-04,1993-04-26
2528702,2025-05-03,2025-05-10,32,32,32,32,1992-05-11,1993-05-03
2528702,2025-05-10,2025-05-17,32,32,32,32,1992-05-18,1993-05-10
2528702,2025-05-17,2025-06-21,32,32,32,32,1992-06-22,1993-05-17
2528702,2025-06-21,2025-06-28,32,32,32,32,1992-06-29,1993-06-21
2528702,2025-06-28,2025-07-19,32,32,32,32,1992-07-20,1993-06-28
2528702,2025-07-19,2025-07-26,32,32,32,32,1992-07-27,1993-07-19
2528702,2025-07-26,2025-08-02,32,32,32,32,1992-08-03,1993-07-26
2528702,2025-08-02,2025-08-09,32,32,32,32,1992-08-10,1993-08-02
2528702,2025-08-09,2025-08-16,32,32,32,32,1992-08-17,1993-08-09
2528702,2025-08-16,2025-08-23,32,32,32,32,1992-08-24,1993-08-16
2528702,2025-08-23,2025-08-30,32,32,32,32,1992-08-31,1993-08-23
2528702,2025-08-30,2025-09-06,32,32,32,32,1992-09-07,1993-08-30
2528702,2025-09-06,2025-09-13,32,32,32,32,1992-09-14,1993-09-06
2528702,2025-09-13,2025-10-04,32,32,32,32,1992-10-05,1993-09-13
2528702,2025-10-04,2025-10-25,32,32,32,32,1992-10-26,1993-10-04
2528702,2025-10-25,2025-11-01,32,32,33,33,1992-10-26,1992-11-01
2528702,2025-11-01,2025-12-20,33,33,33,33,1991-12-21,1992-11-01
2528702,2025-12-20,2026-01-01,33,33,33,33,1992-01-02,1992-12-20
2528702,2026-01-01,2026-01-10,33,33,33,33,1992-01-11,1993-01-01
2528702,2026-01-10,2026-01-17,33,33,33,33,1992-01-18,1993-01-10
2553158,,2018-02-03,,,36,36,1981-02-04,1982-02-03
2553158,2018-02-03,2018-02-10,36,36,36,36,1981-02-11,1982-02-03
2553158,2018-02-10,2018-02-24,36,36,36,36,1981-02-25,1982-02-10
2553158,2018-02-24,2018-03-10,36,36,36,36,1981-03-11,1982-02-24
2553158,2018-03-10,2018-03-17,36,36,36,36,1981-03-18,1982-03-10
2553158,2018-03-17,2018-03-24,36,36,36,36,1981-03-25,1982-03-17
2553158,2018-03-24,2018-04-21,36,36,36,36,1981-04-22,1982-03-24
2553158,2018-04-21,2018-05-19,36,36,37,37,1981-04-22,1981-05-19
2553158,2018-05-19,2018-06-09,37,37,37,37,1980-06-10,1981-05-19
2553158,2018-06-09,2018-08-04,37,37,37,37,1980-08-05,1981-06-09
2553158,2018-08-04,2018-09-15,37,37,37,37,1980-09-16,1981-08-04
2553158,2018-09-15,2018-10-20,37,37,37,37,1980-10-21,1981-09-15
2553158,2018-10-20,2018-11-03,37,37,37,37,1980-11-04,1981-10-20
2553158,2018-11-03,2018-11-17,37,37,37,37,1980-11-18,1981-11-03
2553158,2018-11-17,2018-11-24,37,37,37,37,1980-11-25,1981-11-17
2553158,2018-11-24,2019-01-05,37,37,37,37,1981-01-06,1981-11-24
2553158,2019-01-05,2019-02-23,37,37,37,37,1981-02-24,1982-01-05
2553158,2019-02-23,2019-04-06,37,37,37,37,1981-04-07,1982-02-23
2553158,2019-04-06,2019-06-29,37,37,38,38,1981-04-07,1981-06-29
2553158,2019-06-29,2019-07-13,38,38,38,38,1980-07-14,1981-06-29
2553158,2019-07-13,2019-08-10,38,38,38,38,1980-08-11,1981-07-13
2553158,2019-08-10,2019-09-14,38,38,38,38,1980-09-15,1981-08-10
2553158,2019-09-14,2019-09-28,38,38,38,38,1980-09-29,1981-09-14
2553158,2019-09-28,2020-01-11,38,38,35,35,1984-01-12,1981-09-28
2645539,,2016-07-23,,,22,24,1991-07-24,1994-07-23
2645539,2016-07-23,2016-08-06,22,24,22,24,1991-08-07,1994-07-23
2645539,2016-08-06,2016-08-13,22,24,12,12,2003-08-14,1994-08-06
2645539,2016-08-13,2016-08-27,12,12,12,12,2003-08-28,2004-08-13
2652631,,2016-07-23,,,41,41,1974-07-24,1975-07-23
2652631,2016-07-23,2016-07-30,41,41,41,41,1974-07-31,1975-07-23
2652631,2016-07-30,2016-08-06,41,41,41,41,1974-08-07,1975-07-30
2652631,2016-08-06,2016-10-22,41,41,41,41,1974-10-23,1975-08-06
2652631,2016-10-22,2016-12-24,41,41,41,41,1974-12-25,1975-10-22
2652631,2016-12-24,2018-01-20,41,41,42,42,1975-01-21,1975-12-24
2652631,2018-01-20,2018-02-24,42,42,12,12,2005-02-25,1976-01-20
267361,,2014-01-25,,,52,52,1961-01-26,1962-01-25
267361,2014-01-25,2014-02-01,52,52,52,52,1961-02-02,1962-01-25
267361,2014-02-01,2014-03-15,52,52,53,53,1961-02-02,1961-03-15
267361,2014-03-15,2014-03-22,53,53,53,53,1960-03-23,1961-03-15
267361,2014-03-22,2014-04-12,53,53,53,53,1960-04-13,1961-03-22
267361,2014-04-12,2014-04-19,53,53,53,53,1960-04-20,1961-04-12
267361,2014-04-19,2014-05-31,53,53,53,53,1960-06-01,1961-04-19
267361,2014-05-31,2014-06-28,53,53,53,53,1960-06-29,1961-05-31
267361,2014-06-28,2014-07-05,53,53,53,53,1960-07-06,1961-06-28
267361,2014-07-05,2014-08-02,53,53,53,53,1960-08-03,1961-07-05
267361,2014-08-02,2014-08-23,53,53,53,53,1960-08-24,1961-08-02
267361,2014-08-23,2014-08-30,53,53,53,53,1960-08-31,1961-08-23
267361,2014-08-30,2014-12-13,53,53,53,53,1960-12-14,1961-08-30
267361,2014-12-13,2015-02-07,53,53,53,53,1961-02-08,1961-12-13
267361,2015-02-07,2015-02-14,53,53,53,53,1961-02-15,1962-02-07
267361,2015-02-14,2015-04-04,53,53,54,54,1961-02-15,1961-04-04
267361,2015-04-04,2015-04-11,54,54,54,54,1960-04-12,1961-04-04
267361,2015-04-11,2015-04-18,54,54,54,54,1960-04-19,1961-04-11
267361,2015-04-18,2015-07-04,54,54,54,54,1960-07-05,1961-04-18
267361,2015-07-04,2016-05-07,54,54,55,55,1960-07-05,1961-05-07
267361,2016-05-07,2016-05-14,55,55,45,45,1970-05-15,1961-05-07
267361,2016-05-14,2016-05-28,45,45,55,55,1970-05-15,1961-05-28
267361,2016-05-28,2016-07-30,55,55,55,55,1960-07-31,1961-05-28
267361,2016-07-30,2016-09-24,55,55,55,55,1960-09-25,1961-07-30
267361,2016-09-24,2018-08-18,55,55,57,57,1960-09-25,1961-08-18
267361,2018-08-18,2018-10-20,57,57,57,57,1960-10-21,1961-08-18
267361,2018-10-20,2018-12-25,57,57,57,57,1960-12-26,1961-10-20
267361,2018-12-25,2024-10-05,57,57,63,63,1960-12-26,1961-10-05
2753536,,2016-09-03,,,22,24,1991-09-04,1994-09-03
2753536,2016-09-03,2016-09-10,22,24,22,24,1991-09-11,1994-09-03
2753536,2016-09-10,2016-11-05,22,24,22,24,1991-11-06,1994-09-10
2753536,2016-11-05,2016-11-12,22,24,12,12,2003-11-13,1994-11-05
2753536,2016-11-12,2016-11-26,12,12,12,12,2003-11-27,2004-11-12
2753536,2016-11-26,2016-12-03,12,12,12,12,2003-12-04,2004-11-26
2753536,2016-12-03,2016-12-17,12,12,12,12,2003-12-18,2004-12-03
2753536,2016-12-17,2016-12-24,12,12,12,12,2003-12-25,2004-12-17
2753536,2016-12-24,2017-03-04,12,12,12,12,2004-03-05,2004-12-24
2807742,,2016-11-05,,,35,35,1980-11-06,1981-11-05
2807742,2016-11-05,2016-11-26,35,35,9,9,2006-11-27,1981-11-05
2807742,2016-11-26,2016-12-03,9,9,9,9,2006-12-04,2007-11-26
2807742,2016-12-03,2016-12-10,9,9,9,9,2006-12-11,2007-12-03
2807742,2016-12-10,2016-12-31,9,9,9,9,2007-01-01,2007-12-10
2807742,2016-12-31,2017-01-07,9,9,9,9,2007-01-08,2007-12-31
2807742,2017-01-07,2017-01-21,9,9,10,10,2007-01-08,2007-01-21
2807742,2017-01-21,2017-02-04,10,10,10,10,2006-02-05,2007-01-21
2807742,2017-02-04,2017-02-25,10,10,10,10,2006-02-26,2007-02-04
2807742,2017-02-25,2017-03-04,10,10,10,10,2006-03-05,2007-02-25
2807742,2017-03-04,2017-03-11,10,10,10,10,2006-03-12,2007-03-04
2807742,2017-03-11,2017-04-01,10,10,10,10,2006-04-02,2007-03-11
2807742,2017-04-01,2017-04-22,10,10,10,10,2006-04-23,2007-04-01
2807742,2017-04-22,2017-05-06,10,10,10,10,2006-05-07,2007-04-22
2807742,2017-05-06,2017-06-10,10,10,10,10,2006-06-11,2007-05-06
2807742,2017-06-10,2017-09-16,10,10,10,10,2006-09-17,2007-06-10
2807742,2017-09-16,2017-09-23,10,10,10,10,2006-09-24,2007-09-16
2807742,2017-09-23,2017-11-25,10,10,10,10,2006-11-26,2007-09-23
2807742,2017-11-25,2018-01-20,10,10,11,11,2006-11-26,2007-01-20
2807742,2018-01-20,2018-02-10,11,11,11,11,2006-02-11,2007-01-20
2807742,2018-02-10,2018-04-07,11,11,11,11,2006-04-08,2007-02-10
2807742,2018-04-07,2018-04-28,11,11,11,11,2006-04-29,2007-04-07
2807742,2018-04-28,2018-06-23,11,11,11,11,2006-06-24,2007-04-28
2807742,2018-06-23,2018-08-25,11,11,11,11,2006-08-26,2007-06-23
2807742,2018-08-25,2018-09-08,11,11,11,11,2006-09-09,2007-08-25
2807742,2018-09-08,2018-09-22,11,11,11,11,2006-09-23,2007-09-08
2807742,2018-09-22,2018-10-20,11,11,11,11,2006-10-21,2007-09-22
2807742,2018-10-20,2018-11-03,11,11,11,11,2006-11-04,2007-10-20
2807742,2018-11-03,2018-11-17,11,11,11,11,2006-11-18,2007-11-03
2807742,2018-11-17,2018-12-08,11,11,11,11,2006-12-09,2007-11-17
2807742,2018-12-08,2019-01-01,11,11,11,11,2007-01-02,2007-12-08
2807742,2019-01-01,2019-01-05,11,11,11,11,2007-01-06,2008-01-01
2807742,2019-01-05,2019-01-19,11,11,11,11,2007-01-20,2008-01-05
2807742,2019-01-19,2019-03-09,11,11,12,12,2007-01-20,2007-03-09
2807742,2019-03-09,2019-08-24,12,12,12,12,2006-08-25,2007-03-09
2807742,2019-08-24,2019-09-07,12,12,12,12,2006-09-08,2007-08-24
2807742,2019-09-07,2019-10-05,12,12,12,12,2006-10-06,2007-09-07
2807742,2019-10-05,2021-11-20,12,12,14,14,2006-11-21,2007-10-05
2807742,2021-11-20,2021-12-11,14,14,14,14,2006-12-12,2007-11-20
2807742,2021-12-11,2022-01-01,14,14,14,14,2007-01-02,2007-12-11
2807742,2022-01-01,2022-01-22,14,14,15,15,2007-01-02,2007-01-22
2807742,2022-01-22,2022-02-12,15,15,15,15,2006-02-13,2007-01-22
2807742,2022-02-12,2022-03-26,15,15,15,15,2006-03-27,2007-02-12
2853195,,2016-10-08,,,52,52,1963-10-09,1964-10-08
2853195,2016-10-08,2017-01-21,52,52,47,47,1969-01-22,1964-10-08
2853195,2017-01-21,2017-03-18,47,47,47,47,1969-03-19,1970-01-21
2923559,,2016-11-05,,,49,49,1966-11-06,1967-11-05
2923559,2016-11-05,2016-11-12,49,49,49,49,1966-11-13,1967-11-05
2923559,2016-11-12,2016-11-19,49,49,49,49,1966-11-20,1967-11-12
2923559,2016-11-19,2016-11-26,49,49,49,49,1966-11-27,1967-11-19
2923559,2016-11-26,2017-01-21,49,49,49,49,1967-01-22,1967-11-26
2923559,2017-01-21,2017-03-04,49,49,50,50,1967-01-22,1967-03-04
2923559,2017-03-04,2017-03-25,50,50,50,50,1966-03-26,1967-03-04
2923559,2017-03-25,2017-04-01,50,50,50,50,1966-04-02,1967-03-25
2923559,2017-04-01,2017-05-27,50,50,50,50,1966-05-28,1967-04-01
2923559,2017-05-27,2017-06-03,50,50,50,50,1966-06-04,1967-05-27
2923559,2017-06-03,2017-06-10,50,50,50,50,1966-06-11,1967-06-03
2923559,2017-06-10,2017-06-17,50,50,50,50,1966-06-18,1967-06-10
2923559,2017-06-17,2017-06-24,50,50,50,50,1966-06-25,1967-06-17
2923559,2017-06-24,2017-07-08,50,50,50,50,1966-07-09,1967-06-24
2923559,2017-07-08,2017-09-09,50,50,50,50,1966-09-10,1967-07-08
2923559,2017-09-09,2017-10-14,50,50,50,50,1966-10-15,1967-09-09
2923559,2017-10-14,2017-10-21,50,50,50,50,1966-10-22,1967-10-14
2923559,2017-10-21,2017-11-11,50,50,50,50,1966-11-12,1967-10-21
2923559,2017-11-11,2017-11-25,50,50,50,50,1966-11-26,1967-11-11
2923559,2017-11-25,2017-12-09,50,50,50,50,1966-12-10,1967-11-25
2923559,2017-12-09,2017-12-16,50,50,50,50,1966-12-17,1967-12-09
2923559,2017-12-16,2017-12-23,50,50,50,50,1966-12-24,1967-12-16
2923559,2017-12-23,2017-12-30,50,50,50,50,1966-12-31,1967-12-23
2923559,2017-12-30,2018-02-10,50,50,51,51,1966-12-31,1967-02-10
2923559,2018-02-10,2018-03-10,51,51,51,51,1966-03-11,1967-02-10
2923559,2018-03-10,2018-03-17,51,51,51,51,1966-03-18,1967-03-10
2923559,2018-03-17,2018-03-24,51,51,51,51,1966-03-25,1967-03-17
2923559,2018-03-24,2018-05-26,51,51,51,51,1966-05-27,1967-03-24
2923559,2018-05-26,2018-06-09,51,51,51,51,1966-06-10,1967-05-26
2923559,2018-06-09,2018-06-16,51,51,51,51,1966-06-17,1967-06-09
2923559,2018-06-16,2018-06-23,51,51,51,51,1966-06-24,1967-06-16
2923559,2018-06-23,2018-09-01,51,51,51,51,1966-09-02,1967-06-23
2923559,2018-09-01,2018-09-29,51,51,51,51,1966-09-30,1967-09-01
2923559,2018-09-29,2018-11-03,51,51,51,51,1966-11-04,1967-09-29
2923559,2018-11-03,2018-11-10,51,51,51,51,1966-11-11,1967-11-03
2923559,2018-11-10,2018-12-01,51,51,51,51,1966-12-02,1967-11-10
2923559,2018-12-01,2018-12-29,51,51,51,51,1966-12-30,1967-12-01
2923559,2018-12-29,2019-01-01,51,51,51,51,1967-01-02,1967-12-29
2923559,2019-01-01,2019-01-05,51,51,50,50,1968-01-06,1968-01-01
2923559,2019-01-05,2019-04-06,50,50,52,52,1968-01-06,1967-04-06
2923559,2019-04-06,2019-08-17,52,52,52,52,1966-08-18,1967-04-06
2923559,2019-08-17,2019-08-24,52,52,52,52,1966-08-25,1967-08-17
2923559,2019-08-24,2019-08-31,52,52,52,52,1966-09-01,1967-08-24
2923559,2019-08-31,2019-09-07,52,52,52,52,1966-09-08,1967-08-31
2923559,2019-09-07,2019-09-28,52,52,52,52,1966-09-29,1967-09-07
2923559,2019-09-28,2019-11-23,52,52,52,52,1966-11-24,1967-09-28
2923559,2019-11-23,2019-11-30,52,52,52,52,1966-12-01,1967-11-23
2923559,2019-11-30,2020-01-11,52,52,52,52,1967-01-12,1967-11-30
2923559,2020-01-11,2021-08-14,52,52,54,54,1967-01-12,1967-08-14
2923559,2021-08-14,2021-08-21,54,54,54,54,1966-08-22,1967-08-14
2923559,2021-08-21,2021-09-04,54,54,54,54,1966-09-05,1967-08-21
2923559,2021-09-04,2021-09-11,54,54,54,54,1966-09-12,1967-09-04
2923559,2021-09-11,2021-09-18,54,54,54,54,1966-09-19,1967-09-11
2923559,2021-09-18,2021-10-02,54,54,54,54,1966-10-03,1967-09-18
2923559,2021-10-02,2021-10-09,54,54,54,54,1966-10-10,1967-10-02
2923559,2021-10-09,2021-10-30,54,54,54,54,1966-10-31,1967-10-09
2923559,2021-10-30,2021-11-13,54,54,54,54,1966-11-14,1967-10-30
2923559,2021-11-13,2021-11-27,54,54,54,54,1966-11-28,1967-11-13
2923559,2021-11-27,2022-08-06,54,54,55,55,1966-11-28,1967-08-06
2923559,2022-08-06,2023-01-28,55,55,55,55,1967-01-29,1967-08-06
2923559,2023-01-28,2023-02-11,55,55,56,56,1967-01-29,1967-02-11
2923559,2023-02-11,2023-03-25,56,56,56,56,1966-03-26,1967-02-11
2923559,2023-03-25,2023-04-15,56,56,56,56,1966-04-16,1967-03-25
2923559,2023-04-15,2023-04-29,56,56,56,56,1966-04-30,1967-04-15
2923559,2023-04-29,2023-05-13,56,56,56,56,1966-05-14,1967-04-29
2923559,2023-05-13,2023-06-03,56,56,56,56,1966-06-04,1967-05-13
2923559,2023-06-03,2023-06-10,56,56,56,56,1966-06-11,1967-06-03
2923559,2023-06-10,2023-11-04,56,56,56,56,1966-11-05,1967-06-10
2923559,2023-11-04,2023-11-18,56,56,56,56,1966-11-19,1967-11-04
2923559,2023-11-18,2024-09-21,56,56,57,57,1966-11-19,1967-09-21
2923559,2024-09-21,2024-09-28,57,57,57,57,1966-09-29,1967-09-21
2923559,2024-09-28,2024-11-09,57,57,57,57,1966-11-10,1967-09-28
2923559,2024-11-09,2025-03-01,57,57,58,58,1966-11-10,1967-03-01
2923559,2025-03-01,2025-08-09,58,58,58,58,1966-08-10,1967-03-01
2923559,2025-08-09,2025-12-25,58,58,58,58,1966-12-26,1967-08-09
2923559,2025-12-25,2026-01-03,58,58,58,58,1967-01-04,1967-12-25
2923559,2026-01-03,2026-01-10,58,58,58,58,1967-01-11,1968-01-03
2923559,2026-01-10,2026-01-17,58,58,58,58,1967-01-18,1968-01-10
2932029,,2018-12-29,,,59,59,1958-12-30,1959-12-29
2932029,2018-12-29,2019-10-05,59,59,55,55,1963-10-06,1959-12-29
2932029,2019-10-05,2020-03-07,55,55,55,55,1964-03-08,1964-10-05
3016103,,2017-02-25,,,65,65,1951-02-26,1952-02-25
3016103,2017-02-25,2017-05-20,65,65,66,66,1951-02-26,1951-05-20
3016103,2017-05-20,2017-05-27,66,66,66,66,1950-05-28,1951-05-20
3016103,2017-05-27,2017-06-10,66,66,34,34,1982-06-11,1951-05-27
3016103,2017-06-10,2017-08-19,34,34,34,34,1982-08-20,1983-06-10
3016103,2017-08-19,2017-11-25,34,34,34,34,1982-11-26,1983-08-19
3016103,2017-11-25,2017-12-23,34,34,34,34,1982-12-24,1983-11-25
3016103,2017-12-23,2017-12-30,34,34,34,34,1982-12-31,1983-12-23
3016103,2017-12-30,2018-01-13,34,34,34,34,1983-01-14,1983-12-30
3016103,2018-01-13,2018-02-24,34,34,34,34,1983-02-25,1984-01-13
3016103,2018-02-24,2018-03-10,34,34,34,34,1983-03-11,1984-02-24
3016103,2018-03-10,2018-03-24,34,34,34,34,1983-03-25,1984-03-10
3016103,2018-03-24,2018-04-28,34,34,35,35,1983-03-25,1983-04-28
3016103,2018-04-28,2018-10-20,35,35,35,35,1982-10-21,1983-04-28
3016103,2018-10-20,2018-11-24,35,35,35,35,1982-11-25,1983-10-20
3016103,2018-11-24,2018-12-01,35,35,35,35,1982-12-02,1983-11-24
3016103,2018-12-01,2018-12-29,35,35,35,35,1982-12-30,1983-12-01
3016103,2018-12-29,2019-02-23,35,35,35,35,1983-02-24,1983-12-29
3016103,2019-02-23,2019-03-09,35,35,35,35,1983-03-10,1984-02-23
3016103,2019-03-09,2019-04-06,35,35,35,35,1983-04-07,1984-03-09
3016103,2019-04-06,2019-04-27,35,35,35,35,1983-04-28,1984-04-06
3016103,2019-04-27,2019-08-31,35,35,36,36,1983-04-28,1983-08-31
3016103,2019-08-31,2019-09-28,36,36,36,36,1982-09-29,1983-08-31
3016103,2019-09-28,2021-10-09,36,36,38,38,1982-10-10,1983-09-28
3016103,2021-10-09,2022-09-17,38,38,39,39,1982-10-10,1983-09-17
3016103,2022-09-17,2025-03-29,39,39,41,41,1983-03-30,1983-09-17
3039969,,2017-02-18,,,15,15,2001-02-19,2002-02-18
3039969,2017-02-18,2017-05-06,15,15,12,12,2004-05-07,2002-02-18
3039969,2017-05-06,2017-05-20,12,12,12,12,2004-05-21,2005-05-06
3039969,2017-05-20,2017-07-01,12,12,12,12,2004-07-02,2005-05-20
3196133,,2017-02-11,,,42,42,1974-02-12,1975-02-11
3196133,2017-02-11,2017-02-25,42,42,42,42,1974-02-26,1975-02-11
3196133,2017-02-25,2017-03-18,42,42,10,10,2006-03-19,1975-02-25
3196133,2017-03-18,2017-04-01,10,10,10,10,2006-04-02,2007-03-18
3196133,2017-04-01,2017-04-22,10,10,10,10,2006-04-23,2007-04-01
3196133,2017-04-22,2017-04-29,10,10,10,10,2006-04-30,2007-04-22
3196133,2017-04-29,2017-05-13,10,10,10,10,2006-05-14,2007-04-29
3196133,2017-05-13,2017-05-27,10,10,10,10,2006-05-28,2007-05-13
3196133,2017-05-27,2017-06-17,10,10,10,10,2006-06-18,2007-05-27
3196133,2017-06-17,2017-07-01,10,10,10,10,2006-07-02,2007-06-17
3196133,2017-07-01,2017-07-08,10,10,10,10,2006-07-09,2007-07-01
3196133,2017-07-08,2017-07-29,10,10,10,10,2006-07-30,2007-07-08
3196133,2017-07-29,2017-09-16,10,10,10,10,2006-09-17,2007-07-29
3196133,2017-09-16,2017-09-23,10,10,10,10,2006-09-24,2007-09-16
3196133,2017-09-23,2017-10-14,10,10,10,10,2006-10-15,2007-09-23
3196133,2017-10-14,2017-11-25,10,10,11,11,2006-10-15,2006-11-25
3196133,2017-11-25,2018-01-06,11,11,11,11,2006-01-07,2006-11-25
3196133,2018-01-06,2018-01-20,11,11,11,11,2006-01-21,2007-01-06
3196133,2018-01-20,2018-01-27,11,11,11,11,2006-01-28,2007-01-20
3196133,2018-01-27,2018-02-03,11,11,11,11,2006-02-04,2007-01-27
3196133,2018-02-03,2018-03-10,11,11,11,11,2006-03-11,2007-02-03
3196133,2018-03-10,2018-04-07,11,11,11,11,2006-04-08,2007-03-10
3196133,2018-04-07,2018-04-14,11,11,11,11,2006-04-15,2007-04-07
3196133,2018-04-14,2018-04-28,11,11,11,11,2006-04-29,2007-04-14
3196133,2018-04-28,2018-05-05,11,11,11,11,2006-05-06,2007-04-28
3196133,2018-05-05,2018-05-12,11,11,11,11,2006-05-13,2007-05-05
3196133,2018-05-12,2018-05-19,11,11,11,11,2006-05-20,2007-05-12
3196133,2018-05-19,2018-06-02,11,11,11,11,2006-06-03,2007-05-19
3196133,2018-06-02,2018-06-16,11,11,11,11,2006-06-17,2007-06-02
3196133,2018-06-16,2018-06-23,11,11,11,11,2006-06-24,2007-06-16
3196133,2018-06-23,2018-06-30,11,11,11,11,2006-07-01,2007-06-23
3196133,2018-06-30,2018-07-07,11,11,11,11,2006-07-08,2007-06-30
3196133,2018-07-07,2018-07-14,11,11,11,11,2006-07-15,2007-07-07
3196133,2018-07-14,2018-07-21,11,11,11,11,2006-07-22,2007-07-14
3196133,2018-07-21,2018-07-28,11,11,11,11,2006-07-29,2007-07-21
3196133,2018-07-28,2018-08-25,11,11,11,11,2006-08-26,2007-07-28
3196133,2018-08-25,2018-09-01,11,11,11,11,2006-09-02,2007-08-25
3196133,2018-09-01,2018-09-08,11,11,11,11,2006-09-09,2007-09-01
3196133,2018-09-08,2018-09-15,11,11,11,11,2006-09-16,2007-09-08
3196133,2018-09-15,2018-10-06,11,11,11,11,2006-10-07,2007-09-15
3196133,2018-10-06,2018-10-13,11,11,11,11,2006-10-14,2007-10-06
3196133,2018-10-13,2018-10-20,11,11,11,11,2006-10-21,2007-10-13
3196133,2018-10-20,2018-10-27,11,11,11,11,2006-10-28,2007-10-20
3196133,2018-10-27,2018-11-17,11,11,12,12,2006-10-28,2006-11-17
3196133,2018-11-17,2019-01-26,12,12,12,12,2006-01-27,2006-11-17
3196133,2019-01-26,2019-02-16,12,12,12,12,2006-02-17,2007-01-26
3196133,2019-02-16,2019-02-23,12,12,12,12,2006-02-24,2007-02-16
3196133,2019-02-23,2019-03-09,12,12,12,12,2006-03-10,2007-02-23
3196133,2019-03-09,2019-03-23,12,12,12,12,2006-03-24,2007-03-09
3196133,2019-03-23,2019-04-06,12,12,12,12,2006-04-07,2007-03-23
3196133,2019-04-06,2019-04-20,12,12,12,12,2006-04-21,2007-04-06
3196133,2019-04-20,2019-05-04,12,12,12,12,2006-05-05,2007-04-20
3196133,2019-05-04,2019-05-18,12,12,12,12,2006-05-19,2007-05-04
3196133,2019-05-18,2019-06-08,12,12,12,12,2006-06-09,2007-05-18
3196133,2019-06-08,2019-06-15,12,12,12,12,2006-06-16,2007-06-08
3196133,2019-06-15,2019-06-29,12,12,12,12,2006-06-30,2007-06-15
3196133,2019-06-29,2019-07-27,12,12,12,12,2006-07-28,2007-06-29
3196133,2019-07-27,2019-09-07,12,12,12,12,2006-09-08,2007-07-27
3196133,2019-09-07,2019-09-28,12,12,12,12,2006-09-29,2007-09-07
3196133,2019-09-28,2019-10-05,12,12,12,12,2006-10-06,2007-09-28
3196133,2019-10-05,2019-10-12,12,12,12,12,2006-10-13,2007-10-05
3196133,2019-10-12,2019-10-19,12,12,12,12,2006-10-20,2007-10-12
3196133,2019-10-19,2019-10-26,12,12,12,12,2006-10-27,2007-10-19
3196133,2019-10-26,2019-11-09,12,12,13,13,2006-10-27,2006-11-09
3196133,2019-11-09,2019-11-16,13,13,13,13,2005-11-17,2006-11-09
3196133,2019-11-16,2019-11-23,13,13,13,13,2005-11-24,2006-11-16
3196133,2019-11-23,2019-12-07,13,13,13,13,2005-12-08,2006-11-23
3196133,2019-12-07,2019-12-28,13,13,13,13,2005-12-29,2006-12-07
3196133,2019-12-28,2020-01-01,13,13,13,13,2006-01-02,2006-12-28
3196133,2020-01-01,2020-01-04,13,13,13,13,2006-01-05,2007-01-01
3196133,2020-01-04,2020-01-25,13,13,13,13,2006-01-26,2007-01-04
3196133,2020-01-25,2020-03-07,13,13,13,13,2006-03-08,2007-01-25
3196133,2020-03-07,2020-03-14,13,13,13,13,2006-03-15,2007-03-07
3196133,2020-03-14,2021-08-07,13,13,14,14,2006-08-08,2007-03-14
3196133,2021-08-07,2021-09-04,14,14,14,14,2006-09-05,2007-08-07
3196133,2021-09-04,2021-09-18,14,14,14,14,2006-09-19,2007-09-04
3196133,2021-09-18,2021-09-25,14,14,14,14,2006-09-26,2007-09-18
3196133,2021-09-25,2021-10-09,14,14,14,14,2006-10-10,2007-09-25
3196133,2021-10-09,2021-10-16,14,14,14,14,2006-10-17,2007-10-09
3196133,2021-10-16,2021-10-30,14,14,15,15,2006-10-17,2006-10-30
3196133,2021-10-30,2021-11-13,15,15,15,15,2005-11-14,2006-10-30
3196133,2021-11-13,2021-11-20,15,15,15,15,2005-11-21,2006-11-13
3196133,2021-11-20,2021-12-04,15,15,15,15,2005-12-05,2006-11-20
3196133,2021-12-04,2021-12-11,15,15,15,15,2005-12-12,2006-12-04
3196133,2021-12-11,2022-01-08,15,15,15,15,2006-01-09,2006-12-11
3196133,2022-01-08,2022-01-15,15,15,15,15,2006-01-16,2007-01-08
3196133,2022-01-15,2022-01-22,15,15,15,15,2006-01-23,2007-01-15
3196133,2022-01-22,2022-02-12,15,15,15,15,2006-02-13,2007-01-22
3196133,2022-02-12,2022-02-26,15,15,15,15,2006-02-27,2007-02-12
3196133,2022-02-26,2022-03-05,15,15,15,15,2006-03-06,2007-02-26
3196133,2022-03-05,2022-03-12,15,15,15,15,2006-03-13,2007-03-05
3196133,2022-03-12,2022-03-19,15,15,15,15,2006-03-20,2007-03-12
3196133,2022-03-19,2022-04-09,15,15,15,15,2006-04-10,2007-03-19
3196133,2022-04-09,2022-05-14,15,15,15,15,2006-05-15,2007-04-09
3196133,2022-05-14,2022-05-21,15,15,15,15,2006-05-22,2007-05-14
3196133,2022-05-21,2022-06-04,15,15,15,15,2006-06-05,2007-05-21
3196133,2022-06-04,2022-06-11,15,15,15,15,2006-06-12,2007-06-04
3196133,2022-06-11,2022-07-02,15,15,15,15,2006-07-03,2007-06-11
3196133,2022-07-02,2022-10-15,15,15,15,15,2006-10-16,2007-07-02
3196133,2022-10-15,2022-10-29,15,15,15,15,2006-10-30,2007-10-15
3196133,2022-10-29,2022-11-05,15,15,16,16,2006-10-30,2006-11-05
3196133,2022-11-05,2022-12-03,16,16,16,16,2005-12-04,2006-11-05
3196133,2022-12-03,2022-12-10,16,16,16,16,2005-12-11,2006-12-03
3196133,2022-12-10,2022-12-31,16,16,16,16,2006-01-01,2006-12-10
3196133,2022-12-31,2023-01-28,16,16,16,16,2006-01-29,2006-12-31
3196133,2023-01-28,2023-02-11,16,16,16,16,2006-02-12,2007-01-28
3196133,2023-02-11,2023-02-25,16,16,16,16,2006-02-26,2007-02-11
3196133,2023-02-25,2023-03-04,16,16,16,16,2006-03-05,2007-02-25
3196133,2023-03-04,2023-03-18,16,16,16,16,2006-03-19,2007-03-04
3196133,2023-03-18,2023-03-25,16,16,16,16,2006-03-26,2007-03-18
3196133,2023-03-25,2023-04-01,16,16,16,16,2006-04-02,2007-03-25
3196133,2023-04-01,2023-04-08,16,16,16,16,2006-04-09,2007-04-01
3196133,2023-04-08,2023-04-22,16,16,16,16,2006-04-23,2007-04-08
3196133,2023-04-22,2023-04-29,16,16,16,16,2006-04-30,2007-04-22
3196133,2023-04-29,2023-05-06,16,16,16,16,2006-05-07,2007-04-29
3196133,2023-05-06,2023-05-13,16,16,16,16,2006-05-14,2007-05-06
3196133,2023-05-13,2023-05-20,16,16,16,16,2006-05-21,2007-05-13
3196133,2023-05-20,2023-05-27,16,16,16,16,2006-05-28,2007-05-20
3196133,2023-05-27,2023-06-17,16,16,16,16,2006-06-18,2007-05-27
3196133,2023-06-17,2023-06-24,16,16,16,16,2006-06-25,2007-06-17
3196133,2023-06-24,2023-07-01,16,16,16,16,2006-07-02,2007-06-24
3196133,2023-07-01,2023-07-22,16,16,16,16,2006-07-23,2007-07-01
3196133,2023-07-22,2023-08-12,16,16,16,16,2006-08-13,2007-07-22
3196133,2023-08-12,2023-08-26,16,16,16,16,2006-08-27,2007-08-12
3196133,2023-08-26,2023-09-16,16,16,16,16,2006-09-17,2007-08-26
3196133,2023-09-16,2023-10-21,16,16,16,16,2006-10-22,2007-09-16
3196133,2023-10-21,2023-10-28,16,16,16,16,2006-10-29,2007-10-21
3196133,2023-10-28,2023-11-04,16,16,17,17,2006-10-29,2006-11-04
3196133,2023-11-04,2023-11-11,17,17,17,17,2005-11-12,2006-11-04
3196133,2023-11-11,2023-11-18,17,17,17,17,2005-11-19,2006-11-11
3196133,2023-11-18,2023-12-02,17,17,17,17,2005-12-03,2006-11-18
3196133,2023-12-02,2023-12-09,17,17,17,17,2005-12-10,2006-12-02
3196133,2023-12-09,2023-12-23,17,17,17,17,2005-12-24,2006-12-09
3196133,2023-12-23,2023-12-30,17,17,17,17,2005-12-31,2006-12-23
3196133,2023-12-30,2024-01-01,17,17,17,17,2006-01-02,2006-12-30
3196133,2024-01-01,2024-01-06,17,17,17,17,2006-01-07,2007-01-01
3196133,2024-01-06,2024-01-13,17,17,17,17,2006-01-14,2007-01-06
3196133,2024-01-13,2024-02-03,17,17,17,17,2006-02-04,2007-01-13
3196133,2024-02-03,2024-03-02,17,17,17,17,2006-03-03,2007-02-03
3196133,2024-03-02,2024-03-09,17,17,17,17,2006-03-10,2007-03-02
3196133,2024-03-09,2024-04-20,17,17,17,17,2006-04-21,2007-03-09
3196133,2024-04-20,2024-05-04,17,17,17,17,2006-05-05,2007-04-20
3196133,2024-05-04,2024-05-25,17,17,17,17,2006-05-26,2007-05-04
3196133,2024-05-25,2024-06-01,17,17,17,17,2006-06-02,2007-05-25
3196133,2024-06-01,2024-06-15,17,17,17,17,2006-06-16,2007-06-01
3196133,2024-06-15,2024-06-22,17,17,17,17,2006-06-23,2007-06-15
3196133,2024-06-22,2024-09-28,17,17,17,17,2006-09-29,2007-06-22
3196133,2024-09-28,2024-10-05,17,17,17,17,2006-10-06,2007-09-28
3196133,2024-10-05,2025-02-22,17,17,18,18,2006-10-06,2007-02-22
3196133,2025-02-22,2025-03-29,18,18,18,18,2006-03-30,2007-02-22
3196133,2025-03-29,2025-05-17,18,18,18,18,2006-05-18,2007-03-29
3196133,2025-05-17,2025-09-06,18,18,18,18,2006-09-07,2007-05-17
3212568,,2018-01-27,,,47,47,1970-01-28,1971-01-27
3212568,2018-01-27,2018-02-03,47,47,47,47,1970-02-04,1971-01-27
3212568,2018-02-03,2018-02-24,47,47,47,47,1970-02-25,1971-02-03
3212568,2018-02-24,2018-03-10,47,47,47,47,1970-03-11,1971-02-24
3212568,2018-03-10,2018-03-24,47,47,47,47,1970-03-25,1971-03-10
3212568,2018-03-24,2018-04-14,47,47,47,47,1970-04-15,1971-03-24
3212568,2018-04-14,2018-05-05,47,47,47,47,1970-05-06,1971-04-14
3212568,2018-05-05,2018-05-12,47,47,37,37,1980-05-13,1971-05-05
3212568,2018-05-12,2018-05-19,37,37,37,37,1980-05-20,1981-05-12
3212568,2018-05-19,2018-06-02,37,37,37,37,1980-06-03,1981-05-19
3212568,2018-06-02,2018-06-09,37,37,37,37,1980-06-10,1981-06-02
3212568,2018-06-09,2018-06-23,37,37,37,37,1980-06-24,1981-06-09
3212568,2018-06-23,2018-06-30,37,37,37,37,1980-07-01,1981-06-23
3212568,2018-06-30,2018-09-22,37,37,38,38,1980-07-01,1980-09-22
3212568,2018-09-22,2018-10-06,38,38,38,38,1979-10-07,1980-09-22
3212568,2018-10-06,2018-10-20,38,38,38,38,1979-10-21,1980-10-06
3212568,2018-10-20,2018-10-27,38,38,38,38,1979-10-28,1980-10-20
3212568,2018-10-27,2018-11-10,38,38,38,38,1979-11-11,1980-10-27
3251252,,2017-02-25,,,46,46,1970-02-26,1971-02-25
3251252,2017-02-25,2017-03-04,46,46,16,16,2000-03-05,1971-02-25
3251252,2017-03-04,2017-03-11,16,16,16,16,2000-03-12,2001-03-04
3251252,2017-03-11,2017-03-18,16,16,16,16,2000-03-19,2001-03-11
3251252,2017-03-18,2017-03-25,16,16,16,16,2000-03-26,2001-03-18
3251252,2017-03-25,2017-04-15,16,16,16,16,2000-04-16,2001-03-25
3251252,2017-04-15,2017-04-22,16,16,16,16,2000-04-23,2001-04-15
3251252,2017-04-22,2017-04-29,16,16,16,16,2000-04-30,2001-04-22
3251252,2017-04-29,2017-05-06,16,16,16,16,2000-05-07,2001-04-29
3251252,2017-05-06,2017-05-13,16,16,16,16,2000-05-14,2001-05-06
3251252,2017-05-13,2017-05-20,16,16,16,16,2000-05-21,2001-05-13
3251252,2017-05-20,2017-05-27,16,16,16,16,2000-05-28,2001-05-20
3251252,2017-05-27,2017-06-03,16,16,16,16,2000-06-04,2001-05-27
3251252,2017-06-03,2017-06-10,16,16,16,16,2000-06-11,2001-06-03
3251252,2017-06-10,2017-06-17,16,16,16,16,2000-06-18,2001-06-10
3251252,2017-06-17,2017-06-24,16,16,16,16,2000-06-25,2001-06-17
3251252,2017-06-24,2017-07-01,16,16,17,17,2000-06-25,2000-07-01
3251252,2017-07-01,2017-07-15,17,17,17,17,1999-07-16,2000-07-01
3251252,2017-07-15,2017-07-22,17,17,17,17,1999-07-23,2000-07-15
3251252,2017-07-22,2017-07-29,17,17,17,17,1999-07-30,2000-07-22
3251252,2017-07-29,2017-08-05,17,17,17,17,1999-08-06,2000-07-29
3251252,2017-08-05,2017-08-19,17,17,17,17,1999-08-20,2000-08-05
3251252,2017-08-19,2017-09-02,17,17,17,17,1999-09-03,2000-08-19
3251252,2017-09-02,2017-09-09,17,17,17,17,1999-09-10,2000-09-02
3251252,2017-09-09,2017-09-16,17,17,17,17,1999-09-17,2000-09-09
3251252,2017-09-16,2017-09-30,17,17,17,17,1999-10-01,2000-09-16
3251252,2017-09-30,2017-10-07,17,17,17,17,1999-10-08,2000-09-30
3251252,2017-10-07,2017-10-14,17,17,17,17,1999-10-15,2000-10-07
3251252,2017-10-14,2017-10-21,17,17,17,17,1999-10-22,2000-10-14
3251252,2017-10-21,2017-10-28,17,17,17,17,1999-10-29,2000-10-21
3251252,2017-10-28,2017-11-04,17,17,17,17,1999-11-05,2000-10-28
3251252,2017-11-04,2017-11-11,17,17,17,17,1999-11-12,2000-11-04
3251252,2017-11-11,2017-11-18,17,17,17,17,1999-11-19,2000-11-11
3251252,2017-11-18,2017-11-25,17,17,17,17,1999-11-26,2000-11-18
3251252,2017-11-25,2017-12-09,17,17,17,17,1999-12-10,2000-11-25
3251252,2017-12-09,2017-12-16,17,17,17,17,1999-12-17,2000-12-09
3251252,2017-12-16,2017-12-23,17,17,17,17,1999-12-24,2000-12-16
3251252,2017-12-23,2017-12-30,17,17,17,17,1999-12-31,2000-12-23
3251252,2017-12-30,2018-01-06,17,17,17,17,2000-01-07,2000-12-30
3251252,2018-01-06,2018-01-13,17,17,17,17,2000-01-14,2001-01-06
3251252,2018-01-13,2018-02-10,17,17,17,17,2000-02-11,2001-01-13
3251252,2018-02-10,2018-02-17,17,17,17,17,2000-02-18,2001-02-10
3251252,2018-02-17,2018-02-24,17,17,17,17,2000-02-25,2001-02-17
3251252,2018-02-24,2018-03-10,17,17,17,17,2000-03-11,2001-02-24
3251252,2018-03-10,2018-03-17,17,17,17,17,2000-03-18,2001-03-10
3251252,2018-03-17,2018-03-24,17,17,17,17,2000-03-25,2001-03-17
3251252,2018-03-24,2018-04-07,17,17,17,17,2000-04-08,2001-03-24
3251252,2018-04-07,2018-04-14,17,17,17,17,2000-04-15,2001-04-07
3251252,2018-04-14,2018-04-28,17,17,17,17,2000-04-29,2001-04-14
3251252,2018-04-28,2018-05-05,17,17,17,17,2000-05-06,2001-04-28
3251252,2018-05-05,2018-05-12,17,17,17,17,2000-05-13,2001-05-05
3251252,2018-05-12,2018-05-26,17,17,17,17,2000-05-27,2001-05-12
3251252,2018-05-26,2018-06-02,17,17,17,17,2000-06-03,2001-05-26
3251252,2018-06-02,2018-06-09,17,17,17,17,2000-06-10,2001-06-02
3251252,2018-06-09,2018-06-16,17,17,17,17,2000-06-17,2001-06-09
3251252,2018-06-16,2018-07-07,17,17,18,18,2000-06-17,2000-07-07
3251252,2018-07-07,2018-07-28,18,18,18,18,1999-07-29,2000-07-07
3251252,2018-07-28,2018-08-18,18,18,18,18,1999-08-19,2000-07-28
3251252,2018-08-18,2018-09-01,18,18,18,18,1999-09-02,2000-08-18
3251252,2018-09-01,2018-09-08,18,18,18,18,1999-09-09,2000-09-01
3251252,2018-09-08,2018-09-22,18,18,18,18,1999-09-23,2000-09-08
3251252,2018-09-22,2018-09-29,18,18,18,18,1999-09-30,2000-09-22
3251252,2018-09-29,2018-10-06,18,18,18,18,1999-10-07,2000-09-29
3251252,2018-10-06,2018-10-27,18,18,18,18,1999-10-28,2000-10-06
3251252,2018-10-27,2018-11-03,18,18,18,18,1999-11-04,2000-10-27
3251252,2018-11-03,2018-11-10,18,18,18,18,1999-11-11,2000-11-03
3251252,2018-11-10,2018-11-17,18,18,18,18,1999-11-18,2000-11-10
3251252,2018-11-17,2018-12-01,18,18,18,18,1999-12-02,2000-11-17
3251252,2018-12-01,2018-12-15,18,18,18,18,1999-12-16,2000-12-01
3251252,2018-12-15,2018-12-22,18,18,18,18,1999-12-23,2000-12-15
3251252,2018-12-22,2019-01-12,18,18,18,18,2000-01-13,2000-12-22
3251252,2019-01-12,2019-01-19,18,18,18,18,2000-01-20,2001-01-12
3251252,2019-01-19,2019-01-26,18,18,18,18,2000-01-27,2001-01-19
3251252,2019-01-26,2019-02-09,18,18,18,18,2000-02-10,2001-01-26
3251252,2019-02-09,2019-02-16,18,18,18,18,2000-02-17,2001-02-09
3251252,2019-02-16,2019-03-09,18,18,18,18,2000-03-10,2001-02-16
3251252,2019-03-09,2019-03-16,18,18,18,18,2000-03-17,2001-03-09
3251252,2019-03-16,2019-04-13,18,18,18,18,2000-04-14,2001-03-16
3251252,2019-04-13,2019-04-20,18,18,18,18,2000-04-21,2001-04-13
3251252,2019-04-20,2019-05-04,18,18,18,18,2000-05-05,2001-04-20
3251252,2019-05-04,2019-05-18,18,18,18,18,2000-05-19,2001-05-04
3251252,2019-05-18,2019-06-01,18,18,18,18,2000-06-02,2001-05-18
3251252,2019-06-01,2019-06-22,18,18,18,18,2000-06-23,2001-06-01
3251252,2019-06-22,2019-07-13,18,18,19,19,2000-06-23,2000-07-13
3251252,2019-07-13,2019-08-10,19,19,19,19,1999-08-11,2000-07-13
3251252,2019-08-10,2019-08-31,19,19,19,19,1999-09-01,2000-08-10
3251252,2019-08-31,2019-10-05,19,19,19,19,1999-10-06,2000-08-31
3251252,2019-10-05,2019-10-12,19,19,19,19,1999-10-13,2000-10-05
3251252,2019-10-12,2019-10-26,19,19,19,19,1999-10-27,2000-10-12
3251252,2019-10-26,2019-11-02,19,19,19,19,1999-11-03,2000-10-26
3251252,2019-11-02,2019-11-09,19,19,19,19,1999-11-10,2000-11-02
3251252,2019-11-09,2019-11-16,19,19,19,19,1999-11-17,2000-11-09
3251252,2019-11-16,2019-11-23,19,19,19,19,1999-11-24,2000-11-16
3251252,2019-11-23,2019-12-14,19,19,19,19,1999-12-15,2000-11-23
3251252,2019-12-14,2019-12-28,19,19,19,19,1999-12-29,2000-12-14
3251252,2019-12-28,2020-01-11,19,19,19,19,2000-01-12,2000-12-28
3251252,2020-01-11,2020-01-18,19,19,19,19,2000-01-19,2001-01-11
3251252,2020-01-18,2020-01-25,19,19,19,19,2000-01-26,2001-01-18
3251252,2020-01-25,2020-02-01,19,19,19,19,2000-02-02,2001-01-25
3251252,2020-02-01,2020-02-08,19,19,19,19,2000-02-09,2001-02-01
3251252,2020-02-08,2020-02-15,19,19,19,19,2000-02-16,2001-02-08
3251252,2020-02-15,2020-02-22,19,19,19,19,2000-02-23,2001-02-15
3251252,2020-02-22,2020-03-14,19,19,19,19,2000-03-15,2001-02-22
3251252,2020-03-14,2021-08-14,19,19,21,21,2000-03-15,2000-08-14
3251252,2021-08-14,2021-08-21,21,21,21,21,1999-08-22,2000-08-14
3251252,2021-08-21,2021-08-28,21,21,21,21,1999-08-29,2000-08-21
3251252,2021-08-28,2021-10-09,21,21,21,21,1999-10-10,2000-08-28
3251252,2021-10-09,2021-11-06,21,21,21,21,1999-11-07,2000-10-09
3251252,2021-11-06,2021-12-04,21,21,21,21,1999-12-05,2000-11-06
3251252,2021-12-04,2022-02-05,21,21,21,21,2000-02-06,2000-12-04
3251252,2022-02-05,2022-05-14,21,21,21,21,2000-05-15,2001-02-05
3251252,2022-05-14,2022-05-28,21,21,21,21,2000-05-29,2001-05-14
3251252,2022-05-28,2022-06-04,21,21,21,21,2000-06-05,2001-05-28
3251252,2022-06-04,2022-06-11,21,21,21,21,2000-06-12,2001-06-04
3251252,2022-06-11,2022-06-18,21,21,21,21,2000-06-19,2001-06-11
3251252,2022-06-18,2022-07-09,21,21,22,24,2000-06-19,2000-07-09
3251252,2022-07-09,2022-07-16,22,24,22,24,1997-07-17,2000-07-09
3251252,2022-07-16,2022-07-23,22,24,22,24,1997-07-24,2000-07-16
3251252,2022-07-23,2022-07-30,22,24,22,24,1997-07-31,2000-07-23
3251252,2022-07-30,2022-08-06,22,24,22,24,1997-08-07,2000-07-30
3251252,2022-08-06,2022-08-13,22,24,22,24,1997-08-14,2000-08-06
3251252,2022-08-13,2022-08-20,22,24,22,24,1997-08-21,2000-08-13
3251252,2022-08-20,2022-09-03,22,24,22,24,1997-09-04,2000-08-20
3251252,2022-09-03,2022-09-10,22,24,22,24,1997-09-11,2000-09-03
3251252,2022-09-10,2022-09-17,22,24,22,24,1997-09-18,2000-09-10
3251252,2022-09-17,2022-09-24,22,24,22,24,1997-09-25,2000-09-17
3251252,2022-09-24,2022-10-22,22,24,22,24,1997-10-23,2000-09-24
3251252,2022-10-22,2022-11-12,22,24,22,24,1997-11-13,2000-10-22
3251252,2022-11-12,2022-12-17,22,24,22,24,1997-12-18,2000-11-12
3251252,2022-12-17,2023-01-21,22,24,22,24,1998-01-22,2000-12-17
3251252,2023-01-21,2023-01-28,22,24,22,24,1998-01-29,2001-01-21
3251252,2023-01-28,2023-02-11,22,24,22,24,1998-02-12,2001-01-28
3251252,2023-02-11,2023-02-18,22,24,22,24,1998-02-19,2001-02-11
3251252,2023-02-18,2023-03-18,22,24,22,24,1998-03-19,2001-02-18
3251252,2023-03-18,2023-03-25,22,24,22,24,1998-03-26,2001-03-18
3251252,2023-03-25,2023-04-08,22,24,22,24,1998-04-09,2001-03-25
3251252,2023-04-08,2023-04-22,22,24,22,24,1998-04-23,2001-04-08
3251252,2023-04-22,2023-06-10,22,24,22,24,1998-06-11,2001-04-22
3251252,2023-06-10,2023-07-22,22,24,22,24,1998-07-23,2001-06-10
3251252,2023-07-22,2023-07-29,22,24,22,24,1998-07-30,2001-07-22
3251252,2023-07-29,2023-08-12,22,24,22,24,1998-08-13,2001-07-29
3251252,2023-08-12,2023-08-19,22,24,22,24,1998-08-20,2001-08-12
3251252,2023-08-19,2023-08-26,22,24,22,24,1998-08-27,2001-08-19
3251252,2023-08-26,2023-09-02,22,24,22,24,1998-09-03,2001-08-26
3251252,2023-09-02,2023-09-16,22,24,22,24,1998-09-17,2001-09-02
3251252,2023-09-16,2023-09-23,22,24,22,24,1998-09-24,2001-09-16
3251252,2023-09-23,2023-09-30,22,24,22,24,1998-10-01,2001-09-23
3251252,2023-09-30,2023-10-07,22,24,22,24,1998-10-08,2001-09-30
3251252,2023-10-07,2023-10-14,22,24,22,24,1998-10-15,2001-10-07
3251252,2023-10-14,2023-11-11,22,24,22,24,1998-11-12,2001-10-14
3251252,2023-11-11,2023-11-18,22,24,22,24,1998-11-19,2001-11-11
3251252,2023-11-18,2023-12-02,22,24,22,24,1998-12-03,2001-11-18
3251252,2023-12-02,2023-12-16,22,24,22,24,1998-12-17,2001-12-02
3251252,2023-12-16,2023-12-25,22,24,22,24,1998-12-26,2001-12-16
3251252,2023-12-25,2023-12-30,22,24,22,24,1998-12-31,2001-12-25
3251252,2023-12-30,2024-01-06,22,24,22,24,1999-01-07,2001-12-30
3251252,2024-01-06,2024-01-13,22,24,22,24,1999-01-14,2002-01-06
3251252,2024-01-13,2024-01-20,22,24,22,24,1999-01-21,2002-01-13
3251252,2024-01-20,2024-02-03,22,24,22,24,1999-02-04,2002-01-20
3251252,2024-02-03,2024-02-17,22,24,22,24,1999-02-18,2002-02-03
3251252,2024-02-17,2024-02-24,22,24,22,24,1999-02-25,2002-02-17
3251252,2024-02-24,2024-03-16,22,24,22,24,1999-03-17,2002-02-24
3251252,2024-03-16,2024-03-30,22,24,22,24,1999-03-31,2002-03-16
3251252,2024-03-30,2024-04-06,22,24,22,24,1999-04-07,2002-03-30
3251252,2024-04-06,2024-04-27,22,24,22,24,1999-04-28,2002-04-06
3251252,2024-04-27,2024-05-04,22,24,22,24,1999-05-05,2002-04-27
3251252,2024-05-04,2024-05-11,22,24,22,24,1999-05-12,2002-05-04
3251252,2024-05-11,2024-05-18,22,24,22,24,1999-05-19,2002-05-11
3251252,2024-05-18,2024-05-25,22,24,22,24,1999-05-26,2002-05-18
3251252,2024-05-25,2024-06-08,22,24,22,24,1999-06-09,2002-05-25
3251252,2024-06-08,2024-06-22,22,24,22,24,1999-06-23,2002-06-08
3251252,2024-06-22,2024-07-06,22,24,22,24,1999-07-07,2002-06-22
3251252,2024-07-06,2024-07-13,22,24,22,24,1999-07-14,2002-07-06
3251252,2024-07-13,2024-07-20,22,24,22,24,1999-07-21,2002-07-13
3251252,2024-07-20,2024-08-10,22,24,22,24,1999-08-11,2002-07-20
3251252,2024-08-10,2024-08-17,22,24,22,24,1999-08-18,2002-08-10
3251252,2024-08-17,2024-08-24,22,24,22,24,1999-08-25,2002-08-17
3251252,2024-08-24,2024-08-31,22,24,22,24,1999-09-01,2002-08-24
3251252,2024-08-31,2024-09-28,22,24,22,24,1999-09-29,2002-08-31
3251252,2024-09-28,2024-10-05,22,24,22,24,1999-10-06,2002-09-28
3251252,2024-10-05,2024-10-12,22,24,22,24,1999-10-13,2002-10-05
3251252,2024-10-12,2024-10-19,22,24,22,24,1999-10-20,2002-10-12
3251252,2024-10-19,2024-11-09,22,24,22,24,1999-11-10,2002-10-19
3251252,2024-11-09,2024-11-16,22,24,22,24,1999-11-17,2002-11-09
3251252,2024-11-16,2024-11-23,22,24,22,24,1999-11-24,2002-11-16
3251252,2024-11-23,2024-12-25,22,24,22,24,1999-12-26,2002-11-23
3251252,2024-12-25,2025-01-04,22,24,22,24,2000-01-05,2002-12-25
3251252,2025-01-04,2025-01-18,22,24,22,24,2000-01-19,2003-01-04
3251252,2025-01-18,2025-01-25,22,24,22,24,2000-01-26,2003-01-18
3251252,2025-01-25,2025-02-01,22,24,22,24,2000-02-02,2003-01-25
3251252,2025-02-01,2025-02-08,22,24,22,24,2000-02-09,2003-02-01
3251252,2025-02-08,2025-02-15,22,24,22,24,2000-02-16,2003-02-08
3251252,2025-02-15,2025-03-01,22,24,22,24,2000-03-02,2003-02-15
3251252,2025-03-01,2025-03-08,22,24,22,24,2000-03-09,2003-03-01
3251252,2025-03-08,2025-03-15,22,24,22,24,2000-03-16,2003-03-08
3251252,2025-03-15,2025-03-22,22,24,22,24,2000-03-23,2003-03-15
3251252,2025-03-22,2025-03-29,22,24,22,24,2000-03-30,2003-03-22
3251252,2025-03-29,2025-04-05,22,24,22,24,2000-04-06,2003-03-29
3251252,2025-04-05,2025-04-12,22,24,22,24,2000-04-13,2003-04-05
3251252,2025-04-12,2025-04-19,22,24,22,24,2000-04-20,2003-04-12
3251252,2025-04-19,2025-04-26,22,24,22,24,2000-04-27,2003-04-19
3251252,2025-04-26,2025-05-10,22,24,22,24,2000-05-11,2003-04-26
3251252,2025-05-10,2025-05-24,22,24,22,24,2000-05-25,2003-05-10
3251252,2025-05-24,2025-05-31,22,24,22,24,2000-06-01,2003-05-24
3251252,2025-05-31,2025-06-07,22,24,22,24,2000-06-08,2003-05-31
3251252,2025-06-07,2025-06-14,22,24,22,24,2000-06-15,2003-06-07
3251252,2025-06-14,2025-06-28,22,24,25,28,2000-06-15,2000-06-28
3251252,2025-06-28,2025-07-05,25,28,25,28,1996-07-06,2000-06-28
3251252,2025-07-05,2025-07-19,25,28,25,28,1996-07-20,2000-07-05
3251252,2025-07-19,2025-08-02,25,28,25,28,1996-08-03,2000-07-19
3251252,2025-08-02,2025-08-09,25,28,25,28,1996-08-10,2000-08-02
3251252,2025-08-09,2025-08-16,25,28,25,28,1996-08-17,2000-08-09
3251252,2025-08-16,2025-10-11,25,28,25,28,1996-10-12,2000-08-16
3251252,2025-10-11,2025-10-25,25,28,25,28,1996-10-26,2000-10-11
3251252,2025-10-25,2025-11-15,25,28,25,28,1996-11-16,2000-10-25
3251252,2025-11-15,2025-12-13,25,28,25,28,1996-12-14,2000-11-15
3251252,2025-12-13,2025-12-25,25,28,25,28,1996-12-26,2000-12-13
3251252,2025-12-25,2025-12-27,25,28,25,28,1996-12-28,2000-12-25
3251252,2025-12-27,2026-01-03,25,28,25,28,1997-01-04,2000-12-27
3251252,2026-01-03,2026-01-10,25,28,25,28,1997-01-11,2001-01-03
3251252,2026-01-10,2026-01-24,25,28,25,28,1997-01-25,2001-01-10
3336249,,2017-03-25,,,31,31,1985-03-26,1986-03-25
3336249,2017-03-25,2017-04-01,31,31,31,31,1985-04-02,1986-03-25
3336249,2017-04-01,2017-05-06,31,31,25,29,1987-05-07,1986-04-01
3380581,,2023-03-11,,,30,30,1992-03-12,1993-03-11
3380581,2023-03-11,2024-04-13,30,30,31,31,1992-04-14,1993-03-11
3380581,2024-04-13,2024-08-10,31,31,31,31,1992-08-11,1993-04-13
3380581,2024-08-10,2024-09-14,31,31,25,29,1994-09-15,1993-08-10
3421295,,2017-04-22,,,22,24,1992-04-23,1995-04-22
3421295,2017-04-22,2017-05-06,22,24,20,24,1992-05-07,1995-04-22
3421295,2017-05-06,2017-06-17,20,24,20,24,1992-06-18,1997-05-06
3421295,2017-06-17,2017-07-22,20,24,20,24,1992-07-23,1997-06-17
3421295,2017-07-22,2017-08-05,20,24,20,24,1992-08-06,1997-07-22
3421295,2017-08-05,2017-08-19,20,24,20,24,1992-08-20,1997-08-05
3424529,,2017-04-22,,,55,55,1961-04-23,1962-04-22
3424529,2017-04-22,2017-05-06,55,55,51,51,1965-05-07,1962-04-22
3424529,2017-05-06,2017-05-27,51,51,51,51,1965-05-28,1966-05-06
3424529,2017-05-27,2017-06-03,51,51,51,51,1965-06-04,1966-05-27
3424529,2017-06-03,2017-06-10,51,51,51,51,1965-06-11,1966-06-03
3424529,2017-06-10,2017-06-17,51,51,51,51,1965-06-18,1966-06-10
3424529,2017-06-17,2017-07-15,51,51,51,51,1965-07-16,1966-06-17
3424529,2017-07-15,2017-08-26,51,51,51,51,1965-08-27,1966-07-15
3424529,2017-08-26,2017-09-02,51,51,51,51,1965-09-03,1966-08-26
3424529,2017-09-02,2017-09-09,51,51,51,51,1965-09-10,1966-09-02
3424529,2017-09-09,2017-09-16,51,51,51,51,1965-09-17,1966-09-09
3424529,2017-09-16,2017-10-07,51,51,51,51,1965-10-08,1966-09-16
3424529,2017-10-07,2017-10-14,51,51,51,51,1965-10-15,1966-10-07
3424529,2017-10-14,2017-11-18,51,51,51,51,1965-11-19,1966-10-14
3424529,2017-11-18,2018-02-03,51,51,51,51,1966-02-04,1966-11-18
3424529,2018-02-03,2018-04-21,51,51,52,52,1966-02-04,1966-04-21
3424529,2018-04-21,2018-05-05,52,52,52,52,1965-05-06,1966-04-21
3424529,2018-05-05,2018-05-12,52,52,52,52,1965-05-13,1966-05-05
3424529,2018-05-12,2018-05-19,52,52,52,52,1965-05-20,1966-05-12
3424529,2018-05-19,2018-05-26,52,52,52,52,1965-05-27,1966-05-19
3424529,2018-05-26,2018-06-09,52,52,52,52,1965-06-10,1966-05-26
3424529,2018-06-09,2018-06-30,52,52,52,52,1965-07-01,1966-06-09
3424529,2018-06-30,2018-07-21,52,52,52,52,1965-07-22,1966-06-30
3424529,2018-07-21,2018-07-28,52,52,52,52,1965-07-29,1966-07-21
3424529,2018-07-28,2018-08-25,52,52,52,52,1965-08-26,1966-07-28
3424529,2018-08-25,2018-09-15,52,52,52,52,1965-09-16,1966-08-25
3424529,2018-09-15,2018-10-06,52,52,52,52,1965-10-07,1966-09-15
3424529,2018-10-06,2018-10-20,52,52,52,52,1965-10-21,1966-10-06
3424529,2018-10-20,2018-10-27,52,52,52,52,1965-10-28,1966-10-20
3424529,2018-10-27,2018-11-03,52,52,52,52,1965-11-04,1966-10-27
3424529,2018-11-03,2018-12-22,52,52,52,52,1965-12-23,1966-11-03
3424529,2018-12-22,2019-01-12,52,52,52,52,1966-01-13,1966-12-22
3424529,2019-01-12,2019-01-19,52,52,52,52,1966-01-20,1967-01-12
3424529,2019-01-19,2019-01-26,52,52,52,52,1966-01-27,1967-01-19
3424529,2019-01-26,2019-02-09,52,52,52,52,1966-02-10,1967-01-26
3424529,2019-02-09,2019-03-02,52,52,53,53,1966-02-10,1966-03-02
3424529,2019-03-02,2019-03-09,53,53,53,53,1965-03-10,1966-03-02
3424529,2019-03-09,2019-03-16,53,53,53,53,1965-03-17,1966-03-09
3424529,2019-03-16,2019-03-23,53,53,53,53,1965-03-24,1966-03-16
3424529,2019-03-23,2019-03-30,53,53,53,53,1965-03-31,1966-03-23
3424529,2019-03-30,2019-04-13,53,53,53,53,1965-04-14,1966-03-30
3424529,2019-04-13,2019-04-27,53,53,53,53,1965-04-28,1966-04-13
3424529,2019-04-27,2019-05-04,53,53,53,53,1965-05-05,1966-04-27
3424529,2019-05-04,2019-05-18,53,53,53,53,1965-05-19,1966-05-04
3424529,2019-05-18,2019-06-01,53,53,53,53,1965-06-02,1966-05-18
3424529,2019-06-01,2019-06-08,53,53,53,53,1965-06-09,1966-06-01
3424529,2019-06-08,2019-06-15,53,53,53,53,1965-06-16,1966-06-08
3424529,2019-06-15,2019-06-22,53,53,53,53,1965-06-23,1966-06-15
3424529,2019-06-22,2019-06-29,53,53,53,53,1965-06-30,1966-06-22
3424529,2019-06-29,2019-08-03,53,53,53,53,1965-08-04,1966-06-29
3424529,2019-08-03,2019-08-17,53,53,53,53,1965-08-18,1966-08-03
3424529,2019-08-17,2019-08-31,53,53,53,53,1965-09-01,1966-08-17
3424529,2019-08-31,2019-09-14,53,53,53,53,1965-09-15,1966-08-31
3424529,2019-09-14,2019-09-21,53,53,53,53,1965-09-22,1966-09-14
3424529,2019-09-21,2019-10-05,53,53,53,53,1965-10-06,1966-09-21
3424529,2019-10-05,2019-11-09,53,53,53,53,1965-11-10,1966-10-05
3424529,2019-11-09,2019-11-16,53,53,53,53,1965-11-17,1966-11-09
3424529,2019-11-16,2019-12-21,53,53,53,53,1965-12-22,1966-11-16
3424529,2019-12-21,2019-12-28,53,53,53,53,1965-12-29,1966-12-21
3424529,2019-12-28,2020-01-01,53,53,53,53,1966-01-02,1966-12-28
3424529,2020-01-01,2020-01-18,53,53,53,53,1966-01-19,1967-01-01
3424529,2020-01-18,2020-01-25,53,53,53,53,1966-01-26,1967-01-18
3424529,2020-01-25,2020-02-08,53,53,53,53,1966-02-09,1967-01-25
3424529,2020-02-08,2020-02-15,53,53,54,54,1966-02-09,1966-02-15
3424529,2020-02-15,2020-02-22,54,54,54,54,1965-02-23,1966-02-15
3424529,2020-02-22,2020-03-07,54,54,54,54,1965-03-08,1966-02-22
3424529,2020-03-07,2021-07-31,54,54,55,55,1965-08-01,1966-03-07
3424529,2021-07-31,2021-08-28,55,55,55,55,1965-08-29,1966-07-31
3424529,2021-08-28,2021-09-04,55,55,55,55,1965-09-05,1966-08-28
3424529,2021-09-04,2021-09-18,55,55,55,55,1965-09-19,1966-09-04
3424529,2021-09-18,2021-09-25,55,55,55,55,1965-09-26,1966-09-18
3424529,2021-09-25,2021-10-02,55,55,55,55,1965-10-03,1966-09-25
3424529,2021-10-02,2021-10-09,55,55,55,55,1965-10-10,1966-10-02
3424529,2021-10-09,2021-11-06,55,55,55,55,1965-11-07,1966-10-09
3424529,2021-11-06,2021-11-13,55,55,55,55,1965-11-14,1966-11-06
3424529,2021-11-13,2021-11-20,55,55,55,55,1965-11-21,1966-11-13
3424529,2021-11-20,2021-12-04,55,55,55,55,1965-12-05,1966-11-20
3424529,2021-12-04,2021-12-11,55,55,55,55,1965-12-12,1966-12-04
3424529,2021-12-11,2021-12-18,55,55,55,55,1965-12-19,1966-12-11
3424529,2021-12-18,2022-01-01,55,55,55,55,1966-01-02,1966-12-18
3424529,2022-01-01,2022-01-08,55,55,55,55,1966-01-09,1967-01-01
3424529,2022-01-08,2022-01-22,55,55,55,55,1966-01-23,1967-01-08
3424529,2022-01-22,2022-02-26,55,55,56,56,1966-01-23,1966-02-26
3424529,2022-02-26,2022-03-12,56,56,56,56,1965-03-13,1966-02-26
3424529,2022-03-12,2022-03-19,56,56,56,56,1965-03-20,1966-03-12
3424529,2022-03-19,2022-03-26,56,56,56,56,1965-03-27,1966-03-19
3424529,2022-03-26,2022-04-02,56,56,56,56,1965-04-03,1966-03-26
3424529,2022-04-02,2022-04-16,56,56,56,56,1965-04-17,1966-04-02
3424529,2022-04-16,2022-04-23,56,56,56,56,1965-04-24,1966-04-16
3424529,2022-04-23,2022-05-07,56,56,56,56,1965-05-08,1966-04-23
3424529,2022-05-07,2022-05-21,56,56,56,56,1965-05-22,1966-05-07
3424529,2022-05-21,2022-08-27,56,56,56,56,1965-08-28,1966-05-21
3424529,2022-08-27,2022-09-10,56,56,56,56,1965-09-11,1966-08-27
3424529,2022-09-10,2022-09-17,56,56,56,56,1965-09-18,1966-09-10
3424529,2022-09-17,2022-10-01,56,56,56,56,1965-10-02,1966-09-17
3424529,2022-10-01,2022-10-15,56,56,56,56,1965-10-16,1966-10-01
3424529,2022-10-15,2022-11-12,56,56,56,56,1965-11-13,1966-10-15
3424529,2022-11-12,2022-12-10,56,56,56,56,1965-12-11,1966-11-12
3424529,2022-12-10,2022-12-25,56,56,56,56,1965-12-26,1966-12-10
3424529,2022-12-25,2023-01-01,56,56,56,56,1966-01-02,1966-12-25
3424529,2023-01-01,2023-01-21,56,56,56,56,1966-01-22,1967-01-01
3424529,2023-01-21,2023-02-18,56,56,57,57,1966-01-22,1966-02-18
3424529,2023-02-18,2023-02-25,57,57,57,57,1965-02-26,1966-02-18
3424529,2023-02-25,2023-04-22,57,57,57,57,1965-04-23,1966-02-25
3424529,2023-04-22,2023-04-29,57,57,57,57,1965-04-30,1966-04-22
3424529,2023-04-29,2023-05-06,57,57,57,57,1965-05-07,1966-04-29
3424529,2023-05-06,2023-05-27,57,57,57,57,1965-05-28,1966-05-06
3424529,2023-05-27,2023-06-17,57,57,57,57,1965-06-18,1966-05-27
3424529,2023-06-17,2023-08-05,57,57,57,57,1965-08-06,1966-06-17
3424529,2023-08-05,2023-08-12,57,57,57,57,1965-08-13,1966-08-05
3424529,2023-08-12,2023-08-19,57,57,57,57,1965-08-20,1966-08-12
3424529,2023-08-19,2023-09-02,57,57,57,57,1965-09-03,1966-08-19
3424529,2023-09-02,2023-09-09,57,57,57,57,1965-09-10,1966-09-02
3424529,2023-09-09,2023-09-16,57,57,57,57,1965-09-17,1966-09-09
3424529,2023-09-16,2023-10-07,57,57,57,57,1965-10-08,1966-09-16
3424529,2023-10-07,2023-10-14,57,57,57,57,1965-10-15,1966-10-07
3424529,2023-10-14,2023-11-25,57,57,57,57,1965-11-26,1966-10-14
3424529,2023-11-25,2023-12-30,57,57,57,57,1965-12-31,1966-11-25
3424529,2023-12-30,2024-01-06,57,57,57,57,1966-01-07,1966-12-30
3424529,2024-01-06,2024-01-20,57,57,57,57,1966-01-21,1967-01-06
3424529,2024-01-20,2024-01-27,57,57,57,57,1966-01-28,1967-01-20
3424529,2024-01-27,2024-03-02,57,57,58,58,1966-01-28,1966-03-02
3424529,2024-03-02,2024-04-27,58,58,58,58,1965-04-28,1966-03-02
3424529,2024-04-27,2024-06-08,58,58,58,58,1965-06-09,1966-04-27
3424529,2024-06-08,2024-06-15,58,58,58,58,1965-06-16,1966-06-08
3424529,2024-06-15,2024-06-22,58,58,58,58,1965-06-23,1966-06-15
3424529,2024-06-22,2024-07-13,58,58,58,58,1965-07-14,1966-06-22
3424529,2024-07-13,2024-07-20,58,58,58,58,1965-07-21,1966-07-13
3424529,2024-07-20,2024-08-10,58,58,58,58,1965-08-11,1966-07-20
3424529,2024-08-10,2024-08-17,58,58,58,58,1965-08-18,1966-08-10
3424529,2024-08-17,2024-08-31,58,58,58,58,1965-09-01,1966-08-17
3424529,2024-08-31,2024-09-07,58,58,58,58,1965-09-08,1966-08-31
3424529,2024-09-07,2024-09-14,58,58,58,58,1965-09-15,1966-09-07
3424529,2024-09-14,2024-09-28,58,58,58,58,1965-09-29,1966-09-14
3424529,2024-09-28,2024-10-12,58,58,58,58,1965-10-13,1966-09-28
3424529,2024-10-12,2024-11-02,58,58,58,58,1965-11-03,1966-10-12
3424529,2024-11-02,2024-11-09,58,58,58,58,1965-11-10,1966-11-02
3424529,2024-11-09,2024-12-28,58,58,58,58,1965-12-29,1966-11-09
3424529,2024-12-28,2025-01-04,58,58,58,58,1966-01-05,1966-12-28
3424529,2025-01-04,2025-02-08,58,58,58,58,1966-02-09,1967-01-04
3424529,2025-02-08,2025-03-08,58,58,59,59,1966-02-09,1966-03-08
3424529,2025-03-08,2025-04-05,59,59,59,59,1965-04-06,1966-03-08
3424529,2025-04-05,2025-04-12,59,59,59,59,1965-04-13,1966-04-05
3424529,2025-04-12,2025-04-26,59,59,59,59,1965-04-27,1966-04-12
3424529,2025-04-26,2025-05-03,59,59,59,59,1965-05-04,1966-04-26
3424529,2025-05-03,2025-06-14,59,59,59,59,1965-06-15,1966-05-03
3424529,2025-06-14,2025-06-21,59,59,59,59,1965-06-22,1966-06-14
3424529,2025-06-21,2025-06-28,59,59,59,59,1965-06-29,1966-06-21
3424529,2025-06-28,2025-07-12,59,59,59,59,1965-07-13,1966-06-28
3424529,2025-07-12,2025-08-09,59,59,59,59,1965-08-10,1966-07-12
3424529,2025-08-09,2025-08-16,59,59,59,59,1965-08-17,1966-08-09
3424529,2025-08-16,2025-08-23,59,59,59,59,1965-08-24,1966-08-16
3424529,2025-08-23,2025-09-13,59,59,59,59,1965-09-14,1966-08-23
3424529,2025-09-13,2025-12-13,59,59,59,59,1965-12-14,1966-09-13
3424529,2025-12-13,2025-12-20,59,59,59,59,1965-12-21,1966-12-13
3424529,2025-12-20,2026-01-01,59,59,59,59,1966-01-02,1966-12-20
3428907,,2017-05-06,,,19,19,1997-05-07,1998-05-06
3428907,2017-05-06,2018-01-20,19,19,10,10,2007-01-21,1998-05-06
3428907,2018-01-20,2018-03-24,10,10,10,10,2007-03-25,2008-01-20
3428907,2018-03-24,2018-04-21,10,10,10,10,2007-04-22,2008-03-24
34655,,2011-06-04,,,49,49,1961-06-05,1962-06-04
34655,2011-06-04,2011-06-11,49,49,49,49,1961-06-12,1962-06-04
34655,2011-06-11,2011-06-18,49,49,49,49,1961-06-19,1962-06-11
34655,2011-06-18,2011-06-25,49,49,49,49,1961-06-26,1962-06-18
34655,2011-06-25,2011-07-02,49,49,48,48,1962-07-03,1962-06-25
3477039,,2017-05-06,,,10,10,2006-05-07,2007-05-06
3477039,2017-05-06,2019-01-26,10,10,9,9,2009-01-27,2007-05-06
3525738,,2017-05-20,,,25,29,1987-05-21,1992-05-20
3525738,2017-05-20,2017-05-27,25,29,25,29,1987-05-28,1992-05-20
3525738,2017-05-27,2017-06-03,25,29,25,29,1987-06-04,1992-05-27
3525738,2017-06-03,2017-06-10,25,29,30,30,1987-06-04,1987-06-10
3525738,2017-06-10,2017-06-17,30,30,30,30,1986-06-18,1987-06-10
3525738,2017-06-17,2017-06-24,30,30,30,30,1986-06-25,1987-06-17
3525738,2017-06-24,2017-07-15,30,30,30,30,1986-07-16,1987-06-24
3525738,2017-07-15,2017-07-22,30,30,20,24,1992-07-23,1987-07-15
3525738,2017-07-22,2017-08-05,20,24,20,24,1992-08-06,1997-07-22
3525738,2017-08-05,2017-08-12,20,24,20,24,1992-08-13,1997-08-05
3525738,2017-08-12,2017-08-19,20,24,20,24,1992-08-20,1997-08-12
3525738,2017-08-19,2017-08-26,20,24,20,24,1992-08-27,1997-08-19
3525738,2017-08-26,2017-09-02,20,24,20,24,1992-09-03,1997-08-26
3525738,2017-09-02,2017-09-09,20,24,20,24,1992-09-10,1997-09-02
3525738,2017-09-09,2017-09-16,20,24,20,24,1992-09-17,1997-09-09
3525738,2017-09-16,2017-09-23,20,24,20,24,1992-09-24,1997-09-16
3525738,2017-09-23,2017-09-30,20,24,20,24,1992-10-01,1997-09-23
3525738,2017-09-30,2017-10-07,20,24,20,24,1992-10-08,1997-09-30
3525738,2017-10-07,2017-10-14,20,24,20,24,1992-10-15,1997-10-07
3525738,2017-10-14,2017-10-21,20,24,20,24,1992-10-22,1997-10-14
3525738,2017-10-21,2017-10-28,20,24,20,24,1992-10-29,1997-10-21
3525738,2017-10-28,2017-11-04,20,24,20,24,1992-11-05,1997-10-28
3525738,2017-11-04,2017-11-11,20,24,20,24,1992-11-12,1997-11-04
3525738,2017-11-11,2017-11-18,20,24,20,24,1992-11-19,1997-11-11
3525738,2017-11-18,2017-11-25,20,24,20,24,1992-11-26,1997-11-18
3525738,2017-11-25,2017-12-02,20,24,20,24,1992-12-03,1997-11-25
3525738,2017-12-02,2017-12-09,20,24,20,24,1992-12-10,1997-12-02
3525738,2017-12-09,2017-12-30,20,24,20,24,1992-12-31,1997-12-09
3525738,2017-12-30,2018-01-06,20,24,20,24,1993-01-07,1997-12-30
3525738,2018-01-06,2018-01-13,20,24,20,24,1993-01-14,1998-01-06
3525738,2018-01-13,2018-01-20,20,24,20,24,1993-01-21,1998-01-13
3525738,2018-01-20,2018-01-27,20,24,20,24,1993-01-28,1998-01-20
3525738,2018-01-27,2018-02-03,20,24,20,24,1993-02-04,1998-01-27
3525738,2018-02-03,2018-02-10,20,24,20,24,1993-02-11,1998-02-03
3525738,2018-02-10,2018-02-17,20,24,20,24,1993-02-18,1998-02-10
3525738,2018-02-17,2018-03-17,20,24,20,24,1993-03-18,1998-02-17
3525738,2018-03-17,2018-03-24,20,24,20,24,1993-03-25,1998-03-17
3525738,2018-03-24,2018-03-31,20,24,20,24,1993-04-01,1998-03-24
3525738,2018-03-31,2018-04-07,20,24,20,24,1993-04-08,1998-03-31
3525738,2018-04-07,2018-04-14,20,24,20,24,1993-04-15,1998-04-07
3525738,2018-04-14,2018-04-21,20,24,20,24,1993-04-22,1998-04-14
3525738,2018-04-21,2018-04-28,20,24,20,24,1993-04-29,1998-04-21
3525738,2018-04-28,2018-05-05,20,24,20,24,1993-05-06,1998-04-28
3525738,2018-05-05,2018-05-19,20,24,20,24,1993-05-20,1998-05-05
3525738,2018-05-19,2018-06-16,20,24,20,24,1993-06-17,1998-05-19
3525738,2018-06-16,2018-06-23,20,24,20,24,1993-06-24,1998-06-16
3525738,2018-06-23,2018-06-30,20,24,20,24,1993-07-01,1998-06-23
3525738,2018-06-30,2018-07-07,20,24,20,24,1993-07-08,1998-06-30
3525738,2018-07-07,2018-07-21,20,24,20,24,1993-07-22,1998-07-07
3525738,2018-07-21,2018-07-28,20,24,20,24,1993-07-29,1998-07-21
3525738,2018-07-28,2018-08-11,20,24,20,24,1993-08-12,1998-07-28
3525738,2018-08-11,2018-08-18,20,24,20,24,1993-08-19,1998-08-11
3525738,2018-08-18,2018-08-25,20,24,20,24,1993-08-26,1998-08-18
3525738,2018-08-25,2018-09-01,20,24,20,24,1993-09-02,1998-08-25
3525738,2018-09-01,2018-09-08,20,24,20,24,1993-09-09,1998-09-01
3525738,2018-09-08,2018-09-15,20,24,20,24,1993-09-16,1998-09-08
3525738,2018-09-15,2018-09-22,20,24,20,24,1993-09-23,1998-09-15
3525738,2018-09-22,2018-09-29,20,24,20,24,1993-09-30,1998-09-22
3525738,2018-09-29,2018-10-13,20,24,20,24,1993-10-14,1998-09-29
3525738,2018-10-13,2018-10-20,20,24,20,24,1993-10-21,1998-10-13
3525738,2018-10-20,2018-10-27,20,24,20,24,1993-10-28,1998-10-20
3525738,2018-10-27,2018-11-17,20,24,20,24,1993-11-18,1998-10-27
3525738,2018-11-17,2018-11-24,20,24,20,24,1993-11-25,1998-11-17
3525738,2018-11-24,2018-12-01,20,24,20,24,1993-12-02,1998-11-24
3525738,2018-12-01,2018-12-08,20,24,20,24,1993-12-09,1998-12-01
3525738,2018-12-08,2018-12-22,20,24,20,24,1993-12-23,1998-12-08
3525738,2018-12-22,2018-12-29,20,24,20,24,1993-12-30,1998-12-22
3525738,2018-12-29,2019-01-05,20,24,20,24,1994-01-06,1998-12-29
3525738,2019-01-05,2019-01-12,20,24,20,24,1994-01-13,1999-01-05
3525738,2019-01-12,2019-01-19,20,24,20,24,1994-01-20,1999-01-12
3525738,2019-01-19,2019-01-26,20,24,20,24,1994-01-27,1999-01-19
3525738,2019-01-26,2019-02-02,20,24,20,24,1994-02-03,1999-01-26
3525738,2019-02-02,2019-02-09,20,24,20,24,1994-02-10,1999-02-02
3525738,2019-02-09,2019-02-16,20,24,20,24,1994-02-17,1999-02-09
3525738,2019-02-16,2019-02-23,20,24,20,24,1994-02-24,1999-02-16
3525738,2019-02-23,2019-03-02,20,24,20,24,1994-03-03,1999-02-23
3525738,2019-03-02,2019-03-09,20,24,20,24,1994-03-10,1999-03-02
3525738,2019-03-09,2019-03-16,20,24,20,24,1994-03-17,1999-03-09
3525738,2019-03-16,2019-03-30,20,24,20,24,1994-03-31,1999-03-16
3525738,2019-03-30,2019-04-06,20,24,20,24,1994-04-07,1999-03-30
3525738,2019-04-06,2019-04-13,20,24,20,24,1994-04-14,1999-04-06
3525738,2019-04-13,2019-05-11,20,24,20,24,1994-05-12,1999-04-13
3525738,2019-05-11,2019-06-29,20,24,20,24,1994-06-30,1999-05-11
3525738,2019-06-29,2019-07-06,20,24,20,24,1994-07-07,1999-06-29
3525738,2019-07-06,2019-07-13,20,24,20,24,1994-07-14,1999-07-06
3525738,2019-07-13,2019-07-20,20,24,20,24,1994-07-21,1999-07-13
3525738,2019-07-20,2019-07-27,20,24,20,24,1994-07-28,1999-07-20
3525738,2019-07-27,2019-08-10,20,24,20,24,1994-08-11,1999-07-27
3525738,2019-08-10,2019-08-17,20,24,20,24,1994-08-18,1999-08-10
3525738,2019-08-17,2019-08-24,20,24,20,24,1994-08-25,1999-08-17
3525738,2019-08-24,2019-08-31,20,24,20,24,1994-09-01,1999-08-24
3525738,2019-08-31,2019-09-07,20,24,20,24,1994-09-08,1999-08-31
3525738,2019-09-07,2019-09-14,20,24,20,24,1994-09-15,1999-09-07
3525738,2019-09-14,2019-09-21,20,24,20,24,1994-09-22,1999-09-14
3525738,2019-09-21,2019-09-28,20,24,20,24,1994-09-29,1999-09-21
3525738,2019-09-28,2019-10-05,20,24,20,24,1994-10-06,1999-09-28
3525738,2019-10-05,2019-10-12,20,24,20,24,1994-10-13,1999-10-05
3525738,2019-10-12,2019-10-19,20,24,20,24,1994-10-20,1999-10-12
3525738,2019-10-19,2019-10-26,20,24,20,24,1994-10-27,1999-10-19
3525738,2019-10-26,2019-11-02,20,24,20,24,1994-11-03,1999-10-26
3525738,2019-11-02,2019-11-09,20,24,20,24,1994-11-10,1999-11-02
3525738,2019-11-09,2019-12-07,20,24,20,24,1994-12-08,1999-11-09
3525738,2019-12-07,2019-12-21,20,24,20,24,1994-12-22,1999-12-07
3525738,2019-12-21,2019-12-28,20,24,20,24,1994-12-29,1999-12-21
3525738,2019-12-28,2020-01-11,20,24,20,24,1995-01-12,1999-12-28
3525738,2020-01-11,2020-01-18,20,24,20,24,1995-01-19,2000-01-11
3525738,2020-01-18,2020-01-25,20,24,20,24,1995-01-26,2000-01-18
3525738,2020-01-25,2020-02-01,20,24,20,24,1995-02-02,2000-01-25
3525738,2020-02-01,2020-02-08,20,24,20,24,1995-02-09,2000-02-01
3525738,2020-02-08,2020-02-15,20,24,20,24,1995-02-16,2000-02-08
3525738,2020-02-15,2020-02-22,20,24,20,24,1995-02-23,2000-02-15
3525738,2020-02-22,2020-03-07,20,24,20,24,1995-03-08,2000-02-22
3525738,2020-03-07,2021-08-07,20,24,20,24,1996-08-08,2000-03-07
3525738,2021-08-07,2021-08-21,20,24,20,24,1996-08-22,2001-08-07
3525738,2021-08-21,2021-08-28,20,24,20,24,1996-08-29,2001-08-21
3525738,2021-08-28,2021-09-18,20,24,20,24,1996-09-19,2001-08-28
3525738,2021-09-18,2021-10-09,20,24,20,24,1996-10-10,2001-09-18
3525738,2021-10-09,2021-10-30,20,24,20,24,1996-10-31,2001-10-09
3525738,2021-10-30,2021-11-20,20,24,20,24,1996-11-21,2001-10-30
3529055,,2017-05-20,,,15,15,2001-05-21,2002-05-20
3529055,2017-05-20,2017-06-10,15,15,15,15,2001-06-11,2002-05-20
3529055,2017-06-10,2017-06-17,15,15,13,13,2003-06-18,2002-06-10
3529055,2017-06-17,2017-06-24,13,13,13,13,2003-06-25,2004-06-17
3529055,2017-06-24,2017-07-15,13,13,13,13,2003-07-16,2004-06-24
3529055,2017-07-15,2017-10-07,13,13,13,13,2003-10-08,2004-07-15
3529055,2017-10-07,2017-10-21,13,13,13,13,2003-10-22,2004-10-07
3529055,2017-10-21,2017-11-11,13,13,13,13,2003-11-12,2004-10-21
3529055,2017-11-11,2017-12-16,13,13,13,13,2003-12-17,2004-11-11
3529055,2017-12-16,2018-02-03,13,13,13,13,2004-02-04,2004-12-16
3529055,2018-02-03,2018-02-17,13,13,14,14,2004-02-04,2004-02-17
3529055,2018-02-17,2018-03-10,14,14,14,14,2003-03-11,2004-02-17
3529055,2018-03-10,2018-04-14,14,14,14,14,2003-04-15,2004-03-10
3529055,2018-04-14,2018-05-05,14,14,14,14,2003-05-06,2004-04-14
3529055,2018-05-05,2018-05-12,14,14,14,14,2003-05-13,2004-05-05
3529055,2018-05-12,2018-06-09,14,14,14,14,2003-06-10,2004-05-12
3529055,2018-06-09,2018-06-23,14,14,14,14,2003-06-24,2004-06-09
3529055,2018-06-23,2018-12-22,14,14,14,14,2003-12-23,2004-06-23
3529055,2018-12-22,2019-03-30,14,14,15,15,2003-12-23,2004-03-30
3529055,2019-03-30,2019-05-04,15,15,15,15,2003-05-05,2004-03-30
3565261,,2017-06-03,,,51,51,1965-06-04,1966-06-03
3565261,2017-06-03,2017-06-10,51,51,51,51,1965-06-11,1966-06-03
3565261,2017-06-10,2017-06-24,51,51,51,51,1965-06-25,1966-06-10
3565261,2017-06-24,2017-08-05,51,51,52,52,1965-06-25,1965-08-05
3565261,2017-08-05,2017-08-12,52,52,52,52,1964-08-13,1965-08-05
3565261,2017-08-12,2017-08-19,52,52,52,52,1964-08-20,1965-08-12
3565261,2017-08-19,2018-08-11,52,52,53,53,1964-08-20,1965-08-11
3565261,2018-08-11,2018-08-18,53,53,53,53,1964-08-19,1965-08-11
3565261,2018-08-18,2018-08-25,53,53,53,53,1964-08-26,1965-08-18
3565261,2018-08-25,2018-09-01,53,53,53,53,1964-09-02,1965-08-25
3565261,2018-09-01,2018-09-29,53,53,53,53,1964-09-30,1965-09-01
3565261,2018-09-29,2018-10-13,53,53,53,53,1964-10-14,1965-09-29
3565261,2018-10-13,2018-12-01,53,53,53,53,1964-12-02,1965-10-13
3565261,2018-12-01,2018-12-08,53,53,53,53,1964-12-09,1965-12-01
3565261,2018-12-08,2018-12-15,53,53,53,53,1964-12-16,1965-12-08
3565261,2018-12-15,2019-01-12,53,53,53,53,1965-01-13,1965-12-15
3565261,2019-01-12,2019-01-26,53,53,53,53,1965-01-27,1966-01-12
3565261,2019-01-26,2019-02-23,53,53,53,53,1965-02-24,1966-01-26
3565261,2019-02-23,2019-03-02,53,53,53,53,1965-03-03,1966-02-23
3565261,2019-03-02,2019-03-16,53,53,53,53,1965-03-17,1966-03-02
3565261,2019-03-16,2019-05-04,53,53,53,53,1965-05-05,1966-03-16
3565261,2019-05-04,2019-06-01,53,53,53,53,1965-06-02,1966-05-04
3565261,2019-06-01,2019-06-15,53,53,53,53,1965-06-16,1966-06-01
3565261,2019-06-15,2019-07-13,53,53,53,53,1965-07-14,1966-06-15
3565261,2019-07-13,2019-08-03,53,53,54,54,1965-07-14,1965-08-03
3565261,2019-08-03,2019-08-17,54,54,54,54,1964-08-18,1965-08-03
3565261,2019-08-17,2019-08-31,54,54,54,54,1964-09-01,1965-08-17
3565261,2019-08-31,2019-09-14,54,54,54,54,1964-09-15,1965-08-31
3565261,2019-09-14,2019-09-21,54,54,54,54,1964-09-22,1965-09-14
3565261,2019-09-21,2019-10-12,54,54,54,54,1964-10-13,1965-09-21
3565261,2019-10-12,2019-10-19,54,54,54,54,1964-10-20,1965-10-12
3565261,2019-10-19,2019-10-26,54,54,54,54,1964-10-27,1965-10-19
3565261,2019-10-26,2019-11-02,54,54,53,53,1965-11-03,1965-10-26
3565261,2019-11-02,2019-11-16,53,53,53,53,1965-11-17,1966-11-02
3565261,2019-11-16,2019-11-30,53,53,53,53,1965-12-01,1966-11-16
3565261,2019-11-30,2019-12-14,53,53,53,53,1965-12-15,1966-11-30
3565261,2019-12-14,2019-12-21,53,53,53,53,1965-12-22,1966-12-14
3565261,2019-12-21,2020-01-01,53,53,53,53,1966-01-02,1966-12-21
3565261,2020-01-01,2020-01-18,53,53,53,53,1966-01-19,1967-01-01
3565261,2020-01-18,2020-02-01,53,53,53,53,1966-02-02,1967-01-18
3565261,2020-02-01,2020-02-22,53,53,53,53,1966-02-23,1967-02-01
3565261,2020-02-22,2022-01-01,53,53,55,55,1966-02-23,1967-01-01
3565261,2022-01-01,2022-01-15,55,55,55,55,1966-01-16,1967-01-01
3565261,2022-01-15,2022-01-22,55,55,55,55,1966-01-23,1967-01-15
3565261,2022-01-22,2022-01-29,55,55,55,55,1966-01-30,1967-01-22
3565261,2022-01-29,2022-02-05,55,55,55,55,1966-02-06,1967-01-29
3565261,2022-02-05,2022-02-12,55,55,55,55,1966-02-13,1967-02-05
3565261,2022-02-12,2022-02-26,55,55,55,55,1966-02-27,1967-02-12
3565261,2022-02-26,2022-03-05,55,55,55,55,1966-03-06,1967-02-26
3565261,2022-03-05,2022-03-12,55,55,55,55,1966-03-13,1967-03-05
3565261,2022-03-12,2022-03-26,55,55,55,55,1966-03-27,1967-03-12
3565261,2022-03-26,2022-04-02,55,55,55,55,1966-04-03,1967-03-26
3565261,2022-04-02,2022-04-16,55,55,55,55,1966-04-17,1967-04-02
3565261,2022-04-16,2022-06-04,55,55,55,55,1966-06-05,1967-04-16
3565261,2022-06-04,2022-06-18,55,55,55,55,1966-06-19,1967-06-04
3565261,2022-06-18,2022-08-13,55,55,56,56,1966-06-19,1966-08-13
3565261,2022-08-13,2022-08-20,56,56,56,56,1965-08-21,1966-08-13
3565261,2022-08-20,2022-09-17,56,56,56,56,1965-09-18,1966-08-20
3565261,2022-09-17,2022-09-24,56,56,56,56,1965-09-25,1966-09-17
3565261,2022-09-24,2022-10-01,56,56,56,56,1965-10-02,1966-09-24
3565261,2022-10-01,2023-04-08,56,56,56,56,1966-04-09,1966-10-01
3565261,2023-04-08,2023-07-01,56,56,56,56,1966-07-02,1967-04-08
3565261,2023-07-01,2023-07-08,56,56,56,56,1966-07-09,1967-07-01
3565261,2023-07-08,2023-12-30,56,56,57,57,1966-07-09,1966-12-30
3565261,2023-12-30,2024-02-10,57,57,57,57,1966-02-11,1966-12-30
3565261,2024-02-10,2024-02-24,57,57,57,57,1966-02-25,1967-02-10
3565261,2024-02-24,2024-04-27,57,57,57,57,1966-04-28,1967-02-24
3565261,2024-04-27,2024-05-04,57,57,57,57,1966-05-05,1967-04-27
3565261,2024-05-04,2024-05-11,57,57,57,57,1966-05-12,1967-05-04
3565261,2024-05-11,2024-05-18,57,57,57,57,1966-05-19,1967-05-11
3565261,2024-05-18,2024-07-20,57,57,57,57,1966-07-21,1967-05-18
3565261,2024-07-20,2025-03-29,57,57,58,58,1966-07-21,1967-03-29
3565261,2025-03-29,2025-04-19,58,58,58,58,1966-04-20,1967-03-29
3565261,2025-04-19,2025-09-27,58,58,59,59,1966-04-20,1966-09-27
3565261,2025-09-27,2025-12-13,59,59,59,59,1965-12-14,1966-09-27
3565261,2025-12-13,2025-12-27,59,59,59,59,1965-12-28,1966-12-13
356941,,2012-10-13,,,46,46,1965-10-14,1966-10-13
356941,2012-10-13,2012-10-27,46,46,46,46,1965-10-28,1966-10-13
356941,2012-10-27,2012-11-03,46,46,46,46,1965-11-04,1966-10-27
356941,2012-11-03,2012-11-10,46,46,46,46,1965-11-11,1966-11-03
356941,2012-11-10,2012-11-24,46,46,46,46,1965-11-25,1966-11-10
356941,2012-11-24,2012-12-01,46,46,46,46,1965-12-02,1966-11-24
356941,2012-12-01,2013-01-05,46,46,46,46,1966-01-06,1966-12-01
356941,2013-01-05,2013-01-26,46,46,46,46,1966-01-27,1967-01-05
356941,2013-01-26,2013-03-02,46,46,46,46,1966-03-03,1967-01-26
356941,2013-03-02,2013-03-09,46,46,46,46,1966-03-10,1967-03-02
356941,2013-03-09,2013-04-06,46,46,46,46,1966-04-07,1967-03-09
356941,2013-04-06,2013-05-04,46,46,46,46,1966-05-05,1967-04-06
356941,2013-05-04,2013-05-11,46,46,46,46,1966-05-12,1967-05-04
356941,2013-05-11,2013-05-18,46,46,46,46,1966-05-19,1967-05-11
356941,2013-05-18,2013-05-25,46,46,46,46,1966-05-26,1967-05-18
356941,2013-05-25,2013-06-01,46,46,46,46,1966-06-02,1967-05-25
356941,2013-06-01,2013-06-15,46,46,46,46,1966-06-16,1967-06-01
356941,2013-06-15,2013-06-22,46,46,46,46,1966-06-23,1967-06-15
356941,2013-06-22,2013-06-29,46,46,46,46,1966-06-30,1967-06-22
356941,2013-06-29,2013-07-06,46,46,46,46,1966-07-07,1967-06-29
356941,2013-07-06,2013-07-13,46,46,46,46,1966-07-14,1967-07-06
356941,2013-07-13,2013-07-20,46,46,47,47,1966-07-14,1966-07-20
356941,2013-07-20,2013-08-03,47,47,47,47,1965-08-04,1966-07-20
356941,2013-08-03,2013-08-10,47,47,47,47,1965-08-11,1966-08-03
356941,2013-08-10,2013-08-24,47,47,47,47,1965-08-25,1966-08-10
356941,2013-08-24,2013-08-31,47,47,47,47,1965-09-01,1966-08-24
356941,2013-08-31,2013-09-07,47,47,47,47,1965-09-08,1966-08-31
356941,2013-09-07,2013-09-14,47,47,47,47,1965-09-15,1966-09-07
356941,2013-09-14,2013-09-21,47,47,47,47,1965-09-22,1966-09-14
356941,2013-09-21,2013-10-12,47,47,47,47,1965-10-13,1966-09-21
356941,2013-10-12,2013-10-19,47,47,47,47,1965-10-20,1966-10-12
356941,2013-10-19,2013-10-26,47,47,47,47,1965-10-27,1966-10-19
356941,2013-10-26,2013-11-02,47,47,47,47,1965-11-03,1966-10-26
356941,2013-11-02,2013-11-09,47,47,47,47,1965-11-10,1966-11-02
356941,2013-11-09,2013-11-30,47,47,47,47,1965-12-01,1966-11-09
356941,2013-11-30,2013-12-21,47,47,47,47,1965-12-22,1966-11-30
356941,2013-12-21,2013-12-28,47,47,47,47,1965-12-29,1966-12-21
356941,2013-12-28,2014-01-01,47,47,47,47,1966-01-02,1966-12-28
356941,2014-01-01,2014-01-18,47,47,47,47,1966-01-19,1967-01-01
356941,2014-01-18,2014-01-25,47,47,47,47,1966-01-26,1967-01-18
356941,2014-01-25,2014-02-01,47,47,47,47,1966-02-02,1967-01-25
356941,2014-02-01,2014-02-08,47,47,47,47,1966-02-09,1967-02-01
356941,2014-02-08,2014-02-22,47,47,47,47,1966-02-23,1967-02-08
356941,2014-02-22,2014-03-08,47,47,47,47,1966-03-09,1967-02-22
356941,2014-03-08,2014-03-29,47,47,47,47,1966-03-30,1967-03-08
356941,2014-03-29,2014-04-05,47,47,47,47,1966-04-06,1967-03-29
356941,2014-04-05,2014-04-12,47,47,47,47,1966-04-13,1967-04-05
356941,2014-04-12,2014-04-19,47,47,47,47,1966-04-20,1967-04-12
356941,2014-04-19,2014-05-31,47,47,47,47,1966-06-01,1967-04-19
356941,2014-05-31,2014-06-14,47,47,47,47,1966-06-15,1967-05-31
356941,2014-06-14,2014-06-28,47,47,47,47,1966-06-29,1967-06-14
356941,2014-06-28,2014-07-19,47,47,48,48,1966-06-29,1966-07-19
356941,2014-07-19,2014-07-26,48,48,48,48,1965-07-27,1966-07-19
356941,2014-07-26,2014-08-16,48,48,48,48,1965-08-17,1966-07-26
356941,2014-08-16,2014-10-04,48,48,48,48,1965-10-05,1966-08-16
356941,2014-10-04,2014-10-11,48,48,48,48,1965-10-12,1966-10-04
356941,2014-10-11,2014-11-22,48,48,48,48,1965-11-23,1966-10-11
356941,2014-11-22,2014-12-13,48,48,48,48,1965-12-14,1966-11-22
356941,2014-12-13,2014-12-20,48,48,48,48,1965-12-21,1966-12-13
356941,2014-12-20,2015-01-01,48,48,48,48,1966-01-02,1966-12-20
356941,2015-01-01,2015-03-14,48,48,48,48,1966-03-15,1967-01-01
356941,2015-03-14,2015-04-04,48,48,48,48,1966-04-05,1967-03-14
356941,2015-04-04,2015-04-11,48,48,48,48,1966-04-12,1967-04-04
356941,2015-04-11,2015-04-25,48,48,48,48,1966-04-26,1967-04-11
356941,2015-04-25,2015-05-16,48,48,48,48,1966-05-17,1967-04-25
356941,2015-05-16,2015-06-20,48,48,49,49,1966-05-17,1966-06-20
356941,2015-06-20,2015-07-11,49,49,48,48,1966-07-12,1966-06-20
356941,2015-07-11,2015-08-01,48,48,49,49,1966-07-12,1966-08-01
356941,2015-08-01,2015-09-05,49,49,49,49,1965-09-06,1966-08-01
356941,2015-09-05,2015-10-03,49,49,49,49,1965-10-04,1966-09-05
356941,2015-10-03,2015-12-12,49,49,49,49,1965-12-13,1966-10-03
356941,2015-12-12,2015-12-19,49,49,49,49,1965-12-20,1966-12-12
356941,2015-12-19,2016-01-09,49,49,49,49,1966-01-10,1966-12-19
356941,2016-01-09,2016-01-16,49,49,49,49,1966-01-17,1967-01-09
356941,2016-01-16,2016-01-30,49,49,49,49,1966-01-31,1967-01-16
356941,2016-01-30,2016-03-12,49,49,49,49,1966-03-13,1967-01-30
356941,2016-03-12,2016-03-26,49,49,49,49,1966-03-27,1967-03-12
356941,2016-03-26,2016-04-09,49,49,49,49,1966-04-10,1967-03-26
356941,2016-04-09,2016-05-14,49,49,49,49,1966-05-15,1967-04-09
356941,2016-05-14,2016-05-28,49,49,49,49,1966-05-29,1967-05-14
356941,2016-05-28,2016-06-04,49,49,49,49,1966-06-05,1967-05-28
356941,2016-06-04,2016-08-06,49,49,50,50,1966-06-05,1966-08-06
356941,2016-08-06,2016-08-20,50,50,50,50,1965-08-21,1966-08-06
356941,2016-08-20,2016-11-19,50,50,50,50,1965-11-20,1966-08-20
356941,2016-11-19,2017-02-25,50,50,50,50,1966-02-26,1966-11-19
356941,2017-02-25,2017-04-29,50,50,50,50,1966-04-30,1967-02-25
356941,2017-04-29,2017-05-06,50,50,50,50,1966-05-07,1967-04-29
356941,2017-05-06,2017-07-15,50,50,50,50,1966-07-16,1967-05-06
356941,2017-07-15,2018-01-06,50,50,51,51,1966-07-16,1967-01-06
356941,2018-01-06,2018-01-13,51,51,51,51,1966-01-14,1967-01-06
356941,2018-01-13,2018-01-27,51,51,51,51,1966-01-28,1967-01-13
356941,2018-01-27,2018-02-17,51,51,51,51,1966-02-18,1967-01-27
356941,2018-02-17,2018-08-18,51,51,52,52,1966-02-18,1966-08-18
356941,2018-08-18,2018-09-15,52,52,52,52,1965-09-16,1966-08-18
356941,2018-09-15,2018-09-22,52,52,52,52,1965-09-23,1966-09-15
356941,2018-09-22,2018-10-13,52,52,52,52,1965-10-14,1966-09-22
356941,2018-10-13,2018-10-20,52,52,52,52,1965-10-21,1966-10-13
356941,2018-10-20,2018-11-03,52,52,52,52,1965-11-04,1966-10-20
356941,2018-11-03,2018-11-24,52,52,52,52,1965-11-25,1966-11-03
356941,2018-11-24,2019-11-02,52,52,53,53,1965-11-25,1966-11-02
356941,2019-11-02,2019-11-23,53,53,53,53,1965-11-24,1966-11-02
356941,2019-11-23,2019-11-30,53,53,53,53,1965-12-01,1966-11-23
356941,2019-11-30,2020-02-01,53,53,53,53,1966-02-02,1966-11-30
356941,2020-02-01,2021-07-24,53,53,55,55,1966-02-02,1966-07-24
356941,2021-07-24,2021-08-07,55,55,55,55,1965-08-08,1966-07-24
356941,2021-08-07,2021-11-06,55,55,55,55,1965-11-07,1966-08-07
356941,2021-11-06,2022-08-27,55,55,56,56,1965-11-07,1966-08-27
356941,2022-08-27,2022-09-03,56,56,56,56,1965-09-04,1966-08-27
356941,2022-09-03,2022-09-17,56,56,56,56,1965-09-18,1966-09-03
356941,2022-09-17,2022-10-08,56,56,56,56,1965-10-09,1966-09-17
356941,2022-10-08,2022-10-15,56,56,56,56,1965-10-16,1966-10-08
356941,2022-10-15,2022-10-29,56,56,56,56,1965-10-30,1966-10-15
356941,2022-10-29,2022-11-19,56,56,56,56,1965-11-20,1966-10-29
356941,2022-11-19,2022-12-03,56,56,56,56,1965-12-04,1966-11-19
356941,2022-12-03,2022-12-10,56,56,56,56,1965-12-11,1966-12-03
356941,2022-12-10,2022-12-24,56,56,56,56,1965-12-25,1966-12-10
356941,2022-12-24,2023-01-14,56,56,56,56,1966-01-15,1966-12-24
356941,2023-01-14,2023-08-12,56,56,57,57,1966-01-15,1966-08-12
356941,2023-08-12,2023-08-26,57,57,57,57,1965-08-27,1966-08-12
356941,2023-08-26,2023-09-02,57,57,57,57,1965-09-03,1966-08-26
356941,2023-09-02,2023-09-09,57,57,57,57,1965-09-10,1966-09-02
356941,2023-09-09,2023-09-16,57,57,57,57,1965-09-17,1966-09-09
356941,2023-09-16,2023-09-23,57,57,57,57,1965-09-24,1966-09-16
356941,2023-09-23,2023-12-02,57,57,57,57,1965-12-03,1966-09-23
356941,2023-12-02,2024-01-27,57,57,57,57,1966-01-28,1966-12-02
356941,2024-01-27,2024-03-16,57,57,57,57,1966-03-17,1967-01-27
356941,2024-03-16,2024-05-04,57,57,57,57,1966-05-05,1967-03-16
356941,2024-05-04,2024-05-11,57,57,57,57,1966-05-12,1967-05-04
356941,2024-05-11,2024-05-18,57,57,57,57,1966-05-19,1967-05-11
356941,2024-05-18,2024-07-13,57,57,57,57,1966-07-14,1967-05-18
356941,2024-07-13,2024-08-10,57,57,58,58,1966-07-14,1966-08-10
356941,2024-08-10,2024-08-31,58,58,58,58,1965-09-01,1966-08-10
356941,2024-08-31,2024-10-26,58,58,58,58,1965-10-27,1966-08-31
356941,2024-10-26,2024-11-16,58,58,58,58,1965-11-17,1966-10-26
356941,2024-11-16,2024-11-23,58,58,58,58,1965-11-24,1966-11-16
356941,2024-11-23,2024-11-30,58,58,58,58,1965-12-01,1966-11-23
356941,2024-11-30,2024-12-14,58,58,58,58,1965-12-15,1966-11-30
356941,2024-12-14,2025-01-04,58,58,58,58,1966-01-05,1966-12-14
356941,2025-01-04,2025-01-11,58,58,58,58,1966-01-12,1967-01-04
356941,2025-01-11,2025-01-25,58,58,58,58,1966-01-26,1967-01-11
356941,2025-01-25,2025-02-01,58,58,58,58,1966-02-02,1967-01-25
356941,2025-02-01,2025-02-08,58,58,58,58,1966-02-09,1967-02-01
356941,2025-02-08,2025-05-03,58,58,58,58,1966-05-04,1967-02-08
356941,2025-05-03,2025-05-10,58,58,58,58,1966-05-11,1967-05-03
356941,2025-05-10,2025-05-17,58,58,58,58,1966-05-18,1967-05-10
356941,2025-05-17,2025-06-07,58,58,58,58,1966-06-08,1967-05-17
356941,2025-06-07,2025-06-14,58,58,58,58,1966-06-15,1967-06-07
356941,2025-06-14,2025-06-21,58,58,58,58,1966-06-22,1967-06-14
356941,2025-06-21,2025-06-28,58,58,58,58,1966-06-29,1967-06-21
356941,2025-06-28,2025-07-05,58,58,58,58,1966-07-06,1967-06-28
356941,2025-07-05,2025-07-12,58,58,58,58,1966-07-13,1967-07-05
356941,2025-07-12,2025-08-02,58,58,59,59,1966-07-13,1966-08-02
356941,2025-08-02,2025-08-09,59,59,59,59,1965-08-10,1966-08-02
356941,2025-08-09,2025-09-06,59,59,59,59,1965-09-07,1966-08-09
356941,2025-09-06,2025-09-13,59,59,59,59,1965-09-14,1966-09-06
356941,2025-09-13,2025-10-18,59,59,59,59,1965-10-19,1966-09-13
3584259,,2017-06-24,,,56,56,1960-06-25,1961-06-24
3584259,2017-06-24,2017-07-01,56,56,56,56,1960-07-02,1961-06-24
3584259,2017-07-01,2017-07-08,56,56,53,53,1963-07-09,1961-07-01
3584259,2017-07-08,2017-07-15,53,53,53,53,1963-07-16,1964-07-08
3584259,2017-07-15,2017-07-22,53,53,53,53,1963-07-23,1964-07-15
3584259,2017-07-22,2017-07-29,53,53,53,53,1963-07-30,1964-07-22
3584259,2017-07-29,2017-08-05,53,53,53,53,1963-08-06,1964-07-29
3584259,2017-08-05,2017-08-12,53,53,53,53,1963-08-13,1964-08-05
3584259,2017-08-12,2017-08-19,53,53,53,53,1963-08-20,1964-08-12
3584259,2017-08-19,2017-09-23,53,53,53,53,1963-09-24,1964-08-19
3584259,2017-09-23,2017-09-30,53,53,53,53,1963-10-01,1964-09-23
3584259,2017-09-30,2017-10-07,53,53,53,53,1963-10-08,1964-09-30
3584259,2017-10-07,2017-10-14,53,53,53,53,1963-10-15,1964-10-07
3584259,2017-10-14,2017-10-21,53,53,53,53,1963-10-22,1964-10-14
3584259,2017-10-21,2017-10-28,53,53,53,53,1963-10-29,1964-10-21
3584259,2017-10-28,2017-11-18,53,53,53,53,1963-11-19,1964-10-28
3584259,2017-11-18,2017-12-09,53,53,54,54,1963-11-19,1963-12-09
3584259,2017-12-09,2017-12-16,54,54,54,54,1962-12-17,1963-12-09
3584259,2017-12-16,2017-12-30,54,54,54,54,1962-12-31,1963-12-16
3584259,2017-12-30,2018-01-06,54,54,54,54,1963-01-07,1963-12-30
3584259,2018-01-06,2018-01-13,54,54,54,54,1963-01-14,1964-01-06
3584259,2018-01-13,2018-03-10,54,54,54,54,1963-03-11,1964-01-13
3584259,2018-03-10,2018-03-17,54,54,54,54,1963-03-18,1964-03-10
3584259,2018-03-17,2018-03-24,54,54,54,54,1963-03-25,1964-03-17
3584259,2018-03-24,2018-03-31,54,54,54,54,1963-04-01,1964-03-24
3584259,2018-03-31,2018-04-14,54,54,54,54,1963-04-15,1964-03-31
3584259,2018-04-14,2018-04-28,54,54,54,54,1963-04-29,1964-04-14
3584259,2018-04-28,2018-05-12,54,54,54,54,1963-05-13,1964-04-28
3584259,2018-05-12,2018-05-19,54,54,54,54,1963-05-20,1964-05-12
3584259,2018-05-19,2018-05-26,54,54,54,54,1963-05-27,1964-05-19
3584259,2018-05-26,2018-06-02,54,54,54,54,1963-06-03,1964-05-26
3584259,2018-06-02,2018-06-09,54,54,54,54,1963-06-10,1964-06-02
3584259,2018-06-09,2018-06-23,54,54,54,54,1963-06-24,1964-06-09
3584259,2018-06-23,2018-06-30,54,54,54,54,1963-07-01,1964-06-23
3584259,2018-06-30,2018-07-07,54,54,54,54,1963-07-08,1964-06-30
3584259,2018-07-07,2018-07-14,54,54,54,54,1963-07-15,1964-07-07
3584259,2018-07-14,2018-07-28,54,54,54,54,1963-07-29,1964-07-14
3584259,2018-07-28,2018-08-04,54,54,54,54,1963-08-05,1964-07-28
3584259,2018-08-04,2018-08-11,54,54,54,54,1963-08-12,1964-08-04
3584259,2018-08-11,2018-08-18,54,54,54,54,1963-08-19,1964-08-11
3584259,2018-08-18,2018-08-25,54,54,54,54,1963-08-26,1964-08-18
3584259,2018-08-25,2018-09-01,54,54,54,54,1963-09-02,1964-08-25
3584259,2018-09-01,2018-09-22,54,54,54,54,1963-09-23,1964-09-01
3584259,2018-09-22,2018-09-29,54,54,54,54,1963-09-30,1964-09-22
3584259,2018-09-29,2018-10-06,54,54,54,54,1963-10-07,1964-09-29
3584259,2018-10-06,2018-10-20,54,54,54,54,1963-10-21,1964-10-06
3584259,2018-10-20,2018-10-27,54,54,54,54,1963-10-28,1964-10-20
3584259,2018-10-27,2018-11-10,54,54,54,54,1963-11-11,1964-10-27
3584259,2018-11-10,2018-11-17,54,54,54,54,1963-11-18,1964-11-10
3584259,2018-11-17,2018-11-24,54,54,55,55,1963-11-18,1963-11-24
3584259,2018-11-24,2018-12-01,55,55,55,55,1962-12-02,1963-11-24
3584259,2018-12-01,2018-12-08,55,55,55,55,1962-12-09,1963-12-01
3584259,2018-12-08,2018-12-15,55,55,55,55,1962-12-16,1963-12-08
3584259,2018-12-15,2018-12-29,55,55,55,55,1962-12-30,1963-12-15
3584259,2018-12-29,2019-01-05,55,55,55,55,1963-01-06,1963-12-29
3584259,2019-01-05,2019-01-12,55,55,55,55,1963-01-13,1964-01-05
3584259,2019-01-12,2019-01-19,55,55,55,55,1963-01-20,1964-01-12
3584259,2019-01-19,2019-01-26,55,55,55,55,1963-01-27,1964-01-19
3584259,2019-01-26,2019-02-09,55,55,55,55,1963-02-10,1964-01-26
3584259,2019-02-09,2019-02-16,55,55,55,55,1963-02-17,1964-02-09
3584259,2019-02-16,2019-02-23,55,55,55,55,1963-02-24,1964-02-16
3584259,2019-02-23,2019-03-09,55,55,55,55,1963-03-10,1964-02-23
3584259,2019-03-09,2019-03-16,55,55,55,55,1963-03-17,1964-03-09
3584259,2019-03-16,2019-03-23,55,55,55,55,1963-03-24,1964-03-16
3584259,2019-03-23,2019-03-30,55,55,55,55,1963-03-31,1964-03-23
3584259,2019-03-30,2019-04-06,55,55,55,55,1963-04-07,1964-03-30
3584259,2019-04-06,2019-04-20,55,55,55,55,1963-04-21,1964-04-06
3584259,2019-04-20,2019-04-27,55,55,55,55,1963-04-28,1964-04-20
3584259,2019-04-27,2019-05-04,55,55,55,55,1963-05-05,1964-04-27
3584259,2019-05-04,2019-05-11,55,55,55,55,1963-05-12,1964-05-04
3584259,2019-05-11,2019-05-25,55,55,55,55,1963-05-26,1964-05-11
3584259,2019-05-25,2019-06-01,55,55,55,55,1963-06-02,1964-05-25
3584259,2019-06-01,2019-06-08,55,55,55,55,1963-06-09,1964-06-01
3584259,2019-06-08,2019-06-15,55,55,55,55,1963-06-16,1964-06-08
3584259,2019-06-15,2019-06-22,55,55,55,55,1963-06-23,1964-06-15
3584259,2019-06-22,2019-06-29,55,55,55,55,1963-06-30,1964-06-22
3584259,2019-06-29,2019-07-06,55,55,55,55,1963-07-07,1964-06-29
3584259,2019-07-06,2019-07-20,55,55,55,55,1963-07-21,1964-07-06
3584259,2019-07-20,2019-08-03,55,55,55,55,1963-08-04,1964-07-20
3584259,2019-08-03,2019-08-10,55,55,55,55,1963-08-11,1964-08-03
3584259,2019-08-10,2019-08-17,55,55,55,55,1963-08-18,1964-08-10
3584259,2019-08-17,2019-08-24,55,55,55,55,1963-08-25,1964-08-17
3584259,2019-08-24,2019-08-31,55,55,55,55,1963-09-01,1964-08-24
3584259,2019-08-31,2019-09-07,55,55,55,55,1963-09-08,1964-08-31
3584259,2019-09-07,2019-09-14,55,55,55,55,1963-09-15,1964-09-07
3584259,2019-09-14,2019-09-21,55,55,55,55,1963-09-22,1964-09-14
3584259,2019-09-21,2019-10-19,55,55,55,55,1963-10-20,1964-09-21
3584259,2019-10-19,2019-10-26,55,55,55,55,1963-10-27,1964-10-19
3584259,2019-10-26,2019-11-30,55,55,56,56,1963-10-27,1963-11-30
3584259,2019-11-30,2019-12-07,56,56,56,56,1962-12-08,1963-11-30
3584259,2019-12-07,2019-12-14,56,56,56,56,1962-12-15,1963-12-07
3584259,2019-12-14,2020-01-04,56,56,56,56,1963-01-05,1963-12-14
3584259,2020-01-04,2020-01-18,56,56,56,56,1963-01-19,1964-01-04
3584259,2020-01-18,2020-01-25,56,56,56,56,1963-01-26,1964-01-18
3584259,2020-01-25,2020-02-01,56,56,56,56,1963-02-02,1964-01-25
3584259,2020-02-01,2020-02-15,56,56,56,56,1963-02-16,1964-02-01
3584259,2020-02-15,2020-02-22,56,56,56,56,1963-02-23,1964-02-15
3584259,2020-02-22,2020-02-29,56,56,56,56,1963-03-02,1964-02-22
3584259,2020-02-29,2020-03-14,56,56,56,56,1963-03-15,1964-02-29
3584259,2020-03-14,2021-07-24,56,56,57,57,1963-07-25,1964-03-14
3584259,2021-07-24,2021-08-07,57,57,57,57,1963-08-08,1964-07-24
3584259,2021-08-07,2021-08-28,57,57,57,57,1963-08-29,1964-08-07
3584259,2021-08-28,2021-09-18,57,57,57,57,1963-09-19,1964-08-28
3584259,2021-09-18,2021-10-23,57,57,57,57,1963-10-24,1964-09-18
3584259,2021-10-23,2021-10-30,57,57,57,57,1963-10-31,1964-10-23
3584259,2021-10-30,2021-11-13,57,57,57,57,1963-11-14,1964-10-30
3584259,2021-11-13,2021-11-27,57,57,58,58,1963-11-14,1963-11-27
3584259,2021-11-27,2021-12-18,58,58,58,58,1962-12-19,1963-11-27
3584259,2021-12-18,2022-01-08,58,58,58,58,1963-01-09,1963-12-18
3584259,2022-01-08,2022-01-15,58,58,58,58,1963-01-16,1964-01-08
3584259,2022-01-15,2022-01-22,58,58,58,58,1963-01-23,1964-01-15
3584259,2022-01-22,2022-01-29,58,58,58,58,1963-01-30,1964-01-22
3584259,2022-01-29,2022-02-12,58,58,58,58,1963-02-13,1964-01-29
3584259,2022-02-12,2022-02-26,58,58,58,58,1963-02-27,1964-02-12
3584259,2022-02-26,2022-03-05,58,58,58,58,1963-03-06,1964-02-26
3584259,2022-03-05,2022-03-12,58,58,58,58,1963-03-13,1964-03-05
3584259,2022-03-12,2022-03-26,58,58,58,58,1963-03-27,1964-03-12
3584259,2022-03-26,2022-04-02,58,58,58,58,1963-04-03,1964-03-26
3584259,2022-04-02,2024-08-24,58,58,60,60,1963-08-25,1964-04-02
3584259,2024-08-24,2024-08-31,60,60,60,60,1963-09-01,1964-08-24
3584259,2024-08-31,2024-09-07,60,60,60,60,1963-09-08,1964-08-31
3584259,2024-09-07,2024-09-14,60,60,60,60,1963-09-15,1964-09-07
3584259,2024-09-14,2024-09-21,60,60,60,60,1963-09-22,1964-09-14
3584259,2024-09-21,2024-10-19,60,60,60,60,1963-10-20,1964-09-21
3584259,2024-10-19,2024-11-09,60,60,60,60,1963-11-10,1964-10-19
3584259,2024-11-09,2024-11-30,60,60,61,61,1963-11-10,1963-11-30
3584259,2024-11-30,2024-12-14,61,61,61,61,1962-12-15,1963-11-30
360902,,2012-10-13,,,50,50,1961-10-14,1962-10-13
360902,2012-10-13,2012-10-27,50,50,50,50,1961-10-28,1962-10-13
360902,2012-10-27,2013-06-29,50,50,50,50,1962-06-30,1962-10-27
360902,2013-06-29,2013-09-07,50,50,51,51,1962-06-30,1962-09-07
360902,2013-09-07,2013-10-12,51,51,51,51,1961-10-13,1962-09-07
360902,2013-10-12,2013-11-02,51,51,51,51,1961-11-03,1962-10-12
360902,2013-11-02,2013-12-21,51,51,51,51,1961-12-22,1962-11-02
360902,2013-12-21,2014-04-05,51,51,51,51,1962-04-06,1962-12-21
360902,2014-04-05,2014-04-19,51,51,51,51,1962-04-20,1963-04-05
360902,2014-04-19,2014-05-03,51,51,51,51,1962-05-04,1963-04-19
360902,2014-05-03,2014-05-24,51,51,51,51,1962-05-25,1963-05-03
360902,2014-05-24,2014-05-31,51,51,51,51,1962-06-01,1963-05-24
360902,2014-05-31,2014-06-14,51,51,51,51,1962-06-15,1963-05-31
360902,2014-06-14,2014-06-21,51,51,51,51,1962-06-22,1963-06-14
360902,2014-06-21,2014-09-13,51,51,52,52,1962-06-22,1962-09-13
360902,2014-09-13,2014-10-04,52,52,52,52,1961-10-05,1962-09-13
360902,2014-10-04,2014-10-11,52,52,52,52,1961-10-12,1962-10-04
360902,2014-10-11,2014-10-25,52,52,52,52,1961-10-26,1962-10-11
360902,2014-10-25,2014-11-08,52,52,52,52,1961-11-09,1962-10-25
360902,2014-11-08,2014-12-06,52,52,52,52,1961-12-07,1962-11-08
360902,2014-12-06,2014-12-20,52,52,52,52,1961-12-21,1962-12-06
360902,2014-12-20,2014-12-25,52,52,52,52,1961-12-26,1962-12-20
360902,2014-12-25,2015-02-07,52,52,52,52,1962-02-08,1962-12-25
360902,2015-02-07,2015-02-14,52,52,52,52,1962-02-15,1963-02-07
360902,2015-02-14,2015-02-21,52,52,52,52,1962-02-22,1963-02-14
360902,2015-02-21,2015-02-28,52,52,52,52,1962-03-01,1963-02-21
360902,2015-02-28,2015-03-07,52,52,52,52,1962-03-08,1963-02-28
360902,2015-03-07,2015-03-28,52,52,52,52,1962-03-29,1963-03-07
360902,2015-03-28,2015-04-04,52,52,52,52,1962-04-05,1963-03-28
360902,2015-04-04,2015-04-11,52,52,52,52,1962-04-12,1963-04-04
360902,2015-04-11,2015-04-18,52,52,52,52,1962-04-19,1963-04-11
360902,2015-04-18,2015-04-25,52,52,52,52,1962-04-26,1963-04-18
360902,2015-04-25,2015-06-13,52,52,54,54,1962-04-26,1961-06-13
360902,2015-06-13,2015-06-27,54,54,52,52,1962-06-28,1961-06-13
360902,2015-06-27,2015-07-11,52,52,52,52,1962-07-12,1963-06-27
360902,2015-07-11,2015-08-01,52,52,52,52,1962-08-02,1963-07-11
360902,2015-08-01,2015-08-15,52,52,53,53,1962-08-02,1962-08-15
360902,2015-08-15,2015-08-22,53,53,53,53,1961-08-23,1962-08-15
360902,2015-08-22,2015-09-05,53,53,53,53,1961-09-06,1962-08-22
360902,2015-09-05,2015-10-24,53,53,53,53,1961-10-25,1962-09-05
360902,2015-10-24,2015-11-14,53,53,53,53,1961-11-15,1962-10-24
360902,2015-11-14,2015-11-28,53,53,53,53,1961-11-29,1962-11-14
360902,2015-11-28,2015-12-05,53,53,53,53,1961-12-06,1962-11-28
360902,2015-12-05,2015-12-19,53,53,53,53,1961-12-20,1962-12-05
360902,2015-12-19,2015-12-25,53,53,53,53,1961-12-26,1962-12-19
360902,2015-12-25,2016-03-05,53,53,53,53,1962-03-06,1962-12-25
360902,2016-03-05,2016-03-12,53,53,53,53,1962-03-13,1963-03-05
360902,2016-03-12,2016-03-26,53,53,53,53,1962-03-27,1963-03-12
360902,2016-03-26,2016-04-09,53,53,53,53,1962-04-10,1963-03-26
360902,2016-04-09,2016-04-23,53,53,53,53,1962-04-24,1963-04-09
360902,2016-04-23,2016-05-07,53,53,53,53,1962-05-08,1963-04-23
360902,2016-05-07,2016-05-14,53,53,53,53,1962-05-15,1963-05-07
360902,2016-05-14,2016-05-21,53,53,53,53,1962-05-22,1963-05-14
360902,2016-05-21,2016-05-28,53,53,53,53,1962-05-29,1963-05-21
360902,2016-05-28,2016-06-18,53,53,53,53,1962-06-19,1963-05-28
360902,2016-06-18,2016-06-25,53,53,53,53,1962-06-26,1963-06-18
360902,2016-06-25,2016-07-02,53,53,53,53,1962-07-03,1963-06-25
360902,2016-07-02,2016-07-30,53,53,53,53,1962-07-31,1963-07-02
360902,2016-07-30,2016-08-13,53,53,53,53,1962-08-14,1963-07-30
360902,2016-08-13,2016-08-20,53,53,54,54,1962-08-14,1962-08-20
360902,2016-08-20,2016-09-03,54,54,54,54,1961-09-04,1962-08-20
360902,2016-09-03,2016-10-01,54,54,54,54,1961-10-02,1962-09-03
360902,2016-10-01,2016-10-08,54,54,54,54,1961-10-09,1962-10-01
360902,2016-10-08,2016-10-22,54,54,54,54,1961-10-23,1962-10-08
360902,2016-10-22,2016-10-29,54,54,54,54,1961-10-30,1962-10-22
360902,2016-10-29,2016-11-12,54,54,54,54,1961-11-13,1962-10-29
360902,2016-11-12,2016-12-03,54,54,54,54,1961-12-04,1962-11-12
360902,2016-12-03,2016-12-17,54,54,54,54,1961-12-18,1962-12-03
360902,2016-12-17,2016-12-25,54,54,54,54,1961-12-26,1962-12-17
360902,2016-12-25,2017-01-07,54,54,54,54,1962-01-08,1962-12-25
360902,2017-01-07,2017-01-14,54,54,54,54,1962-01-15,1963-01-07
360902,2017-01-14,2017-01-28,54,54,54,54,1962-01-29,1963-01-14
360902,2017-01-28,2017-02-11,54,54,54,54,1962-02-12,1963-01-28
360902,2017-02-11,2017-03-11,54,54,54,54,1962-03-12,1963-02-11
360902,2017-03-11,2017-04-01,54,54,54,54,1962-04-02,1963-03-11
360902,2017-04-01,2017-04-15,54,54,54,54,1962-04-16,1963-04-01
360902,2017-04-15,2017-04-22,54,54,54,54,1962-04-23,1963-04-15
360902,2017-04-22,2017-04-29,54,54,54,54,1962-04-30,1963-04-22
360902,2017-04-29,2017-05-20,54,54,54,54,1962-05-21,1963-04-29
360902,2017-05-20,2017-06-10,54,54,54,54,1962-06-11,1963-05-20
360902,2017-06-10,2017-06-17,54,54,54,54,1962-06-18,1963-06-10
360902,2017-06-17,2017-07-01,54,54,54,54,1962-07-02,1963-06-17
360902,2017-07-01,2017-07-08,54,54,54,54,1962-07-09,1963-07-01
360902,2017-07-08,2017-08-05,54,54,54,54,1962-08-06,1963-07-08
360902,2017-08-05,2017-08-12,54,54,54,54,1962-08-13,1963-08-05
360902,2017-08-12,2017-09-02,54,54,55,55,1962-08-13,1962-09-02
360902,2017-09-02,2017-09-16,55,55,55,55,1961-09-17,1962-09-02
360902,2017-09-16,2017-10-21,55,55,55,55,1961-10-22,1962-09-16
360902,2017-10-21,2017-10-28,55,55,55,55,1961-10-29,1962-10-21
360902,2017-10-28,2017-12-09,55,55,55,55,1961-12-10,1962-10-28
360902,2017-12-09,2017-12-23,55,55,55,55,1961-12-24,1962-12-09
360902,2017-12-23,2018-01-01,55,55,55,55,1962-01-02,1962-12-23
360902,2018-01-01,2018-02-03,55,55,55,55,1962-02-04,1963-01-01
360902,2018-02-03,2018-02-10,55,55,55,55,1962-02-11,1963-02-03
360902,2018-02-10,2018-02-24,55,55,55,55,1962-02-25,1963-02-10
360902,2018-02-24,2018-03-10,55,55,55,55,1962-03-11,1963-02-24
360902,2018-03-10,2018-03-24,55,55,55,55,1962-03-25,1963-03-10
360902,2018-03-24,2018-04-14,55,55,55,55,1962-04-15,1963-03-24
360902,2018-04-14,2018-04-21,55,55,55,55,1962-04-22,1963-04-14
360902,2018-04-21,2018-04-28,55,55,55,55,1962-04-29,1963-04-21
360902,2018-04-28,2018-05-05,55,55,55,55,1962-05-06,1963-04-28
360902,2018-05-05,2018-05-12,55,55,55,55,1962-05-13,1963-05-05
360902,2018-05-12,2018-07-14,55,55,55,55,1962-07-15,1963-05-12
360902,2018-07-14,2018-08-04,55,55,55,55,1962-08-05,1963-07-14
360902,2018-08-04,2018-08-11,55,55,55,55,1962-08-12,1963-08-04
360902,2018-08-11,2018-08-18,55,55,56,56,1962-08-12,1962-08-18
360902,2018-08-18,2018-09-08,56,56,56,56,1961-09-09,1962-08-18
360902,2018-09-08,2018-09-22,56,56,56,56,1961-09-23,1962-09-08
360902,2018-09-22,2018-10-06,56,56,56,56,1961-10-07,1962-09-22
360902,2018-10-06,2018-10-27,56,56,56,56,1961-10-28,1962-10-06
360902,2018-10-27,2018-11-10,56,56,56,56,1961-11-11,1962-10-27
360902,2018-11-10,2018-12-22,56,56,56,56,1961-12-23,1962-11-10
360902,2018-12-22,2018-12-25,56,56,56,56,1961-12-26,1962-12-22
360902,2018-12-25,2019-03-09,56,56,56,56,1962-03-10,1962-12-25
360902,2019-03-09,2019-05-11,56,56,56,56,1962-05-12,1963-03-09
360902,2019-05-11,2019-05-18,56,56,56,56,1962-05-19,1963-05-11
360902,2019-05-18,2019-06-29,56,56,56,56,1962-06-30,1963-05-18
360902,2019-06-29,2019-09-21,56,56,57,57,1962-06-30,1962-09-21
360902,2019-09-21,2019-10-05,57,57,57,57,1961-10-06,1962-09-21
360902,2019-10-05,2019-11-09,57,57,57,57,1961-11-10,1962-10-05
360902,2019-11-09,2019-12-14,57,57,57,57,1961-12-15,1962-11-09
360902,2019-12-14,2020-02-15,57,57,57,57,1962-02-16,1962-12-14
360902,2020-02-15,2020-02-29,57,57,57,57,1962-03-02,1963-02-15
360902,2020-02-29,2020-03-07,57,57,57,57,1962-03-08,1963-03-01
360902,2020-03-07,2022-02-12,57,57,59,59,1962-03-08,1963-02-12
3610407,,2017-06-24,,,39,39,1977-06-25,1978-06-24
3610407,2017-06-24,2018-08-04,39,39,9,9,2008-08-05,1978-06-24
3655979,,2017-07-22,,,59,59,1957-07-23,1958-07-22
3655979,2017-07-22,2017-08-19,59,59,59,59,1957-08-20,1958-07-22
3655979,2017-08-19,2017-09-16,59,59,59,59,1957-09-17,1958-08-19
3655979,2017-09-16,2017-10-14,59,59,59,59,1957-10-15,1958-09-16
3655979,2017-10-14,2017-11-11,59,59,59,59,1957-11-12,1958-10-14
3655979,2017-11-11,2017-12-09,59,59,59,59,1957-12-10,1958-11-11
3655979,2017-12-09,2017-12-16,59,59,59,59,1957-12-17,1958-12-09
3655979,2017-12-16,2018-01-06,59,59,59,59,1958-01-07,1958-12-16
3655979,2018-01-06,2018-02-17,59,59,59,59,1958-02-18,1959-01-06
3655979,2018-02-17,2018-03-31,59,59,59,59,1958-04-01,1959-02-17
3655979,2018-03-31,2018-05-19,59,59,59,59,1958-05-20,1959-03-31
3655979,2018-05-19,2018-05-26,59,59,59,59,1958-05-27,1959-05-19
3655979,2018-05-26,2018-06-16,59,59,59,59,1958-06-17,1959-05-26
3655979,2018-06-16,2018-06-30,59,59,59,59,1958-07-01,1959-06-16
3655979,2018-06-30,2018-07-21,59,59,60,60,1958-07-01,1958-07-21
3655979,2018-07-21,2018-07-28,60,60,59,59,1958-07-29,1958-07-21
3655979,2018-07-28,2018-09-08,59,59,59,59,1958-09-09,1959-07-28
3655979,2018-09-08,2018-12-29,59,59,60,60,1958-09-09,1958-12-29
3655979,2018-12-29,2019-02-16,60,60,60,60,1958-02-17,1958-12-29
3655979,2019-02-16,2019-06-15,60,60,60,60,1958-06-16,1959-02-16
3655979,2019-06-15,2019-07-06,60,60,60,60,1958-07-07,1959-06-15
3655979,2019-07-06,2019-08-17,60,60,60,60,1958-08-18,1959-07-06
3655979,2019-08-17,2019-08-24,60,60,60,60,1958-08-25,1959-08-17
3655979,2019-08-24,2019-10-26,60,60,61,61,1958-08-25,1958-10-26
3655979,2019-10-26,2020-02-01,61,61,61,61,1958-02-02,1958-10-26
3655979,2020-02-01,2022-02-26,61,61,63,63,1958-02-27,1959-02-01
3655979,2022-02-26,2022-07-30,63,63,63,63,1958-07-31,1959-02-26
3655979,2022-07-30,2022-08-27,63,63,63,63,1958-08-28,1959-07-30
3655979,2022-08-27,2023-03-25,63,63,64,64,1958-08-28,1959-03-25
3655979,2023-03-25,2023-04-22,64,64,64,64,1958-04-23,1959-03-25
3655979,2023-04-22,2023-05-27,64,64,64,64,1958-05-28,1959-04-22
3655979,2023-05-27,2023-12-23,64,64,65,65,1958-05-28,1958-12-23
3655979,2023-12-23,2023-12-25,65,65,65,65,1957-12-26,1958-12-23
3655979,2023-12-25,2024-01-13,65,65,65,65,1958-01-14,1958-12-25
3655979,2024-01-13,2024-02-17,65,65,65,65,1958-02-18,1959-01-13
3655979,2024-02-17,2024-03-23,65,65,65,65,1958-03-24,1959-02-17
3655979,2024-03-23,2024-04-13,65,65,65,65,1958-04-14,1959-03-23
3655979,2024-04-13,2024-06-01,65,65,65,65,1958-06-02,1959-04-13
3655979,2024-06-01,2024-07-27,65,65,65,65,1958-07-28,1959-06-01
3655979,2024-07-27,2024-09-14,65,65,65,65,1958-09-15,1959-07-27
3655979,2024-09-14,2024-11-23,65,65,66,66,1958-09-15,1958-11-23
3655979,2024-11-23,2024-12-21,66,66,66,66,1957-12-22,1958-11-23
3655979,2024-12-21,2024-12-25,66,66,66,66,1957-12-26,1958-12-21
3655979,2024-12-25,2025-01-25,66,66,66,66,1958-01-26,1958-12-25
3655979,2025-01-25,2025-03-22,66,66,66,66,1958-03-23,1959-01-25
3655979,2025-03-22,2025-04-12,66,66,66,66,1958-04-13,1959-03-22
3655979,2025-04-12,2025-05-24,66,66,66,66,1958-05-25,1959-04-12
3655979,2025-05-24,2025-08-30,66,66,66,66,1958-08-31,1959-05-24
3655979,2025-08-30,2025-11-01,66,66,67,67,1958-08-31,1958-11-01
3655979,2025-11-01,2025-11-15,67,67,67,67,1957-11-16,1958-11-01
3655979,2025-11-15,2026-01-17,67,67,67,67,1958-01-18,1958-11-15
3684879,,2018-02-24,,,57,57,1960-02-25,1961-02-24
3684879,2018-02-24,2019-02-16,57,57,58,58,1960-02-25,1961-02-16
3684879,2019-02-16,2019-03-02,58,58,58,58,1960-03-03,1961-02-16
3684879,2019-03-02,2019-03-09,58,58,58,58,1960-03-10,1961-03-02
3684879,2019-03-09,2019-03-16,58,58,57,57,1961-03-17,1961-03-09
3684879,2019-03-16,2019-03-23,57,57,57,57,1961-03-24,1962-03-16
3684879,2019-03-23,2019-03-30,57,57,57,57,1961-03-31,1962-03-23
3684879,2019-03-30,2019-04-06,57,57,57,57,1961-04-07,1962-03-30
3684879,2019-04-06,2019-04-13,57,57,57,57,1961-04-14,1962-04-06
3684879,2019-04-13,2019-05-04,57,57,57,57,1961-05-05,1962-04-13
3684879,2019-05-04,2019-05-11,57,57,57,57,1961-05-12,1962-05-04
3684879,2019-05-11,2019-05-18,57,57,57,57,1961-05-19,1962-05-11
3684879,2019-05-18,2019-05-25,57,57,58,58,1961-05-19,1961-05-25
3684879,2019-05-25,2019-06-15,58,58,58,58,1960-06-16,1961-05-25
3684879,2019-06-15,2019-06-22,58,58,58,58,1960-06-23,1961-06-15
3684879,2019-06-22,2019-07-13,58,58,58,58,1960-07-14,1961-06-22
3684879,2019-07-13,2019-07-20,58,58,58,58,1960-07-21,1961-07-13
3684879,2019-07-20,2019-08-03,58,58,58,58,1960-08-04,1961-07-20
3684879,2019-08-03,2019-08-10,58,58,58,58,1960-08-11,1961-08-03
3684879,2019-08-10,2019-08-17,58,58,58,58,1960-08-18,1961-08-10
3684879,2019-08-17,2019-09-07,58,58,58,58,1960-09-08,1961-08-17
3684879,2019-09-07,2019-09-21,58,58,58,58,1960-09-22,1961-09-07
372943,,2013-03-09,,,32,32,1980-03-10,1981-03-09
372943,2013-03-09,2013-04-06,32,32,32,32,1980-04-07,1981-03-09
372943,2013-04-06,2014-04-12,32,32,33,33,1980-04-13,1981-04-06
372943,2014-04-12,2014-12-25,33,33,30,30,1983-12-26,1981-04-12
372943,2014-12-25,2015-12-19,30,30,35,35,1983-12-26,1980-12-19
372943,2015-12-19,2016-12-25,35,35,36,36,1979-12-26,1980-12-19
372943,2016-12-25,2019-03-02,36,36,38,38,1980-03-03,1980-12-25
372943,2019-03-02,2019-12-28,38,38,39,39,1980-03-03,1980-12-28
372943,2019-12-28,2022-01-22,39,39,41,41,1980-01-23,1980-12-28
373054,,2013-11-23,,,43,43,1969-11-24,1970-11-23
373054,2013-11-23,2013-11-30,43,43,43,43,1969-12-01,1970-11-23
373054,2013-11-30,2013-12-21,43,43,43,43,1969-12-22,1970-11-30
373054,2013-12-21,2014-05-10,43,43,44,44,1969-12-22,1970-05-10
373054,2014-05-10,2014-07-19,44,44,44,44,1969-07-20,1970-05-10
373054,2014-07-19,2014-07-26,44,44,44,44,1969-07-27,1970-07-19
373054,2014-07-26,2014-08-02,44,44,44,44,1969-08-03,1970-07-26
373054,2014-08-02,2014-08-30,44,44,44,44,1969-08-31,1970-08-02
373054,2014-08-30,2014-09-06,44,44,44,44,1969-09-07,1970-08-30
373054,2014-09-06,2014-10-11,44,44,44,44,1969-10-12,1970-09-06
373054,2014-10-11,2014-11-01,44,44,44,44,1969-11-02,1970-10-11
373054,2014-11-01,2014-11-15,44,44,44,44,1969-11-16,1970-11-01
373054,2014-11-15,2014-11-22,44,44,44,44,1969-11-23,1970-11-15
373054,2014-11-22,2014-12-20,44,44,44,44,1969-12-21,1970-11-22
373054,2014-12-20,2014-12-25,44,44,44,44,1969-12-26,1970-12-20
373054,2014-12-25,2014-12-27,44,44,44,44,1969-12-28,1970-12-25
373054,2014-12-27,2015-03-21,44,44,45,45,1969-12-28,1970-03-21
373054,2015-03-21,2015-03-28,45,45,45,45,1969-03-29,1970-03-21
373054,2015-03-28,2015-06-20,45,45,49,49,1969-03-29,1966-06-20
373054,2015-06-20,2015-07-04,49,49,45,45,1969-07-05,1966-06-20
373054,2015-07-04,2015-07-18,45,45,45,45,1969-07-19,1970-07-04
373054,2015-07-18,2015-08-22,45,45,45,45,1969-08-23,1970-07-18
373054,2015-08-22,2015-08-29,45,45,45,45,1969-08-30,1970-08-22
373054,2015-08-29,2015-09-05,45,45,45,45,1969-09-06,1970-08-29
373054,2015-09-05,2015-09-26,45,45,45,45,1969-09-27,1970-09-05
373054,2015-09-26,2015-10-03,45,45,45,45,1969-10-04,1970-09-26
373054,2015-10-03,2015-10-31,45,45,45,45,1969-11-01,1970-10-03
373054,2015-10-31,2016-02-20,45,45,46,46,1969-11-01,1970-02-20
373054,2016-02-20,2016-02-27,46,46,46,46,1969-02-28,1970-02-20
373054,2016-02-27,2016-03-26,46,46,46,46,1969-03-27,1970-02-27
373054,2016-03-26,2016-04-16,46,46,46,46,1969-04-17,1970-03-26
373054,2016-04-16,2016-05-14,46,46,46,46,1969-05-15,1970-04-16
373054,2016-05-14,2016-06-04,46,46,46,46,1969-06-05,1970-05-14
373054,2016-06-04,2016-09-24,46,46,46,46,1969-09-25,1970-06-04
373054,2016-09-24,2016-10-01,46,46,46,46,1969-10-02,1970-09-24
373054,2016-10-01,2016-10-22,46,46,46,46,1969-10-23,1970-10-01
373054,2016-10-22,2016-10-29,46,46,46,46,1969-10-30,1970-10-22
373054,2016-10-29,2016-11-05,46,46,46,46,1969-11-06,1970-10-29
373054,2016-11-05,2016-11-12,46,46,46,46,1969-11-13,1970-11-05
373054,2016-11-12,2016-11-19,46,46,46,46,1969-11-20,1970-11-12
373054,2016-11-19,2016-11-26,46,46,46,46,1969-11-27,1970-11-19
373054,2016-11-26,2016-12-03,46,46,46,46,1969-12-04,1970-11-26
373054,2016-12-03,2016-12-10,46,46,46,46,1969-12-11,1970-12-03
373054,2016-12-10,2016-12-17,46,46,46,46,1969-12-18,1970-12-10
373054,2016-12-17,2016-12-24,46,46,46,46,1969-12-25,1970-12-17
373054,2016-12-24,2017-01-28,46,46,47,47,1969-12-25,1970-01-28
373054,2017-01-28,2019-05-25,47,47,49,49,1969-05-26,1970-01-28
373054,2019-05-25,2019-06-01,49,49,49,49,1969-06-02,1970-05-25
373054,2019-06-01,2019-08-03,49,49,49,49,1969-08-04,1970-06-01
373054,2019-08-03,2019-08-10,49,49,49,49,1969-08-11,1970-08-03
373054,2019-08-10,2019-08-17,49,49,49,49,1969-08-18,1970-08-10
373054,2019-08-17,2019-08-24,49,49,49,49,1969-08-25,1970-08-17
373054,2019-08-24,2019-12-25,49,49,49,49,1969-12-26,1970-08-24
373054,2019-12-25,2020-01-01,49,49,49,49,1970-01-02,1970-12-25
373054,2020-01-01,2020-01-01,49,49,49,49,1970-01-02,1971-01-01
3738636,,2018-04-07,,,46,46,1971-04-08,1972-04-07
3738636,2018-04-07,2018-10-27,46,46,46,46,1971-10-28,1972-04-07
3738636,2018-10-27,2018-11-03,46,46,46,46,1971-11-04,1972-10-27
3738636,2018-11-03,2018-11-10,46,46,46,46,1971-11-11,1972-11-03
3738636,2018-11-10,2018-11-24,46,46,47,47,1971-11-11,1971-11-24
3738636,2018-11-24,2018-12-15,47,47,47,47,1970-12-16,1971-11-24
3738636,2018-12-15,2018-12-29,47,47,47,47,1970-12-30,1971-12-15
3738636,2018-12-29,2019-01-05,47,47,47,47,1971-01-06,1971-12-29
3738636,2019-01-05,2019-01-12,47,47,47,47,1971-01-13,1972-01-05
3738636,2019-01-12,2019-01-26,47,47,47,47,1971-01-27,1972-01-12
3738636,2019-01-26,2019-02-02,47,47,47,47,1971-02-03,1972-01-26
3738636,2019-02-02,2019-02-16,47,47,47,47,1971-02-17,1972-02-02
3738636,2019-02-16,2019-02-23,47,47,47,47,1971-02-24,1972-02-16
3738636,2019-02-23,2019-03-02,47,47,47,47,1971-03-03,1972-02-23
3738636,2019-03-02,2019-03-09,47,47,47,47,1971-03-10,1972-03-02
3738636,2019-03-09,2019-03-23,47,47,46,46,1972-03-24,1972-03-09
3738636,2019-03-23,2019-04-13,46,46,46,46,1972-04-14,1973-03-23
3738636,2019-04-13,2019-04-20,46,46,46,46,1972-04-21,1973-04-13
3738636,2019-04-20,2019-04-27,46,46,46,46,1972-04-28,1973-04-20
3738636,2019-04-27,2019-05-18,46,46,46,46,1972-05-19,1973-04-27
3738636,2019-05-18,2019-06-01,46,46,46,46,1972-06-02,1973-05-18
3738636,2019-06-01,2019-06-15,46,46,46,46,1972-06-16,1973-06-01
3738636,2019-06-15,2019-06-22,46,46,46,46,1972-06-23,1973-06-15
3738636,2019-06-22,2019-07-13,46,46,46,46,1972-07-14,1973-06-22
3738636,2019-07-13,2019-08-03,46,46,46,46,1972-08-04,1973-07-13
3738636,2019-08-03,2019-08-10,46,46,46,46,1972-08-11,1973-08-03
3738636,2019-08-10,2019-08-17,46,46,46,46,1972-08-18,1973-08-10
3738636,2019-08-17,2019-08-31,46,46,46,46,1972-09-01,1973-08-17
3738636,2019-08-31,2019-09-07,46,46,46,46,1972-09-08,1973-08-31
3738636,2019-09-07,2019-09-21,46,46,46,46,1972-09-22,1973-09-07
3738636,2019-09-21,2019-09-28,46,46,46,46,1972-09-29,1973-09-21
3738636,2019-09-28,2019-10-05,46,46,46,46,1972-10-06,1973-09-28
3738636,2019-10-05,2019-10-12,46,46,46,46,1972-10-13,1973-10-05
3738636,2019-10-12,2019-10-19,46,46,46,46,1972-10-20,1973-10-12
3738636,2019-10-19,2019-10-26,46,46,46,46,1972-10-27,1973-10-19
3738636,2019-10-26,2019-11-02,46,46,46,46,1972-11-03,1973-10-26
3738636,2019-11-02,2019-11-09,46,46,46,46,1972-11-10,1973-11-02
3738636,2019-11-09,2019-11-16,46,46,46,46,1972-11-17,1973-11-09
3738636,2019-11-16,2019-11-23,46,46,47,47,1972-11-17,1972-11-23
3738636,2019-11-23,2019-12-07,47,47,47,47,1971-12-08,1972-11-23
3738636,2019-12-07,2019-12-14,47,47,47,47,1971-12-15,1972-12-07
3738636,2019-12-14,2019-12-21,47,47,47,47,1971-12-22,1972-12-14
3738636,2019-12-21,2019-12-25,47,47,47,47,1971-12-26,1972-12-21
3738636,2019-12-25,2020-01-11,47,47,47,47,1972-01-12,1972-12-25
3738636,2020-01-11,2020-01-18,47,47,47,47,1972-01-19,1973-01-11
3738636,2020-01-18,2020-01-25,47,47,47,47,1972-01-26,1973-01-18
3738636,2020-01-25,2020-02-01,47,47,47,47,1972-02-02,1973-01-25
3738636,2020-02-01,2020-02-08,47,47,47,47,1972-02-09,1973-02-01
3738636,2020-02-08,2020-02-15,47,47,47,47,1972-02-16,1973-02-08
3738636,2020-02-15,2020-02-22,47,47,47,47,1972-02-23,1973-02-15
3738636,2020-02-22,2020-02-29,47,47,47,47,1972-03-01,1973-02-22
3738636,2020-02-29,2020-03-07,47,47,47,47,1972-03-08,1973-03-01
3738636,2020-03-07,2021-07-31,47,47,48,48,1972-08-01,1973-03-07
3738636,2021-07-31,2021-08-21,48,48,48,48,1972-08-22,1973-07-31
3738636,2021-08-21,2021-08-28,48,48,48,48,1972-08-29,1973-08-21
3738636,2021-08-28,2021-09-04,48,48,48,48,1972-09-05,1973-08-28
3738636,2021-09-04,2021-09-11,48,48,48,48,1972-09-12,1973-09-04
3738636,2021-09-11,2021-09-18,48,48,48,48,1972-09-19,1973-09-11
3738636,2021-09-18,2021-09-25,48,48,48,48,1972-09-26,1973-09-18
3738636,2021-09-25,2022-04-02,48,48,49,49,1972-09-26,1973-04-02
3738636,2022-04-02,2022-05-28,49,49,49,49,1972-05-29,1973-04-02
3738636,2022-05-28,2022-06-11,49,49,49,49,1972-06-12,1973-05-28
3738636,2022-06-11,2022-06-18,49,49,49,49,1972-06-19,1973-06-11
3738636,2022-06-18,2022-06-25,49,49,49,49,1972-06-26,1973-06-18
3738636,2022-06-25,2022-07-02,49,49,49,49,1972-07-03,1973-06-25
3738636,2022-07-02,2022-12-31,49,49,50,50,1972-07-03,1972-12-31
3738636,2022-12-31,2023-01-07,50,50,50,50,1972-01-08,1972-12-31
3738636,2023-01-07,2023-01-14,50,50,50,50,1972-01-15,1973-01-07
3738636,2023-01-14,2023-01-28,50,50,50,50,1972-01-29,1973-01-14
3738636,2023-01-28,2023-02-04,50,50,50,50,1972-02-05,1973-01-28
3738636,2023-02-04,2023-02-11,50,50,50,50,1972-02-12,1973-02-04
3738636,2023-02-11,2023-02-18,50,50,50,50,1972-02-19,1973-02-11
3738636,2023-02-18,2023-02-25,50,50,50,50,1972-02-26,1973-02-18
3738636,2023-02-25,2023-03-11,50,50,50,50,1972-03-12,1973-02-25
3738636,2023-03-11,2023-03-18,50,50,50,50,1972-03-19,1973-03-11
3738636,2023-03-18,2023-05-27,50,50,50,50,1972-05-28,1973-03-18
3738636,2023-05-27,2023-06-17,50,50,50,50,1972-06-18,1973-05-27
3738636,2023-06-17,2023-07-01,50,50,50,50,1972-07-02,1973-06-17
3738636,2023-07-01,2023-07-08,50,50,50,50,1972-07-09,1973-07-01
3738636,2023-07-08,2023-07-15,50,50,50,50,1972-07-16,1973-07-08
3738636,2023-07-15,2023-07-22,50,50,50,50,1972-07-23,1973-07-15
3738636,2023-07-22,2023-07-29,50,50,50,50,1972-07-30,1973-07-22
3738636,2023-07-29,2023-08-12,50,50,50,50,1972-08-13,1973-07-29
3738636,2023-08-12,2023-08-19,50,50,50,50,1972-08-20,1973-08-12
3738636,2023-08-19,2023-09-23,50,50,50,50,1972-09-24,1973-08-19
3738636,2023-09-23,2023-10-07,50,50,50,50,1972-10-08,1973-09-23
3738636,2023-10-07,2023-10-28,50,50,50,50,1972-10-29,1973-10-07
3738636,2023-10-28,2023-11-04,50,50,50,50,1972-11-05,1973-10-28
3738636,2023-11-04,2023-11-25,50,50,51,51,1972-11-05,1972-11-25
3738636,2023-11-25,2023-12-23,51,51,51,51,1971-12-24,1972-11-25
3738636,2023-12-23,2023-12-25,51,51,51,51,1971-12-26,1972-12-23
3738636,2023-12-25,2024-01-01,51,51,51,51,1972-01-02,1972-12-25
3738636,2024-01-01,2024-01-06,51,51,51,51,1972-01-07,1973-01-01
3738636,2024-01-06,2024-01-27,51,51,51,51,1972-01-28,1973-01-06
3738636,2024-01-27,2024-02-03,51,51,51,51,1972-02-04,1973-01-27
3738636,2024-02-03,2024-02-10,51,51,51,51,1972-02-11,1973-02-03
3738636,2024-02-10,2024-02-24,51,51,51,51,1972-02-25,1973-02-10
3738636,2024-02-24,2024-03-02,51,51,51,51,1972-03-03,1973-02-24
3738636,2024-03-02,2024-03-09,51,51,51,51,1972-03-10,1973-03-02
3738636,2024-03-09,2024-03-30,51,51,51,51,1972-03-31,1973-03-09
3738636,2024-03-30,2024-04-06,51,51,51,51,1972-04-07,1973-03-30
3738636,2024-04-06,2024-04-20,51,51,51,51,1972-04-21,1973-04-06
3738636,2024-04-20,2024-04-27,51,51,51,51,1972-04-28,1973-04-20
3738636,2024-04-27,2024-05-04,51,51,51,51,1972-05-05,1973-04-27
3738636,2024-05-04,2024-05-11,51,51,51,51,1972-05-12,1973-05-04
3738636,2024-05-11,2024-05-18,51,51,51,51,1972-05-19,1973-05-11
3738636,2024-05-18,2024-05-25,51,51,51,51,1972-05-26,1973-05-18
3738636,2024-05-25,2024-06-08,51,51,51,51,1972-06-09,1973-05-25
3738636,2024-06-08,2024-06-15,51,51,51,51,1972-06-16,1973-06-08
3738636,2024-06-15,2024-06-22,51,51,51,51,1972-06-23,1973-06-15
3738636,2024-06-22,2024-06-29,51,51,51,51,1972-06-30,1973-06-22
3738636,2024-06-29,2024-07-06,51,51,51,51,1972-07-07,1973-06-29
3738636,2024-07-06,2024-07-13,51,51,51,51,1972-07-14,1973-07-06
3738636,2024-07-13,2024-07-20,51,51,51,51,1972-07-21,1973-07-13
3738636,2024-07-20,2024-07-27,51,51,51,51,1972-07-28,1973-07-20
3738636,2024-07-27,2024-08-24,51,51,51,51,1972-08-25,1973-07-27
3738636,2024-08-24,2024-10-12,51,51,51,51,1972-10-13,1973-08-24
3738636,2024-10-12,2024-10-19,51,51,51,51,1972-10-20,1973-10-12
3738636,2024-10-19,2024-11-02,51,51,51,51,1972-11-03,1973-10-19
3738636,2024-11-02,2024-11-23,51,51,52,52,1972-11-03,1972-11-23
3738636,2024-11-23,2024-12-14,52,52,52,52,1971-12-15,1972-11-23
3738636,2024-12-14,2024-12-25,52,52,52,52,1971-12-26,1972-12-14
3738636,2024-12-25,2024-12-28,52,52,52,52,1971-12-29,1972-12-25
3738636,2024-12-28,2025-01-01,52,52,52,52,1972-01-02,1972-12-28
3738636,2025-01-01,2025-01-25,52,52,52,52,1972-01-26,1973-01-01
3738636,2025-01-25,2025-02-01,52,52,52,52,1972-02-02,1973-01-25
3738636,2025-02-01,2025-02-08,52,52,52,52,1972-02-09,1973-02-01
3738636,2025-02-08,2025-02-15,52,52,52,52,1972-02-16,1973-02-08
3738636,2025-02-15,2025-02-22,52,52,52,52,1972-02-23,1973-02-15
3738636,2025-02-22,2025-03-01,52,52,52,52,1972-03-02,1973-02-22
3738636,2025-03-01,2025-03-15,52,52,52,52,1972-03-16,1973-03-01
3738636,2025-03-15,2025-03-22,52,52,52,52,1972-03-23,1973-03-15
3738636,2025-03-22,2025-03-29,52,52,52,52,1972-03-30,1973-03-22
3738636,2025-03-29,2025-04-05,52,52,52,52,1972-04-06,1973-03-29
3738636,2025-04-05,2025-04-12,52,52,52,52,1972-04-13,1973-04-05
3738636,2025-04-12,2025-05-03,52,52,52,52,1972-05-04,1973-04-12
3738636,2025-05-03,2025-05-10,52,52,52,52,1972-05-11,1973-05-03
3738636,2025-05-10,2025-05-24,52,52,52,52,1972-05-25,1973-05-10
3738636,2025-05-24,2025-06-07,52,52,52,52,1972-06-08,1973-05-24
3738636,2025-06-07,2025-06-21,52,52,52,52,1972-06-22,1973-06-07
3738636,2025-06-21,2025-07-26,52,52,52,52,1972-07-27,1973-06-21
3738636,2025-07-26,2025-08-02,52,52,52,52,1972-08-03,1973-07-26
3738636,2025-08-02,2025-08-30,52,52,52,52,1972-08-31,1973-08-02
3738636,2025-08-30,2025-09-06,52,52,52,52,1972-09-07,1973-08-30
3738636,2025-09-06,2025-09-13,52,52,52,52,1972-09-14,1973-09-06
3738636,2025-09-13,2025-09-20,52,52,52,52,1972-09-21,1973-09-13
3738636,2025-09-20,2025-11-15,52,52,52,52,1972-11-16,1973-09-20
3738636,2025-11-15,2026-01-10,52,52,53,53,1972-11-16,1973-01-10
3738636,2026-01-10,2026-01-24,53,53,53,53,1972-01-25,1973-01-10
376625,,2012-10-20,,,32,32,1979-10-21,1980-10-20
376625,2012-10-20,2012-11-10,32,32,32,32,1979-11-11,1980-10-20
376625,2012-11-10,2012-11-17,32,32,32,32,1979-11-18,1980-11-10
376625,2012-11-17,2013-01-01,32,32,32,32,1980-01-02,1980-11-17
376625,2013-01-01,2013-01-05,32,32,32,32,1980-01-06,1981-01-01
376625,2013-01-05,2013-01-12,32,32,32,32,1980-01-13,1981-01-05
376625,2013-01-12,2013-01-26,32,32,32,32,1980-01-27,1981-01-12
376625,2013-01-26,2013-02-02,32,32,32,32,1980-02-03,1981-01-26
376625,2013-02-02,2013-02-09,32,32,32,32,1980-02-10,1981-02-02
376625,2013-02-09,2013-03-02,32,32,32,32,1980-03-03,1981-02-09
376625,2013-03-02,2013-04-20,32,32,32,32,1980-04-21,1981-03-02
376625,2013-04-20,2013-05-04,32,32,32,32,1980-05-05,1981-04-20
376625,2013-05-04,2013-05-11,32,32,32,32,1980-05-12,1981-05-04
376625,2013-05-11,2013-05-18,32,32,32,32,1980-05-19,1981-05-11
376625,2013-05-18,2013-06-01,32,32,32,32,1980-06-02,1981-05-18
376625,2013-06-01,2013-06-29,32,32,32,32,1980-06-30,1981-06-01
376625,2013-06-29,2013-07-20,32,32,32,32,1980-07-21,1981-06-29
376625,2013-07-20,2013-08-03,32,32,32,32,1980-08-04,1981-07-20
376625,2013-08-03,2013-08-31,32,32,32,32,1980-09-01,1981-08-03
376625,2013-08-31,2013-09-21,32,32,32,32,1980-09-22,1981-08-31
376625,2013-09-21,2014-01-25,32,32,33,33,1980-09-22,1981-01-25
376625,2014-01-25,2014-02-01,33,33,33,33,1980-02-02,1981-01-25
376625,2014-02-01,2014-03-08,33,33,33,33,1980-03-09,1981-02-01
376625,2014-03-08,2014-06-14,33,33,33,33,1980-06-15,1981-03-08
376625,2014-06-14,2014-08-30,33,33,33,33,1980-08-31,1981-06-14
376625,2014-08-30,2015-01-01,33,33,34,34,1980-08-31,1981-01-01
376625,2015-01-01,2015-02-07,34,34,34,34,1980-02-08,1981-01-01
376625,2015-02-07,2015-04-25,34,34,34,34,1980-04-26,1981-02-07
376625,2015-04-25,2015-05-02,34,34,34,34,1980-05-03,1981-04-25
376625,2015-05-02,2015-05-09,34,34,34,34,1980-05-10,1981-05-02
376625,2015-05-09,2015-05-16,34,34,34,34,1980-05-17,1981-05-09
376625,2015-05-16,2015-07-04,34,34,34,34,1980-07-05,1981-05-16
376625,2015-07-04,2015-09-05,34,34,30,30,1984-09-06,1981-07-04
376625,2015-09-05,2015-09-19,30,30,34,34,1984-09-06,1981-09-19
376625,2015-09-19,2015-10-10,34,34,35,35,1980-09-20,1980-10-10
376625,2015-10-10,2015-11-07,35,35,35,35,1979-11-08,1980-10-10
376625,2015-11-07,2015-11-14,35,35,35,35,1979-11-15,1980-11-07
376625,2015-11-14,2015-11-21,35,35,35,35,1979-11-22,1980-11-14
376625,2015-11-21,2016-03-12,35,35,35,35,1980-03-13,1980-11-21
376625,2016-03-12,2016-07-16,35,35,35,35,1980-07-17,1981-03-12
376625,2016-07-16,2016-07-23,35,35,35,35,1980-07-24,1981-07-16
376625,2016-07-23,2016-12-31,35,35,36,36,1980-07-24,1980-12-31
376625,2016-12-31,2018-01-06,36,36,37,37,1980-01-07,1980-12-31
376625,2018-01-06,2018-01-20,37,37,37,37,1980-01-21,1981-01-06
376625,2018-01-20,2018-02-03,37,37,37,37,1980-02-04,1981-01-20
376625,2018-02-03,2018-03-17,37,37,37,37,1980-03-18,1981-02-03
376625,2018-03-17,2018-03-24,37,37,37,37,1980-03-25,1981-03-17
376625,2018-03-24,2018-12-22,37,37,38,38,1980-03-25,1980-12-22
376625,2018-12-22,2019-01-01,38,38,38,38,1980-01-02,1980-12-22
376625,2019-01-01,2019-02-16,38,38,38,38,1980-02-17,1981-01-01
376625,2019-02-16,2019-03-16,38,38,38,38,1980-03-17,1981-02-16
376625,2019-03-16,2019-03-23,38,38,38,38,1980-03-24,1981-03-16
376625,2019-03-23,2019-03-30,38,38,38,38,1980-03-31,1981-03-23
376625,2019-03-30,2019-05-04,38,38,38,38,1980-05-05,1981-03-30
376625,2019-05-04,2019-09-14,38,38,38,38,1980-09-15,1981-05-04
376625,2019-09-14,2019-12-07,38,38,39,39,1980-09-15,1980-12-07
376625,2019-12-07,2019-12-14,39,39,39,39,1979-12-15,1980-12-07
376625,2019-12-14,2022-01-01,39,39,41,41,1980-01-02,1980-12-14
376625,2022-01-01,2023-12-30,41,41,43,43,1980-01-02,1980-12-30
377646,,2013-05-04,,,34,34,1978-05-05,1979-05-04
377646,2013-05-04,2013-06-01,34,34,34,34,1978-06-02,1979-05-04
377646,2013-06-01,2013-06-08,34,34,34,34,1978-06-09,1979-06-01
377646,2013-06-08,2013-07-06,34,34,33,33,1979-07-07,1979-06-08
377646,2013-07-06,2013-08-10,33,33,33,33,1979-08-11,1980-07-06
377646,2013-08-10,2013-09-28,33,33,33,33,1979-09-29,1980-08-10
377646,2013-09-28,2013-11-16,33,33,33,33,1979-11-17,1980-09-28
377646,2013-11-16,2013-11-23,33,33,33,33,1979-11-24,1980-11-16
377646,2013-11-23,2013-11-30,33,33,33,33,1979-12-01,1980-11-23
377646,2013-11-30,2013-12-14,33,33,33,33,1979-12-15,1980-11-30
377646,2013-12-14,2014-01-11,33,33,33,33,1980-01-12,1980-12-14
377646,2014-01-11,2014-01-25,33,33,33,33,1980-01-26,1981-01-11
377646,2014-01-25,2014-03-08,33,33,34,34,1980-01-26,1980-03-08
377646,2014-03-08,2014-08-30,34,34,34,34,1979-08-31,1980-03-08
377646,2014-08-30,2014-10-11,34,34,34,34,1979-10-12,1980-08-30
377646,2014-10-11,2014-11-29,34,34,34,34,1979-11-30,1980-10-11
377646,2014-11-29,2014-12-06,34,34,34,34,1979-12-07,1980-11-29
377646,2014-12-06,2014-12-13,34,34,34,34,1979-12-14,1980-12-06
377646,2014-12-13,2014-12-20,34,34,34,34,1979-12-21,1980-12-13
377646,2014-12-20,2015-05-09,34,34,35,35,1979-12-21,1980-05-09
377646,2015-05-09,2015-06-13,35,35,35,35,1979-06-14,1980-05-09
377646,2015-06-13,2015-07-18,35,35,35,35,1979-07-19,1980-06-13
377646,2015-07-18,2015-07-25,35,35,35,35,1979-07-26,1980-07-18
377646,2015-07-25,2015-08-08,35,35,35,35,1979-08-09,1980-07-25
377646,2015-08-08,2015-10-31,35,35,35,35,1979-11-01,1980-08-08
377646,2015-10-31,2016-01-30,35,35,36,36,1979-11-01,1980-01-30
377646,2016-01-30,2016-04-30,36,36,36,36,1979-05-01,1980-01-30
377646,2016-04-30,2016-05-14,36,36,36,36,1979-05-15,1980-04-30
377646,2016-05-14,2016-05-21,36,36,36,36,1979-05-22,1980-05-14
377646,2016-05-21,2016-07-30,36,36,36,36,1979-07-31,1980-05-21
377646,2016-07-30,2016-08-06,36,36,36,36,1979-08-07,1980-07-30
377646,2016-08-06,2016-08-13,36,36,36,36,1979-08-14,1980-08-06
377646,2016-08-13,2016-09-03,36,36,36,36,1979-09-04,1980-08-13
377646,2016-09-03,2017-01-21,36,36,36,36,1980-01-22,1980-09-03
377646,2017-01-21,2017-04-29,36,36,37,37,1980-01-22,1980-04-29
377646,2017-04-29,2017-05-13,37,37,37,37,1979-05-14,1980-04-29
377646,2017-05-13,2017-06-03,37,37,37,37,1979-06-04,1980-05-13
377646,2017-06-03,2017-06-10,37,37,37,37,1979-06-11,1980-06-03
377646,2017-06-10,2017-07-15,37,37,37,37,1979-07-16,1980-06-10
377646,2017-07-15,2017-09-02,37,37,37,37,1979-09-03,1980-07-15
377646,2017-09-02,2017-09-09,37,37,37,37,1979-09-10,1980-09-02
377646,2017-09-09,2017-10-21,37,37,37,37,1979-10-22,1980-09-09
377646,2017-10-21,2017-10-28,37,37,37,37,1979-10-29,1980-10-21
377646,2017-10-28,2017-11-04,37,37,37,37,1979-11-05,1980-10-28
377646,2017-11-04,2018-01-27,37,37,37,37,1980-01-28,1980-11-04
377646,2018-01-27,2018-04-28,37,37,38,38,1980-01-28,1980-04-28
377646,2018-04-28,2018-05-05,38,38,38,38,1979-05-06,1980-04-28
377646,2018-05-05,2018-06-09,38,38,38,38,1979-06-10,1980-05-05
377646,2018-06-09,2018-10-13,38,38,38,38,1979-10-14,1980-06-09
377646,2018-10-13,2018-10-27,38,38,38,38,1979-10-28,1980-10-13
377646,2018-10-27,2019-08-03,38,38,39,39,1979-10-28,1980-08-03
377646,2019-08-03,2019-08-31,39,39,39,39,1979-09-01,1980-08-03
377646,2019-08-31,2020-01-18,39,39,39,39,1980-01-19,1980-08-31
377646,2020-01-18,2025-11-08,39,39,45,45,1980-01-19,1980-11-08
377646,2025-11-08,2026-01-03,45,45,45,45,1980-01-04,1980-11-08
377646,2026-01-03,2026-01-10,45,45,45,45,1980-01-11,1981-01-03
3784285,,2017-12-30,,,34,34,1982-12-31,1983-12-30
3784285,2017-12-30,2018-08-18,34,34,35,35,1982-12-31,1983-08-18
3784285,2018-08-18,2018-08-25,35,35,35,35,1982-08-26,1983-08-18
3784285,2018-08-25,2018-10-06,35,35,35,35,1982-10-07,1983-08-25
3784285,2018-10-06,2018-12-22,35,35,35,35,1982-12-23,1983-10-06
3784285,2018-12-22,2019-12-28,35,35,33,33,1985-12-29,1983-12-22
3784285,2019-12-28,2020-01-01,33,33,33,33,1986-01-02,1986-12-28
3784285,2020-01-01,2021-08-21,33,33,35,35,1986-01-02,1986-08-21
3784285,2021-08-21,2022-03-12,35,35,35,35,1986-03-13,1986-08-21
3784285,2022-03-12,2022-04-16,35,35,36,36,1986-03-13,1986-04-16
3784285,2022-04-16,2022-04-23,36,36,36,36,1985-04-24,1986-04-16
3784285,2022-04-23,2022-06-18,36,36,36,36,1985-06-19,1986-04-23
3784285,2022-06-18,2022-07-02,36,36,36,36,1985-07-03,1986-06-18
3784285,2022-07-02,2022-08-13,36,36,36,36,1985-08-14,1986-07-02
3784285,2022-08-13,2022-08-27,36,36,36,36,1985-08-28,1986-08-13
3784285,2022-08-27,2022-09-17,36,36,36,36,1985-09-18,1986-08-27
3797011,,2017-09-02,,,49,49,1967-09-03,1968-09-02
3797011,2017-09-02,2017-09-09,49,49,49,49,1967-09-10,1968-09-02
3797011,2017-09-09,2019-01-12,49,49,12,12,2006-01-13,1968-09-09
3797011,2019-01-12,2019-06-01,12,12,13,13,2006-01-13,2006-06-01
3797011,2019-06-01,2019-08-03,13,13,13,13,2005-08-04,2006-06-01
3797011,2019-08-03,2019-09-14,13,13,13,13,2005-09-15,2006-08-03
3797011,2019-09-14,2019-09-21,13,13,13,13,2005-09-22,2006-09-14
3797011,2019-09-21,2019-09-28,13,13,13,13,2005-09-29,2006-09-21
3797011,2019-09-28,2019-12-25,13,13,13,13,2005-12-26,2006-09-28
3824871,,2017-09-09,,,60,60,1956-09-10,1957-09-09
3824871,2017-09-09,2018-12-29,60,60,59,59,1958-12-30,1957-09-09
3824871,2018-12-29,2019-02-02,59,59,59,59,1959-02-03,1959-12-29
3844740,,2017-09-16,,,45,45,1971-09-17,1972-09-16
3844740,2017-09-16,2017-09-23,45,45,14,14,2002-09-24,1972-09-16
3844740,2017-09-23,2017-10-07,14,14,14,14,2002-10-08,2003-09-23
3844740,2017-10-07,2018-01-01,14,14,14,14,2003-01-02,2003-10-07
3844740,2018-01-01,2018-01-13,14,14,14,14,2003-01-14,2004-01-01
3844740,2018-01-13,2018-02-17,14,14,15,15,2003-01-14,2003-02-17
3844740,2018-02-17,2018-04-07,15,15,15,15,2002-04-08,2003-02-17
3844740,2018-04-07,2018-04-14,15,15,15,15,2002-04-15,2003-04-07
3844740,2018-04-14,2018-04-28,15,15,15,15,2002-04-29,2003-04-14
3844740,2018-04-28,2018-05-05,15,15,15,15,2002-05-06,2003-04-28
3844740,2018-05-05,2018-05-26,15,15,15,15,2002-05-27,2003-05-05
3844740,2018-05-26,2018-06-02,15,15,15,15,2002-06-03,2003-05-26
3883877,,2017-10-14,,,49,49,1967-10-15,1968-10-14
3883877,2017-10-14,2017-10-28,49,49,49,49,1967-10-29,1968-10-14
3883877,2017-10-28,2017-11-11,49,49,49,49,1967-11-12,1968-10-28
3883877,2017-11-11,2018-01-20,49,49,50,50,1967-11-12,1968-01-20
3883877,2018-01-20,2018-01-27,50,50,47,47,1970-01-28,1968-01-20
3883877,2018-01-27,2018-02-03,47,47,47,47,1970-02-04,1971-01-27
3883877,2018-02-03,2018-02-17,47,47,47,47,1970-02-18,1971-02-03
3883877,2018-02-17,2018-02-24,47,47,47,47,1970-02-25,1971-02-17
3883877,2018-02-24,2018-03-10,47,47,47,47,1970-03-11,1971-02-24
3883877,2018-03-10,2018-03-17,47,47,47,47,1970-03-18,1971-03-10
3883877,2018-03-17,2018-03-24,47,47,47,47,1970-03-25,1971-03-17
3883877,2018-03-24,2018-03-31,47,47,47,47,1970-04-01,1971-03-24
3883877,2018-03-31,2018-04-14,47,47,47,47,1970-04-15,1971-03-31
3883877,2018-04-14,2018-04-21,47,47,47,47,1970-04-22,1971-04-14
3883877,2018-04-21,2018-05-05,47,47,47,47,1970-05-06,1971-04-21
3883877,2018-05-05,2018-05-12,47,47,47,47,1970-05-13,1971-05-05
3883877,2018-05-12,2018-05-19,47,47,47,47,1970-05-20,1971-05-12
3883877,2018-05-19,2018-06-02,47,47,47,47,1970-06-03,1971-05-19
3883877,2018-06-02,2018-06-09,47,47,47,47,1970-06-10,1971-06-02
3883877,2018-06-09,2019-09-07,47,47,48,48,1970-09-08,1971-06-09
3883877,2019-09-07,2024-01-06,48,48,53,53,1970-09-08,1971-01-06
3883877,2024-01-06,2024-01-13,53,53,53,53,1970-01-14,1971-01-06
3883877,2024-01-13,2024-01-20,53,53,53,53,1970-01-21,1971-01-13
3883877,2024-01-20,2025-04-12,53,53,54,54,1970-04-13,1971-01-20
3883877,2025-04-12,2025-08-23,54,54,54,54,1970-08-24,1971-04-12
3883877,2025-08-23,2025-08-30,54,54,54,54,1970-08-31,1971-08-23
3883877,2025-08-30,2025-12-06,54,54,54,54,1970-12-07,1971-08-30
3883877,2025-12-06,2025-12-13,54,54,55,55,1970-12-07,1970-12-13
3883877,2025-12-13,2026-01-17,55,55,55,55,1970-01-18,1970-12-13
3883877,2026-01-17,2026-01-24,55,55,55,55,1970-01-25,1971-01-17
3897841,,2017-09-30,,,46,46,1970-10-01,1971-09-30
3897841,2017-09-30,2017-10-07,46,46,46,46,1970-10-08,1971-09-30
3897841,2017-10-07,2017-10-14,46,46,46,46,1970-10-15,1971-10-07
3897841,2017-10-14,2017-10-21,46,46,46,46,1970-10-22,1971-10-14
3897841,2017-10-21,2017-10-28,46,46,46,46,1970-10-29,1971-10-21
3897841,2017-10-28,2017-11-25,46,46,46,46,1970-11-26,1971-10-28
3897841,2017-11-25,2017-12-09,46,46,45,45,1971-12-10,1971-11-25
3897841,2017-12-09,2018-01-06,45,45,46,46,1971-12-10,1972-01-06
3897841,2018-01-06,2018-01-13,46,46,46,46,1971-01-14,1972-01-06
3897841,2018-01-13,2018-02-10,46,46,46,46,1971-02-11,1972-01-13
3897841,2018-02-10,2018-03-17,46,46,47,47,1971-02-11,1971-03-17
3897841,2018-03-17,2018-03-24,47,47,47,47,1970-03-25,1971-03-17
3897841,2018-03-24,2018-04-21,47,47,47,47,1970-04-22,1971-03-24
3897841,2018-04-21,2018-04-28,47,47,47,47,1970-04-29,1971-04-21
3897841,2018-04-28,2018-05-05,47,47,47,47,1970-05-06,1971-04-28
3897841,2018-05-05,2018-05-12,47,47,47,47,1970-05-13,1971-05-05
3897841,2018-05-12,2018-05-19,47,47,47,47,1970-05-20,1971-05-12
3897841,2018-05-19,2018-05-26,47,47,47,47,1970-05-27,1971-05-19
3897841,2018-05-26,2018-06-02,47,47,47,47,1970-06-03,1971-05-26
3897841,2018-06-02,2018-06-16,47,47,47,47,1970-06-17,1971-06-02
3897841,2018-06-16,2018-09-08,47,47,47,47,1970-09-09,1971-06-16
3897841,2018-09-08,2018-09-29,47,47,47,47,1970-09-30,1971-09-08
3897841,2018-09-29,2018-11-24,47,47,47,47,1970-11-25,1971-09-29
3897841,2018-11-24,2018-12-29,47,47,47,47,1970-12-30,1971-11-24
3897841,2018-12-29,2020-03-14,47,47,48,48,1971-03-15,1971-12-29
3928371,,2018-05-26,,,49,49,1968-05-27,1969-05-26
3928371,2018-05-26,2018-06-02,49,49,49,49,1968-06-03,1969-05-26
3928371,2018-06-02,2018-06-09,49,49,38,38,1979-06-10,1969-06-02
3928371,2018-06-09,2018-07-07,38,38,38,38,1979-07-08,1980-06-09
3928371,2018-07-07,2018-08-11,38,38,38,38,1979-08-12,1980-07-07
3928371,2018-08-11,2018-08-25,38,38,38,38,1979-08-26,1980-08-11
3945517,,2017-10-14,,,13,13,2003-10-15,2004-10-14
3945517,2017-10-14,2017-10-21,13,13,11,11,2005-10-22,2004-10-14
3945517,2017-10-21,2017-10-28,11,11,11,11,2005-10-29,2006-10-21
3945517,2017-10-28,2017-11-04,11,11,11,11,2005-11-05,2006-10-28
3945517,2017-11-04,2017-11-11,11,11,11,11,2005-11-12,2006-11-04
3945517,2017-11-11,2017-11-18,11,11,11,11,2005-11-19,2006-11-11
3945517,2017-11-18,2017-11-25,11,11,11,11,2005-11-26,2006-11-18
3945517,2017-11-25,2017-12-02,11,11,11,11,2005-12-03,2006-11-25
3945517,2017-12-02,2018-06-02,11,11,11,11,2006-06-03,2006-12-02
3945517,2018-06-02,2018-06-09,11,11,11,11,2006-06-10,2007-06-02
3945517,2018-06-09,2018-07-07,11,11,11,11,2006-07-08,2007-06-09
3945517,2018-07-07,2018-09-29,11,11,12,12,2006-07-08,2006-09-29
3945517,2018-09-29,2018-11-10,12,12,12,12,2005-11-11,2006-09-29
3952771,,2017-10-21,,,42,42,1974-10-22,1975-10-21
3952771,2017-10-21,2017-10-28,42,42,32,32,1984-10-29,1975-10-21
3952771,2017-10-28,2017-11-04,32,32,32,32,1984-11-05,1985-10-28
3952771,2017-11-04,2017-11-18,32,32,32,32,1984-11-19,1985-11-04
3952771,2017-11-18,2017-12-09,32,32,32,32,1984-12-10,1985-11-18
3952771,2017-12-09,2017-12-23,32,32,32,32,1984-12-24,1985-12-09
3952771,2017-12-23,2017-12-25,32,32,32,32,1984-12-26,1985-12-23
3952771,2017-12-25,2018-01-13,32,32,32,32,1985-01-14,1985-12-25
3952771,2018-01-13,2018-05-19,32,32,33,33,1985-01-14,1985-05-19
3952771,2018-05-19,2018-06-09,33,33,33,33,1984-06-10,1985-05-19
3952771,2018-06-09,2018-06-30,33,33,33,33,1984-07-01,1985-06-09
3952771,2018-06-30,2018-07-07,33,33,33,33,1984-07-08,1985-06-30
3952771,2018-07-07,2018-07-14,33,33,33,33,1984-07-15,1985-07-07
3952771,2018-07-14,2018-07-21,33,33,33,33,1984-07-22,1985-07-14
3952771,2018-07-21,2018-07-28,33,33,33,33,1984-07-29,1985-07-21
3952771,2018-07-28,2018-08-11,33,33,33,33,1984-08-12,1985-07-28
3952771,2018-08-11,2018-08-18,33,33,33,33,1984-08-19,1985-08-11
3952771,2018-08-18,2018-08-25,33,33,33,33,1984-08-26,1985-08-18
3952771,2018-08-25,2018-09-01,33,33,33,33,1984-09-02,1985-08-25
3952771,2018-09-01,2018-09-08,33,33,33,33,1984-09-09,1985-09-01
3952771,2018-09-08,2018-09-15,33,33,33,33,1984-09-16,1985-09-08
3952771,2018-09-15,2018-09-22,33,33,33,33,1984-09-23,1985-09-15
3952771,2018-09-22,2018-09-29,33,33,33,33,1984-09-30,1985-09-22
3952771,2018-09-29,2018-10-06,33,33,33,33,1984-10-07,1985-09-29
3952771,2018-10-06,2018-10-13,33,33,33,33,1984-10-14,1985-10-06
3952771,2018-10-13,2018-10-20,33,33,33,33,1984-10-21,1985-10-13
3952771,2018-10-20,2018-10-27,33,33,33,33,1984-10-28,1985-10-20
3952771,2018-10-27,2018-11-10,33,33,33,33,1984-11-11,1985-10-27
3952771,2018-11-10,2018-11-17,33,33,33,33,1984-11-18,1985-11-10
3952771,2018-11-17,2018-11-24,33,33,33,33,1984-11-25,1985-11-17
3952771,2018-11-24,2018-12-15,33,33,33,33,1984-12-16,1985-11-24
3952771,2018-12-15,2018-12-29,33,33,33,33,1984-12-30,1985-12-15
3952771,2018-12-29,2019-01-12,33,33,33,33,1985-01-13,1985-12-29
3952771,2019-01-12,2019-01-26,33,33,33,33,1985-01-27,1986-01-12
3952771,2019-01-26,2019-02-16,33,33,34,34,1985-01-27,1985-02-16
3952771,2019-02-16,2019-02-23,34,34,34,34,1984-02-24,1985-02-16
3952771,2019-02-23,2019-03-30,34,34,34,34,1984-03-31,1985-02-23
3952771,2019-03-30,2019-04-06,34,34,34,34,1984-04-07,1985-03-30
3952771,2019-04-06,2019-05-04,34,34,34,34,1984-05-05,1985-04-06
3952771,2019-05-04,2019-05-18,34,34,34,34,1984-05-19,1985-05-04
3952771,2019-05-18,2019-05-25,34,34,34,34,1984-05-26,1985-05-18
3952771,2019-05-25,2019-06-01,34,34,34,34,1984-06-02,1985-05-25
3952771,2019-06-01,2019-06-15,34,34,34,34,1984-06-16,1985-06-01
3952771,2019-06-15,2019-06-22,34,34,34,34,1984-06-23,1985-06-15
3952771,2019-06-22,2019-07-06,34,34,34,34,1984-07-07,1985-06-22
3952771,2019-07-06,2019-07-13,34,34,34,34,1984-07-14,1985-07-06
3952771,2019-07-13,2019-08-03,34,34,34,34,1984-08-04,1985-07-13
3952771,2019-08-03,2019-08-10,34,34,34,34,1984-08-11,1985-08-03
3952771,2019-08-10,2019-08-17,34,34,34,34,1984-08-18,1985-08-10
3952771,2019-08-17,2019-08-24,34,34,34,34,1984-08-25,1985-08-17
3952771,2019-08-24,2019-08-31,34,34,34,34,1984-09-01,1985-08-24
3952771,2019-08-31,2019-09-07,34,34,34,34,1984-09-08,1985-08-31
3952771,2019-09-07,2019-09-14,34,34,34,34,1984-09-15,1985-09-07
3952771,2019-09-14,2019-09-21,34,34,34,34,1984-09-22,1985-09-14
3952771,2019-09-21,2019-09-28,34,34,34,34,1984-09-29,1985-09-21
3952771,2019-09-28,2019-10-12,34,34,34,34,1984-10-13,1985-09-28
3952771,2019-10-12,2019-10-19,34,34,34,34,1984-10-20,1985-10-12
3952771,2019-10-19,2019-10-26,34,34,34,34,1984-10-27,1985-10-19
3952771,2019-10-26,2019-11-02,34,34,34,34,1984-11-03,1985-10-26
3952771,2019-11-02,2019-11-09,34,34,34,34,1984-11-10,1985-11-02
3952771,2019-11-09,2019-11-16,34,34,34,34,1984-11-17,1985-11-09
3952771,2019-11-16,2019-11-23,34,34,34,34,1984-11-24,1985-11-16
3952771,2019-11-23,2019-11-30,34,34,34,34,1984-12-01,1985-11-23
3952771,2019-11-30,2019-12-14,34,34,34,34,1984-12-15,1985-11-30
3952771,2019-12-14,2019-12-25,34,34,34,34,1984-12-26,1985-12-14
3952771,2019-12-25,2020-01-04,34,34,34,34,1985-01-05,1985-12-25
3952771,2020-01-04,2020-01-18,34,34,34,34,1985-01-19,1986-01-04
3952771,2020-01-18,2020-02-01,34,34,34,34,1985-02-02,1986-01-18
3952771,2020-02-01,2020-02-08,34,34,35,35,1985-02-02,1985-02-08
3952771,2020-02-08,2021-07-31,35,35,36,36,1984-08-01,1985-02-08
3952771,2021-07-31,2021-08-07,36,36,36,36,1984-08-08,1985-07-31
3952771,2021-08-07,2021-08-28,36,36,36,36,1984-08-29,1985-08-07
3952771,2021-08-28,2021-09-04,36,36,36,36,1984-09-05,1985-08-28
3952771,2021-09-04,2021-09-11,36,36,36,36,1984-09-12,1985-09-04
3952771,2021-09-11,2021-10-16,36,36,36,36,1984-10-17,1985-09-11
3952771,2021-10-16,2021-10-23,36,36,36,36,1984-10-24,1985-10-16
3952771,2021-10-23,2021-11-06,36,36,36,36,1984-11-07,1985-10-23
3952771,2021-11-06,2021-12-04,36,36,36,36,1984-12-05,1985-11-06
3952771,2021-12-04,2021-12-11,36,36,36,36,1984-12-12,1985-12-04
3952771,2021-12-11,2021-12-25,36,36,36,36,1984-12-26,1985-12-11
3952771,2021-12-25,2022-03-05,36,36,37,37,1984-12-26,1985-03-05
3952771,2022-03-05,2022-03-12,37,37,37,37,1984-03-13,1985-03-05
3952771,2022-03-12,2022-03-19,37,37,37,37,1984-03-20,1985-03-12
3952771,2022-03-19,2022-04-02,37,37,37,37,1984-04-03,1985-03-19
3952771,2022-04-02,2022-04-09,37,37,47,47,1984-04-03,1975-04-09
3952771,2022-04-09,2022-05-07,47,47,47,47,1974-05-08,1975-04-09
3952771,2022-05-07,2022-05-14,47,47,47,47,1974-05-15,1975-05-07
3952771,2022-05-14,2022-05-28,47,47,47,47,1974-05-29,1975-05-14
3952771,2022-05-28,2022-07-23,47,47,47,47,1974-07-24,1975-05-28
3952771,2022-07-23,2022-10-15,47,47,47,47,1974-10-16,1975-07-23
3952771,2022-10-15,2022-10-22,47,47,47,47,1974-10-23,1975-10-15
3952771,2022-10-22,2022-10-29,47,47,47,47,1974-10-30,1975-10-22
3952771,2022-10-29,2022-11-12,47,47,47,47,1974-11-13,1975-10-29
3952771,2022-11-12,2022-12-25,47,47,47,47,1974-12-26,1975-11-12
3952771,2022-12-25,2023-02-11,47,47,48,48,1974-12-26,1975-02-11
3952771,2023-02-11,2023-03-18,48,48,48,48,1974-03-19,1975-02-11
3952771,2023-03-18,2023-04-15,48,48,48,48,1974-04-16,1975-03-18
3952771,2023-04-15,2023-05-06,48,48,48,48,1974-05-07,1975-04-15
3952771,2023-05-06,2023-05-13,48,48,48,48,1974-05-14,1975-05-06
3952771,2023-05-13,2023-05-20,48,48,48,48,1974-05-21,1975-05-13
3952771,2023-05-20,2023-06-10,48,48,48,48,1974-06-11,1975-05-20
3952771,2023-06-10,2023-06-17,48,48,48,48,1974-06-18,1975-06-10
3952771,2023-06-17,2023-07-22,48,48,48,48,1974-07-23,1975-06-17
3952771,2023-07-22,2023-08-12,48,48,48,48,1974-08-13,1975-07-22
3952771,2023-08-12,2023-09-09,48,48,48,48,1974-09-10,1975-08-12
3952771,2023-09-09,2023-10-14,48,48,48,48,1974-10-15,1975-09-09
3952771,2023-10-14,2023-12-23,48,48,48,48,1974-12-24,1975-10-14
3952771,2023-12-23,2023-12-25,48,48,48,48,1974-12-26,1975-12-23
3952771,2023-12-25,2024-02-03,48,48,48,48,1975-02-04,1975-12-25
3952771,2024-02-03,2024-02-17,48,48,49,49,1975-02-04,1975-02-17
3952771,2024-02-17,2024-03-09,49,49,49,49,1974-03-10,1975-02-17
3952771,2024-03-09,2024-03-16,49,49,49,49,1974-03-17,1975-03-09
3952771,2024-03-16,2024-03-30,49,49,49,49,1974-03-31,1975-03-16
3952771,2024-03-30,2024-04-13,49,49,49,49,1974-04-14,1975-03-30
3952771,2024-04-13,2024-04-27,49,49,49,49,1974-04-28,1975-04-13
3952771,2024-04-27,2024-05-11,49,49,49,49,1974-05-12,1975-04-27
3952771,2024-05-11,2024-05-18,49,49,49,49,1974-05-19,1975-05-11
3952771,2024-05-18,2024-05-25,49,49,49,49,1974-05-26,1975-05-18
3952771,2024-05-25,2024-06-15,49,49,49,49,1974-06-16,1975-05-25
3952771,2024-06-15,2024-06-22,49,49,49,49,1974-06-23,1975-06-15
3952771,2024-06-22,2024-06-29,49,49,49,49,1974-06-30,1975-06-22
3952771,2024-06-29,2024-08-17,49,49,49,49,1974-08-18,1975-06-29
3952771,2024-08-17,2024-09-21,49,49,49,49,1974-09-22,1975-08-17
4024452,,2018-09-15,,,5,5,2012-09-16,2013-09-15
4024452,2018-09-15,2018-09-22,5,5,4,4,2013-09-23,2013-09-15
4024452,2018-09-22,2018-10-20,4,4,4,4,2013-10-21,2014-09-22
4024452,2018-10-20,2018-12-08,4,4,4,4,2013-12-09,2014-10-20
4024452,2018-12-08,2018-12-22,4,4,4,4,2013-12-23,2014-12-08
4024452,2018-12-22,2019-01-12,4,4,4,4,2014-01-13,2014-12-22
4024452,2019-01-12,2019-01-26,4,4,4,4,2014-01-27,2015-01-12
4024452,2019-01-26,2019-03-09,4,4,4,4,2014-03-10,2015-01-26
4024452,2019-03-09,2019-03-23,4,4,4,4,2014-03-24,2015-03-09
4024452,2019-03-23,2019-03-30,4,4,4,4,2014-03-31,2015-03-23
4024452,2019-03-30,2019-05-11,4,4,5,5,2014-03-31,2014-05-11
4024452,2019-05-11,2019-06-01,5,5,5,5,2013-06-02,2014-05-11
4024452,2019-06-01,2019-06-15,5,5,5,5,2013-06-16,2014-06-01
4024452,2019-06-15,2019-07-13,5,5,5,5,2013-07-14,2014-06-15
4024452,2019-07-13,2019-09-07,5,5,5,5,2013-09-08,2014-07-13
4024452,2019-09-07,2019-11-16,5,5,5,5,2013-11-17,2014-09-07
4024452,2019-11-16,2022-07-30,5,5,8,8,2013-11-17,2014-07-30
4024452,2022-07-30,2025-08-02,8,8,11,11,2013-08-03,2014-07-30
4097229,,2017-12-23,,,43,43,1973-12-24,1974-12-23
4097229,2017-12-23,2017-12-30,43,43,10,10,2006-12-31,1974-12-23
4097229,2017-12-30,2018-12-22,10,10,11,11,2006-12-31,2007-12-22
4097229,2018-12-22,2021-07-24,11,11,13,13,2007-07-25,2007-12-22
4097229,2021-07-24,2022-09-10,13,13,14,14,2007-09-11,2008-07-24
4097229,2022-09-10,2022-10-08,14,14,14,14,2007-10-09,2008-09-10
4097229,2022-10-08,2022-10-15,14,14,14,14,2007-10-16,2008-10-08
4097229,2022-10-15,2022-12-24,14,14,15,15,2007-10-16,2007-12-24
4097229,2022-12-24,2023-05-27,15,15,15,15,2007-05-28,2007-12-24
4097229,2023-05-27,2023-08-19,15,15,15,15,2007-08-20,2008-05-27
4097229,2023-08-19,2023-08-26,15,15,15,15,2007-08-27,2008-08-19
4097229,2023-08-26,2023-09-16,15,15,15,15,2007-09-17,2008-08-26
4097229,2023-09-16,2023-09-23,15,15,15,15,2007-09-24,2008-09-16
4097229,2023-09-23,2023-12-30,15,15,16,16,2007-09-24,2007-12-30
4097229,2023-12-30,2024-01-27,16,16,16,16,2007-01-28,2007-12-30
4097229,2024-01-27,2024-02-17,16,16,16,16,2007-02-18,2008-01-27
4097229,2024-02-17,2024-08-31,16,16,16,16,2007-09-01,2008-02-17
4097229,2024-08-31,2024-09-28,16,16,16,16,2007-09-29,2008-08-31
4097229,2024-09-28,2024-10-26,16,16,17,17,2007-09-29,2007-10-26
4097229,2024-10-26,2025-05-31,17,17,17,17,2007-06-01,2007-10-26
4097229,2025-05-31,2025-08-09,17,17,17,17,2007-08-10,2008-05-31
4097229,2025-08-09,2025-12-20,17,17,18,18,2007-08-10,2007-12-20
4122232,,2017-12-30,,,49,49,1967-12-31,1968-12-30
4122232,2017-12-30,2018-12-25,49,49,22,24,1993-12-26,1968-12-30
4122232,2018-12-25,2018-12-29,22,24,22,24,1993-12-30,1996-12-25
424485,,2013-01-12,,,52,52,1960-01-13,1961-01-12
424485,2013-01-12,2013-02-02,52,52,52,52,1960-02-03,1961-01-12
424485,2013-02-02,2013-02-09,52,52,52,52,1960-02-10,1961-02-02
424485,2013-02-09,2013-03-09,52,52,52,52,1960-03-10,1961-02-09
424485,2013-03-09,2013-04-27,52,52,53,53,1960-03-10,1960-04-27
424485,2013-04-27,2013-07-27,53,53,53,53,1959-07-28,1960-04-27
424485,2013-07-27,2014-04-05,53,53,53,53,1960-04-06,1960-07-27
424485,2014-04-05,2014-08-09,53,53,54,54,1960-04-06,1960-08-09
424485,2014-08-09,2014-08-16,54,54,54,54,1959-08-17,1960-08-09
424485,2014-08-16,2014-08-23,54,54,54,54,1959-08-24,1960-08-16
424485,2014-08-23,2014-09-06,54,54,54,54,1959-09-07,1960-08-23
424485,2014-09-06,2014-09-13,54,54,54,54,1959-09-14,1960-09-06
424485,2014-09-13,2014-09-20,54,54,54,54,1959-09-21,1960-09-13
424485,2014-09-20,2014-10-25,54,54,54,54,1959-10-26,1960-09-20
424485,2014-10-25,2014-11-01,54,54,54,54,1959-11-02,1960-10-25
424485,2014-11-01,2014-11-08,54,54,54,54,1959-11-09,1960-11-01
424485,2014-11-08,2014-11-15,54,54,54,54,1959-11-16,1960-11-08
424485,2014-11-15,2014-11-22,54,54,54,54,1959-11-23,1960-11-15
424485,2014-11-22,2014-11-29,54,54,54,54,1959-11-30,1960-11-22
424485,2014-11-29,2014-12-13,54,54,54,54,1959-12-14,1960-11-29
424485,2014-12-13,2015-02-07,54,54,54,54,1960-02-08,1960-12-13
424485,2015-02-07,2015-02-21,54,54,54,54,1960-02-22,1961-02-07
424485,2015-02-21,2015-02-28,54,54,54,54,1960-02-29,1961-02-21
424485,2015-02-28,2015-03-07,54,54,54,54,1960-03-08,1961-02-28
424485,2015-03-07,2015-03-14,54,54,54,54,1960-03-15,1961-03-07
424485,2015-03-14,2015-05-02,54,54,55,55,1960-03-15,1960-05-02
424485,2015-05-02,2015-05-09,55,55,55,55,1959-05-10,1960-05-02
424485,2015-05-09,2015-05-16,55,55,55,55,1959-05-17,1960-05-09
424485,2015-05-16,2015-06-13,55,55,59,59,1959-05-17,1956-06-13
424485,2015-06-13,2015-06-20,59,59,59,59,1955-06-21,1956-06-13
424485,2015-06-20,2015-07-11,59,59,55,55,1959-07-12,1956-06-20
424485,2015-07-11,2015-07-18,55,55,55,55,1959-07-19,1960-07-11
424485,2015-07-18,2015-08-01,55,55,55,55,1959-08-02,1960-07-18
4300140,,2021-10-30,,,22,24,1996-10-31,1999-10-30
4300140,2021-10-30,2022-04-09,22,24,22,24,1997-04-10,1999-10-30
4300140,2022-04-09,2022-04-23,22,24,22,24,1997-04-24,2000-04-09
4300140,2022-04-23,2022-10-22,22,24,22,24,1997-10-23,2000-04-23
4300140,2022-10-22,2022-11-05,22,24,22,24,1997-11-06,2000-10-22
4300140,2022-11-05,2023-02-04,22,24,22,24,1998-02-05,2000-11-05
4300140,2023-02-04,2023-02-18,22,24,22,24,1998-02-19,2001-02-04
4300140,2023-02-18,2023-04-22,22,24,22,24,1998-04-23,2001-02-18
4300140,2023-04-22,2023-08-05,22,24,22,24,1998-08-06,2001-04-22
4300140,2023-08-05,2023-09-30,22,24,20,24,1998-10-01,2001-08-05
4300140,2023-09-30,2023-11-25,20,24,20,24,1998-11-26,2003-09-30
4300140,2023-11-25,2023-12-23,20,24,20,24,1998-12-24,2003-11-25
4300140,2023-12-23,2024-02-24,20,24,20,24,1999-02-25,2003-12-23
4300140,2024-02-24,2024-03-09,20,24,20,24,1999-03-10,2004-02-24
4300140,2024-03-09,2025-10-25,20,24,25,29,1999-03-10,2000-10-25
440770,,2015-03-07,,,15,15,1999-03-08,2000-03-07
440770,2015-03-07,2015-03-21,15,15,15,15,1999-03-22,2000-03-07
440770,2015-03-21,2015-04-04,15,15,15,15,1999-04-05,2000-03-21
440770,2015-04-04,2015-05-23,15,15,15,15,1999-05-24,2000-04-04
440770,2015-05-23,2015-05-30,15,15,15,15,1999-05-31,2000-05-23
440770,2015-05-30,2015-06-06,15,15,15,15,1999-06-07,2000-05-30
440770,2015-06-06,2015-08-08,15,15,15,15,1999-08-09,2000-06-06
440770,2015-08-08,2015-12-12,15,15,16,16,1999-08-09,1999-12-12
440770,2015-12-12,2015-12-26,16,16,16,16,1998-12-27,1999-12-12
440770,2015-12-26,2016-01-01,16,16,16,16,1999-01-02,1999-12-26
440770,2016-01-01,2016-01-02,16,16,16,16,1999-01-03,2000-01-01
440770,2016-01-02,2016-02-27,16,16,16,16,1999-02-28,2000-01-02
440770,2016-02-27,2016-03-26,16,16,16,16,1999-03-27,2000-02-27
440770,2016-03-26,2016-04-09,16,16,17,17,1999-03-27,1999-04-09
440770,2016-04-09,2016-07-02,17,17,16,16,1999-07-03,1999-04-09
440770,2016-07-02,2016-11-12,16,16,17,17,1999-07-03,1999-11-12
440770,2016-11-12,2016-12-25,17,17,17,17,1998-12-26,1999-11-12
440770,2016-12-25,2017-01-01,17,17,17,17,1999-01-02,1999-12-25
440770,2017-01-01,2018-01-13,17,17,18,18,1999-01-14,2000-01-01
441416,,2013-04-13,,,37,37,1975-04-14,1976-04-13
441416,2013-04-13,2013-06-22,37,37,37,37,1975-06-23,1976-04-13
441416,2013-06-22,2013-07-27,37,37,38,38,1975-06-23,1975-07-27
441416,2013-07-27,2013-08-24,38,38,38,38,1974-08-25,1975-07-27
441416,2013-08-24,2013-08-31,38,38,38,38,1974-09-01,1975-08-24
441416,2013-08-31,2013-10-05,38,38,38,38,1974-10-06,1975-08-31
441416,2013-10-05,2014-01-11,38,38,38,38,1975-01-12,1975-10-05
441416,2014-01-11,2014-04-19,38,38,38,38,1975-04-20,1976-01-11
441416,2014-04-19,2014-05-24,38,38,38,38,1975-05-25,1976-04-19
441416,2014-05-24,2015-05-02,38,38,39,39,1975-05-25,1976-05-02
441416,2015-05-02,2015-08-22,39,39,40,40,1975-05-03,1975-08-22
441416,2015-08-22,2016-01-09,40,40,42,42,1974-08-23,1974-01-09
441416,2016-01-09,2016-02-27,42,42,35,35,1980-02-28,1974-01-09
441416,2016-02-27,2016-06-04,35,35,35,35,1980-06-05,1981-02-27
441416,2016-06-04,2016-06-18,35,35,35,35,1980-06-19,1981-06-04
441416,2016-06-18,2016-07-30,35,35,36,36,1980-06-19,1980-07-30
441416,2016-07-30,2016-08-13,36,36,36,36,1979-08-14,1980-07-30
441416,2016-08-13,2017-02-25,36,36,36,36,1980-02-26,1980-08-13
441416,2017-02-25,2017-04-08,36,36,36,36,1980-04-09,1981-02-25
441416,2017-04-08,2018-01-01,36,36,37,37,1980-04-09,1981-01-01
441416,2018-01-01,2018-02-10,37,37,37,37,1980-02-11,1981-01-01
441416,2018-02-10,2018-02-17,37,37,37,37,1980-02-18,1981-02-10
441416,2018-02-17,2018-02-24,37,37,37,37,1980-02-25,1981-02-17
441416,2018-02-24,2018-03-31,37,37,37,37,1980-04-01,1981-02-24
441416,2018-03-31,2018-06-09,37,37,37,37,1980-06-10,1981-03-31
441416,2018-06-09,2018-07-14,37,37,38,38,1980-06-10,1980-07-14
441416,2018-07-14,2018-08-18,38,38,38,38,1979-08-19,1980-07-14
441416,2018-08-18,2018-10-13,38,38,38,38,1979-10-14,1980-08-18
441416,2018-10-13,2019-01-05,38,38,38,38,1980-01-06,1980-10-13
441416,2019-01-05,2019-01-19,38,38,38,38,1980-01-20,1981-01-05
441416,2019-01-19,2019-02-09,38,38,38,38,1980-02-10,1981-01-19
441416,2019-02-09,2019-04-13,38,38,38,38,1980-04-14,1981-02-09
441416,2019-04-13,2019-05-18,38,38,38,38,1980-05-19,1981-04-13
441416,2019-05-18,2020-01-01,38,38,39,39,1980-05-19,1981-01-01
441416,2020-01-01,2021-09-04,39,39,41,41,1980-01-02,1980-09-04
441416,2021-09-04,2022-07-30,41,41,42,42,1979-09-05,1980-07-30
4442027,,2018-06-02,,,20,24,1993-06-03,1998-06-02
4442027,2018-06-02,2018-06-09,20,24,20,24,1993-06-10,1998-06-02
4442027,2018-06-09,2019-02-16,20,24,20,24,1994-02-17,1998-06-09
4442027,2019-02-16,2019-02-23,20,24,20,24,1994-02-24,1999-02-16
4442027,2019-02-23,2019-03-02,20,24,20,24,1994-03-03,1999-02-23
4442027,2019-03-02,2019-03-09,20,24,20,24,1994-03-10,1999-03-02
4442027,2019-03-09,2019-03-23,20,24,20,24,1994-03-24,1999-03-09
4442027,2019-03-23,2019-04-13,20,24,20,24,1994-04-14,1999-03-23
4442027,2019-04-13,2019-04-20,20,24,20,24,1994-04-21,1999-04-13
4442027,2019-04-20,2019-04-27,20,24,20,24,1994-04-28,1999-04-20
4442027,2019-04-27,2019-05-18,20,24,20,24,1994-05-19,1999-04-27
4442027,2019-05-18,2019-08-17,20,24,20,24,1994-08-18,1999-05-18
4442027,2019-08-17,2019-08-24,20,24,20,24,1994-08-25,1999-08-17
4442027,2019-08-24,2019-08-31,20,24,20,24,1994-09-01,1999-08-24
4442027,2019-08-31,2019-09-14,20,24,20,24,1994-09-15,1999-08-31
4442027,2019-09-14,2019-11-02,20,24,20,24,1994-11-03,1999-09-14
4442027,2019-11-02,2019-11-09,20,24,18,18,2000-11-10,1999-11-02
4547298,,2018-05-05,,,56,56,1961-05-06,1962-05-05
4547298,2018-05-05,2018-11-03,56,56,47,47,1970-11-04,1962-05-05
455131,,2022-06-04,,,55,55,1966-06-05,1967-06-04
455131,2022-06-04,2022-08-13,55,55,55,55,1966-08-14,1967-06-04
455131,2022-08-13,2022-10-15,55,55,52,52,1969-10-16,1967-08-13
455131,2022-10-15,2022-10-22,52,52,52,52,1969-10-23,1970-10-15
455131,2022-10-22,2023-01-21,52,52,52,52,1970-01-22,1970-10-22
455131,2023-01-21,2024-09-07,52,52,54,54,1970-01-22,1970-09-07
455131,2024-09-07,2024-09-28,54,54,54,54,1969-09-29,1970-09-07
455131,2024-09-28,2024-10-05,54,54,54,54,1969-10-06,1970-09-28
455131,2024-10-05,2024-10-26,54,54,54,54,1969-10-27,1970-10-05
455131,2024-10-26,2024-11-23,54,54,54,54,1969-11-24,1970-10-26
455131,2024-11-23,2024-12-14,54,54,54,54,1969-12-15,1970-11-23
455131,2024-12-14,2025-01-04,54,54,54,54,1970-01-05,1970-12-14
455131,2025-01-04,2025-01-18,54,54,54,54,1970-01-19,1971-01-04
455131,2025-01-18,2025-02-01,54,54,54,54,1970-02-02,1971-01-18
455131,2025-02-01,2025-02-08,54,54,54,54,1970-02-09,1971-02-01
455131,2025-02-08,2025-05-31,54,54,55,55,1970-02-09,1970-05-31
455131,2025-05-31,2025-06-07,55,55,55,55,1969-06-08,1970-05-31
455131,2025-06-07,2025-08-16,55,55,55,55,1969-08-17,1970-06-07
455131,2025-08-16,2025-08-30,55,55,55,55,1969-08-31,1970-08-16
458254,,2013-03-16,,,13,13,1999-03-17,2000-03-16
458254,2013-03-16,2013-03-30,13,13,13,13,1999-03-31,2000-03-16
458254,2013-03-30,2013-04-06,13,13,13,13,1999-04-07,2000-03-30
458254,2013-04-06,2013-06-22,13,13,13,13,1999-06-23,2000-04-06
458254,2013-06-22,2013-06-29,13,13,13,13,1999-06-30,2000-06-22
458254,2013-06-29,2013-07-06,13,13,13,13,1999-07-07,2000-06-29
458254,2013-07-06,2013-07-13,13,13,13,13,1999-07-14,2000-07-06
458254,2013-07-13,2013-09-14,13,13,13,13,1999-09-15,2000-07-13
458254,2013-09-14,2013-09-21,13,13,13,13,1999-09-22,2000-09-14
458254,2013-09-21,2013-10-26,13,13,13,13,1999-10-27,2000-09-21
458254,2013-10-26,2013-11-09,13,13,13,13,1999-11-10,2000-10-26
458254,2013-11-09,2013-11-30,13,13,13,13,1999-12-01,2000-11-09
458254,2013-11-30,2013-12-21,13,13,13,13,1999-12-22,2000-11-30
458254,2013-12-21,2013-12-28,13,13,13,13,1999-12-29,2000-12-21
458254,2013-12-28,2014-01-04,13,13,14,14,1999-12-29,2000-01-04
458254,2014-01-04,2014-01-18,14,14,14,14,1999-01-19,2000-01-04
458254,2014-01-18,2014-02-22,14,14,14,14,1999-02-23,2000-01-18
458254,2014-02-22,2014-03-15,14,14,14,14,1999-03-16,2000-02-22
458254,2014-03-15,2014-04-19,14,14,14,14,1999-04-20,2000-03-15
458254,2014-04-19,2014-05-31,14,14,14,14,1999-06-01,2000-04-19
458254,2014-05-31,2014-06-07,14,14,14,14,1999-06-08,2000-05-31
458254,2014-06-07,2014-06-14,14,14,14,14,1999-06-15,2000-06-07
458254,2014-06-14,2014-06-21,14,14,14,14,1999-06-22,2000-06-14
458254,2014-06-21,2014-08-09,14,14,14,14,1999-08-10,2000-06-21
458254,2014-08-09,2015-05-02,14,14,15,15,1999-08-10,2000-05-02
458254,2015-05-02,2015-05-09,15,15,15,15,1999-05-10,2000-05-02
458254,2015-05-09,2015-05-16,15,15,15,15,1999-05-17,2000-05-09
458254,2015-05-16,2015-05-23,15,15,15,15,1999-05-24,2000-05-16
458254,2015-05-23,2015-06-06,15,15,15,15,1999-06-07,2000-05-23
458254,2015-06-06,2015-06-13,15,15,17,17,1999-06-07,1998-06-13
458254,2015-06-13,2015-06-20,17,17,15,15,1999-06-21,1998-06-13
458254,2015-06-20,2015-06-27,15,15,15,15,1999-06-28,2000-06-20
458254,2015-06-27,2015-07-18,15,15,15,15,1999-07-19,2000-06-27
458254,2015-07-18,2015-07-25,15,15,15,15,1999-07-26,2000-07-18
458254,2015-07-25,2015-12-05,15,15,15,15,1999-12-06,2000-07-25
458254,2015-12-05,2016-01-23,15,15,16,16,1999-12-06,2000-01-23
458254,2016-01-23,2016-04-02,16,16,16,16,1999-04-03,2000-01-23
458254,2016-04-02,2016-04-09,16,16,16,16,1999-04-10,2000-04-02
458254,2016-04-09,2016-04-16,16,16,16,16,1999-04-17,2000-04-09
458254,2016-04-16,2016-04-23,16,16,16,16,1999-04-24,2000-04-16
458254,2016-04-23,2016-05-21,16,16,16,16,1999-05-22,2000-04-23
458254,2016-05-21,2016-05-28,16,16,16,16,1999-05-29,2000-05-21
458254,2016-05-28,2016-06-04,16,16,16,16,1999-06-05,2000-05-28
458254,2016-06-04,2024-08-31,16,16,22,24,1999-09-01,2000-06-04
4637550,,2018-06-02,,,59,59,1958-06-03,1959-06-02
4637550,2018-06-02,2018-06-16,59,59,44,44,1973-06-17,1959-06-02
464972,,2014-07-26,,,31,31,1982-07-27,1983-07-26
464972,2014-07-26,2014-08-02,31,31,31,31,1982-08-03,1983-07-26
464972,2014-08-02,2014-08-23,31,31,31,31,1982-08-24,1983-08-02
464972,2014-08-23,2014-08-30,31,31,31,31,1982-08-31,1983-08-23
464972,2014-08-30,2014-09-20,31,31,31,31,1982-09-21,1983-08-30
464972,2014-09-20,2014-09-27,31,31,31,31,1982-09-28,1983-09-20
464972,2014-09-27,2014-10-18,31,31,31,31,1982-10-19,1983-09-27
464972,2014-10-18,2014-11-29,31,31,31,31,1982-11-30,1983-10-18
464972,2014-11-29,2014-12-06,31,31,31,31,1982-12-07,1983-11-29
464972,2014-12-06,2014-12-20,31,31,32,32,1982-12-07,1982-12-20
464972,2014-12-20,2015-02-07,32,32,32,32,1982-02-08,1982-12-20
464972,2015-02-07,2015-03-07,32,32,32,32,1982-03-08,1983-02-07
464972,2015-03-07,2015-03-21,32,32,32,32,1982-03-22,1983-03-07
464972,2015-03-21,2015-04-18,32,32,32,32,1982-04-19,1983-03-21
464972,2015-04-18,2015-05-02,32,32,32,32,1982-05-03,1983-04-18
464972,2015-05-02,2015-06-13,32,32,34,34,1982-05-03,1981-06-13
464972,2015-06-13,2015-07-04,34,34,32,32,1982-07-05,1981-06-13
464972,2015-07-04,2015-08-08,32,32,32,32,1982-08-09,1983-07-04
464972,2015-08-08,2015-08-22,32,32,32,32,1982-08-23,1983-08-08
464972,2015-08-22,2015-09-05,32,32,32,32,1982-09-06,1983-08-22
464972,2015-09-05,2015-10-03,32,32,32,32,1982-10-04,1983-09-05
464972,2015-10-03,2015-11-14,32,32,32,32,1982-11-15,1983-10-03
464972,2015-11-14,2015-11-21,32,32,32,32,1982-11-22,1983-11-14
464972,2015-11-21,2015-12-12,32,32,33,33,1982-11-22,1982-12-12
464972,2015-12-12,2015-12-26,33,33,33,33,1981-12-27,1982-12-12
464972,2015-12-26,2016-01-02,33,33,33,33,1982-01-03,1982-12-26
464972,2016-01-02,2016-02-06,33,33,33,33,1982-02-07,1983-01-02
464972,2016-02-06,2016-07-09,33,33,33,33,1982-07-10,1983-02-06
464972,2016-07-09,2016-08-13,33,33,33,33,1982-08-14,1983-07-09
464972,2016-08-13,2016-09-03,33,33,33,33,1982-09-04,1983-08-13
464972,2016-09-03,2016-09-10,33,33,33,33,1982-09-11,1983-09-03
464972,2016-09-10,2016-12-31,33,33,34,34,1982-09-11,1982-12-31
4722363,,2018-06-30,,,22,24,1993-07-01,1996-06-30
4722363,2018-06-30,2018-07-07,22,24,20,24,1993-07-08,1996-06-30
4722363,2018-07-07,2018-07-14,20,24,20,24,1993-07-15,1998-07-07
4722363,2018-07-14,2020-03-07,20,24,25,29,1993-07-15,1995-03-07
4724979,,2018-06-30,,,61,61,1956-07-01,1957-06-30
4724979,2018-06-30,2018-07-14,61,61,51,51,1966-07-15,1957-06-30
4724979,2018-07-14,2018-07-21,51,51,51,51,1966-07-22,1967-07-14
4724979,2018-07-21,2018-07-28,51,51,51,51,1966-07-29,1967-07-21
4724979,2018-07-28,2018-08-04,51,51,51,51,1966-08-05,1967-07-28
4724979,2018-08-04,2018-08-11,51,51,51,51,1966-08-12,1967-08-04
4724979,2018-08-11,2018-08-18,51,51,51,51,1966-08-19,1967-08-11
4724979,2018-08-18,2018-08-25,51,51,51,51,1966-08-26,1967-08-18
4724979,2018-08-25,2018-09-01,51,51,51,51,1966-09-02,1967-08-25
4724979,2018-09-01,2018-09-08,51,51,51,51,1966-09-09,1967-09-01
4724979,2018-09-08,2018-10-20,51,51,51,51,1966-10-21,1967-09-08
4724979,2018-10-20,2019-06-01,51,51,52,52,1966-10-21,1967-06-01
4724979,2019-06-01,2019-06-08,52,52,52,52,1966-06-09,1967-06-01
4724979,2019-06-08,2019-06-22,52,52,52,52,1966-06-23,1967-06-08
4724979,2019-06-22,2019-06-29,52,52,52,52,1966-06-30,1967-06-22
4724979,2019-06-29,2019-07-06,52,52,52,52,1966-07-07,1967-06-29
4724979,2019-07-06,2019-07-13,52,52,52,52,1966-07-14,1967-07-06
4724979,2019-07-13,2019-07-20,52,52,52,52,1966-07-21,1967-07-13
4724979,2019-07-20,2019-07-27,52,52,52,52,1966-07-28,1967-07-20
4724979,2019-07-27,2019-08-03,52,52,52,52,1966-08-04,1967-07-27
4724979,2019-08-03,2019-08-10,52,52,52,52,1966-08-11,1967-08-03
4724979,2019-08-10,2019-08-17,52,52,52,52,1966-08-18,1967-08-10
4724979,2019-08-17,2019-08-24,52,52,52,52,1966-08-25,1967-08-17
4724979,2019-08-24,2019-08-31,52,52,52,52,1966-09-01,1967-08-24
4724979,2019-08-31,2019-09-14,52,52,52,52,1966-09-15,1967-08-31
4724979,2019-09-14,2019-09-21,52,52,52,52,1966-09-22,1967-09-14
4724979,2019-09-21,2019-10-12,52,52,52,52,1966-10-13,1967-09-21
4724979,2019-10-12,2019-10-19,52,52,52,52,1966-10-20,1967-10-12
4724979,2019-10-19,2019-11-16,52,52,52,52,1966-11-17,1967-10-19
4724979,2019-11-16,2019-11-23,52,52,52,52,1966-11-24,1967-11-16
4724979,2019-11-23,2019-11-30,52,52,52,52,1966-12-01,1967-11-23
4724979,2019-11-30,2019-12-07,52,52,52,52,1966-12-08,1967-11-30
4724979,2019-12-07,2019-12-21,52,52,52,52,1966-12-22,1967-12-07
4724979,2019-12-21,2019-12-28,52,52,52,52,1966-12-29,1967-12-21
4724979,2019-12-28,2020-01-01,52,52,53,53,1966-12-29,1967-01-01
4724979,2020-01-01,2020-01-04,53,53,53,53,1966-01-05,1967-01-01
4724979,2020-01-04,2020-01-11,53,53,53,53,1966-01-12,1967-01-04
4724979,2020-01-11,2020-01-18,53,53,53,53,1966-01-19,1967-01-11
4724979,2020-01-18,2020-02-29,53,53,53,53,1966-03-02,1967-01-18
4724979,2020-02-29,2020-03-07,53,53,53,53,1966-03-08,1967-03-01
4724979,2020-03-07,2020-03-14,53,53,53,53,1966-03-15,1967-03-07
4724979,2020-03-14,2021-07-24,53,53,54,54,1966-07-25,1967-03-14
4724979,2021-07-24,2021-07-31,54,54,54,54,1966-08-01,1967-07-24
4724979,2021-07-31,2021-08-07,54,54,54,54,1966-08-08,1967-07-31
4724979,2021-08-07,2023-06-03,54,54,56,56,1966-08-08,1967-06-03
4724979,2023-06-03,2023-06-17,56,56,56,56,1966-06-18,1967-06-03
4724979,2023-06-17,2023-06-24,56,56,56,56,1966-06-25,1967-06-17
4724979,2023-06-24,2023-07-01,56,56,56,56,1966-07-02,1967-06-24
4724979,2023-07-01,2023-07-08,56,56,56,56,1966-07-09,1967-07-01
4724979,2023-07-08,2023-07-15,56,56,56,56,1966-07-16,1967-07-08
4724979,2023-07-15,2023-07-22,56,56,56,56,1966-07-23,1967-07-15
4724979,2023-07-22,2023-07-29,56,56,56,56,1966-07-30,1967-07-22
4724979,2023-07-29,2023-08-05,56,56,56,56,1966-08-06,1967-07-29
4724979,2023-08-05,2023-09-09,56,56,56,56,1966-09-10,1967-08-05
4724979,2023-09-09,2023-09-16,56,56,56,56,1966-09-17,1967-09-09
4724979,2023-09-16,2023-10-28,56,56,56,56,1966-10-29,1967-09-16
4724979,2023-10-28,2023-11-04,56,56,56,56,1966-11-05,1967-10-28
4724979,2023-11-04,2023-11-11,56,56,56,56,1966-11-12,1967-11-04
4724979,2023-11-11,2023-11-18,56,56,56,56,1966-11-19,1967-11-11
4724979,2023-11-18,2023-11-25,56,56,56,56,1966-11-26,1967-11-18
4724979,2023-11-25,2023-12-02,56,56,56,56,1966-12-03,1967-11-25
4724979,2023-12-02,2023-12-23,56,56,56,56,1966-12-24,1967-12-02
4724979,2023-12-23,2023-12-30,56,56,57,57,1966-12-24,1966-12-30
4724979,2023-12-30,2024-01-01,57,57,57,57,1966-01-02,1966-12-30
4724979,2024-01-01,2024-01-06,57,57,57,57,1966-01-07,1967-01-01
4724979,2024-01-06,2024-01-13,57,57,57,57,1966-01-14,1967-01-06
4724979,2024-01-13,2024-01-20,57,57,57,57,1966-01-21,1967-01-13
4724979,2024-01-20,2024-02-03,57,57,57,57,1966-02-04,1967-01-20
4724979,2024-02-03,2024-02-10,57,57,57,57,1966-02-11,1967-02-03
4724979,2024-02-10,2024-03-09,57,57,57,57,1966-03-10,1967-02-10
4724979,2024-03-09,2024-03-23,57,57,57,57,1966-03-24,1967-03-09
4724979,2024-03-23,2024-03-30,57,57,57,57,1966-03-31,1967-03-23
4724979,2024-03-30,2024-04-06,57,57,57,57,1966-04-07,1967-03-30
4724979,2024-04-06,2024-04-13,57,57,57,57,1966-04-14,1967-04-06
4724979,2024-04-13,2024-04-20,57,57,57,57,1966-04-21,1967-04-13
4724979,2024-04-20,2024-05-04,57,57,57,57,1966-05-05,1967-04-20
4724979,2024-05-04,2024-05-11,57,57,57,57,1966-05-12,1967-05-04
4724979,2024-05-11,2024-05-25,57,57,57,57,1966-05-26,1967-05-11
4724979,2024-05-25,2024-06-08,57,57,57,57,1966-06-09,1967-05-25
4724979,2024-06-08,2024-06-15,57,57,57,57,1966-06-16,1967-06-08
4724979,2024-06-15,2024-06-29,57,57,57,57,1966-06-30,1967-06-15
4724979,2024-06-29,2024-07-13,57,57,57,57,1966-07-14,1967-06-29
4724979,2024-07-13,2024-07-20,57,57,57,57,1966-07-21,1967-07-13
4724979,2024-07-20,2024-07-27,57,57,57,57,1966-07-28,1967-07-20
4724979,2024-07-27,2024-08-03,57,57,57,57,1966-08-04,1967-07-27
4724979,2024-08-03,2024-08-17,57,57,57,57,1966-08-18,1967-08-03
4724979,2024-08-17,2024-09-07,57,57,57,57,1966-09-08,1967-08-17
4724979,2024-09-07,2024-10-12,57,57,57,57,1966-10-13,1967-09-07
4724979,2024-10-12,2024-10-19,57,57,57,57,1966-10-20,1967-10-12
4724979,2024-10-19,2024-11-02,57,57,57,57,1966-11-03,1967-10-19
4724979,2024-11-02,2024-11-09,57,57,57,57,1966-11-10,1967-11-02
4724979,2024-11-09,2024-11-16,57,57,57,57,1966-11-17,1967-11-09
4724979,2024-11-16,2024-11-23,57,57,57,57,1966-11-24,1967-11-16
4724979,2024-11-23,2024-11-30,57,57,57,57,1966-12-01,1967-11-23
4724979,2024-11-30,2024-12-07,57,57,57,57,1966-12-08,1967-11-30
4724979,2024-12-07,2024-12-14,57,57,57,57,1966-12-15,1967-12-07
4724979,2024-12-14,2024-12-21,57,57,57,57,1966-12-22,1967-12-14
4724979,2024-12-21,2024-12-25,57,57,57,57,1966-12-26,1967-12-21
4724979,2024-12-25,2024-12-28,57,57,57,57,1966-12-29,1967-12-25
4724979,2024-12-28,2025-01-01,57,57,58,58,1966-12-29,1967-01-01
4724979,2025-01-01,2025-01-11,58,58,58,58,1966-01-12,1967-01-01
4724979,2025-01-11,2025-02-15,58,58,58,58,1966-02-16,1967-01-11
4724979,2025-02-15,2025-02-22,58,58,58,58,1966-02-23,1967-02-15
4724979,2025-02-22,2025-03-15,58,58,58,58,1966-03-16,1967-02-22
4724979,2025-03-15,2025-03-22,58,58,58,58,1966-03-23,1967-03-15
4724979,2025-03-22,2025-03-29,58,58,58,58,1966-03-30,1967-03-22
4724979,2025-03-29,2025-04-05,58,58,58,58,1966-04-06,1967-03-29
4724979,2025-04-05,2025-04-12,58,58,58,58,1966-04-13,1967-04-05
4724979,2025-04-12,2025-04-19,58,58,58,58,1966-04-20,1967-04-12
4724979,2025-04-19,2025-04-26,58,58,58,58,1966-04-27,1967-04-19
4724979,2025-04-26,2025-05-03,58,58,58,58,1966-05-04,1967-04-26
4724979,2025-05-03,2025-05-10,58,58,58,58,1966-05-11,1967-05-03
4724979,2025-05-10,2025-05-17,58,58,58,58,1966-05-18,1967-05-10
4724979,2025-05-17,2025-05-24,58,58,58,58,1966-05-25,1967-05-17
4724979,2025-05-24,2025-05-31,58,58,58,58,1966-06-01,1967-05-24
4724979,2025-05-31,2025-06-07,58,58,58,58,1966-06-08,1967-05-31
4724979,2025-06-07,2025-06-21,58,58,58,58,1966-06-22,1967-06-07
4724979,2025-06-21,2025-06-28,58,58,58,58,1966-06-29,1967-06-21
4724979,2025-06-28,2025-07-05,58,58,58,58,1966-07-06,1967-06-28
4724979,2025-07-05,2025-07-12,58,58,58,58,1966-07-13,1967-07-05
4724979,2025-07-12,2025-07-19,58,58,58,58,1966-07-20,1967-07-12
4724979,2025-07-19,2025-08-09,58,58,58,58,1966-08-10,1967-07-19
4724979,2025-08-09,2025-08-16,58,58,58,58,1966-08-17,1967-08-09
4724979,2025-08-16,2025-08-30,58,58,58,58,1966-08-31,1967-08-16
4724979,2025-08-30,2025-09-06,58,58,58,58,1966-09-07,1967-08-30
4724979,2025-09-06,2025-11-08,58,58,58,58,1966-11-09,1967-09-06
4724979,2025-11-08,2025-11-15,58,58,58,58,1966-11-16,1967-11-08
4724979,2025-11-15,2025-12-20,58,58,58,58,1966-12-21,1967-11-15
4724979,2025-12-20,2025-12-25,58,58,58,58,1966-12-26,1967-12-20
4724979,2025-12-25,2026-01-10,58,58,59,59,1966-12-26,1967-01-10
476447,,2013-04-06,,,54,54,1958-04-07,1959-04-06
476447,2013-04-06,2013-04-13,54,54,54,54,1958-04-14,1959-04-06
476447,2013-04-13,2013-04-20,54,54,54,54,1958-04-21,1959-04-13
476447,2013-04-20,2013-04-27,54,54,54,54,1958-04-28,1959-04-20
476447,2013-04-27,2013-05-04,54,54,54,54,1958-05-05,1959-04-27
476447,2013-05-04,2013-05-18,54,54,54,54,1958-05-19,1959-05-04
476447,2013-05-18,2013-05-25,54,54,54,54,1958-05-26,1959-05-18
476447,2013-05-25,2013-06-15,54,54,54,54,1958-06-16,1959-05-25
476447,2013-06-15,2013-06-22,54,54,54,54,1958-06-23,1959-06-15
476447,2013-06-22,2013-06-29,54,54,54,54,1958-06-30,1959-06-22
476447,2013-06-29,2013-07-06,54,54,54,54,1958-07-07,1959-06-29
476447,2013-07-06,2013-07-13,54,54,54,54,1958-07-14,1959-07-06
476447,2013-07-13,2013-07-20,54,54,54,54,1958-07-21,1959-07-13
476447,2013-07-20,2013-07-27,54,54,54,54,1958-07-28,1959-07-20
476447,2013-07-27,2013-08-10,54,54,54,54,1958-08-11,1959-07-27
476447,2013-08-10,2013-08-17,54,54,54,54,1958-08-18,1959-08-10
476447,2013-08-17,2013-08-31,54,54,54,54,1958-09-01,1959-08-17
476447,2013-08-31,2013-09-14,54,54,54,54,1958-09-15,1959-08-31
476447,2013-09-14,2013-09-21,54,54,54,54,1958-09-22,1959-09-14
476447,2013-09-21,2013-09-28,54,54,54,54,1958-09-29,1959-09-21
476447,2013-09-28,2013-10-05,54,54,54,54,1958-10-06,1959-09-28
476447,2013-10-05,2013-10-19,54,54,54,54,1958-10-20,1959-10-05
476447,2013-10-19,2013-10-26,54,54,54,54,1958-10-27,1959-10-19
476447,2013-10-26,2013-11-09,54,54,54,54,1958-11-10,1959-10-26
476447,2013-11-09,2013-11-16,54,54,54,54,1958-11-17,1959-11-09
476447,2013-11-16,2013-11-23,54,54,54,54,1958-11-24,1959-11-16
476447,2013-11-23,2013-12-21,54,54,54,54,1958-12-22,1959-11-23
476447,2013-12-21,2014-01-04,54,54,51,51,1962-01-05,1959-12-21
476447,2014-01-04,2014-01-11,51,51,51,51,1962-01-12,1963-01-04
476447,2014-01-11,2014-01-18,51,51,51,51,1962-01-19,1963-01-11
476447,2014-01-18,2014-01-25,51,51,51,51,1962-01-26,1963-01-18
476447,2014-01-25,2014-02-01,51,51,51,51,1962-02-02,1963-01-25
476447,2014-02-01,2014-02-08,51,51,51,51,1962-02-09,1963-02-01
476447,2014-02-08,2014-02-15,51,51,51,51,1962-02-16,1963-02-08
476447,2014-02-15,2014-02-22,51,51,51,51,1962-02-23,1963-02-15
476447,2014-02-22,2014-03-01,51,51,51,51,1962-03-02,1963-02-22
476447,2014-03-01,2014-03-08,51,51,51,51,1962-03-09,1963-03-01
476447,2014-03-08,2014-03-15,51,51,51,51,1962-03-16,1963-03-08
476447,2014-03-15,2014-03-22,51,51,51,51,1962-03-23,1963-03-15
476447,2014-03-22,2014-03-29,51,51,51,51,1962-03-30,1963-03-22
476447,2014-03-29,2014-04-05,51,51,51,51,1962-04-06,1963-03-29
476447,2014-04-05,2014-04-12,51,51,51,51,1962-04-13,1963-04-05
476447,2014-04-12,2014-04-26,51,51,61,61,1962-04-13,1953-04-26
476447,2014-04-26,2014-05-10,61,61,62,62,1952-04-27,1952-05-10
476447,2014-05-10,2014-05-17,62,62,62,62,1951-05-18,1952-05-10
476447,2014-05-17,2014-08-09,62,62,62,62,1951-08-10,1952-05-17
476447,2014-08-09,2014-08-23,62,62,62,62,1951-08-24,1952-08-09
476447,2014-08-23,2014-08-30,62,62,62,62,1951-08-31,1952-08-23
476447,2014-08-30,2014-09-06,62,62,62,62,1951-09-07,1952-08-30
476447,2014-09-06,2014-09-13,62,62,62,62,1951-09-14,1952-09-06
476447,2014-09-13,2014-09-20,62,62,62,62,1951-09-21,1952-09-13
476447,2014-09-20,2014-09-27,62,62,62,62,1951-09-28,1952-09-20
476447,2014-09-27,2014-10-04,62,62,62,62,1951-10-05,1952-09-27
476447,2014-10-04,2014-10-11,62,62,62,62,1951-10-12,1952-10-04
476447,2014-10-11,2014-10-25,62,62,62,62,1951-10-26,1952-10-11
476447,2014-10-25,2014-11-01,62,62,62,62,1951-11-02,1952-10-25
476447,2014-11-01,2014-11-08,62,62,62,62,1951-11-09,1952-11-01
476447,2014-11-08,2014-11-15,62,62,62,62,1951-11-16,1952-11-08
476447,2014-11-15,2014-11-29,62,62,62,62,1951-11-30,1952-11-15
476447,2014-11-29,2014-12-06,62,62,62,62,1951-12-07,1952-11-29
476447,2014-12-06,2014-12-13,62,62,62,62,1951-12-14,1952-12-06
476447,2014-12-13,2014-12-20,62,62,62,62,1951-12-21,1952-12-13
476447,2014-12-20,2015-01-01,62,62,62,62,1952-01-02,1952-12-20
476447,2015-01-01,2015-01-03,62,62,62,62,1952-01-04,1953-01-01
476447,2015-01-03,2015-01-10,62,62,62,62,1952-01-11,1953-01-03
476447,2015-01-10,2015-01-17,62,62,62,62,1952-01-18,1953-01-10
476447,2015-01-17,2015-02-21,62,62,62,62,1952-02-22,1953-01-17
476447,2015-02-21,2015-02-28,62,62,62,62,1952-02-29,1953-02-21
476447,2015-02-28,2015-03-07,62,62,62,62,1952-03-08,1953-02-28
476447,2015-03-07,2015-03-21,62,62,62,62,1952-03-22,1953-03-07
476447,2015-03-21,2015-04-18,62,62,62,62,1952-04-19,1953-03-21
476447,2015-04-18,2015-05-02,62,62,63,63,1952-04-19,1952-05-02
476447,2015-05-02,2015-06-06,63,63,63,63,1951-06-07,1952-05-02
476447,2015-06-06,2015-06-20,63,63,63,63,1951-06-21,1952-06-06
476447,2015-06-20,2015-06-27,63,63,63,63,1951-06-28,1952-06-20
476447,2015-06-27,2015-07-04,63,63,63,63,1951-07-05,1952-06-27
476447,2015-07-04,2015-07-11,63,63,63,63,1951-07-12,1952-07-04
476447,2015-07-11,2015-07-18,63,63,63,63,1951-07-19,1952-07-11
476447,2015-07-18,2015-07-25,63,63,63,63,1951-07-26,1952-07-18
476447,2015-07-25,2015-08-01,63,63,63,63,1951-08-02,1952-07-25
476447,2015-08-01,2015-08-08,63,63,63,63,1951-08-09,1952-08-01
476447,2015-08-08,2015-08-15,63,63,63,63,1951-08-16,1952-08-08
476447,2015-08-15,2015-08-22,63,63,63,63,1951-08-23,1952-08-15
476447,2015-08-22,2015-08-29,63,63,63,63,1951-08-30,1952-08-22
476447,2015-08-29,2015-09-05,63,63,63,63,1951-09-06,1952-08-29
476447,2015-09-05,2015-09-12,63,63,63,63,1951-09-13,1952-09-05
476447,2015-09-12,2015-09-19,63,63,63,63,1951-09-20,1952-09-12
476447,2015-09-19,2015-09-26,63,63,63,63,1951-09-27,1952-09-19
476447,2015-09-26,2015-10-03,63,63,63,63,1951-10-04,1952-09-26
476447,2015-10-03,2015-10-17,63,63,63,63,1951-10-18,1952-10-03
476447,2015-10-17,2015-10-24,63,63,63,63,1951-10-25,1952-10-17
476447,2015-10-24,2015-10-31,63,63,63,63,1951-11-01,1952-10-24
476447,2015-10-31,2015-11-07,63,63,63,63,1951-11-08,1952-10-31
476447,2015-11-07,2015-11-21,63,63,63,63,1951-11-22,1952-11-07
476447,2015-11-21,2015-11-28,63,63,63,63,1951-11-29,1952-11-21
476447,2015-11-28,2015-12-12,63,63,63,63,1951-12-13,1952-11-28
476447,2015-12-12,2015-12-19,63,63,63,63,1951-12-20,1952-12-12
476447,2015-12-19,2015-12-26,63,63,63,63,1951-12-27,1952-12-19
476447,2015-12-26,2016-01-01,63,63,63,63,1952-01-02,1952-12-26
476447,2016-01-01,2016-03-05,63,63,63,63,1952-03-06,1953-01-01
476447,2016-03-05,2016-03-12,63,63,63,63,1952-03-13,1953-03-05
476447,2016-03-12,2016-04-23,63,63,63,63,1952-04-24,1953-03-12
476447,2016-04-23,2016-04-30,63,63,63,63,1952-05-01,1953-04-23
476447,2016-04-30,2016-05-07,63,63,64,64,1952-05-01,1952-05-07
476447,2016-05-07,2016-05-14,64,64,64,64,1951-05-15,1952-05-07
476447,2016-05-14,2016-06-04,64,64,64,64,1951-06-05,1952-05-14
476447,2016-06-04,2016-07-02,64,64,64,64,1951-07-03,1952-06-04
476447,2016-07-02,2016-07-16,64,64,64,64,1951-07-17,1952-07-02
476447,2016-07-16,2016-07-23,64,64,64,64,1951-07-24,1952-07-16
476447,2016-07-23,2016-08-06,64,64,64,64,1951-08-07,1952-07-23
476447,2016-08-06,2016-08-20,64,64,64,64,1951-08-21,1952-08-06
476447,2016-08-20,2016-09-03,64,64,64,64,1951-09-04,1952-08-20
476447,2016-09-03,2016-09-24,64,64,64,64,1951-09-25,1952-09-03
476447,2016-09-24,2016-10-01,64,64,64,64,1951-10-02,1952-09-24
476447,2016-10-01,2016-10-08,64,64,64,64,1951-10-09,1952-10-01
476447,2016-10-08,2016-10-29,64,64,64,64,1951-10-30,1952-10-08
476447,2016-10-29,2016-12-03,64,64,64,64,1951-12-04,1952-10-29
476447,2016-12-03,2016-12-10,64,64,64,64,1951-12-11,1952-12-03
476447,2016-12-10,2016-12-24,64,64,64,64,1951-12-25,1952-12-10
476447,2016-12-24,2016-12-31,64,64,64,64,1952-01-01,1952-12-24
476447,2016-12-31,2017-01-14,64,64,64,64,1952-01-15,1952-12-31
476447,2017-01-14,2017-01-21,64,64,64,64,1952-01-22,1953-01-14
476447,2017-01-21,2017-02-11,64,64,64,64,1952-02-12,1953-01-21
476447,2017-02-11,2017-02-25,64,64,64,64,1952-02-26,1953-02-11
476447,2017-02-25,2017-04-08,64,64,64,64,1952-04-09,1953-02-25
476447,2017-04-08,2017-04-15,64,64,64,64,1952-04-16,1953-04-08
476447,2017-04-15,2017-05-06,64,64,65,65,1952-04-16,1952-05-06
476447,2017-05-06,2017-05-13,65,65,65,65,1951-05-14,1952-05-06
476447,2017-05-13,2017-05-27,65,65,65,65,1951-05-28,1952-05-13
476447,2017-05-27,2017-06-03,65,65,65,65,1951-06-04,1952-05-27
476447,2017-06-03,2017-06-24,65,65,65,65,1951-06-25,1952-06-03
476447,2017-06-24,2017-07-01,65,65,65,65,1951-07-02,1952-06-24
476447,2017-07-01,2017-07-15,65,65,65,65,1951-07-16,1952-07-01
476447,2017-07-15,2017-07-22,65,65,65,65,1951-07-23,1952-07-15
476447,2017-07-22,2017-07-29,65,65,65,65,1951-07-30,1952-07-22
476447,2017-07-29,2017-08-12,65,65,65,65,1951-08-13,1952-07-29
476447,2017-08-12,2017-09-02,65,65,65,65,1951-09-03,1952-08-12
476447,2017-09-02,2017-09-09,65,65,65,65,1951-09-10,1952-09-02
476447,2017-09-09,2017-09-16,65,65,65,65,1951-09-17,1952-09-09
476447,2017-09-16,2017-09-23,65,65,65,65,1951-09-24,1952-09-16
476447,2017-09-23,2017-10-21,65,65,65,65,1951-10-22,1952-09-23
476447,2017-10-21,2017-10-28,65,65,65,65,1951-10-29,1952-10-21
476447,2017-10-28,2017-11-18,65,65,65,65,1951-11-19,1952-10-28
476447,2017-11-18,2017-12-23,65,65,65,65,1951-12-24,1952-11-18
476447,2017-12-23,2018-01-01,65,65,65,65,1952-01-02,1952-12-23
476447,2018-01-01,2018-01-13,65,65,65,65,1952-01-14,1953-01-01
476447,2018-01-13,2018-01-20,65,65,65,65,1952-01-21,1953-01-13
476447,2018-01-20,2018-04-07,65,65,65,65,1952-04-08,1953-01-20
476447,2018-04-07,2018-04-14,65,65,65,65,1952-04-15,1953-04-07
476447,2018-04-14,2018-04-21,65,65,65,65,1952-04-22,1953-04-14
476447,2018-04-21,2018-04-28,65,65,65,65,1952-04-29,1953-04-21
476447,2018-04-28,2018-06-02,65,65,66,66,1952-04-29,1952-06-02
476447,2018-06-02,2018-06-09,66,66,66,66,1951-06-10,1952-06-02
476447,2018-06-09,2018-06-16,66,66,66,66,1951-06-17,1952-06-09
476447,2018-06-16,2018-06-23,66,66,66,66,1951-06-24,1952-06-16
476447,2018-06-23,2018-07-14,66,66,66,66,1951-07-15,1952-06-23
476447,2018-07-14,2018-07-21,66,66,66,66,1951-07-22,1952-07-14
476447,2018-07-21,2018-07-28,66,66,66,66,1951-07-29,1952-07-21
476447,2018-07-28,2018-08-04,66,66,66,66,1951-08-05,1952-07-28
476447,2018-08-04,2018-08-11,66,66,66,66,1951-08-12,1952-08-04
476447,2018-08-11,2018-08-18,66,66,66,66,1951-08-19,1952-08-11
476447,2018-08-18,2018-09-01,66,66,66,66,1951-09-02,1952-08-18
476447,2018-09-01,2018-09-08,66,66,66,66,1951-09-09,1952-09-01
476447,2018-09-08,2018-09-15,66,66,66,66,1951-09-16,1952-09-08
476447,2018-09-15,2021-07-31,66,66,69,69,1951-09-16,1952-07-31
476447,2021-07-31,2022-04-30,69,69,69,69,1952-05-01,1952-07-31
476447,2022-04-30,2022-05-14,69,69,70,70,1952-05-01,1952-05-14
476447,2022-05-14,2022-05-28,70,70,70,70,1951-05-29,1952-05-14
476447,2022-05-28,2022-06-04,70,70,70,70,1951-06-05,1952-05-28
476447,2022-06-04,2022-06-11,70,70,70,70,1951-06-12,1952-06-04
476447,2022-06-11,2022-06-18,70,70,70,70,1951-06-19,1952-06-11
476447,2022-06-18,2022-06-25,70,70,70,70,1951-06-26,1952-06-18
476447,2022-06-25,2022-07-02,70,70,70,70,1951-07-03,1952-06-25
476447,2022-07-02,2022-07-16,70,70,70,70,1951-07-17,1952-07-02
476447,2022-07-16,2022-07-23,70,70,70,70,1951-07-24,1952-07-16
476447,2022-07-23,2022-07-30,70,70,70,70,1951-07-31,1952-07-23
476447,2022-07-30,2022-08-06,70,70,70,70,1951-08-07,1952-07-30
476447,2022-08-06,2022-09-03,70,70,70,70,1951-09-04,1952-08-06
476447,2022-09-03,2022-09-24,70,70,70,70,1951-09-25,1952-09-03
476447,2022-09-24,2022-10-08,70,70,70,70,1951-10-09,1952-09-24
476447,2022-10-08,2022-10-15,70,70,70,70,1951-10-16,1952-10-08
476447,2022-10-15,2022-10-22,70,70,70,70,1951-10-23,1952-10-15
476447,2022-10-22,2022-10-29,70,70,70,70,1951-10-30,1952-10-22
476447,2022-10-29,2022-11-12,70,70,70,70,1951-11-13,1952-10-29
476447,2022-11-12,2022-12-03,70,70,70,70,1951-12-04,1952-11-12
476447,2022-12-03,2022-12-24,70,70,70,70,1951-12-25,1952-12-03
476447,2022-12-24,2023-01-01,70,70,70,70,1952-01-02,1952-12-24
476447,2023-01-01,2023-01-07,70,70,70,70,1952-01-08,1953-01-01
476447,2023-01-07,2023-01-14,70,70,70,70,1952-01-15,1953-01-07
476447,2023-01-14,2023-04-01,70,70,70,70,1952-04-02,1953-01-14
476447,2023-04-01,2023-05-06,70,70,71,71,1952-04-02,1952-05-06
476447,2023-05-06,2023-05-13,71,71,71,71,1951-05-14,1952-05-06
476447,2023-05-13,2023-05-20,71,71,71,71,1951-05-21,1952-05-13
476447,2023-05-20,2023-06-03,71,71,71,71,1951-06-04,1952-05-20
476447,2023-06-03,2023-06-10,71,71,71,71,1951-06-11,1952-06-03
476447,2023-06-10,2023-06-17,71,71,71,71,1951-06-18,1952-06-10
476447,2023-06-17,2023-06-24,71,71,71,71,1951-06-25,1952-06-17
476447,2023-06-24,2023-07-01,71,71,71,71,1951-07-02,1952-06-24
480802,,2013-03-30,,,53,53,1959-03-31,1960-03-30
480802,2013-03-30,2013-04-13,53,53,53,53,1959-04-14,1960-03-30
480802,2013-04-13,2013-04-20,53,53,53,53,1959-04-21,1960-04-13
480802,2013-04-20,2013-04-27,53,53,53,53,1959-04-28,1960-04-20
480802,2013-04-27,2013-05-18,53,53,53,53,1959-05-19,1960-04-27
480802,2013-05-18,2013-06-01,53,53,53,53,1959-06-02,1960-05-18
480802,2013-06-01,2013-06-08,53,53,53,53,1959-06-09,1960-06-01
480802,2013-06-08,2013-06-29,53,53,53,53,1959-06-30,1960-06-08
480802,2013-06-29,2013-07-20,53,53,53,53,1959-07-21,1960-06-29
480802,2013-07-20,2013-07-27,53,53,53,53,1959-07-28,1960-07-20
480802,2013-07-27,2013-08-03,53,53,53,53,1959-08-04,1960-07-27
480802,2013-08-03,2013-08-10,53,53,53,53,1959-08-11,1960-08-03
480802,2013-08-10,2013-08-31,53,53,53,53,1959-09-01,1960-08-10
480802,2013-08-31,2013-09-28,53,53,53,53,1959-09-29,1960-08-31
480802,2013-09-28,2013-10-05,53,53,53,53,1959-10-06,1960-09-28
480802,2013-10-05,2014-05-31,53,53,54,54,1959-10-06,1960-05-31
480802,2014-05-31,2014-06-21,54,54,54,54,1959-06-22,1960-05-31
480802,2014-06-21,2014-07-19,54,54,54,54,1959-07-20,1960-06-21
480802,2014-07-19,2014-07-26,54,54,54,54,1959-07-27,1960-07-19
480802,2014-07-26,2014-08-02,54,54,54,54,1959-08-03,1960-07-26
480802,2014-08-02,2014-08-16,54,54,54,54,1959-08-17,1960-08-02
480802,2014-08-16,2014-08-30,54,54,54,54,1959-08-31,1960-08-16
480802,2014-08-30,2014-09-13,54,54,54,54,1959-09-14,1960-08-30
480802,2014-09-13,2015-05-02,54,54,55,55,1959-09-14,1960-05-02
480802,2015-05-02,2015-05-16,55,55,55,55,1959-05-17,1960-05-02
480802,2015-05-16,2015-05-23,55,55,55,55,1959-05-24,1960-05-16
480802,2015-05-23,2015-06-20,55,55,59,59,1959-05-24,1956-06-20
480802,2015-06-20,2015-07-11,59,59,55,55,1959-07-12,1956-06-20
480802,2015-07-11,2015-08-15,55,55,55,55,1959-08-16,1960-07-11
480802,2015-08-15,2015-08-29,55,55,55,55,1959-08-30,1960-08-15
480802,2015-08-29,2015-09-05,55,55,55,55,1959-09-06,1960-08-29
480802,2015-09-05,2015-09-12,55,55,55,55,1959-09-13,1960-09-05
480802,2015-09-12,2015-10-10,55,55,55,55,1959-10-11,1960-09-12
480802,2015-10-10,2016-07-16,55,55,56,56,1959-10-11,1960-07-16
480802,2016-07-16,2016-07-30,56,56,56,56,1959-07-31,1960-07-16
480802,2016-07-30,2016-10-15,56,56,56,56,1959-10-16,1960-07-30
480802,2016-10-15,2016-11-05,56,56,56,56,1959-11-06,1960-10-15
480802,2016-11-05,2017-03-11,56,56,57,57,1959-11-06,1960-03-11
480802,2017-03-11,2017-03-18,57,57,57,57,1959-03-19,1960-03-11
480802,2017-03-18,2017-05-06,57,57,57,57,1959-05-07,1960-03-18
480802,2017-05-06,2017-05-13,57,57,57,57,1959-05-14,1960-05-06
480802,2017-05-13,2017-07-08,57,57,57,57,1959-07-09,1960-05-13
480802,2017-07-08,2017-08-19,57,57,57,57,1959-08-20,1960-07-08
480802,2017-08-19,2017-10-21,57,57,57,57,1959-10-22,1960-08-19
480802,2017-10-21,2017-10-28,57,57,57,57,1959-10-29,1960-10-21
480802,2017-10-28,2017-11-04,57,57,57,57,1959-11-05,1960-10-28
480802,2017-11-04,2017-11-11,57,57,58,58,1959-11-05,1959-11-11
480802,2017-11-11,2018-06-09,58,58,58,58,1959-06-10,1959-11-11
480802,2018-06-09,2018-06-16,58,58,58,58,1959-06-17,1960-06-09
480802,2018-06-16,2018-06-23,58,58,58,58,1959-06-24,1960-06-16
480802,2018-06-23,2018-07-07,58,58,58,58,1959-07-08,1960-06-23
480802,2018-07-07,2018-07-14,58,58,58,58,1959-07-15,1960-07-07
480802,2018-07-14,2018-07-21,58,58,58,58,1959-07-22,1960-07-14
480802,2018-07-21,2018-07-28,58,58,58,58,1959-07-29,1960-07-21
480802,2018-07-28,2018-08-18,58,58,58,58,1959-08-19,1960-07-28
480802,2018-08-18,2018-09-01,58,58,58,58,1959-09-02,1960-08-18
480802,2018-09-01,2019-02-16,58,58,59,59,1959-09-02,1960-02-16
480802,2019-02-16,2019-03-02,59,59,59,59,1959-03-03,1960-02-16
480802,2019-03-02,2019-03-16,59,59,59,59,1959-03-17,1960-03-02
480802,2019-03-16,2019-03-23,59,59,59,59,1959-03-24,1960-03-16
480802,2019-03-23,2019-03-30,59,59,59,59,1959-03-31,1960-03-23
480802,2019-03-30,2019-04-06,59,59,59,59,1959-04-07,1960-03-30
480802,2019-04-06,2019-04-13,59,59,59,59,1959-04-14,1960-04-06
480802,2019-04-13,2019-04-20,59,59,59,59,1959-04-21,1960-04-13
480802,2019-04-20,2019-05-04,59,59,59,59,1959-05-05,1960-04-20
480802,2019-05-04,2019-05-25,59,59,59,59,1959-05-26,1960-05-04
480802,2019-05-25,2019-06-01,59,59,59,59,1959-06-02,1960-05-25
480802,2019-06-01,2019-06-08,59,59,59,59,1959-06-09,1960-06-01
480802,2019-06-08,2019-06-15,59,59,59,59,1959-06-16,1960-06-08
480802,2019-06-15,2019-07-06,59,59,59,59,1959-07-07,1960-06-15
480802,2019-07-06,2019-07-13,59,59,59,59,1959-07-14,1960-07-06
480802,2019-07-13,2019-07-20,59,59,59,59,1959-07-21,1960-07-13
480802,2019-07-20,2019-07-27,59,59,59,59,1959-07-28,1960-07-20
480802,2019-07-27,2019-08-31,59,59,59,59,1959-09-01,1960-07-27
480802,2019-08-31,2019-09-14,59,59,59,59,1959-09-15,1960-08-31
480802,2019-09-14,2019-09-28,59,59,59,59,1959-09-29,1960-09-14
480802,2019-09-28,2020-02-29,59,59,60,60,1959-09-29,1960-02-29
480802,2020-02-29,2020-03-07,60,60,60,60,1959-03-08,1960-02-29
480802,2020-03-07,2020-03-14,60,60,60,60,1959-03-15,1960-03-07
480802,2020-03-14,2021-07-24,60,60,61,61,1959-07-25,1960-03-14
480802,2021-07-24,2021-07-31,61,61,61,61,1959-08-01,1960-07-24
480802,2021-07-31,2021-08-07,61,61,61,61,1959-08-08,1960-07-31
480802,2021-08-07,2021-08-21,61,61,61,61,1959-08-22,1960-08-07
480802,2021-08-21,2021-08-28,61,61,61,61,1959-08-29,1960-08-21
480802,2021-08-28,2021-09-04,61,61,61,61,1959-09-05,1960-08-28
480802,2021-09-04,2021-09-11,61,61,61,61,1959-09-12,1960-09-04
480802,2021-09-11,2021-09-18,61,61,61,61,1959-09-19,1960-09-11
480802,2021-09-18,2021-09-25,61,61,61,61,1959-09-26,1960-09-18
480802,2021-09-25,2022-06-25,61,61,62,62,1959-09-26,1960-06-25
492000,,2013-04-13,,,44,44,1968-04-14,1969-04-13
492000,2013-04-13,2013-04-27,44,44,44,44,1968-04-28,1969-04-13
492000,2013-04-27,2013-05-11,44,44,45,45,1968-04-28,1968-05-11
492000,2013-05-11,2013-05-18,45,45,45,45,1967-05-19,1968-05-11
492000,2013-05-18,2013-05-25,45,45,45,45,1967-05-26,1968-05-18
492000,2013-05-25,2013-06-08,45,45,45,45,1967-06-09,1968-05-25
492000,2013-06-08,2013-06-15,45,45,45,45,1967-06-16,1968-06-08
492000,2013-06-15,2013-06-29,45,45,45,45,1967-06-30,1968-06-15
492000,2013-06-29,2013-07-06,45,45,45,45,1967-07-07,1968-06-29
492000,2013-07-06,2013-08-03,45,45,45,45,1967-08-04,1968-07-06
492000,2013-08-03,2013-08-17,45,45,45,45,1967-08-18,1968-08-03
492000,2013-08-17,2013-09-07,45,45,45,45,1967-09-08,1968-08-17
492000,2013-09-07,2013-09-14,45,45,45,45,1967-09-15,1968-09-07
492000,2013-09-14,2013-09-28,45,45,45,45,1967-09-29,1968-09-14
492000,2013-09-28,2013-12-28,45,45,45,45,1967-12-29,1968-09-28
492000,2013-12-28,2014-01-18,45,45,45,45,1968-01-19,1968-12-28
492000,2014-01-18,2014-01-25,45,45,45,45,1968-01-26,1969-01-18
492000,2014-01-25,2014-02-01,45,45,45,45,1968-02-02,1969-01-25
492000,2014-02-01,2014-02-15,45,45,45,45,1968-02-16,1969-02-01
492000,2014-02-15,2014-02-22,45,45,45,45,1968-02-23,1969-02-15
492000,2014-02-22,2014-03-08,45,45,45,45,1968-03-09,1969-02-22
492000,2014-03-08,2014-03-22,45,45,45,45,1968-03-23,1969-03-08
492000,2014-03-22,2014-04-05,45,45,45,45,1968-04-06,1969-03-22
492000,2014-04-05,2014-04-12,45,45,45,45,1968-04-13,1969-04-05
492000,2014-04-12,2014-04-19,45,45,45,45,1968-04-20,1969-04-12
492000,2014-04-19,2014-04-26,45,45,45,45,1968-04-27,1969-04-19
492000,2014-04-26,2014-05-17,45,45,46,46,1968-04-27,1968-05-17
492000,2014-05-17,2014-05-31,46,46,46,46,1967-06-01,1968-05-17
492000,2014-05-31,2014-06-07,46,46,46,46,1967-06-08,1968-05-31
492000,2014-06-07,2014-06-21,46,46,46,46,1967-06-22,1968-06-07
492000,2014-06-21,2014-06-28,46,46,46,46,1967-06-29,1968-06-21
492000,2014-06-28,2014-07-12,46,46,46,46,1967-07-13,1968-06-28
492000,2014-07-12,2014-07-19,46,46,46,46,1967-07-20,1968-07-12
492000,2014-07-19,2014-07-26,46,46,46,46,1967-07-27,1968-07-19
492000,2014-07-26,2014-08-16,46,46,46,46,1967-08-17,1968-07-26
492000,2014-08-16,2014-08-30,46,46,46,46,1967-08-31,1968-08-16
492000,2014-08-30,2014-09-13,46,46,46,46,1967-09-14,1968-08-30
492000,2014-09-13,2014-09-27,46,46,46,46,1967-09-28,1968-09-13
492000,2014-09-27,2014-10-11,46,46,46,46,1967-10-12,1968-09-27
492000,2014-10-11,2014-10-18,46,46,46,46,1967-10-19,1968-10-11
492000,2014-10-18,2014-10-25,46,46,46,46,1967-10-26,1968-10-18
492000,2014-10-25,2014-11-08,46,46,46,46,1967-11-09,1968-10-25
492000,2014-11-08,2014-11-15,46,46,46,46,1967-11-16,1968-11-08
492000,2014-11-15,2014-11-22,46,46,46,46,1967-11-23,1968-11-15
492000,2014-11-22,2014-12-13,46,46,46,46,1967-12-14,1968-11-22
492000,2014-12-13,2014-12-20,46,46,46,46,1967-12-21,1968-12-13
492000,2014-12-20,2014-12-27,46,46,46,46,1967-12-28,1968-12-20
492000,2014-12-27,2015-01-01,46,46,46,46,1968-01-02,1968-12-27
492000,2015-01-01,2015-01-01,46,46,46,46,1968-01-02,1969-01-01
492000,2015-01-01,2015-01-03,46,46,46,46,1968-01-04,1969-01-01
492000,2015-01-03,2015-01-10,46,46,46,46,1968-01-11,1969-01-03
492000,2015-01-10,2015-01-17,46,46,46,46,1968-01-18,1969-01-10
492000,2015-01-17,2015-01-24,46,46,46,46,1968-01-25,1969-01-17
492000,2015-01-24,2015-01-31,46,46,46,46,1968-02-01,1969-01-24
492000,2015-01-31,2015-02-07,46,46,46,46,1968-02-08,1969-01-31
492000,2015-02-07,2015-02-14,46,46,46,46,1968-02-15,1969-02-07
492000,2015-02-14,2015-02-21,46,46,46,46,1968-02-22,1969-02-14
492000,2015-02-21,2015-02-28,46,46,46,46,1968-02-29,1969-02-21
492000,2015-02-28,2015-03-14,46,46,46,46,1968-03-15,1969-02-28
492000,2015-03-14,2015-03-28,46,46,46,46,1968-03-29,1969-03-14
492000,2015-03-28,2015-04-04,46,46,46,46,1968-04-05,1969-03-28
492000,2015-04-04,2015-04-11,46,46,46,46,1968-04-12,1969-04-04
492000,2015-04-11,2015-04-25,46,46,46,46,1968-04-26,1969-04-11
492000,2015-04-25,2015-05-09,46,46,47,47,1968-04-26,1968-05-09
492000,2015-05-09,2015-05-23,47,47,47,47,1967-05-24,1968-05-09
492000,2015-05-23,2015-06-13,47,47,47,47,1967-06-14,1968-05-23
492000,2015-06-13,2015-06-20,47,47,47,47,1967-06-21,1968-06-13
492000,2015-06-20,2015-06-27,47,47,47,47,1967-06-28,1968-06-20
492000,2015-06-27,2015-07-04,47,47,47,47,1967-07-05,1968-06-27
492000,2015-07-04,2015-07-18,47,47,47,47,1967-07-19,1968-07-04
492000,2015-07-18,2015-07-25,47,47,47,47,1967-07-26,1968-07-18
492000,2015-07-25,2015-08-01,47,47,47,47,1967-08-02,1968-07-25
492000,2015-08-01,2015-08-08,47,47,47,47,1967-08-09,1968-08-01
492000,2015-08-08,2015-08-29,47,47,47,47,1967-08-30,1968-08-08
492000,2015-08-29,2015-09-19,47,47,45,45,1969-09-20,1968-08-29
492000,2015-09-19,2015-09-26,45,45,47,47,1969-09-20,1968-09-26
492000,2015-09-26,2015-10-03,47,47,47,47,1967-10-04,1968-09-26
492000,2015-10-03,2015-10-10,47,47,47,47,1967-10-11,1968-10-03
492000,2015-10-10,2015-10-24,47,47,47,47,1967-10-25,1968-10-10
492000,2015-10-24,2015-10-31,47,47,47,47,1967-11-01,1968-10-24
492000,2015-10-31,2015-11-07,47,47,47,47,1967-11-08,1968-10-31
492000,2015-11-07,2015-11-14,47,47,47,47,1967-11-15,1968-11-07
492000,2015-11-14,2015-11-21,47,47,47,47,1967-11-22,1968-11-14
492000,2015-11-21,2015-11-28,47,47,45,45,1969-11-29,1968-11-21
492000,2015-11-28,2015-12-05,45,45,45,45,1969-12-06,1970-11-28
492000,2015-12-05,2015-12-12,45,45,47,47,1969-12-06,1968-12-12
492000,2015-12-12,2015-12-19,47,47,47,47,1967-12-20,1968-12-12
492000,2015-12-19,2015-12-26,47,47,47,47,1967-12-27,1968-12-19
492000,2015-12-26,2016-01-01,47,47,47,47,1968-01-02,1968-12-26
492000,2016-01-01,2016-01-01,47,47,47,47,1968-01-02,1969-01-01
492000,2016-01-01,2016-01-02,47,47,47,47,1968-01-03,1969-01-01
492000,2016-01-02,2016-01-09,47,47,47,47,1968-01-10,1969-01-02
492000,2016-01-09,2016-01-16,47,47,47,47,1968-01-17,1969-01-09
492000,2016-01-16,2016-01-23,47,47,45,45,1970-01-24,1969-01-16
492000,2016-01-23,2016-01-30,45,45,47,47,1970-01-24,1969-01-30
492000,2016-01-30,2016-02-06,47,47,47,47,1968-02-07,1969-01-30
492000,2016-02-06,2016-02-13,47,47,47,47,1968-02-14,1969-02-06
492000,2016-02-13,2016-02-20,47,47,47,47,1968-02-21,1969-02-13
492000,2016-02-20,2016-02-27,47,47,47,47,1968-02-28,1969-02-20
492000,2016-02-27,2016-03-12,47,47,47,47,1968-03-13,1969-02-27
492000,2016-03-12,2016-03-19,47,47,47,47,1968-03-20,1969-03-12
492000,2016-03-19,2016-03-26,47,47,47,47,1968-03-27,1969-03-19
492000,2016-03-26,2016-04-02,47,47,47,47,1968-04-03,1969-03-26
492000,2016-04-02,2016-04-09,47,47,47,47,1968-04-10,1969-04-02
492000,2016-04-09,2016-04-16,47,47,45,45,1970-04-17,1969-04-09
492000,2016-04-16,2016-04-30,45,45,47,47,1970-04-17,1969-04-30
492000,2016-04-30,2016-05-07,47,47,48,48,1968-05-01,1968-05-07
492000,2016-05-07,2016-05-14,48,48,48,48,1967-05-15,1968-05-07
492000,2016-05-14,2016-05-21,48,48,48,48,1967-05-22,1968-05-14
492000,2016-05-21,2016-05-28,48,48,45,45,1970-05-29,1968-05-21
492000,2016-05-28,2016-06-04,45,45,48,48,1970-05-29,1968-06-04
492000,2016-06-04,2016-06-11,48,48,48,48,1967-06-12,1968-06-04
492000,2016-06-11,2016-06-18,48,48,48,48,1967-06-19,1968-06-11
492000,2016-06-18,2016-06-25,48,48,48,48,1967-06-26,1968-06-18
492000,2016-06-25,2016-07-02,48,48,48,48,1967-07-03,1968-06-25
492000,2016-07-02,2016-07-16,48,48,48,48,1967-07-17,1968-07-02
492000,2016-07-16,2016-07-23,48,48,48,48,1967-07-24,1968-07-16
492000,2016-07-23,2016-07-30,48,48,48,48,1967-07-31,1968-07-23
492000,2016-07-30,2016-08-06,48,48,48,48,1967-08-07,1968-07-30
492000,2016-08-06,2016-08-20,48,48,48,48,1967-08-21,1968-08-06
492000,2016-08-20,2016-08-27,48,48,48,48,1967-08-28,1968-08-20
492000,2016-08-27,2016-09-03,48,48,48,48,1967-09-04,1968-08-27
492000,2016-09-03,2016-09-10,48,48,48,48,1967-09-11,1968-09-03
492000,2016-09-10,2016-09-17,48,48,48,48,1967-09-18,1968-09-10
492000,2016-09-17,2016-10-15,48,48,48,48,1967-10-16,1968-09-17
492000,2016-10-15,2016-11-05,48,48,48,48,1967-11-06,1968-10-15
492000,2016-11-05,2016-11-26,48,48,48,48,1967-11-27,1968-11-05
492000,2016-11-26,2016-12-10,48,48,48,48,1967-12-11,1968-11-26
492000,2016-12-10,2016-12-17,48,48,48,48,1967-12-18,1968-12-10
492000,2016-12-17,2016-12-31,48,48,48,48,1968-01-01,1968-12-17
492000,2016-12-31,2017-01-01,48,48,48,48,1968-01-02,1968-12-31
492000,2017-01-01,2017-01-01,48,48,48,48,1968-01-02,1969-01-01
492000,2017-01-01,2017-01-28,48,48,48,48,1968-01-29,1969-01-01
492000,2017-01-28,2017-03-04,48,48,45,45,1971-03-05,1969-01-28
492000,2017-03-04,2017-03-11,45,45,48,48,1971-03-05,1969-03-11
492000,2017-03-11,2017-03-18,48,48,48,48,1968-03-19,1969-03-11
492000,2017-03-18,2017-03-25,48,48,48,48,1968-03-26,1969-03-18
492000,2017-03-25,2017-04-15,48,48,48,48,1968-04-16,1969-03-25
492000,2017-04-15,2017-04-22,48,48,48,48,1968-04-23,1969-04-15
492000,2017-04-22,2017-04-29,48,48,48,48,1968-04-30,1969-04-22
492000,2017-04-29,2017-05-20,48,48,49,49,1968-04-30,1968-05-20
492000,2017-05-20,2017-05-27,49,49,49,49,1967-05-28,1968-05-20
492000,2017-05-27,2017-06-10,49,49,49,49,1967-06-11,1968-05-27
492000,2017-06-10,2017-07-01,49,49,49,49,1967-07-02,1968-06-10
492000,2017-07-01,2017-07-08,49,49,49,49,1967-07-09,1968-07-01
492000,2017-07-08,2017-07-15,49,49,49,49,1967-07-16,1968-07-08
492000,2017-07-15,2017-07-22,49,49,49,49,1967-07-23,1968-07-15
492000,2017-07-22,2017-08-19,49,49,49,49,1967-08-20,1968-07-22
492000,2017-08-19,2017-09-02,49,49,49,49,1967-09-03,1968-08-19
492000,2017-09-02,2017-09-23,49,49,49,49,1967-09-24,1968-09-02
492000,2017-09-23,2017-09-30,49,49,49,49,1967-10-01,1968-09-23
492000,2017-09-30,2017-10-28,49,49,49,49,1967-10-29,1968-09-30
492000,2017-10-28,2017-11-11,49,49,49,49,1967-11-12,1968-10-28
492000,2017-11-11,2017-11-18,49,49,49,49,1967-11-19,1968-11-11
492000,2017-11-18,2017-11-25,49,49,49,49,1967-11-26,1968-11-18
492000,2017-11-25,2017-12-02,49,49,49,49,1967-12-03,1968-11-25
492000,2017-12-02,2017-12-09,49,49,49,49,1967-12-10,1968-12-02
492000,2017-12-09,2017-12-23,49,49,49,49,1967-12-24,1968-12-09
492000,2017-12-23,2018-01-01,49,49,49,49,1968-01-02,1968-12-23
492000,2018-01-01,2018-01-13,49,49,49,49,1968-01-14,1969-01-01
492000,2018-01-13,2018-01-20,49,49,49,49,1968-01-21,1969-01-13
492000,2018-01-20,2018-01-27,49,49,49,49,1968-01-28,1969-01-20
492000,2018-01-27,2018-02-03,49,49,49,49,1968-02-04,1969-01-27
492000,2018-02-03,2018-02-10,49,49,49,49,1968-02-11,1969-02-03
492000,2018-02-10,2018-02-24,49,49,49,49,1968-02-25,1969-02-10
492000,2018-02-24,2018-03-17,49,49,49,49,1968-03-18,1969-02-24
492000,2018-03-17,2018-03-31,49,49,49,49,1968-04-01,1969-03-17
492000,2018-03-31,2018-04-07,49,49,49,49,1968-04-08,1969-03-31
492000,2018-04-07,2018-04-14,49,49,49,49,1968-04-15,1969-04-07
492000,2018-04-14,2018-04-21,49,49,49,49,1968-04-22,1969-04-14
492000,2018-04-21,2018-04-28,49,49,49,49,1968-04-29,1969-04-21
492000,2018-04-28,2018-05-19,49,49,50,50,1968-04-29,1968-05-19
492000,2018-05-19,2018-05-26,50,50,50,50,1967-05-27,1968-05-19
492000,2018-05-26,2018-07-28,50,50,50,50,1967-07-29,1968-05-26
492000,2018-07-28,2018-08-04,50,50,50,50,1967-08-05,1968-07-28
492000,2018-08-04,2018-09-01,50,50,50,50,1967-09-02,1968-08-04
492000,2018-09-01,2018-09-08,50,50,50,50,1967-09-09,1968-09-01
492000,2018-09-08,2018-09-22,50,50,50,50,1967-09-23,1968-09-08
492000,2018-09-22,2018-09-29,50,50,50,50,1967-09-30,1968-09-22
492000,2018-09-29,2018-10-06,50,50,50,50,1967-10-07,1968-09-29
492000,2018-10-06,2018-10-27,50,50,50,50,1967-10-28,1968-10-06
492000,2018-10-27,2018-12-01,50,50,50,50,1967-12-02,1968-10-27
492000,2018-12-01,2018-12-08,50,50,50,50,1967-12-09,1968-12-01
492000,2018-12-08,2018-12-15,50,50,50,50,1967-12-16,1968-12-08
492000,2018-12-15,2018-12-22,50,50,50,50,1967-12-23,1968-12-15
492000,2018-12-22,2018-12-29,50,50,50,50,1967-12-30,1968-12-22
492000,2018-12-29,2019-01-05,50,50,50,50,1968-01-06,1968-12-29
492000,2019-01-05,2019-01-12,50,50,50,50,1968-01-13,1969-01-05
492000,2019-01-12,2019-01-19,50,50,50,50,1968-01-20,1969-01-12
492000,2019-01-19,2019-01-26,50,50,50,50,1968-01-27,1969-01-19
492000,2019-01-26,2019-02-02,50,50,50,50,1968-02-03,1969-01-26
492000,2019-02-02,2019-02-09,50,50,50,50,1968-02-10,1969-02-02
492000,2019-02-09,2019-02-16,50,50,50,50,1968-02-17,1969-02-09
492000,2019-02-16,2019-02-23,50,50,50,50,1968-02-24,1969-02-16
492000,2019-02-23,2019-03-23,50,50,50,50,1968-03-24,1969-02-23
492000,2019-03-23,2019-04-06,50,50,50,50,1968-04-07,1969-03-23
492000,2019-04-06,2019-04-13,50,50,50,50,1968-04-14,1969-04-06
492000,2019-04-13,2019-05-11,50,50,51,51,1968-04-14,1968-05-11
492000,2019-05-11,2019-06-01,51,51,51,51,1967-06-02,1968-05-11
492000,2019-06-01,2019-06-08,51,51,51,51,1967-06-09,1968-06-01
492000,2019-06-08,2019-09-07,51,51,51,51,1967-09-08,1968-06-08
492000,2019-09-07,2020-01-04,51,51,51,51,1968-01-05,1968-09-07
492000,2020-01-04,2025-08-30,51,51,57,57,1968-01-05,1968-08-30
492000,2025-08-30,2025-11-22,57,57,57,57,1967-11-23,1968-08-30
492000,2025-11-22,2026-01-17,57,57,57,57,1968-01-18,1968-11-22
4933662,,2018-09-15,,,43,43,1974-09-16,1975-09-15
4933662,2018-09-15,2018-09-22,43,43,43,43,1974-09-23,1975-09-15
4933662,2018-09-22,2018-10-06,43,43,43,43,1974-10-07,1975-09-22
4933662,2018-10-06,2018-11-10,43,43,43,43,1974-11-11,1975-10-06
4933662,2018-11-10,2018-11-17,43,43,43,43,1974-11-18,1975-11-10
4933662,2018-11-17,2018-12-08,43,43,43,43,1974-12-09,1975-11-17
4933662,2018-12-08,2018-12-22,43,43,43,43,1974-12-23,1975-12-08
4933662,2018-12-22,2019-01-05,43,43,40,40,1978-01-06,1975-12-22
4933662,2019-01-05,2019-01-12,40,40,43,43,1978-01-06,1976-01-12
4933662,2019-01-12,2019-09-14,43,43,44,44,1975-01-13,1975-09-14
4933662,2019-09-14,2019-09-28,44,44,44,44,1974-09-29,1975-09-14
4933662,2019-09-28,2019-10-19,44,44,44,44,1974-10-20,1975-09-28
4933662,2019-10-19,2019-11-30,44,44,44,44,1974-12-01,1975-10-19
4933662,2019-11-30,2021-09-18,44,44,46,46,1974-12-01,1975-09-18
4933662,2021-09-18,2021-11-13,46,46,46,46,1974-11-14,1975-09-18
4933662,2021-11-13,2022-05-21,46,46,47,47,1974-11-14,1975-05-21
495027,,2013-05-11,,,43,43,1969-05-12,1970-05-11
495027,2013-05-11,2013-05-18,43,43,43,43,1969-05-19,1970-05-11
495027,2013-05-18,2013-05-25,43,43,43,43,1969-05-26,1970-05-18
495027,2013-05-25,2013-06-08,43,43,43,43,1969-06-09,1970-05-25
495027,2013-06-08,2013-06-29,43,43,43,43,1969-06-30,1970-06-08
495027,2013-06-29,2013-07-06,43,43,43,43,1969-07-07,1970-06-29
495027,2013-07-06,2013-07-13,43,43,43,43,1969-07-14,1970-07-06
495027,2013-07-13,2013-07-27,43,43,43,43,1969-07-28,1970-07-13
495027,2013-07-27,2013-08-10,43,43,43,43,1969-08-11,1970-07-27
495027,2013-08-10,2013-08-17,43,43,43,43,1969-08-18,1970-08-10
495027,2013-08-17,2013-08-31,43,43,43,43,1969-09-01,1970-08-17
495027,2013-08-31,2013-09-14,43,43,43,43,1969-09-15,1970-08-31
495027,2013-09-14,2013-10-26,43,43,43,43,1969-10-27,1970-09-14
495027,2013-10-26,2013-12-14,43,43,44,44,1969-10-27,1969-12-14
495027,2013-12-14,2014-05-03,44,44,44,44,1969-05-04,1969-12-14
495027,2014-05-03,2014-05-17,44,44,43,43,1970-05-18,1970-05-03
495027,2014-05-17,2014-10-04,43,43,43,43,1970-10-05,1971-05-17
495027,2014-10-04,2014-10-18,43,43,43,43,1970-10-19,1971-10-04
495027,2014-10-18,2014-11-01,43,43,43,43,1970-11-02,1971-10-18
495027,2014-11-01,2014-11-15,43,43,43,43,1970-11-16,1971-11-01
495027,2014-11-15,2014-12-25,43,43,44,44,1970-11-16,1970-12-25
495027,2014-12-25,2015-01-01,44,44,44,44,1970-01-02,1970-12-25
495027,2015-01-01,2015-10-24,44,44,44,44,1970-10-25,1971-01-01
495027,2015-10-24,2020-01-04,44,44,49,49,1970-10-25,1971-01-04
4973304,,2018-10-13,,,49,49,1968-10-14,1969-10-13
4973304,2018-10-13,2018-10-20,49,49,49,49,1968-10-21,1969-10-13
4973304,2018-10-20,2018-10-27,49,49,49,49,1968-10-28,1969-10-20
4973304,2018-10-27,2018-11-10,49,49,49,49,1968-11-11,1969-10-27
4973304,2018-11-10,2018-11-17,49,49,49,49,1968-11-18,1969-11-10
4973304,2018-11-17,2018-12-15,49,49,49,49,1968-12-16,1969-11-17
4973304,2018-12-15,2019-01-12,49,49,50,50,1968-12-16,1969-01-12
4973304,2019-01-12,2019-01-19,50,50,36,36,1982-01-20,1969-01-12
4973304,2019-01-19,2019-01-26,36,36,36,36,1982-01-27,1983-01-19
4973304,2019-01-26,2019-03-09,36,36,36,36,1982-03-10,1983-01-26
4973304,2019-03-09,2019-03-23,36,36,36,36,1982-03-24,1983-03-09
4973304,2019-03-23,2019-07-06,36,36,36,36,1982-07-07,1983-03-23
4973304,2019-07-06,2019-07-20,36,36,36,36,1982-07-21,1983-07-06
4973304,2019-07-20,2019-08-03,36,36,36,36,1982-08-04,1983-07-20
4973304,2019-08-03,2019-08-31,36,36,36,36,1982-09-01,1983-08-03
4973304,2019-08-31,2019-11-30,36,36,36,36,1982-12-01,1983-08-31
4973304,2019-11-30,2020-02-22,36,36,37,37,1982-12-01,1983-02-22
5012495,,2018-10-06,,,44,44,1973-10-07,1974-10-06
5012495,2018-10-06,2018-10-13,44,44,44,44,1973-10-14,1974-10-06
5012495,2018-10-13,2018-10-20,44,44,44,44,1973-10-21,1974-10-13
5012495,2018-10-20,2018-10-27,44,44,44,44,1973-10-28,1974-10-20
5012495,2018-10-27,2018-11-03,44,44,44,44,1973-11-04,1974-10-27
5012495,2018-11-03,2018-11-10,44,44,44,44,1973-11-11,1974-11-03
5012495,2018-11-10,2018-11-17,44,44,45,45,1973-11-11,1973-11-17
5012495,2018-11-17,2018-11-24,45,45,45,45,1972-11-25,1973-11-17
5012495,2018-11-24,2018-12-01,45,45,45,45,1972-12-02,1973-11-24
5012495,2018-12-01,2018-12-15,45,45,45,45,1972-12-16,1973-12-01
5012495,2018-12-15,2019-01-05,45,45,45,45,1973-01-06,1973-12-15
5012495,2019-01-05,2019-01-12,45,45,45,45,1973-01-13,1974-01-05
5012495,2019-01-12,2019-01-19,45,45,45,45,1973-01-20,1974-01-12
5012495,2019-01-19,2019-01-26,45,45,45,45,1973-01-27,1974-01-19
5012495,2019-01-26,2019-02-02,45,45,45,45,1973-02-03,1974-01-26
5012495,2019-02-02,2019-02-09,45,45,45,45,1973-02-10,1974-02-02
5012495,2019-02-09,2019-02-23,45,45,45,45,1973-02-24,1974-02-09
5012495,2019-02-23,2019-03-30,45,45,45,45,1973-03-31,1974-02-23
5012495,2019-03-30,2019-04-13,45,45,45,45,1973-04-14,1974-03-30
5012495,2019-04-13,2019-04-20,45,45,45,45,1973-04-21,1974-04-13
5012495,2019-04-20,2019-05-11,45,45,45,45,1973-05-12,1974-04-20
5012495,2019-05-11,2019-05-18,45,45,45,45,1973-05-19,1974-05-11
5012495,2019-05-18,2019-06-08,45,45,45,45,1973-06-09,1974-05-18
5012495,2019-06-08,2019-06-15,45,45,45,45,1973-06-16,1974-06-08
5012495,2019-06-15,2019-06-22,45,45,45,45,1973-06-23,1974-06-15
5012495,2019-06-22,2019-06-29,45,45,45,45,1973-06-30,1974-06-22
5012495,2019-06-29,2019-07-13,45,45,45,45,1973-07-14,1974-06-29
5012495,2019-07-13,2019-07-20,45,45,45,45,1973-07-21,1974-07-13
5012495,2019-07-20,2019-08-03,45,45,45,45,1973-08-04,1974-07-20
5012495,2019-08-03,2019-08-31,45,45,45,45,1973-09-01,1974-08-03
5012495,2019-08-31,2019-09-07,45,45,45,45,1973-09-08,1974-08-31
5012495,2019-09-07,2019-09-14,45,45,45,45,1973-09-15,1974-09-07
5012495,2019-09-14,2019-09-21,45,45,45,45,1973-09-22,1974-09-14
5012495,2019-09-21,2019-09-28,45,45,45,45,1973-09-29,1974-09-21
5012495,2019-09-28,2019-10-12,45,45,45,45,1973-10-13,1974-09-28
5012495,2019-10-12,2019-10-19,45,45,45,45,1973-10-20,1974-10-12
5012495,2019-10-19,2019-10-26,45,45,45,45,1973-10-27,1974-10-19
5012495,2019-10-26,2019-11-02,45,45,45,45,1973-11-03,1974-10-26
5012495,2019-11-02,2019-11-09,45,45,45,45,1973-11-10,1974-11-02
5012495,2019-11-09,2019-11-16,45,45,45,45,1973-11-17,1974-11-09
5012495,2019-11-16,2019-11-30,45,45,45,45,1973-12-01,1974-11-16
5012495,2019-11-30,2019-12-14,45,45,46,46,1973-12-01,1973-12-14
5012495,2019-12-14,2020-01-01,46,46,45,45,1974-01-02,1973-12-14
5012495,2020-01-01,2020-01-04,45,45,45,45,1974-01-05,1975-01-01
5012495,2020-01-04,2020-01-11,45,45,46,46,1974-01-05,1974-01-11
5012495,2020-01-11,2020-01-18,46,46,46,46,1973-01-19,1974-01-11
5012495,2020-01-18,2020-01-25,46,46,45,45,1974-01-26,1974-01-18
5012495,2020-01-25,2020-02-01,45,45,45,45,1974-02-02,1975-01-25
5012495,2020-02-01,2020-02-08,45,45,46,46,1974-02-02,1974-02-08
5012495,2020-02-08,2020-02-15,46,46,46,46,1973-02-16,1974-02-08
5012495,2020-02-15,2020-03-07,46,46,45,45,1974-03-08,1974-02-15
5012495,2020-03-07,2020-03-14,45,45,46,46,1974-03-08,1974-03-14
5012495,2020-03-14,2023-07-22,46,46,49,49,1973-07-23,1974-03-14
5012495,2023-07-22,2023-07-29,49,49,49,49,1973-07-30,1974-07-22
5012495,2023-07-29,2023-08-12,49,49,49,49,1973-08-13,1974-07-29
5012495,2023-08-12,2023-09-16,49,49,49,49,1973-09-17,1974-08-12
5012495,2023-09-16,2023-10-21,49,49,49,49,1973-10-22,1974-09-16
5012495,2023-10-21,2023-10-28,49,49,49,49,1973-10-29,1974-10-21
5012495,2023-10-28,2023-11-04,49,49,49,49,1973-11-05,1974-10-28
5012495,2023-11-04,2023-11-11,49,49,49,49,1973-11-12,1974-11-04
5012495,2023-11-11,2023-11-18,49,49,50,50,1973-11-12,1973-11-18
5012495,2023-11-18,2023-12-09,50,50,50,50,1972-12-10,1973-11-18
5012495,2023-12-09,2023-12-16,50,50,50,50,1972-12-17,1973-12-09
5012495,2023-12-16,2023-12-23,50,50,50,50,1972-12-24,1973-12-16
5012495,2023-12-23,2024-01-20,50,50,50,50,1973-01-21,1973-12-23
5012495,2024-01-20,2024-02-17,50,50,50,50,1973-02-18,1974-01-20
5012495,2024-02-17,2024-02-24,50,50,50,50,1973-02-25,1974-02-17
5012495,2024-02-24,2024-03-09,50,50,50,50,1973-03-10,1974-02-24
5012495,2024-03-09,2024-03-16,50,50,50,50,1973-03-17,1974-03-09
5012495,2024-03-16,2024-03-23,50,50,50,50,1973-03-24,1974-03-16
5012495,2024-03-23,2024-04-13,50,50,50,50,1973-04-14,1974-03-23
5012495,2024-04-13,2024-04-20,50,50,50,50,1973-04-21,1974-04-13
5012495,2024-04-20,2024-04-27,50,50,50,50,1973-04-28,1974-04-20
5012495,2024-04-27,2024-05-11,50,50,50,50,1973-05-12,1974-04-27
5012495,2024-05-11,2024-06-01,50,50,50,50,1973-06-02,1974-05-11
5012495,2024-06-01,2024-06-08,50,50,50,50,1973-06-09,1974-06-01
5012495,2024-06-08,2024-07-06,50,50,50,50,1973-07-07,1974-06-08
5012495,2024-07-06,2024-07-20,50,50,50,50,1973-07-21,1974-07-06
5012495,2024-07-20,2024-07-27,50,50,50,50,1973-07-28,1974-07-20
5012495,2024-07-27,2024-08-10,50,50,50,50,1973-08-11,1974-07-27
5012495,2024-08-10,2024-08-31,50,50,50,50,1973-09-01,1974-08-10
5012495,2024-08-31,2024-09-07,50,50,50,50,1973-09-08,1974-08-31
5012495,2024-09-07,2024-09-21,50,50,50,50,1973-09-22,1974-09-07
5012495,2024-09-21,2024-09-28,50,50,50,50,1973-09-29,1974-09-21
5012495,2024-09-28,2024-10-12,50,50,50,50,1973-10-13,1974-09-28
5012495,2024-10-12,2024-10-19,50,50,50,50,1973-10-20,1974-10-12
5012495,2024-10-19,2024-11-09,50,50,50,50,1973-11-10,1974-10-19
5012495,2024-11-09,2024-11-16,50,50,51,51,1973-11-10,1973-11-16
5012495,2024-11-16,2024-12-14,51,51,51,51,1972-12-15,1973-11-16
5012495,2024-12-14,2025-01-18,51,51,51,51,1973-01-19,1973-12-14
5012495,2025-01-18,2025-02-08,51,51,51,51,1973-02-09,1974-01-18
5012495,2025-02-08,2025-02-15,51,51,51,51,1973-02-16,1974-02-08
5012495,2025-02-15,2025-04-05,51,51,51,51,1973-04-06,1974-02-15
5012495,2025-04-05,2025-04-12,51,51,51,51,1973-04-13,1974-04-05
5012495,2025-04-12,2025-05-10,51,51,51,51,1973-05-11,1974-04-12
5012495,2025-05-10,2025-05-24,51,51,51,51,1973-05-25,1974-05-10
5012495,2025-05-24,2025-06-07,51,51,51,51,1973-06-08,1974-05-24
5012495,2025-06-07,2025-07-05,51,51,51,51,1973-07-06,1974-06-07
5012495,2025-07-05,2025-07-12,51,51,51,51,1973-07-13,1974-07-05
5012495,2025-07-12,2025-07-26,51,51,51,51,1973-07-27,1974-07-12
5012495,2025-07-26,2025-08-02,51,51,51,51,1973-08-03,1974-07-26
5012495,2025-08-02,2025-08-09,51,51,51,51,1973-08-10,1974-08-02
5012495,2025-08-09,2025-09-20,51,51,51,51,1973-09-21,1974-08-09
5012495,2025-09-20,2025-09-27,51,51,51,51,1973-09-28,1974-09-20
5012495,2025-09-27,2025-10-18,51,51,51,51,1973-10-19,1974-09-27
5012495,2025-10-18,2025-11-01,51,51,51,51,1973-11-02,1974-10-18
5012495,2025-11-01,2025-11-08,51,51,51,51,1973-11-09,1974-11-01
5012495,2025-11-08,2025-11-22,51,51,52,52,1973-11-09,1973-11-22
5012495,2025-11-22,2025-12-20,52,52,52,52,1972-12-21,1973-11-22
5012495,2025-12-20,2026-01-10,52,52,52,52,1973-01-11,1973-12-20
5012495,2026-01-10,2026-01-17,52,52,52,52,1973-01-18,1974-01-10
5012495,2026-01-17,2026-01-24,52,52,52,52,1973-01-25,1974-01-17
505025,,2013-05-11,,,39,39,1973-05-12,1974-05-11
505025,2013-05-11,2014-11-08,39,39,37,37,1976-11-09,1974-05-11
505025,2014-11-08,2016-05-07,37,37,38,38,1977-05-08,1977-11-08
508021,,2013-05-11,,,48,48,1964-05-12,1965-05-11
508021,2013-05-11,2013-05-18,48,48,48,48,1964-05-19,1965-05-11
508021,2013-05-18,2013-05-25,48,48,48,48,1964-05-26,1965-05-18
508021,2013-05-25,2013-06-08,48,48,48,48,1964-06-09,1965-05-25
508021,2013-06-08,2013-06-15,48,48,48,48,1964-06-16,1965-06-08
508021,2013-06-15,2013-08-03,48,48,48,48,1964-08-04,1965-06-15
508021,2013-08-03,2013-08-17,48,48,48,48,1964-08-18,1965-08-03
508021,2013-08-17,2013-12-28,48,48,49,49,1964-08-18,1964-12-28
508021,2013-12-28,2014-01-18,49,49,49,49,1964-01-19,1964-12-28
508021,2014-01-18,2014-01-25,49,49,49,49,1964-01-26,1965-01-18
508021,2014-01-25,2014-02-01,49,49,49,49,1964-02-02,1965-01-25
508021,2014-02-01,2014-02-15,49,49,49,49,1964-02-16,1965-02-01
508021,2014-02-15,2014-02-22,49,49,49,49,1964-02-23,1965-02-15
508021,2014-02-22,2014-03-08,49,49,49,49,1964-03-09,1965-02-22
508021,2014-03-08,2014-03-15,49,49,49,49,1964-03-16,1965-03-08
508021,2014-03-15,2014-03-22,49,49,49,49,1964-03-23,1965-03-15
508021,2014-03-22,2014-04-05,49,49,49,49,1964-04-06,1965-03-22
508021,2014-04-05,2014-04-12,49,49,49,49,1964-04-13,1965-04-05
508021,2014-04-12,2014-04-19,49,49,49,49,1964-04-20,1965-04-12
508021,2014-04-19,2014-04-26,49,49,49,49,1964-04-27,1965-04-19
508021,2014-04-26,2014-05-17,49,49,49,49,1964-05-18,1965-04-26
508021,2014-05-17,2014-06-07,49,49,49,49,1964-06-08,1965-05-17
508021,2014-06-07,2014-06-21,49,49,49,49,1964-06-22,1965-06-07
508021,2014-06-21,2014-06-28,49,49,49,49,1964-06-29,1965-06-21
508021,2014-06-28,2014-07-12,49,49,49,49,1964-07-13,1965-06-28
508021,2014-07-12,2014-07-19,49,49,49,49,1964-07-20,1965-07-12
508021,2014-07-19,2014-07-26,49,49,49,49,1964-07-27,1965-07-19
508021,2014-07-26,2014-08-16,49,49,49,49,1964-08-17,1965-07-26
508021,2014-08-16,2014-08-30,49,49,50,50,1964-08-17,1964-08-30
508021,2014-08-30,2014-09-27,50,50,50,50,1963-09-28,1964-08-30
508021,2014-09-27,2014-10-11,50,50,50,50,1963-10-12,1964-09-27
508021,2014-10-11,2014-10-18,50,50,50,50,1963-10-19,1964-10-11
508021,2014-10-18,2014-10-25,50,50,50,50,1963-10-26,1964-10-18
508021,2014-10-25,2014-11-08,50,50,50,50,1963-11-09,1964-10-25
508021,2014-11-08,2014-11-15,50,50,50,50,1963-11-16,1964-11-08
508021,2014-11-15,2014-11-22,50,50,50,50,1963-11-23,1964-11-15
508021,2014-11-22,2014-12-06,50,50,50,50,1963-12-07,1964-11-22
508021,2014-12-06,2014-12-13,50,50,50,50,1963-12-14,1964-12-06
508021,2014-12-13,2014-12-20,50,50,50,50,1963-12-21,1964-12-13
508021,2014-12-20,2014-12-25,50,50,50,50,1963-12-26,1964-12-20
508021,2014-12-25,2014-12-27,50,50,50,50,1963-12-28,1964-12-25
508021,2014-12-27,2015-01-01,50,50,50,50,1964-01-02,1964-12-27
508021,2015-01-01,2015-01-01,50,50,50,50,1964-01-02,1965-01-01
508021,2015-01-01,2015-01-03,50,50,50,50,1964-01-04,1965-01-01
508021,2015-01-03,2015-01-10,50,50,50,50,1964-01-11,1965-01-03
508021,2015-01-10,2015-01-17,50,50,50,50,1964-01-18,1965-01-10
508021,2015-01-17,2015-01-24,50,50,50,50,1964-01-25,1965-01-17
508021,2015-01-24,2015-01-31,50,50,50,50,1964-02-01,1965-01-24
508021,2015-01-31,2015-02-07,50,50,50,50,1964-02-08,1965-01-31
508021,2015-02-07,2015-02-14,50,50,50,50,1964-02-15,1965-02-07
508021,2015-02-14,2015-02-21,50,50,50,50,1964-02-22,1965-02-14
508021,2015-02-21,2015-02-28,50,50,50,50,1964-02-29,1965-02-21
508021,2015-02-28,2015-03-14,50,50,50,50,1964-03-15,1965-02-28
508021,2015-03-14,2015-03-28,50,50,50,50,1964-03-29,1965-03-14
508021,2015-03-28,2015-04-04,50,50,50,50,1964-04-05,1965-03-28
508021,2015-04-04,2015-04-11,50,50,50,50,1964-04-12,1965-04-04
508021,2015-04-11,2015-04-25,50,50,50,50,1964-04-26,1965-04-11
508021,2015-04-25,2015-05-09,50,50,50,50,1964-05-10,1965-04-25
508021,2015-05-09,2015-05-23,50,50,50,50,1964-05-24,1965-05-09
508021,2015-05-23,2015-06-13,50,50,50,50,1964-06-14,1965-05-23
508021,2015-06-13,2015-06-20,50,50,50,50,1964-06-21,1965-06-13
508021,2015-06-20,2015-07-04,50,50,50,50,1964-07-05,1965-06-20
508021,2015-07-04,2015-07-18,50,50,50,50,1964-07-19,1965-07-04
508021,2015-07-18,2015-07-25,50,50,50,50,1964-07-26,1965-07-18
508021,2015-07-25,2015-08-01,50,50,50,50,1964-08-02,1965-07-25
508021,2015-08-01,2015-08-08,50,50,50,50,1964-08-09,1965-08-01
508021,2015-08-08,2015-08-29,50,50,51,51,1964-08-09,1964-08-29
508021,2015-08-29,2015-09-19,51,51,51,51,1963-09-20,1964-08-29
508021,2015-09-19,2015-09-26,51,51,51,51,1963-09-27,1964-09-19
508021,2015-09-26,2015-10-03,51,51,51,51,1963-10-04,1964-09-26
508021,2015-10-03,2015-10-10,51,51,51,51,1963-10-11,1964-10-03
508021,2015-10-10,2015-10-24,51,51,51,51,1963-10-25,1964-10-10
508021,2015-10-24,2015-10-31,51,51,51,51,1963-11-01,1964-10-24
508021,2015-10-31,2015-11-07,51,51,51,51,1963-11-08,1964-10-31
508021,2015-11-07,2015-11-14,51,51,51,51,1963-11-15,1964-11-07
508021,2015-11-14,2015-11-21,51,51,51,51,1963-11-22,1964-11-14
508021,2015-11-21,2015-11-28,51,51,51,51,1963-11-29,1964-11-21
508021,2015-11-28,2015-12-05,51,51,51,51,1963-12-06,1964-11-28
508021,2015-12-05,2015-12-12,51,51,51,51,1963-12-13,1964-12-05
508021,2015-12-12,2015-12-19,51,51,51,51,1963-12-20,1964-12-12
508021,2015-12-19,2015-12-25,51,51,51,51,1963-12-26,1964-12-19
508021,2015-12-25,2015-12-26,51,51,51,51,1963-12-27,1964-12-25
508021,2015-12-26,2016-01-01,51,51,51,51,1964-01-02,1964-12-26
508021,2016-01-01,2016-01-01,51,51,51,51,1964-01-02,1965-01-01
508021,2016-01-01,2016-01-02,51,51,51,51,1964-01-03,1965-01-01
508021,2016-01-02,2016-01-09,51,51,51,51,1964-01-10,1965-01-02
508021,2016-01-09,2016-01-16,51,51,51,51,1964-01-17,1965-01-09
508021,2016-01-16,2016-01-23,51,51,51,51,1964-01-24,1965-01-16
508021,2016-01-23,2016-01-30,51,51,51,51,1964-01-31,1965-01-23
508021,2016-01-30,2016-02-06,51,51,51,51,1964-02-07,1965-01-30
508021,2016-02-06,2016-02-13,51,51,51,51,1964-02-14,1965-02-06
508021,2016-02-13,2016-02-20,51,51,51,51,1964-02-21,1965-02-13
508021,2016-02-20,2016-02-27,51,51,51,51,1964-02-28,1965-02-20
508021,2016-02-27,2016-03-12,51,51,51,51,1964-03-13,1965-02-27
508021,2016-03-12,2016-03-19,51,51,51,51,1964-03-20,1965-03-12
508021,2016-03-19,2016-03-26,51,51,51,51,1964-03-27,1965-03-19
508021,2016-03-26,2016-04-02,51,51,51,51,1964-04-03,1965-03-26
508021,2016-04-02,2016-04-09,51,51,51,51,1964-04-10,1965-04-02
508021,2016-04-09,2016-04-16,51,51,50,50,1965-04-17,1965-04-09
508021,2016-04-16,2016-04-23,50,50,51,51,1965-04-17,1965-04-23
508021,2016-04-23,2016-04-30,51,51,51,51,1964-05-01,1965-04-23
508021,2016-04-30,2016-05-07,51,51,51,51,1964-05-08,1965-04-30
508021,2016-05-07,2016-05-14,51,51,51,51,1964-05-15,1965-05-07
508021,2016-05-14,2016-05-21,51,51,51,51,1964-05-22,1965-05-14
508021,2016-05-21,2016-05-28,51,51,51,51,1964-05-29,1965-05-21
508021,2016-05-28,2016-06-11,51,51,51,51,1964-06-12,1965-05-28
508021,2016-06-11,2016-06-18,51,51,51,51,1964-06-19,1965-06-11
508021,2016-06-18,2016-06-25,51,51,51,51,1964-06-26,1965-06-18
508021,2016-06-25,2016-07-02,51,51,51,51,1964-07-03,1965-06-25
508021,2016-07-02,2016-07-16,51,51,51,51,1964-07-17,1965-07-02
508021,2016-07-16,2016-07-23,51,51,51,51,1964-07-24,1965-07-16
508021,2016-07-23,2016-07-30,51,51,51,51,1964-07-31,1965-07-23
508021,2016-07-30,2016-08-06,51,51,51,51,1964-08-07,1965-07-30
508021,2016-08-06,2016-08-20,51,51,51,51,1964-08-21,1965-08-06
508021,2016-08-20,2016-08-27,51,51,52,52,1964-08-21,1964-08-27
508021,2016-08-27,2016-09-03,52,52,52,52,1963-09-04,1964-08-27
508021,2016-09-03,2016-09-10,52,52,52,52,1963-09-11,1964-09-03
508021,2016-09-10,2016-09-17,52,52,52,52,1963-09-18,1964-09-10
508021,2016-09-17,2016-10-15,52,52,52,52,1963-10-16,1964-09-17
508021,2016-10-15,2016-11-05,52,52,52,52,1963-11-06,1964-10-15
508021,2016-11-05,2016-11-26,52,52,52,52,1963-11-27,1964-11-05
508021,2016-11-26,2016-12-10,52,52,52,52,1963-12-11,1964-11-26
508021,2016-12-10,2016-12-17,52,52,52,52,1963-12-18,1964-12-10
508021,2016-12-17,2016-12-25,52,52,52,52,1963-12-26,1964-12-17
508021,2016-12-25,2016-12-31,52,52,52,52,1964-01-01,1964-12-25
508021,2016-12-31,2017-01-01,52,52,52,52,1964-01-02,1964-12-31
508021,2017-01-01,2017-01-01,52,52,52,52,1964-01-02,1965-01-01
508021,2017-01-01,2017-03-11,52,52,52,52,1964-03-12,1965-01-01
508021,2017-03-11,2017-03-18,52,52,52,52,1964-03-19,1965-03-11
508021,2017-03-18,2017-03-25,52,52,52,52,1964-03-26,1965-03-18
508021,2017-03-25,2017-04-15,52,52,52,52,1964-04-16,1965-03-25
508021,2017-04-15,2017-04-22,52,52,52,52,1964-04-23,1965-04-15
508021,2017-04-22,2017-04-29,52,52,52,52,1964-04-30,1965-04-22
508021,2017-04-29,2017-05-13,52,52,52,52,1964-05-14,1965-04-29
508021,2017-05-13,2017-05-20,52,52,52,52,1964-05-21,1965-05-13
508021,2017-05-20,2017-05-27,52,52,52,52,1964-05-28,1965-05-20
508021,2017-05-27,2017-06-10,52,52,52,52,1964-06-11,1965-05-27
508021,2017-06-10,2017-06-24,52,52,52,52,1964-06-25,1965-06-10
508021,2017-06-24,2017-07-01,52,52,52,52,1964-07-02,1965-06-24
508021,2017-07-01,2017-07-08,52,52,52,52,1964-07-09,1965-07-01
508021,2017-07-08,2017-07-15,52,52,52,52,1964-07-16,1965-07-08
508021,2017-07-15,2017-07-22,52,52,52,52,1964-07-23,1965-07-15
508021,2017-07-22,2017-08-19,52,52,52,52,1964-08-20,1965-07-22
508021,2017-08-19,2017-09-02,52,52,53,53,1964-08-20,1964-09-02
508021,2017-09-02,2017-09-23,53,53,53,53,1963-09-24,1964-09-02
508021,2017-09-23,2017-09-30,53,53,53,53,1963-10-01,1964-09-23
508021,2017-09-30,2017-10-28,53,53,53,53,1963-10-29,1964-09-30
508021,2017-10-28,2017-11-11,53,53,53,53,1963-11-12,1964-10-28
508021,2017-11-11,2017-11-18,53,53,53,53,1963-11-19,1964-11-11
508021,2017-11-18,2018-01-13,53,53,53,53,1964-01-14,1964-11-18
508021,2018-01-13,2018-01-20,53,53,53,53,1964-01-21,1965-01-13
508021,2018-01-20,2018-01-27,53,53,53,53,1964-01-28,1965-01-20
508021,2018-01-27,2018-02-03,53,53,53,53,1964-02-04,1965-01-27
508021,2018-02-03,2018-02-10,53,53,53,53,1964-02-11,1965-02-03
508021,2018-02-10,2018-03-31,53,53,53,53,1964-04-01,1965-02-10
508021,2018-03-31,2018-04-07,53,53,53,53,1964-04-08,1965-03-31
508021,2018-04-07,2018-04-14,53,53,53,53,1964-04-15,1965-04-07
508021,2018-04-14,2018-04-21,53,53,53,53,1964-04-22,1965-04-14
508021,2018-04-21,2018-04-28,53,53,53,53,1964-04-29,1965-04-21
508021,2018-04-28,2018-05-19,53,53,53,53,1964-05-20,1965-04-28
508021,2018-05-19,2018-05-26,53,53,53,53,1964-05-27,1965-05-19
508021,2018-05-26,2018-07-28,53,53,53,53,1964-07-29,1965-05-26
508066,,2013-04-27,,,46,46,1966-04-28,1967-04-27
508066,2013-04-27,2013-05-11,46,46,46,46,1966-05-12,1967-04-27
508066,2013-05-11,2013-05-18,46,46,46,46,1966-05-19,1967-05-11
508066,2013-05-18,2013-05-25,46,46,47,47,1966-05-19,1966-05-25
508066,2013-05-25,2013-06-01,47,47,47,47,1965-06-02,1966-05-25
508066,2013-06-01,2013-06-08,47,47,47,47,1965-06-09,1966-06-01
508066,2013-06-08,2013-06-15,47,47,47,47,1965-06-16,1966-06-08
508066,2013-06-15,2013-06-29,47,47,47,47,1965-06-30,1966-06-15
508066,2013-06-29,2013-07-06,47,47,47,47,1965-07-07,1966-06-29
508066,2013-07-06,2013-07-13,47,47,47,47,1965-07-14,1966-07-06
508066,2013-07-13,2013-07-20,47,47,47,47,1965-07-21,1966-07-13
508066,2013-07-20,2013-07-27,47,47,47,47,1965-07-28,1966-07-20
508066,2013-07-27,2013-08-03,47,47,47,47,1965-08-04,1966-07-27
508066,2013-08-03,2013-08-10,47,47,47,47,1965-08-11,1966-08-03
508066,2013-08-10,2013-08-17,47,47,47,47,1965-08-18,1966-08-10
508066,2013-08-17,2013-08-31,47,47,47,47,1965-09-01,1966-08-17
508066,2013-08-31,2013-09-07,47,47,47,47,1965-09-08,1966-08-31
508066,2013-09-07,2013-09-21,47,47,47,47,1965-09-22,1966-09-07
508066,2013-09-21,2013-10-05,47,47,47,47,1965-10-06,1966-09-21
508066,2013-10-05,2013-10-12,47,47,47,47,1965-10-13,1966-10-05
508066,2013-10-12,2013-10-26,47,47,47,47,1965-10-27,1966-10-12
508066,2013-10-26,2013-11-02,47,47,47,47,1965-11-03,1966-10-26
508066,2013-11-02,2013-11-23,47,47,47,47,1965-11-24,1966-11-02
508066,2013-11-23,2013-11-30,47,47,47,47,1965-12-01,1966-11-23
508066,2013-11-30,2013-12-07,47,47,47,47,1965-12-08,1966-11-30
508066,2013-12-07,2013-12-14,47,47,47,47,1965-12-15,1966-12-07
508066,2013-12-14,2013-12-28,47,47,47,47,1965-12-29,1966-12-14
508066,2013-12-28,2014-01-01,47,47,47,47,1966-01-02,1966-12-28
508066,2014-01-01,2014-01-11,47,47,47,47,1966-01-12,1967-01-01
508066,2014-01-11,2014-01-18,47,47,47,47,1966-01-19,1967-01-11
508066,2014-01-18,2014-01-25,47,47,47,47,1966-01-26,1967-01-18
508066,2014-01-25,2014-02-01,47,47,47,47,1966-02-02,1967-01-25
508066,2014-02-01,2014-03-08,47,47,47,47,1966-03-09,1967-02-01
508066,2014-03-08,2014-03-15,47,47,47,47,1966-03-16,1967-03-08
508066,2014-03-15,2014-03-22,47,47,47,47,1966-03-23,1967-03-15
508066,2014-03-22,2014-03-29,47,47,47,47,1966-03-30,1967-03-22
508066,2014-03-29,2014-04-05,47,47,47,47,1966-04-06,1967-03-29
508066,2014-04-05,2014-04-19,47,47,47,47,1966-04-20,1967-04-05
508066,2014-04-19,2014-04-26,47,47,47,47,1966-04-27,1967-04-19
508066,2014-04-26,2014-05-03,47,47,47,47,1966-05-04,1967-04-26
508066,2014-05-03,2014-05-24,47,47,48,48,1966-05-04,1966-05-24
508066,2014-05-24,2014-05-31,48,48,48,48,1965-06-01,1966-05-24
508066,2014-05-31,2014-06-07,48,48,48,48,1965-06-08,1966-05-31
508066,2014-06-07,2014-06-21,48,48,48,48,1965-06-22,1966-06-07
508066,2014-06-21,2014-06-28,48,48,48,48,1965-06-29,1966-06-21
508066,2014-06-28,2014-07-05,48,48,48,48,1965-07-06,1966-06-28
508066,2014-07-05,2014-07-12,48,48,48,48,1965-07-13,1966-07-05
508066,2014-07-12,2014-07-19,48,48,48,48,1965-07-20,1966-07-12
508066,2014-07-19,2014-07-26,48,48,48,48,1965-07-27,1966-07-19
508066,2014-07-26,2014-08-02,48,48,48,48,1965-08-03,1966-07-26
508066,2014-08-02,2014-08-09,48,48,48,48,1965-08-10,1966-08-02
508066,2014-08-09,2014-08-16,48,48,48,48,1965-08-17,1966-08-09
508066,2014-08-16,2014-08-30,48,48,48,48,1965-08-31,1966-08-16
508066,2014-08-30,2014-09-06,48,48,48,48,1965-09-07,1966-08-30
508066,2014-09-06,2014-09-20,48,48,48,48,1965-09-21,1966-09-06
508066,2014-09-20,2014-10-04,48,48,48,48,1965-10-05,1966-09-20
508066,2014-10-04,2014-10-11,48,48,48,48,1965-10-12,1966-10-04
508066,2014-10-11,2014-10-18,48,48,48,48,1965-10-19,1966-10-11
508066,2014-10-18,2014-10-25,48,48,48,48,1965-10-26,1966-10-18
508066,2014-10-25,2014-11-01,48,48,48,48,1965-11-02,1966-10-25
508066,2014-11-01,2014-11-08,48,48,48,48,1965-11-09,1966-11-01
508066,2014-11-08,2014-11-15,48,48,48,48,1965-11-16,1966-11-08
508066,2014-11-15,2014-11-22,48,48,48,48,1965-11-23,1966-11-15
508066,2014-11-22,2014-11-29,48,48,48,48,1965-11-30,1966-11-22
508066,2014-11-29,2014-12-06,48,48,48,48,1965-12-07,1966-11-29
508066,2014-12-06,2014-12-13,48,48,48,48,1965-12-14,1966-12-06
508066,2014-12-13,2014-12-20,48,48,48,48,1965-12-21,1966-12-13
508066,2014-12-20,2014-12-27,48,48,48,48,1965-12-28,1966-12-20
508066,2014-12-27,2015-01-01,48,48,48,48,1966-01-02,1966-12-27
508066,2015-01-01,2015-01-03,48,48,48,48,1966-01-04,1967-01-01
508066,2015-01-03,2015-01-10,48,48,48,48,1966-01-11,1967-01-03
508066,2015-01-10,2015-01-17,48,48,48,48,1966-01-18,1967-01-10
508066,2015-01-17,2015-01-24,48,48,48,48,1966-01-25,1967-01-17
508066,2015-01-24,2015-01-31,48,48,48,48,1966-02-01,1967-01-24
508066,2015-01-31,2015-02-07,48,48,48,48,1966-02-08,1967-01-31
508066,2015-02-07,2015-02-14,48,48,48,48,1966-02-15,1967-02-07
508066,2015-02-14,2015-02-21,48,48,48,48,1966-02-22,1967-02-14
508066,2015-02-21,2015-02-28,48,48,48,48,1966-03-01,1967-02-21
508066,2015-02-28,2015-03-07,48,48,48,48,1966-03-08,1967-02-28
508066,2015-03-07,2015-03-14,48,48,48,48,1966-03-15,1967-03-07
508066,2015-03-14,2015-03-21,48,48,48,48,1966-03-22,1967-03-14
508066,2015-03-21,2015-03-28,48,48,48,48,1966-03-29,1967-03-21
508066,2015-03-28,2015-04-04,48,48,48,48,1966-04-05,1967-03-28
508066,2015-04-04,2015-04-11,48,48,48,48,1966-04-12,1967-04-04
508066,2015-04-11,2015-04-25,48,48,48,48,1966-04-26,1967-04-11
508066,2015-04-25,2015-05-02,48,48,49,49,1966-04-26,1966-05-02
508066,2015-05-02,2015-05-16,49,49,48,48,1966-05-17,1966-05-02
508066,2015-05-16,2015-05-23,48,48,49,49,1966-05-17,1966-05-23
508066,2015-05-23,2015-05-30,49,49,49,49,1965-05-31,1966-05-23
508066,2015-05-30,2015-06-06,49,49,49,49,1965-06-07,1966-05-30
508066,2015-06-06,2015-06-13,49,49,49,49,1965-06-14,1966-06-06
508066,2015-06-13,2015-06-27,49,49,49,49,1965-06-28,1966-06-13
508066,2015-06-27,2015-07-04,49,49,50,50,1965-06-28,1965-07-04
508066,2015-07-04,2015-07-11,50,50,50,50,1964-07-12,1965-07-04
508066,2015-07-11,2015-07-18,50,50,50,50,1964-07-19,1965-07-11
508066,2015-07-18,2015-07-25,50,50,50,50,1964-07-26,1965-07-18
508066,2015-07-25,2015-08-08,50,50,50,50,1964-08-09,1965-07-25
508066,2015-08-08,2015-08-15,50,50,50,50,1964-08-16,1965-08-08
508066,2015-08-15,2015-08-22,50,50,50,50,1964-08-23,1965-08-15
508066,2015-08-22,2015-08-29,50,50,50,50,1964-08-30,1965-08-22
508066,2015-08-29,2015-09-05,50,50,50,50,1964-09-06,1965-08-29
508066,2015-09-05,2015-09-26,50,50,50,50,1964-09-27,1965-09-05
508066,2015-09-26,2015-10-03,50,50,50,50,1964-10-04,1965-09-26
508066,2015-10-03,2015-10-10,50,50,50,50,1964-10-11,1965-10-03
508066,2015-10-10,2015-10-17,50,50,50,50,1964-10-18,1965-10-10
508066,2015-10-17,2015-10-24,50,50,50,50,1964-10-25,1965-10-17
508066,2015-10-24,2015-10-31,50,50,50,50,1964-11-01,1965-10-24
508066,2015-10-31,2015-11-07,50,50,50,50,1964-11-08,1965-10-31
508066,2015-11-07,2015-11-14,50,50,50,50,1964-11-15,1965-11-07
508066,2015-11-14,2015-11-21,50,50,50,50,1964-11-22,1965-11-14
508066,2015-11-21,2015-11-28,50,50,50,50,1964-11-29,1965-11-21
508066,2015-11-28,2015-12-05,50,50,50,50,1964-12-06,1965-11-28
508066,2015-12-05,2015-12-12,50,50,50,50,1964-12-13,1965-12-05
508066,2015-12-12,2015-12-26,50,50,50,50,1964-12-27,1965-12-12
508066,2015-12-26,2016-01-01,50,50,50,50,1965-01-02,1965-12-26
508066,2016-01-01,2016-01-02,50,50,50,50,1965-01-03,1966-01-01
508066,2016-01-02,2016-01-09,50,50,50,50,1965-01-10,1966-01-02
508066,2016-01-09,2016-01-16,50,50,50,50,1965-01-17,1966-01-09
508066,2016-01-16,2016-01-23,50,50,50,50,1965-01-24,1966-01-16
508066,2016-01-23,2016-01-30,50,50,50,50,1965-01-31,1966-01-23
508066,2016-01-30,2016-02-06,50,50,50,50,1965-02-07,1966-01-30
508066,2016-02-06,2016-02-13,50,50,50,50,1965-02-14,1966-02-06
508066,2016-02-13,2016-02-20,50,50,50,50,1965-02-21,1966-02-13
508066,2016-02-20,2016-02-27,50,50,50,50,1965-02-28,1966-02-20
508066,2016-02-27,2016-03-05,50,50,50,50,1965-03-06,1966-02-27
508066,2016-03-05,2016-03-12,50,50,50,50,1965-03-13,1966-03-05
508066,2016-03-12,2016-03-19,50,50,50,50,1965-03-20,1966-03-12
508066,2016-03-19,2016-03-26,50,50,50,50,1965-03-27,1966-03-19
508066,2016-03-26,2016-04-02,50,50,50,50,1965-04-03,1966-03-26
508066,2016-04-02,2016-04-09,50,50,50,50,1965-04-10,1966-04-02
508066,2016-04-09,2016-04-16,50,50,50,50,1965-04-17,1966-04-09
508066,2016-04-16,2016-04-23,50,50,50,50,1965-04-24,1966-04-16
508066,2016-04-23,2016-04-30,50,50,50,50,1965-05-01,1966-04-23
508066,2016-04-30,2016-05-07,50,50,50,50,1965-05-08,1966-04-30
508066,2016-05-07,2016-05-14,50,50,50,50,1965-05-15,1966-05-07
508066,2016-05-14,2016-05-21,50,50,51,51,1965-05-15,1965-05-21
508066,2016-05-21,2016-06-04,51,51,51,51,1964-06-05,1965-05-21
508066,2016-06-04,2016-06-11,51,51,51,51,1964-06-12,1965-06-04
508066,2016-06-11,2016-06-18,51,51,51,51,1964-06-19,1965-06-11
508066,2016-06-18,2016-06-25,51,51,51,51,1964-06-26,1965-06-18
508066,2016-06-25,2016-07-02,51,51,51,51,1964-07-03,1965-06-25
508066,2016-07-02,2016-07-09,51,51,51,51,1964-07-10,1965-07-02
508066,2016-07-09,2016-07-16,51,51,51,51,1964-07-17,1965-07-09
508066,2016-07-16,2016-07-23,51,51,51,51,1964-07-24,1965-07-16
508066,2016-07-23,2016-07-30,51,51,51,51,1964-07-31,1965-07-23
508066,2016-07-30,2016-08-06,51,51,51,51,1964-08-07,1965-07-30
508066,2016-08-06,2016-08-13,51,51,51,51,1964-08-14,1965-08-06
508066,2016-08-13,2016-08-27,51,51,51,51,1964-08-28,1965-08-13
508066,2016-08-27,2016-09-03,51,51,51,51,1964-09-04,1965-08-27
508066,2016-09-03,2016-09-17,51,51,51,51,1964-09-18,1965-09-03
508066,2016-09-17,2016-09-24,51,51,51,51,1964-09-25,1965-09-17
508066,2016-09-24,2016-10-01,51,51,51,51,1964-10-02,1965-09-24
508066,2016-10-01,2016-10-08,51,51,51,51,1964-10-09,1965-10-01
508066,2016-10-08,2016-10-29,51,51,51,51,1964-10-30,1965-10-08
508066,2016-10-29,2016-11-26,51,51,51,51,1964-11-27,1965-10-29
508066,2016-11-26,2016-12-03,51,51,51,51,1964-12-04,1965-11-26
508066,2016-12-03,2016-12-10,51,51,51,51,1964-12-11,1965-12-03
508066,2016-12-10,2016-12-17,51,51,51,51,1964-12-18,1965-12-10
508066,2016-12-17,2016-12-24,51,51,51,51,1964-12-25,1965-12-17
508066,2016-12-24,2016-12-31,51,51,51,51,1965-01-01,1965-12-24
508066,2016-12-31,2017-01-01,51,51,51,51,1965-01-02,1965-12-31
508066,2017-01-01,2017-01-07,51,51,51,51,1965-01-08,1966-01-01
508066,2017-01-07,2017-01-21,51,51,51,51,1965-01-22,1966-01-07
508066,2017-01-21,2017-01-28,51,51,51,51,1965-01-29,1966-01-21
508066,2017-01-28,2017-02-04,51,51,51,51,1965-02-05,1966-01-28
508066,2017-02-04,2017-02-11,51,51,51,51,1965-02-12,1966-02-04
508066,2017-02-11,2017-02-18,51,51,51,51,1965-02-19,1966-02-11
508066,2017-02-18,2017-04-01,51,51,51,51,1965-04-02,1966-02-18
508066,2017-04-01,2017-07-22,51,51,52,52,1965-04-02,1965-07-22
508066,2017-07-22,2017-07-29,52,52,52,52,1964-07-30,1965-07-22
508066,2017-07-29,2017-08-05,52,52,52,52,1964-08-06,1965-07-29
508066,2017-08-05,2017-08-12,52,52,52,52,1964-08-13,1965-08-05
508066,2017-08-12,2017-08-19,52,52,52,52,1964-08-20,1965-08-12
508066,2017-08-19,2017-08-26,52,52,52,52,1964-08-27,1965-08-19
508066,2017-08-26,2017-09-02,52,52,52,52,1964-09-03,1965-08-26
508066,2017-09-02,2017-09-16,52,52,52,52,1964-09-17,1965-09-02
508066,2017-09-16,2017-09-23,52,52,52,52,1964-09-24,1965-09-16
508066,2017-09-23,2017-09-30,52,52,52,52,1964-10-01,1965-09-23
508066,2017-09-30,2017-10-07,52,52,52,52,1964-10-08,1965-09-30
508066,2017-10-07,2017-10-14,52,52,52,52,1964-10-15,1965-10-07
508066,2017-10-14,2017-10-21,52,52,52,52,1964-10-22,1965-10-14
508066,2017-10-21,2017-10-28,52,52,52,52,1964-10-29,1965-10-21
508066,2017-10-28,2017-11-11,52,52,52,52,1964-11-12,1965-10-28
508066,2017-11-11,2017-11-18,52,52,52,52,1964-11-19,1965-11-11
508066,2017-11-18,2017-11-25,52,52,52,52,1964-11-26,1965-11-18
508066,2017-11-25,2017-12-02,52,52,52,52,1964-12-03,1965-11-25
508066,2017-12-02,2017-12-16,52,52,52,52,1964-12-17,1965-12-02
508066,2017-12-16,2017-12-23,52,52,52,52,1964-12-24,1965-12-16
508066,2017-12-23,2017-12-30,52,52,52,52,1964-12-31,1965-12-23
508066,2017-12-30,2018-01-01,52,52,52,52,1965-01-02,1965-12-30
508066,2018-01-01,2018-01-06,52,52,52,52,1965-01-07,1966-01-01
508066,2018-01-06,2018-01-20,52,52,52,52,1965-01-21,1966-01-06
508066,2018-01-20,2018-01-27,52,52,52,52,1965-01-28,1966-01-20
508066,2018-01-27,2018-02-03,52,52,52,52,1965-02-04,1966-01-27
508066,2018-02-03,2018-03-10,52,52,52,52,1965-03-11,1966-02-03
508066,2018-03-10,2018-03-24,52,52,52,52,1965-03-25,1966-03-10
508066,2018-03-24,2018-03-31,52,52,52,52,1965-04-01,1966-03-24
508066,2018-03-31,2018-04-07,52,52,52,52,1965-04-08,1966-03-31
508066,2018-04-07,2018-04-14,52,52,52,52,1965-04-15,1966-04-07
508066,2018-04-14,2018-04-28,52,52,52,52,1965-04-29,1966-04-14
508066,2018-04-28,2018-05-05,52,52,52,52,1965-05-06,1966-04-28
508066,2018-05-05,2018-05-26,52,52,53,53,1965-05-06,1965-05-26
508066,2018-05-26,2018-06-02,53,53,53,53,1964-06-03,1965-05-26
508066,2018-06-02,2018-07-28,53,53,53,53,1964-07-29,1965-06-02
508066,2018-07-28,2018-08-04,53,53,53,53,1964-08-05,1965-07-28
508066,2018-08-04,2018-08-25,53,53,53,53,1964-08-26,1965-08-04
508066,2018-08-25,2018-09-08,53,53,53,53,1964-09-09,1965-08-25
508066,2018-09-08,2018-09-15,53,53,53,53,1964-09-16,1965-09-08
508066,2018-09-15,2018-09-22,53,53,53,53,1964-09-23,1965-09-15
508066,2018-09-22,2018-09-29,53,53,53,53,1964-09-30,1965-09-22
508066,2018-09-29,2018-10-06,53,53,53,53,1964-10-07,1965-09-29
508066,2018-10-06,2018-10-13,53,53,53,53,1964-10-14,1965-10-06
508066,2018-10-13,2018-10-20,53,53,53,53,1964-10-21,1965-10-13
508066,2018-10-20,2018-10-27,53,53,53,53,1964-10-28,1965-10-20
508066,2018-10-27,2018-12-15,53,53,53,53,1964-12-16,1965-10-27
508066,2018-12-15,2018-12-22,53,53,53,53,1964-12-23,1965-12-15
508066,2018-12-22,2018-12-29,53,53,53,53,1964-12-30,1965-12-22
508066,2018-12-29,2019-01-01,53,53,53,53,1965-01-02,1965-12-29
508066,2019-01-01,2019-01-01,53,53,53,53,1965-01-02,1966-01-01
508066,2019-01-01,2019-01-12,53,53,53,53,1965-01-13,1966-01-01
508066,2019-01-12,2019-01-19,53,53,53,53,1965-01-20,1966-01-12
508066,2019-01-19,2019-02-09,53,53,53,53,1965-02-10,1966-01-19
508066,2019-02-09,2019-02-16,53,53,53,53,1965-02-17,1966-02-09
508066,2019-02-16,2019-02-23,53,53,53,53,1965-02-24,1966-02-16
508066,2019-02-23,2019-03-02,53,53,53,53,1965-03-03,1966-02-23
508066,2019-03-02,2019-03-09,53,53,53,53,1965-03-10,1966-03-02
508066,2019-03-09,2019-03-16,53,53,53,53,1965-03-17,1966-03-09
508066,2019-03-16,2019-03-23,53,53,53,53,1965-03-24,1966-03-16
508066,2019-03-23,2019-03-30,53,53,53,53,1965-03-31,1966-03-23
508066,2019-03-30,2019-04-06,53,53,53,53,1965-04-07,1966-03-30
508066,2019-04-06,2019-04-13,53,53,53,53,1965-04-14,1966-04-06
508066,2019-04-13,2019-04-20,53,53,53,53,1965-04-21,1966-04-13
508066,2019-04-20,2019-05-04,53,53,53,53,1965-05-05,1966-04-20
508066,2019-05-04,2019-05-11,53,53,53,53,1965-05-12,1966-05-04
508066,2019-05-11,2019-05-18,53,53,53,53,1965-05-19,1966-05-11
508066,2019-05-18,2019-06-01,53,53,54,54,1965-05-19,1965-06-01
508066,2019-06-01,2019-06-15,54,54,54,54,1964-06-16,1965-06-01
508066,2019-06-15,2019-06-22,54,54,54,54,1964-06-23,1965-06-15
508066,2019-06-22,2019-06-29,54,54,54,54,1964-06-30,1965-06-22
508066,2019-06-29,2019-07-06,54,54,54,54,1964-07-07,1965-06-29
508066,2019-07-06,2019-07-20,54,54,54,54,1964-07-21,1965-07-06
508066,2019-07-20,2019-07-27,54,54,54,54,1964-07-28,1965-07-20
508066,2019-07-27,2019-08-17,54,54,54,54,1964-08-18,1965-07-27
508066,2019-08-17,2019-08-24,54,54,54,54,1964-08-25,1965-08-17
508066,2019-08-24,2019-08-31,54,54,54,54,1964-09-01,1965-08-24
508066,2019-08-31,2019-09-14,54,54,54,54,1964-09-15,1965-08-31
508066,2019-09-14,2019-10-05,54,54,54,54,1964-10-06,1965-09-14
508066,2019-10-05,2019-10-12,54,54,54,54,1964-10-13,1965-10-05
508066,2019-10-12,2019-10-19,54,54,54,54,1964-10-20,1965-10-12
508066,2019-10-19,2019-10-26,54,54,54,54,1964-10-27,1965-10-19
508066,2019-10-26,2019-11-02,54,54,54,54,1964-11-03,1965-10-26
508066,2019-11-02,2019-11-30,54,54,54,54,1964-12-01,1965-11-02
508066,2019-11-30,2019-12-07,54,54,54,54,1964-12-08,1965-11-30
508066,2019-12-07,2019-12-21,54,54,54,54,1964-12-22,1965-12-07
508066,2019-12-21,2019-12-28,54,54,54,54,1964-12-29,1965-12-21
508066,2019-12-28,2020-01-01,54,54,54,54,1965-01-02,1965-12-28
508066,2020-01-01,2020-01-01,54,54,54,54,1965-01-02,1966-01-01
508066,2020-01-01,2020-01-04,54,54,54,54,1965-01-05,1966-01-01
508066,2020-01-04,2020-01-11,54,54,54,54,1965-01-12,1966-01-04
508066,2020-01-11,2020-01-18,54,54,54,54,1965-01-19,1966-01-11
508066,2020-01-18,2020-01-25,54,54,54,54,1965-01-26,1966-01-18
508066,2020-01-25,2020-02-08,54,54,54,54,1965-02-09,1966-01-25
508066,2020-02-08,2020-02-29,54,54,54,54,1965-03-02,1966-02-08
508066,2020-02-29,2020-03-07,54,54,54,54,1965-03-08,1966-03-01
508066,2020-03-07,2020-03-14,54,54,54,54,1965-03-15,1966-03-07
508066,2020-03-14,2021-07-24,54,54,56,56,1965-03-15,1965-07-24
508066,2021-07-24,2021-07-31,56,56,56,56,1964-08-01,1965-07-24
508066,2021-07-31,2021-08-07,56,56,56,56,1964-08-08,1965-07-31
508066,2021-08-07,2021-08-28,56,56,56,56,1964-08-29,1965-08-07
508066,2021-08-28,2021-09-11,56,56,56,56,1964-09-12,1965-08-28
508066,2021-09-11,2021-10-02,56,56,56,56,1964-10-03,1965-09-11
508066,2021-10-02,2021-10-09,56,56,56,56,1964-10-10,1965-10-02
508066,2021-10-09,2021-10-16,56,56,56,56,1964-10-17,1965-10-09
508066,2021-10-16,2021-10-23,56,56,56,56,1964-10-24,1965-10-16
508066,2021-10-23,2021-10-30,56,56,56,56,1964-10-31,1965-10-23
508066,2021-10-30,2021-11-06,56,56,56,56,1964-11-07,1965-10-30
508066,2021-11-06,2021-11-20,56,56,56,56,1964-11-21,1965-11-06
508066,2021-11-20,2021-11-27,56,56,56,56,1964-11-28,1965-11-20
508066,2021-11-27,2021-12-04,56,56,56,56,1964-12-05,1965-11-27
508066,2021-12-04,2021-12-11,56,56,56,56,1964-12-12,1965-12-04
508066,2021-12-11,2021-12-25,56,56,56,56,1964-12-26,1965-12-11
508066,2021-12-25,2022-01-01,56,56,56,56,1965-01-02,1965-12-25
508066,2022-01-01,2022-01-15,56,56,56,56,1965-01-16,1966-01-01
508066,2022-01-15,2022-01-22,56,56,56,56,1965-01-23,1966-01-15
508066,2022-01-22,2022-01-29,56,56,56,56,1965-01-30,1966-01-22
508066,2022-01-29,2022-02-05,56,56,56,56,1965-02-06,1966-01-29
508066,2022-02-05,2022-02-19,56,56,56,56,1965-02-20,1966-02-05
508066,2022-02-19,2022-02-26,56,56,56,56,1965-02-27,1966-02-19
508066,2022-02-26,2022-03-19,56,56,56,56,1965-03-20,1966-02-26
508066,2022-03-19,2022-03-26,56,56,56,56,1965-03-27,1966-03-19
508066,2022-03-26,2022-04-09,56,56,56,56,1965-04-10,1966-03-26
508066,2022-04-09,2022-04-16,56,56,56,56,1965-04-17,1966-04-09
508066,2022-04-16,2022-05-28,56,56,57,57,1965-04-17,1965-05-28
508066,2022-05-28,2022-06-04,57,57,57,57,1964-06-05,1965-05-28
508066,2022-06-04,2022-07-02,57,57,57,57,1964-07-03,1965-06-04
508066,2022-07-02,2022-07-09,57,57,57,57,1964-07-10,1965-07-02
508066,2022-07-09,2022-10-01,57,57,57,57,1964-10-02,1965-07-09
508066,2022-10-01,2022-11-05,57,57,57,57,1964-11-06,1965-10-01
508066,2022-11-05,2022-12-03,57,57,57,57,1964-12-04,1965-11-05
508066,2022-12-03,2022-12-10,57,57,57,57,1964-12-11,1965-12-03
508066,2022-12-10,2023-01-01,57,57,57,57,1965-01-02,1965-12-10
508066,2023-01-01,2023-01-14,57,57,57,57,1965-01-15,1966-01-01
508066,2023-01-14,2023-01-21,57,57,57,57,1965-01-22,1966-01-14
508066,2023-01-21,2023-01-28,57,57,57,57,1965-01-29,1966-01-21
508066,2023-01-28,2023-02-25,57,57,57,57,1965-02-26,1966-01-28
508066,2023-02-25,2023-03-04,57,57,57,57,1965-03-05,1966-02-25
508066,2023-03-04,2023-03-18,57,57,57,57,1965-03-19,1966-03-04
508066,2023-03-18,2023-04-08,57,57,57,57,1965-04-09,1966-03-18
508066,2023-04-08,2023-04-15,57,57,57,57,1965-04-16,1966-04-08
508066,2023-04-15,2023-04-29,57,57,57,57,1965-04-30,1966-04-15
508066,2023-04-29,2023-05-06,57,57,57,57,1965-05-07,1966-04-29
508066,2023-05-06,2023-05-13,57,57,57,57,1965-05-14,1966-05-06
508066,2023-05-13,2023-05-27,57,57,58,58,1965-05-14,1965-05-27
508066,2023-05-27,2023-06-03,58,58,58,58,1964-06-04,1965-05-27
508066,2023-06-03,2023-07-15,58,58,58,58,1964-07-16,1965-06-03
508066,2023-07-15,2023-07-22,58,58,58,58,1964-07-23,1965-07-15
508066,2023-07-22,2023-08-05,58,58,58,58,1964-08-06,1965-07-22
508066,2023-08-05,2023-08-19,58,58,58,58,1964-08-20,1965-08-05
508066,2023-08-19,2023-09-09,58,58,58,58,1964-09-10,1965-08-19
508066,2023-09-09,2023-10-14,58,58,58,58,1964-10-15,1965-09-09
508066,2023-10-14,2023-10-28,58,58,58,58,1964-10-29,1965-10-14
508066,2023-10-28,2023-12-23,58,58,58,58,1964-12-24,1965-10-28
508066,2023-12-23,2023-12-25,58,58,58,58,1964-12-26,1965-12-23
508066,2023-12-25,2024-01-13,58,58,58,58,1965-01-14,1965-12-25
508066,2024-01-13,2024-01-20,58,58,58,58,1965-01-21,1966-01-13
508066,2024-01-20,2024-04-13,58,58,58,58,1965-04-14,1966-01-20
508066,2024-04-13,2024-04-27,58,58,58,58,1965-04-28,1966-04-13
508066,2024-04-27,2024-05-04,58,58,58,58,1965-05-05,1966-04-27
508066,2024-05-04,2024-05-11,58,58,58,58,1965-05-12,1966-05-04
508066,2024-05-11,2024-06-08,58,58,59,59,1965-05-12,1965-06-08
508066,2024-06-08,2024-06-22,59,59,59,59,1964-06-23,1965-06-08
508066,2024-06-22,2024-06-29,59,59,59,59,1964-06-30,1965-06-22
508066,2024-06-29,2024-07-20,59,59,59,59,1964-07-21,1965-06-29
508066,2024-07-20,2024-08-03,59,59,59,59,1964-08-04,1965-07-20
508066,2024-08-03,2024-08-10,59,59,59,59,1964-08-11,1965-08-03
508066,2024-08-10,2024-08-24,59,59,59,59,1964-08-25,1965-08-10
508066,2024-08-24,2024-08-31,59,59,59,59,1964-09-01,1965-08-24
508066,2024-08-31,2024-09-28,59,59,59,59,1964-09-29,1965-08-31
508066,2024-09-28,2024-10-12,59,59,59,59,1964-10-13,1965-09-28
508066,2024-10-12,2024-10-19,59,59,59,59,1964-10-20,1965-10-12
508066,2024-10-19,2024-11-16,59,59,59,59,1964-11-17,1965-10-19
508066,2024-11-16,2024-11-30,59,59,59,59,1964-12-01,1965-11-16
508066,2024-11-30,2024-12-14,59,59,59,59,1964-12-15,1965-11-30
508066,2024-12-14,2024-12-21,59,59,59,59,1964-12-22,1965-12-14
508066,2024-12-21,2024-12-25,59,59,59,59,1964-12-26,1965-12-21
508066,2024-12-25,2024-12-28,59,59,59,59,1964-12-29,1965-12-25
508066,2024-12-28,2025-01-01,59,59,59,59,1965-01-02,1965-12-28
508066,2025-01-01,2025-01-04,59,59,59,59,1965-01-05,1966-01-01
508066,2025-01-04,2025-01-11,59,59,59,59,1965-01-12,1966-01-04
508066,2025-01-11,2025-01-18,59,59,59,59,1965-01-19,1966-01-11
508066,2025-01-18,2025-01-25,59,59,59,59,1965-01-26,1966-01-18
508066,2025-01-25,2025-02-01,59,59,59,59,1965-02-02,1966-01-25
508066,2025-02-01,2025-02-08,59,59,59,59,1965-02-09,1966-02-01
508066,2025-02-08,2025-02-15,59,59,59,59,1965-02-16,1966-02-08
508066,2025-02-15,2025-02-22,59,59,59,59,1965-02-23,1966-02-15
508066,2025-02-22,2025-03-08,59,59,59,59,1965-03-09,1966-02-22
508066,2025-03-08,2025-03-22,59,59,59,59,1965-03-23,1966-03-08
508066,2025-03-22,2025-03-29,59,59,59,59,1965-03-30,1966-03-22
508066,2025-03-29,2025-05-03,59,59,59,59,1965-05-04,1966-03-29
508066,2025-05-03,2025-05-10,59,59,59,59,1965-05-11,1966-05-03
508066,2025-05-10,2025-05-17,59,59,59,59,1965-05-18,1966-05-10
508066,2025-05-17,2025-05-24,59,59,60,60,1965-05-18,1965-05-24
508066,2025-05-24,2025-06-14,60,60,60,60,1964-06-15,1965-05-24
508066,2025-06-14,2025-07-05,60,60,60,60,1964-07-06,1965-06-14
508066,2025-07-05,2025-07-12,60,60,60,60,1964-07-13,1965-07-05
508066,2025-07-12,2025-07-19,60,60,60,60,1964-07-20,1965-07-12
508066,2025-07-19,2025-08-09,60,60,60,60,1964-08-10,1965-07-19
508066,2025-08-09,2025-08-23,60,60,60,60,1964-08-24,1965-08-09
508066,2025-08-23,2025-08-30,60,60,60,60,1964-08-31,1965-08-23
508066,2025-08-30,2025-09-13,60,60,60,60,1964-09-14,1965-08-30
508066,2025-09-13,2025-10-18,60,60,60,60,1964-10-19,1965-09-13
508066,2025-10-18,2025-11-08,60,60,60,60,1964-11-09,1965-10-18
508066,2025-11-08,2025-12-06,60,60,60,60,1964-12-07,1965-11-08
508066,2025-12-06,2025-12-13,60,60,60,60,1964-12-14,1965-12-06
508066,2025-12-13,2025-12-20,60,60,60,60,1964-12-21,1965-12-13
508066,2025-12-20,2025-12-25,60,60,60,60,1964-12-26,1965-12-20
508066,2025-12-25,2026-01-01,60,60,60,60,1965-01-02,1965-12-25
508066,2026-01-01,2026-01-03,60,60,60,60,1965-01-04,1966-01-01
508066,2026-01-03,2026-01-24,60,60,60,60,1965-01-25,1966-01-03
5108541,,2018-11-10,,,16,16,2001-11-11,2002-11-10
5108541,2018-11-10,2018-11-17,16,16,16,16,2001-11-18,2002-11-10
5108541,2018-11-17,2018-12-08,16,16,16,16,2001-12-09,2002-11-17
5108541,2018-12-08,2019-01-05,16,16,16,16,2002-01-06,2002-12-08
5108541,2019-01-05,2019-01-12,16,16,16,16,2002-01-13,2003-01-05
5108541,2019-01-12,2019-01-19,16,16,16,16,2002-01-20,2003-01-12
5108541,2019-01-19,2019-01-26,16,16,16,16,2002-01-27,2003-01-19
5108541,2019-01-26,2019-02-09,16,16,16,16,2002-02-10,2003-01-26
5108541,2019-02-09,2019-02-16,16,16,16,16,2002-02-17,2003-02-09
5108541,2019-02-16,2019-02-23,16,16,16,16,2002-02-24,2003-02-16
5108541,2019-02-23,2019-03-02,16,16,15,15,2003-03-03,2003-02-23
5108541,2019-03-02,2019-03-09,15,15,15,15,2003-03-10,2004-03-02
5108541,2019-03-09,2019-03-30,15,15,15,15,2003-03-31,2004-03-09
5108541,2019-03-30,2019-08-31,15,15,15,15,2003-09-01,2004-03-30
5108541,2019-08-31,2019-10-05,15,15,16,16,2003-09-01,2003-10-05
5108541,2019-10-05,2019-10-12,16,16,16,16,2002-10-13,2003-10-05
5108541,2019-10-12,2019-10-19,16,16,16,16,2002-10-20,2003-10-12
5108541,2019-10-19,2019-10-26,16,16,16,16,2002-10-27,2003-10-19
5108541,2019-10-26,2019-12-14,16,16,16,16,2002-12-15,2003-10-26
5108541,2019-12-14,2020-01-04,16,16,16,16,2003-01-05,2003-12-14
5108541,2020-01-04,2020-01-11,16,16,16,16,2003-01-12,2004-01-04
5108541,2020-01-11,2020-02-01,16,16,16,16,2003-02-02,2004-01-11
5108541,2020-02-01,2022-01-15,16,16,18,18,2003-02-02,2004-01-15
5108541,2022-01-15,2022-01-22,18,18,18,18,2003-01-23,2004-01-15
5108541,2022-01-22,2022-01-29,18,18,18,18,2003-01-30,2004-01-22
5108541,2022-01-29,2023-09-23,18,18,20,24,2003-01-30,2003-09-23
5108541,2023-09-23,2024-03-16,20,24,20,24,1999-03-17,2003-09-23
5108541,2024-03-16,2024-03-30,20,24,20,24,1999-03-31,2004-03-16
5108541,2024-03-30,2024-04-06,20,24,20,24,1999-04-07,2004-03-30
5108541,2024-04-06,2024-04-20,20,24,20,24,1999-04-21,2004-04-06
5108541,2024-04-20,2024-05-11,20,24,20,24,1999-05-12,2004-04-20
5108541,2024-05-11,2024-05-18,20,24,20,24,1999-05-19,2004-05-11
5108541,2024-05-18,2024-05-25,20,24,20,24,1999-05-26,2004-05-18
5108541,2024-05-25,2024-06-01,20,24,20,24,1999-06-02,2004-05-25
5108541,2024-06-01,2024-06-15,20,24,20,24,1999-06-16,2004-06-01
5108541,2024-06-15,2024-06-22,20,24,20,24,1999-06-23,2004-06-15
5108541,2024-06-22,2024-08-10,20,24,20,24,1999-08-11,2004-06-22
514013,,2013-05-04,,,12,12,2000-05-05,2001-05-04
514013,2013-05-04,2013-07-27,12,12,12,12,2000-07-28,2001-05-04
514013,2013-07-27,2014-02-01,12,12,12,12,2001-02-02,2001-07-27
514013,2014-02-01,2014-02-08,12,12,12,12,2001-02-09,2002-02-01
514013,2014-02-08,2014-02-22,12,12,12,12,2001-02-23,2002-02-08
514013,2014-02-22,2014-11-15,12,12,13,13,2001-02-23,2001-11-15
514013,2014-11-15,2015-05-02,13,13,14,14,2000-11-16,2001-05-02
514013,2015-05-02,2015-06-20,14,14,14,14,2000-06-21,2001-05-02
514013,2015-06-20,2016-07-09,14,14,15,15,2000-07-10,2001-06-20
514013,2016-07-09,2016-08-13,15,15,15,15,2000-08-14,2001-07-09
514013,2016-08-13,2017-02-11,15,15,13,13,2003-02-12,2001-08-13
517629,,2016-01-02,,,14,14,2001-01-03,2002-01-02
517629,2016-01-02,2016-02-27,14,14,15,15,2001-01-03,2001-02-27
517629,2016-02-27,2016-03-26,15,15,17,17,2000-02-28,1999-03-26
517629,2016-03-26,2016-04-09,17,17,15,15,2000-04-10,1999-03-26
517629,2016-04-09,2016-07-02,15,15,15,15,2000-07-03,2001-04-09
517629,2016-07-02,2017-01-01,15,15,15,15,2001-01-02,2001-07-02
523,,2015-05-09,,,51,51,1963-05-10,1964-05-09
523,2015-05-09,2015-05-23,51,51,51,51,1963-05-24,1964-05-09
523,2015-05-23,2015-05-30,51,51,50,50,1964-05-31,1964-05-23
523,2015-05-30,2015-06-13,50,50,51,51,1964-05-31,1964-06-13
523,2015-06-13,2015-08-08,51,51,51,51,1963-08-09,1964-06-13
523,2015-08-08,2015-08-29,51,51,51,51,1963-08-30,1964-08-08
523,2015-08-29,2015-09-26,51,51,51,51,1963-09-27,1964-08-29
523,2015-09-26,2015-10-03,51,51,51,51,1963-10-04,1964-09-26
523,2015-10-03,2015-10-17,51,51,52,52,1963-10-04,1963-10-17
523,2015-10-17,2015-10-24,52,52,52,52,1962-10-25,1963-10-17
523,2015-10-24,2015-10-31,52,52,52,52,1962-11-01,1963-10-24
523,2015-10-31,2017-03-11,52,52,53,53,1963-03-12,1963-10-31
523,2017-03-11,2017-03-18,53,53,53,53,1963-03-19,1964-03-11
523,2017-03-18,2017-04-08,53,53,53,53,1963-04-09,1964-03-18
523,2017-04-08,2017-09-02,53,53,53,53,1963-09-03,1964-04-08
523,2017-09-02,2017-09-16,53,53,53,53,1963-09-17,1964-09-02
523,2017-09-16,2018-05-19,53,53,54,54,1963-09-17,1964-05-19
523,2018-05-19,2018-06-09,54,54,54,54,1963-06-10,1964-05-19
523,2018-06-09,2018-07-28,54,54,54,54,1963-07-29,1964-06-09
523,2018-07-28,2018-08-25,54,54,54,54,1963-08-26,1964-07-28
523,2018-08-25,2018-09-08,54,54,54,54,1963-09-09,1964-08-25
523,2018-09-08,2018-11-03,54,54,55,55,1963-09-09,1963-11-03
523,2018-11-03,2019-06-08,55,55,55,55,1963-06-09,1963-11-03
523,2019-06-08,2019-07-06,55,55,55,55,1963-07-07,1964-06-08
523,2019-07-06,2019-07-20,55,55,55,55,1963-07-21,1964-07-06
523,2019-07-20,2019-07-27,55,55,55,55,1963-07-28,1964-07-20
523,2019-07-27,2019-08-03,55,55,55,55,1963-08-04,1964-07-27
523,2019-08-03,2019-09-14,55,55,55,55,1963-09-15,1964-08-03
523,2019-09-14,2021-08-21,55,55,57,57,1963-09-15,1964-08-21
523,2021-08-21,2021-08-28,57,57,57,57,1963-08-29,1964-08-21
523,2021-08-28,2022-01-01,57,57,58,58,1963-08-29,1964-01-01
523,2022-01-01,2022-12-31,58,58,59,59,1963-01-02,1963-12-31
5235438,,2018-12-29,,,34,34,1983-12-30,1984-12-29
5235438,2018-12-29,2019-04-27,34,34,34,34,1984-04-28,1984-12-29
5235438,2019-04-27,2019-05-25,34,34,34,34,1984-05-26,1985-04-27
5235438,2019-05-25,2019-06-01,34,34,34,34,1984-06-02,1985-05-25
5235438,2019-06-01,2019-06-08,34,34,34,34,1984-06-09,1985-06-01
5235438,2019-06-08,2019-06-15,34,34,34,34,1984-06-16,1985-06-08
5235438,2019-06-15,2019-06-29,34,34,35,35,1984-06-16,1984-06-29
5235438,2019-06-29,2019-07-06,35,35,35,35,1983-07-07,1984-06-29
5235438,2019-07-06,2019-07-20,35,35,35,35,1983-07-21,1984-07-06
5235438,2019-07-20,2019-08-03,35,35,35,35,1983-08-04,1984-07-20
5235438,2019-08-03,2019-08-17,35,35,35,35,1983-08-18,1984-08-03
5235438,2019-08-17,2019-08-31,35,35,35,35,1983-09-01,1984-08-17
5235438,2019-08-31,2019-09-07,35,35,35,35,1983-09-08,1984-08-31
5235438,2019-09-07,2019-09-21,35,35,35,35,1983-09-22,1984-09-07
5235438,2019-09-21,2019-09-28,35,35,31,31,1987-09-29,1984-09-21
5235438,2019-09-28,2019-10-05,31,31,31,31,1987-10-06,1988-09-28
537430,,2013-05-25,,,39,39,1973-05-26,1974-05-25
537430,2013-05-25,2013-06-01,39,39,39,39,1973-06-02,1974-05-25
537430,2013-06-01,2013-06-29,39,39,39,39,1973-06-30,1974-06-01
537430,2013-06-29,2013-07-13,39,39,39,39,1973-07-14,1974-06-29
537430,2013-07-13,2013-07-20,39,39,39,39,1973-07-21,1974-07-13
537430,2013-07-20,2013-08-03,39,39,39,39,1973-08-04,1974-07-20
537430,2013-08-03,2013-08-10,39,39,39,39,1973-08-11,1974-08-03
537430,2013-08-10,2013-08-24,39,39,39,39,1973-08-25,1974-08-10
537430,2013-08-24,2013-11-09,39,39,40,40,1973-08-25,1973-11-09
537430,2013-11-09,2013-11-30,40,40,40,40,1972-12-01,1973-11-09
537430,2013-11-30,2014-01-01,40,40,40,40,1973-01-02,1973-11-30
537430,2014-01-01,2014-03-08,40,40,40,40,1973-03-09,1974-01-01
537430,2014-03-08,2014-05-31,40,40,40,40,1973-06-01,1974-03-08
537430,2014-05-31,2014-06-14,40,40,40,40,1973-06-15,1974-05-31
537430,2014-06-14,2014-07-19,40,40,40,40,1973-07-20,1974-06-14
537430,2014-07-19,2014-09-13,40,40,40,40,1973-09-14,1974-07-19
537430,2014-09-13,2014-09-20,40,40,40,40,1973-09-21,1974-09-13
537430,2014-09-20,2014-10-04,40,40,41,41,1973-09-21,1973-10-04
537430,2014-10-04,2014-11-01,41,41,41,41,1972-11-02,1973-10-04
537430,2014-11-01,2014-11-08,41,41,41,41,1972-11-09,1973-11-01
537430,2014-11-08,2014-11-22,41,41,41,41,1972-11-23,1973-11-08
537430,2014-11-22,2015-01-17,41,41,41,41,1973-01-18,1973-11-22
537430,2015-01-17,2015-02-07,41,41,41,41,1973-02-08,1974-01-17
537430,2015-02-07,2015-03-07,41,41,41,41,1973-03-08,1974-02-07
537430,2015-03-07,2015-03-21,41,41,40,40,1974-03-22,1974-03-07
537430,2015-03-21,2015-03-28,40,40,41,41,1974-03-22,1974-03-28
537430,2015-03-28,2015-05-02,41,41,41,41,1973-05-03,1974-03-28
537430,2015-05-02,2015-07-18,41,41,41,41,1973-07-19,1974-05-02
537430,2015-07-18,2015-08-01,41,41,41,41,1973-08-02,1974-07-18
537430,2015-08-01,2016-01-23,41,41,42,42,1973-08-02,1974-01-23
537430,2016-01-23,2016-01-30,42,42,42,42,1973-01-31,1974-01-23
537430,2016-01-30,2016-02-13,42,42,42,42,1973-02-14,1974-01-30
537430,2016-02-13,2016-02-20,42,42,42,42,1973-02-21,1974-02-13
537430,2016-02-20,2016-02-27,42,42,42,42,1973-02-28,1974-02-20
537430,2016-02-27,2016-03-05,42,42,42,42,1973-03-06,1974-02-27
537430,2016-03-05,2016-03-12,42,42,42,42,1973-03-13,1974-03-05
537430,2016-03-12,2016-04-02,42,42,42,42,1973-04-03,1974-03-12
537430,2016-04-02,2016-04-09,42,42,42,42,1973-04-10,1974-04-02
537430,2016-04-09,2016-04-23,42,42,42,42,1973-04-24,1974-04-09
537430,2016-04-23,2016-05-28,42,42,42,42,1973-05-29,1974-04-23
537430,2016-05-28,2016-06-18,42,42,42,42,1973-06-19,1974-05-28
537430,2016-06-18,2016-06-25,42,42,42,42,1973-06-26,1974-06-18
537430,2016-06-25,2016-07-02,42,42,42,42,1973-07-03,1974-06-25
537430,2016-07-02,2016-07-30,42,42,42,42,1973-07-31,1974-07-02
537430,2016-07-30,2016-08-06,42,42,42,42,1973-08-07,1974-07-30
537430,2016-08-06,2016-08-13,42,42,42,42,1973-08-14,1974-08-06
537430,2016-08-13,2018-10-06,42,42,45,45,1973-08-14,1973-10-06
5445130,,2019-02-23,,,64,64,1954-02-24,1955-02-23
5445130,2019-02-23,2019-03-02,64,64,64,64,1954-03-03,1955-02-23
5445130,2019-03-02,2019-03-09,64,64,65,65,1954-03-03,1954-03-09
5445130,2019-03-09,2019-03-23,65,65,60,60,1958-03-24,1954-03-09
5445130,2019-03-23,2019-03-30,60,60,60,60,1958-03-31,1959-03-23
5445130,2019-03-30,2019-04-06,60,60,60,60,1958-04-07,1959-03-30
5445130,2019-04-06,2019-04-13,60,60,60,60,1958-04-14,1959-04-06
5445130,2019-04-13,2019-04-20,60,60,60,60,1958-04-21,1959-04-13
5445130,2019-04-20,2019-04-27,60,60,60,60,1958-04-28,1959-04-20
5445130,2019-04-27,2019-05-04,60,60,60,60,1958-05-05,1959-04-27
5445130,2019-05-04,2019-06-22,60,60,60,60,1958-06-23,1959-05-04
5445130,2019-06-22,2019-06-29,60,60,60,60,1958-06-30,1959-06-22
5445130,2019-06-29,2019-07-20,60,60,60,60,1958-07-21,1959-06-29
5445130,2019-07-20,2019-08-03,60,60,60,60,1958-08-04,1959-07-20
5445130,2019-08-03,2019-08-10,60,60,60,60,1958-08-11,1959-08-03
5445130,2019-08-10,2019-08-17,60,60,60,60,1958-08-18,1959-08-10
5445130,2019-08-17,2019-09-07,60,60,60,60,1958-09-08,1959-08-17
5445130,2019-09-07,2019-09-14,60,60,60,60,1958-09-15,1959-09-07
5445130,2019-09-14,2019-10-19,60,60,60,60,1958-10-20,1959-09-14
5445130,2019-10-19,2019-11-02,60,60,60,60,1958-11-03,1959-10-19
5445130,2019-11-02,2019-11-09,60,60,60,60,1958-11-10,1959-11-02
5445130,2019-11-09,2019-12-14,60,60,60,60,1958-12-15,1959-11-09
5445130,2019-12-14,2019-12-25,60,60,60,60,1958-12-26,1959-12-14
5445130,2019-12-25,2020-01-04,60,60,60,60,1959-01-05,1959-12-25
5445130,2020-01-04,2020-01-11,60,60,60,60,1959-01-12,1960-01-04
5445130,2020-01-11,2020-01-18,60,60,60,60,1959-01-19,1960-01-11
5445130,2020-01-18,2020-01-25,60,60,60,60,1959-01-26,1960-01-18
5445130,2020-01-25,2020-02-01,60,60,60,60,1959-02-02,1960-01-25
5445130,2020-02-01,2020-02-22,60,60,60,60,1959-02-23,1960-02-01
5445130,2020-02-22,2020-03-07,60,60,61,61,1959-02-23,1959-03-07
5445130,2020-03-07,2022-01-01,61,61,62,62,1959-01-02,1959-03-07
5445130,2022-01-01,2022-01-08,62,62,62,62,1959-01-09,1960-01-01
5445130,2022-01-08,2022-01-15,62,62,62,62,1959-01-16,1960-01-08
5445130,2022-01-15,2022-02-05,62,62,62,62,1959-02-06,1960-01-15
5445130,2022-02-05,2022-02-12,62,62,62,62,1959-02-13,1960-02-05
5445130,2022-02-12,2022-03-12,62,62,63,63,1959-02-13,1959-03-12
5445130,2022-03-12,2023-02-04,63,63,63,63,1959-02-05,1959-03-12
5445130,2023-02-04,2023-02-25,63,63,63,63,1959-02-26,1960-02-04
5445130,2023-02-25,2023-03-04,63,63,63,63,1959-03-05,1960-02-25
5445130,2023-03-04,2025-03-22,63,63,66,66,1959-03-05,1959-03-22
5445130,2025-03-22,2025-05-31,66,66,66,66,1958-06-01,1959-03-22
5445130,2025-05-31,2025-07-05,66,66,66,66,1958-07-06,1959-05-31
5445130,2025-07-05,2025-08-09,66,66,66,66,1958-08-10,1959-07-05
5445130,2025-08-09,2025-08-16,66,66,66,66,1958-08-17,1959-08-09
5445130,2025-08-16,2025-08-30,66,66,66,66,1958-08-31,1959-08-16
5445130,2025-08-30,2025-09-20,66,66,66,66,1958-09-21,1959-08-30
5445130,2025-09-20,2025-10-11,66,66,66,66,1958-10-12,1959-09-20
5445130,2025-10-11,2025-11-01,66,66,66,66,1958-11-02,1959-10-11
5445159,,2019-02-23,,,62,62,1956-02-24,1957-02-23
5445159,2019-02-23,2019-03-02,62,62,62,62,1956-03-03,1957-02-23
5445159,2019-03-02,2019-03-09,62,62,62,62,1956-03-10,1957-03-02
5445159,2019-03-09,2019-03-23,62,62,61,61,1957-03-24,1957-03-09
5445159,2019-03-23,2019-03-30,61,61,61,61,1957-03-31,1958-03-23
5445159,2019-03-30,2019-04-06,61,61,61,61,1957-04-07,1958-03-30
5445159,2019-04-06,2019-04-13,61,61,61,61,1957-04-14,1958-04-06
5445159,2019-04-13,2019-04-20,61,61,61,61,1957-04-21,1958-04-13
5445159,2019-04-20,2019-04-27,61,61,61,61,1957-04-28,1958-04-20
5445159,2019-04-27,2019-05-04,61,61,61,61,1957-05-05,1958-04-27
5445159,2019-05-04,2019-06-22,61,61,61,61,1957-06-23,1958-05-04
5445159,2019-06-22,2019-06-29,61,61,61,61,1957-06-30,1958-06-22
5445159,2019-06-29,2019-07-20,61,61,61,61,1957-07-21,1958-06-29
5445159,2019-07-20,2019-08-03,61,61,61,61,1957-08-04,1958-07-20
5445159,2019-08-03,2019-08-10,61,61,61,61,1957-08-11,1958-08-03
5445159,2019-08-10,2019-08-17,61,61,61,61,1957-08-18,1958-08-10
5445159,2019-08-17,2019-09-07,61,61,61,61,1957-09-08,1958-08-17
5445159,2019-09-07,2019-09-14,61,61,61,61,1957-09-15,1958-09-07
5445159,2019-09-14,2019-10-19,61,61,61,61,1957-10-20,1958-09-14
5445159,2019-10-19,2019-11-02,61,61,61,61,1957-11-03,1958-10-19
5445159,2019-11-02,2019-11-09,61,61,61,61,1957-11-10,1958-11-02
5445159,2019-11-09,2019-11-30,61,61,62,62,1957-11-10,1957-11-30
5445159,2019-11-30,2019-12-14,62,62,62,62,1956-12-15,1957-11-30
5445159,2019-12-14,2020-01-04,62,62,62,62,1957-01-05,1957-12-14
5445159,2020-01-04,2020-01-11,62,62,62,62,1957-01-12,1958-01-04
5445159,2020-01-11,2020-01-18,62,62,62,62,1957-01-19,1958-01-11
5445159,2020-01-18,2020-01-25,62,62,62,62,1957-01-26,1958-01-18
5445159,2020-01-25,2020-02-15,62,62,62,62,1957-02-16,1958-01-25
5445159,2020-02-15,2020-02-22,62,62,62,62,1957-02-23,1958-02-15
5445159,2020-02-22,2020-03-07,62,62,62,62,1957-03-08,1958-02-22
5445159,2020-03-07,2020-03-14,62,62,62,62,1957-03-15,1958-03-07
5445159,2020-03-14,2022-01-01,62,62,64,64,1957-03-15,1958-01-01
5445159,2022-01-01,2022-01-08,64,64,64,64,1957-01-09,1958-01-01
5445159,2022-01-08,2022-01-15,64,64,64,64,1957-01-16,1958-01-08
5445159,2022-01-15,2022-01-22,64,64,64,64,1957-01-23,1958-01-15
5445159,2022-01-22,2022-02-05,64,64,64,64,1957-02-06,1958-01-22
5445159,2022-02-05,2022-02-12,64,64,64,64,1957-02-13,1958-02-05
5445159,2022-02-12,2022-02-19,64,64,64,64,1957-02-20,1958-02-12
5445159,2022-02-19,2022-03-12,64,64,64,64,1957-03-13,1958-02-19
5445159,2022-03-12,2022-03-19,64,64,64,64,1957-03-20,1958-03-12
5445159,2022-03-19,2022-03-26,64,64,64,64,1957-03-27,1958-03-19
5445159,2022-03-26,2022-04-02,64,64,64,64,1957-04-03,1958-03-26
5445159,2022-04-02,2022-04-09,64,64,64,64,1957-04-10,1958-04-02
5445159,2022-04-09,2022-04-23,64,64,64,64,1957-04-24,1958-04-09
5445159,2022-04-23,2022-05-07,64,64,64,64,1957-05-08,1958-04-23
5445159,2022-05-07,2022-05-14,64,64,64,64,1957-05-15,1958-05-07
5445159,2022-05-14,2022-05-21,64,64,64,64,1957-05-22,1958-05-14
5445159,2022-05-21,2022-06-04,64,64,64,64,1957-06-05,1958-05-21
5445159,2022-06-04,2022-06-11,64,64,64,64,1957-06-12,1958-06-04
5445159,2022-06-11,2022-06-25,64,64,64,64,1957-06-26,1958-06-11
5445159,2022-06-25,2022-07-02,64,64,64,64,1957-07-03,1958-06-25
5445159,2022-07-02,2023-01-01,64,64,65,65,1957-07-03,1958-01-01
5445159,2023-01-01,2023-01-28,65,65,65,65,1957-01-29,1958-01-01
5445159,2023-01-28,2023-02-04,65,65,65,65,1957-02-05,1958-01-28
5445159,2023-02-04,2023-02-11,65,65,65,65,1957-02-12,1958-02-04
5445159,2023-02-11,2023-02-18,65,65,65,65,1957-02-19,1958-02-11
5445159,2023-02-18,2023-02-25,65,65,65,65,1957-02-26,1958-02-18
5445159,2023-02-25,2023-03-04,65,65,65,65,1957-03-05,1958-02-25
5445159,2023-03-04,2023-03-25,65,65,65,65,1957-03-26,1958-03-04
5445159,2023-03-25,2023-04-01,65,65,65,65,1957-04-02,1958-03-25
5445159,2023-04-01,2023-05-20,65,65,65,65,1957-05-21,1958-04-01
5445159,2023-05-20,2023-05-27,65,65,65,65,1957-05-28,1958-05-20
5445159,2023-05-27,2023-06-03,65,65,65,65,1957-06-04,1958-05-27
5445159,2023-06-03,2023-07-01,65,65,65,65,1957-07-02,1958-06-03
5445159,2023-07-01,2023-07-08,65,65,65,65,1957-07-09,1958-07-01
5445159,2023-07-08,2023-07-15,65,65,65,65,1957-07-16,1958-07-08
5445159,2023-07-15,2023-07-22,65,65,65,65,1957-07-23,1958-07-15
5445159,2023-07-22,2023-08-12,65,65,65,65,1957-08-13,1958-07-22
5445159,2023-08-12,2023-08-26,65,65,65,65,1957-08-27,1958-08-12
5445159,2023-08-26,2023-09-02,65,65,65,65,1957-09-03,1958-08-26
5445159,2023-09-02,2023-10-07,65,65,65,65,1957-10-08,1958-09-02
5445159,2023-10-07,2023-12-25,65,65,66,66,1957-10-08,1957-12-25
5445159,2023-12-25,2024-01-01,66,66,66,66,1957-01-02,1957-12-25
5445159,2024-01-01,2024-01-06,66,66,66,66,1957-01-07,1958-01-01
5445159,2024-01-06,2024-02-03,66,66,66,66,1957-02-04,1958-01-06
5445159,2024-02-03,2024-02-10,66,66,66,66,1957-02-11,1958-02-03
5445159,2024-02-10,2024-02-17,66,66,66,66,1957-02-18,1958-02-10
5445159,2024-02-17,2024-03-09,66,66,66,66,1957-03-10,1958-02-17
5445159,2024-03-09,2024-03-16,66,66,66,66,1957-03-17,1958-03-09
5445159,2024-03-16,2024-12-21,66,66,67,67,1957-03-17,1957-12-21
5445159,2024-12-21,2024-12-25,67,67,67,67,1956-12-26,1957-12-21
5445159,2024-12-25,2024-12-28,67,67,67,67,1956-12-29,1957-12-25
5445159,2024-12-28,2025-01-01,67,67,67,67,1957-01-02,1957-12-28
5445159,2025-01-01,2025-01-11,67,67,67,67,1957-01-12,1958-01-01
5445159,2025-01-11,2025-01-18,67,67,67,67,1957-01-19,1958-01-11
5445159,2025-01-18,2025-02-15,67,67,67,67,1957-02-16,1958-01-18
5445159,2025-02-15,2025-02-22,67,67,67,67,1957-02-23,1958-02-15
5445159,2025-02-22,2025-03-01,67,67,67,67,1957-03-02,1958-02-22
5445159,2025-03-01,2025-03-15,67,67,67,67,1957-03-16,1958-03-01
5445159,2025-03-15,2025-03-22,67,67,67,67,1957-03-23,1958-03-15
5445159,2025-03-22,2025-03-29,67,67,67,67,1957-03-30,1958-03-22
5445159,2025-03-29,2025-04-05,67,67,67,67,1957-04-06,1958-03-29
5445159,2025-04-05,2025-05-03,67,67,67,67,1957-05-04,1958-04-05
5445159,2025-05-03,2025-05-31,67,67,67,67,1957-06-01,1958-05-03
5445159,2025-05-31,2025-07-05,67,67,67,67,1957-07-06,1958-05-31
5445159,2025-07-05,2025-07-26,67,67,67,67,1957-07-27,1958-07-05
5445159,2025-07-26,2025-08-09,67,67,67,67,1957-08-10,1958-07-26
5445159,2025-08-09,2025-08-16,67,67,67,67,1957-08-17,1958-08-09
5445159,2025-08-16,2025-09-20,67,67,67,67,1957-09-21,1958-08-16
5445159,2025-09-20,2025-10-11,67,67,67,67,1957-10-12,1958-09-20
5445159,2025-10-11,2025-11-01,67,67,67,67,1957-11-02,1958-10-11
5445159,2025-11-01,2025-12-25,67,67,68,68,1957-11-02,1957-12-25
549570,,2013-06-08,,,38,38,1974-06-09,1975-06-08
549570,2013-06-08,2013-08-17,38,38,37,37,1975-08-18,1975-06-08
549570,2013-08-17,2014-01-11,37,37,38,38,1975-08-18,1976-01-11
549570,2014-01-11,2025-01-04,38,38,49,49,1975-01-12,1976-01-04
549570,2025-01-04,2025-01-11,49,49,49,49,1975-01-12,1976-01-04
5692217,,2019-04-20,,,44,44,1974-04-21,1975-04-20
5692217,2019-04-20,2019-04-27,44,44,44,44,1974-04-28,1975-04-20
5692217,2019-04-27,2019-05-04,44,44,44,44,1974-05-05,1975-04-27
5692217,2019-05-04,2019-05-11,44,44,44,44,1974-05-12,1975-05-04
5692217,2019-05-11,2019-05-18,44,44,44,44,1974-05-19,1975-05-11
5692217,2019-05-18,2019-05-25,44,44,44,44,1974-05-26,1975-05-18
5692217,2019-05-25,2019-06-01,44,44,44,44,1974-06-02,1975-05-25
5692217,2019-06-01,2019-06-08,44,44,44,44,1974-06-09,1975-06-01
5692217,2019-06-08,2019-06-15,44,44,44,44,1974-06-16,1975-06-08
5692217,2019-06-15,2019-06-29,44,44,44,44,1974-06-30,1975-06-15
5692217,2019-06-29,2019-07-13,44,44,44,44,1974-07-14,1975-06-29
5692217,2019-07-13,2019-07-20,44,44,44,44,1974-07-21,1975-07-13
5692217,2019-07-20,2019-08-17,44,44,44,44,1974-08-18,1975-07-20
5692217,2019-08-17,2019-08-24,44,44,44,44,1974-08-25,1975-08-17
5692217,2019-08-24,2019-08-31,44,44,44,44,1974-09-01,1975-08-24
5692217,2019-08-31,2019-10-12,44,44,45,45,1974-09-01,1974-10-12
5692217,2019-10-12,2019-10-19,45,45,44,44,1974-10-20,1974-10-12
5692217,2019-10-19,2019-10-26,44,44,45,45,1974-10-20,1974-10-26
5692217,2019-10-26,2019-11-02,45,45,45,45,1973-11-03,1974-10-26
5692217,2019-11-02,2019-11-09,45,45,45,45,1973-11-10,1974-11-02
5692217,2019-11-09,2019-11-16,45,45,45,45,1973-11-17,1974-11-09
5692217,2019-11-16,2019-11-30,45,45,45,45,1973-12-01,1974-11-16
5692217,2019-11-30,2019-12-07,45,45,45,45,1973-12-08,1974-11-30
5692217,2019-12-07,2019-12-21,45,45,45,45,1973-12-22,1974-12-07
5692217,2019-12-21,2019-12-28,45,45,45,45,1973-12-29,1974-12-21
5692217,2019-12-28,2020-01-01,45,45,45,45,1974-01-02,1974-12-28
5692217,2020-01-01,2020-01-04,45,45,45,45,1974-01-05,1975-01-01
5692217,2020-01-04,2020-01-11,45,45,45,45,1974-01-12,1975-01-04
5692217,2020-01-11,2020-01-18,45,45,45,45,1974-01-19,1975-01-11
5692217,2020-01-18,2020-01-25,45,45,45,45,1974-01-26,1975-01-18
5692217,2020-01-25,2020-02-01,45,45,45,45,1974-02-02,1975-01-25
5692217,2020-02-01,2020-02-08,45,45,45,45,1974-02-09,1975-02-01
5692217,2020-02-08,2020-02-15,45,45,45,45,1974-02-16,1975-02-08
5692217,2020-02-15,2020-03-07,45,45,45,45,1974-03-08,1975-02-15
5692217,2020-03-07,2021-07-24,45,45,46,46,1974-07-25,1975-03-07
5692217,2021-07-24,2021-08-07,46,46,46,46,1974-08-08,1975-07-24
5692217,2021-08-07,2021-08-14,46,46,46,46,1974-08-15,1975-08-07
5692217,2021-08-14,2021-08-21,46,46,46,46,1974-08-22,1975-08-14
5692217,2021-08-21,2021-08-28,46,46,46,46,1974-08-29,1975-08-21
5692217,2021-08-28,2021-09-04,46,46,46,46,1974-09-05,1975-08-28
5692217,2021-09-04,2021-09-11,46,46,46,46,1974-09-12,1975-09-04
5692217,2021-09-11,2021-09-25,46,46,46,46,1974-09-26,1975-09-11
5692217,2021-09-25,2021-10-16,46,46,46,46,1974-10-17,1975-09-25
5692217,2021-10-16,2021-10-23,46,46,47,47,1974-10-17,1974-10-23
5692217,2021-10-23,2021-11-13,47,47,47,47,1973-11-14,1974-10-23
5692217,2021-11-13,2021-11-20,47,47,47,47,1973-11-21,1974-11-13
5692217,2021-11-20,2021-11-27,47,47,47,47,1973-11-28,1974-11-20
5692217,2021-11-27,2021-12-04,47,47,47,47,1973-12-05,1974-11-27
5692217,2021-12-04,2021-12-18,47,47,47,47,1973-12-19,1974-12-04
5692217,2021-12-18,2022-01-08,47,47,47,47,1974-01-09,1974-12-18
5692217,2022-01-08,2022-01-15,47,47,47,47,1974-01-16,1975-01-08
5692217,2022-01-15,2022-01-22,47,47,47,47,1974-01-23,1975-01-15
5692217,2022-01-22,2022-01-29,47,47,47,47,1974-01-30,1975-01-22
5692217,2022-01-29,2022-02-05,47,47,47,47,1974-02-06,1975-01-29
5692217,2022-02-05,2022-03-05,47,47,47,47,1974-03-06,1975-02-05
5692217,2022-03-05,2022-03-19,47,47,47,47,1974-03-20,1975-03-05
5692217,2022-03-19,2022-03-26,47,47,47,47,1974-03-27,1975-03-19
5692217,2022-03-26,2022-04-02,47,47,47,47,1974-04-03,1975-03-26
5692217,2022-04-02,2022-04-16,47,47,47,47,1974-04-17,1975-04-02
5692217,2022-04-16,2022-04-30,47,47,47,47,1974-05-01,1975-04-16
5692217,2022-04-30,2022-05-07,47,47,47,47,1974-05-08,1975-04-30
5692217,2022-05-07,2022-06-04,47,47,47,47,1974-06-05,1975-05-07
5692217,2022-06-04,2022-06-18,47,47,47,47,1974-06-19,1975-06-04
5692217,2022-06-18,2022-06-25,47,47,47,47,1974-06-26,1975-06-18
5692217,2022-06-25,2022-07-09,47,47,47,47,1974-07-10,1975-06-25
5692217,2022-07-09,2022-08-13,47,47,47,47,1974-08-14,1975-07-09
5692217,2022-08-13,2022-08-27,47,47,47,47,1974-08-28,1975-08-13
5692217,2022-08-27,2022-09-10,47,47,47,47,1974-09-11,1975-08-27
5692217,2022-09-10,2022-10-01,47,47,47,47,1974-10-02,1975-09-10
5692217,2022-10-01,2022-10-08,47,47,47,47,1974-10-09,1975-10-01
5692217,2022-10-08,2022-10-29,47,47,48,48,1974-10-09,1974-10-29
5692217,2022-10-29,2022-11-05,48,48,48,48,1973-11-06,1974-10-29
5692217,2022-11-05,2022-11-12,48,48,48,48,1973-11-13,1974-11-05
5692217,2022-11-12,2022-11-26,48,48,48,48,1973-11-27,1974-11-12
5692217,2022-11-26,2022-12-03,48,48,48,48,1973-12-04,1974-11-26
5692217,2022-12-03,2022-12-24,48,48,48,48,1973-12-25,1974-12-03
5692217,2022-12-24,2022-12-31,48,48,48,48,1974-01-01,1974-12-24
5692217,2022-12-31,2023-01-07,48,48,48,48,1974-01-08,1974-12-31
5692217,2023-01-07,2023-01-21,48,48,48,48,1974-01-22,1975-01-07
5692217,2023-01-21,2023-02-04,48,48,48,48,1974-02-05,1975-01-21
5692217,2023-02-04,2023-02-11,48,48,48,48,1974-02-12,1975-02-04
5692217,2023-02-11,2023-02-25,48,48,48,48,1974-02-26,1975-02-11
5692217,2023-02-25,2023-03-04,48,48,48,48,1974-03-05,1975-02-25
5692217,2023-03-04,2023-03-11,48,48,48,48,1974-03-12,1975-03-04
5692217,2023-03-11,2023-03-18,48,48,48,48,1974-03-19,1975-03-11
5692217,2023-03-18,2023-03-25,48,48,48,48,1974-03-26,1975-03-18
5692217,2023-03-25,2023-04-01,48,48,48,48,1974-04-02,1975-03-25
5692217,2023-04-01,2023-04-15,48,48,48,48,1974-04-16,1975-04-01
5692217,2023-04-15,2023-05-20,48,48,48,48,1974-05-21,1975-04-15
5692217,2023-05-20,2023-05-27,48,48,48,48,1974-05-28,1975-05-20
5692217,2023-05-27,2023-06-03,48,48,48,48,1974-06-04,1975-05-27
5692217,2023-06-03,2023-06-10,48,48,48,48,1974-06-11,1975-06-03
5692217,2023-06-10,2023-06-24,48,48,48,48,1974-06-25,1975-06-10
5692217,2023-06-24,2023-07-01,48,48,48,48,1974-07-02,1975-06-24
5692217,2023-07-01,2023-07-08,48,48,48,48,1974-07-09,1975-07-01
5692217,2023-07-08,2023-07-15,48,48,48,48,1974-07-16,1975-07-08
5692217,2023-07-15,2023-08-19,48,48,48,48,1974-08-20,1975-07-15
5692217,2023-08-19,2023-08-26,48,48,48,48,1974-08-27,1975-08-19
5692217,2023-08-26,2023-09-02,48,48,48,48,1974-09-03,1975-08-26
5692217,2023-09-02,2023-09-09,48,48,48,48,1974-09-10,1975-09-02
5692217,2023-09-09,2023-09-23,48,48,48,48,1974-09-24,1975-09-09
5692217,2023-09-23,2023-09-30,48,48,48,48,1974-10-01,1975-09-23
5692217,2023-09-30,2023-10-07,48,48,48,48,1974-10-08,1975-09-30
5692217,2023-10-07,2023-10-28,48,48,49,49,1974-10-08,1974-10-28
5692217,2023-10-28,2023-11-04,49,49,49,49,1973-11-05,1974-10-28
5692217,2023-11-04,2023-11-11,49,49,49,49,1973-11-12,1974-11-04
5692217,2023-11-11,2023-11-18,49,49,49,49,1973-11-19,1974-11-11
5692217,2023-11-18,2023-11-25,49,49,49,49,1973-11-26,1974-11-18
5692217,2023-11-25,2023-12-02,49,49,49,49,1973-12-03,1974-11-25
5692217,2023-12-02,2023-12-16,49,49,49,49,1973-12-17,1974-12-02
5692217,2023-12-16,2023-12-23,49,49,49,49,1973-12-24,1974-12-16
5692217,2023-12-23,2024-01-01,49,49,49,49,1974-01-02,1974-12-23
5692217,2024-01-01,2024-01-20,49,49,49,49,1974-01-21,1975-01-01
5692217,2024-01-20,2024-01-27,49,49,49,49,1974-01-28,1975-01-20
5692217,2024-01-27,2024-02-03,49,49,49,49,1974-02-04,1975-01-27
5692217,2024-02-03,2024-02-10,49,49,49,49,1974-02-11,1975-02-03
5692217,2024-02-10,2024-02-17,49,49,49,49,1974-02-18,1975-02-10
5692217,2024-02-17,2024-03-02,49,49,49,49,1974-03-03,1975-02-17
5692217,2024-03-02,2024-03-09,49,49,49,49,1974-03-10,1975-03-02
5692217,2024-03-09,2024-03-16,49,49,49,49,1974-03-17,1975-03-09
5692217,2024-03-16,2024-03-23,49,49,49,49,1974-03-24,1975-03-16
5692217,2024-03-23,2024-04-27,49,49,49,49,1974-04-28,1975-03-23
5692217,2024-04-27,2024-05-25,49,49,49,49,1974-05-26,1975-04-27
5692217,2024-05-25,2024-06-01,49,49,49,49,1974-06-02,1975-05-25
5692217,2024-06-01,2024-06-08,49,49,49,49,1974-06-09,1975-06-01
5692217,2024-06-08,2024-06-15,49,49,49,49,1974-06-16,1975-06-08
5692217,2024-06-15,2024-06-22,49,49,49,49,1974-06-23,1975-06-15
5692217,2024-06-22,2024-07-06,49,49,49,49,1974-07-07,1975-06-22
5692217,2024-07-06,2024-08-17,49,49,49,49,1974-08-18,1975-07-06
5692217,2024-08-17,2024-08-24,49,49,49,49,1974-08-25,1975-08-17
5692217,2024-08-24,2024-08-31,49,49,49,49,1974-09-01,1975-08-24
5692217,2024-08-31,2024-09-07,49,49,49,49,1974-09-08,1975-08-31
5692217,2024-09-07,2024-09-14,49,49,49,49,1974-09-15,1975-09-07
5692217,2024-09-14,2024-09-21,49,49,49,49,1974-09-22,1975-09-14
5692217,2024-09-21,2024-09-28,49,49,49,49,1974-09-29,1975-09-21
5692217,2024-09-28,2024-10-05,49,49,49,49,1974-10-06,1975-09-28
5692217,2024-10-05,2024-10-12,49,49,49,49,1974-10-13,1975-10-05
5692217,2024-10-12,2024-11-23,49,49,50,50,1974-10-13,1974-11-23
5692217,2024-11-23,2024-11-30,50,50,50,50,1973-12-01,1974-11-23
5692217,2024-11-30,2024-12-14,50,50,50,50,1973-12-15,1974-11-30
5692217,2024-12-14,2024-12-21,50,50,50,50,1973-12-22,1974-12-14
5692217,2024-12-21,2024-12-28,50,50,50,50,1973-12-29,1974-12-21
5692217,2024-12-28,2025-01-04,50,50,50,50,1974-01-05,1974-12-28
5692217,2025-01-04,2025-01-11,50,50,50,50,1974-01-12,1975-01-04
5692217,2025-01-11,2025-01-18,50,50,50,50,1974-01-19,1975-01-11
5692217,2025-01-18,2025-01-25,50,50,50,50,1974-01-26,1975-01-18
5692217,2025-01-25,2025-02-01,50,50,50,50,1974-02-02,1975-01-25
5692217,2025-02-01,2025-02-08,50,50,50,50,1974-02-09,1975-02-01
5692217,2025-02-08,2025-02-15,50,50,50,50,1974-02-16,1975-02-08
5692217,2025-02-15,2025-02-22,50,50,50,50,1974-02-23,1975-02-15
5692217,2025-02-22,2025-03-01,50,50,50,50,1974-03-02,1975-02-22
5692217,2025-03-01,2025-03-08,50,50,50,50,1974-03-09,1975-03-01
5692217,2025-03-08,2025-03-22,50,50,50,50,1974-03-23,1975-03-08
5692217,2025-03-22,2025-03-29,50,50,50,50,1974-03-30,1975-03-22
5692217,2025-03-29,2025-04-05,50,50,50,50,1974-04-06,1975-03-29
5692217,2025-04-05,2025-04-12,50,50,50,50,1974-04-13,1975-04-05
5692217,2025-04-12,2025-04-26,50,50,50,50,1974-04-27,1975-04-12
5692217,2025-04-26,2025-05-03,50,50,50,50,1974-05-04,1975-04-26
5692217,2025-05-03,2025-05-17,50,50,50,50,1974-05-18,1975-05-03
5692217,2025-05-17,2025-05-24,50,50,50,50,1974-05-25,1975-05-17
5692217,2025-05-24,2025-05-31,50,50,50,50,1974-06-01,1975-05-24
5692217,2025-05-31,2025-06-14,50,50,50,50,1974-06-15,1975-05-31
5692217,2025-06-14,2025-06-21,50,50,50,50,1974-06-22,1975-06-14
5692217,2025-06-21,2025-06-28,50,50,50,50,1974-06-29,1975-06-21
5692217,2025-06-28,2025-07-12,50,50,50,50,1974-07-13,1975-06-28
5692217,2025-07-12,2025-07-19,50,50,50,50,1974-07-20,1975-07-12
5692217,2025-07-19,2025-07-26,50,50,50,50,1974-07-27,1975-07-19
5692217,2025-07-26,2025-08-09,50,50,50,50,1974-08-10,1975-07-26
5692217,2025-08-09,2025-08-16,50,50,50,50,1974-08-17,1975-08-09
5692217,2025-08-16,2025-08-30,50,50,50,50,1974-08-31,1975-08-16
5692217,2025-08-30,2025-09-13,50,50,50,50,1974-09-14,1975-08-30
5692217,2025-09-13,2025-09-20,50,50,50,50,1974-09-21,1975-09-13
5692217,2025-09-20,2025-09-27,50,50,50,50,1974-09-28,1975-09-20
5692217,2025-09-27,2025-10-25,50,50,51,51,1974-09-28,1974-10-25
5692217,2025-10-25,2025-11-01,51,51,51,51,1973-11-02,1974-10-25
5692217,2025-11-01,2025-11-08,51,51,51,51,1973-11-09,1974-11-01
5692217,2025-11-08,2025-11-15,51,51,51,51,1973-11-16,1974-11-08
5692217,2025-11-15,2025-11-29,51,51,51,51,1973-11-30,1974-11-15
5692217,2025-11-29,2025-12-06,51,51,51,51,1973-12-07,1974-11-29
5692217,2025-12-06,2025-12-13,51,51,51,51,1973-12-14,1974-12-06
5692217,2025-12-13,2025-12-20,51,51,51,51,1973-12-21,1974-12-13
5692217,2025-12-20,2025-12-27,51,51,51,51,1973-12-28,1974-12-20
5692217,2025-12-27,2026-01-01,51,51,51,51,1974-01-02,1974-12-27
5692217,2026-01-01,2026-01-03,51,51,51,51,1974-01-04,1975-01-01
5692217,2026-01-03,2026-01-10,51,51,51,51,1974-01-11,1975-01-03
5692217,2026-01-10,2026-01-17,51,51,51,51,1974-01-18,1975-01-10
572070,,2013-07-27,,,44,44,1968-07-28,1969-07-27
572070,2013-07-27,2013-08-03,44,44,44,44,1968-08-04,1969-07-27
572070,2013-08-03,2013-08-17,44,44,44,44,1968-08-18,1969-08-03
572070,2013-08-17,2013-08-24,44,44,44,44,1968-08-25,1969-08-17
572070,2013-08-24,2013-08-31,44,44,44,44,1968-09-01,1969-08-24
572070,2013-08-31,2013-09-07,44,44,44,44,1968-09-08,1969-08-31
572070,2013-09-07,2013-09-14,44,44,44,44,1968-09-15,1969-09-07
572070,2013-09-14,2013-11-02,44,44,44,44,1968-11-03,1969-09-14
572070,2013-11-02,2013-11-09,44,44,44,44,1968-11-10,1969-11-02
572070,2013-11-09,2013-11-23,44,44,44,44,1968-11-24,1969-11-09
572070,2013-11-23,2013-11-30,44,44,44,44,1968-12-01,1969-11-23
572070,2013-11-30,2013-12-07,44,44,44,44,1968-12-08,1969-11-30
572070,2013-12-07,2013-12-14,44,44,44,44,1968-12-15,1969-12-07
572070,2013-12-14,2013-12-28,44,44,44,44,1968-12-29,1969-12-14
572070,2013-12-28,2014-01-01,44,44,44,44,1969-01-02,1969-12-28
572070,2014-01-01,2014-01-04,44,44,44,44,1969-01-05,1970-01-01
572070,2014-01-04,2014-01-11,44,44,44,44,1969-01-12,1970-01-04
572070,2014-01-11,2014-01-18,44,44,44,44,1969-01-19,1970-01-11
572070,2014-01-18,2014-01-25,44,44,44,44,1969-01-26,1970-01-18
572070,2014-01-25,2014-02-08,44,44,44,44,1969-02-09,1970-01-25
572070,2014-02-08,2014-03-01,44,44,44,44,1969-03-02,1970-02-08
572070,2014-03-01,2014-03-08,44,44,45,45,1969-03-02,1969-03-08
572070,2014-03-08,2014-03-15,45,45,45,45,1968-03-16,1969-03-08
572070,2014-03-15,2014-03-29,45,45,45,45,1968-03-30,1969-03-15
572070,2014-03-29,2014-04-19,45,45,45,45,1968-04-20,1969-03-29
572070,2014-04-19,2014-04-26,45,45,45,45,1968-04-27,1969-04-19
572070,2014-04-26,2014-05-03,45,45,45,45,1968-05-04,1969-04-26
572070,2014-05-03,2014-05-10,45,45,45,45,1968-05-11,1969-05-03
572070,2014-05-10,2014-05-31,45,45,45,45,1968-06-01,1969-05-10
572070,2014-05-31,2014-06-07,45,45,45,45,1968-06-08,1969-05-31
572070,2014-06-07,2014-06-14,45,45,45,45,1968-06-15,1969-06-07
572070,2014-06-14,2014-06-21,45,45,45,45,1968-06-22,1969-06-14
572070,2014-06-21,2014-06-28,45,45,45,45,1968-06-29,1969-06-21
572070,2014-06-28,2014-07-05,45,45,45,45,1968-07-06,1969-06-28
572070,2014-07-05,2014-07-19,45,45,45,45,1968-07-20,1969-07-05
572070,2014-07-19,2014-07-26,45,45,45,45,1968-07-27,1969-07-19
572070,2014-07-26,2014-08-02,45,45,45,45,1968-08-03,1969-07-26
572070,2014-08-02,2014-08-09,45,45,45,45,1968-08-10,1969-08-02
572070,2014-08-09,2014-08-16,45,45,45,45,1968-08-17,1969-08-09
572070,2014-08-16,2014-08-23,45,45,45,45,1968-08-24,1969-08-16
572070,2014-08-23,2014-09-06,45,45,45,45,1968-09-07,1969-08-23
572070,2014-09-06,2014-09-13,45,45,45,45,1968-09-14,1969-09-06
572070,2014-09-13,2014-09-20,45,45,45,45,1968-09-21,1969-09-13
572070,2014-09-20,2014-10-11,45,45,45,45,1968-10-12,1969-09-20
572070,2014-10-11,2014-10-18,45,45,45,45,1968-10-19,1969-10-11
572070,2014-10-18,2014-10-25,45,45,45,45,1968-10-26,1969-10-18
572070,2014-10-25,2014-11-08,45,45,45,45,1968-11-09,1969-10-25
572070,2014-11-08,2014-11-15,45,45,45,45,1968-11-16,1969-11-08
572070,2014-11-15,2014-11-29,45,45,45,45,1968-11-30,1969-11-15
572070,2014-11-29,2014-12-06,45,45,45,45,1968-12-07,1969-11-29
572070,2014-12-06,2014-12-20,45,45,45,45,1968-12-21,1969-12-06
572070,2014-12-20,2014-12-25,45,45,45,45,1968-12-26,1969-12-20
572070,2014-12-25,2014-12-27,45,45,45,45,1968-12-28,1969-12-25
572070,2014-12-27,2015-01-03,45,45,45,45,1969-01-04,1969-12-27
572070,2015-01-03,2015-01-10,45,45,45,45,1969-01-11,1970-01-03
572070,2015-01-10,2015-01-17,45,45,45,45,1969-01-18,1970-01-10
572070,2015-01-17,2015-01-24,45,45,45,45,1969-01-25,1970-01-17
572070,2015-01-24,2015-02-07,45,45,45,45,1969-02-08,1970-01-24
572070,2015-02-07,2015-02-14,45,45,45,45,1969-02-15,1970-02-07
572070,2015-02-14,2015-02-28,45,45,45,45,1969-03-01,1970-02-14
572070,2015-02-28,2015-04-25,45,45,46,46,1969-03-01,1969-04-25
572070,2015-04-25,2015-05-02,46,46,46,46,1968-05-03,1969-04-25
572070,2015-05-02,2015-05-16,46,46,46,46,1968-05-17,1969-05-02
572070,2015-05-16,2015-05-23,46,46,46,46,1968-05-24,1969-05-16
572070,2015-05-23,2015-05-30,46,46,46,46,1968-05-31,1969-05-23
572070,2015-05-30,2015-06-06,46,46,46,46,1968-06-07,1969-05-30
572070,2015-06-06,2015-06-20,46,46,49,49,1968-06-07,1966-06-20
572070,2015-06-20,2015-07-04,49,49,46,46,1968-07-05,1966-06-20
572070,2015-07-04,2015-07-18,46,46,46,46,1968-07-19,1969-07-04
572070,2015-07-18,2015-08-08,46,46,46,46,1968-08-09,1969-07-18
572070,2015-08-08,2015-08-22,46,46,46,46,1968-08-23,1969-08-08
572070,2015-08-22,2015-09-05,46,46,46,46,1968-09-06,1969-08-22
572070,2015-09-05,2015-09-12,46,46,46,46,1968-09-13,1969-09-05
572070,2015-09-12,2015-09-19,46,46,46,46,1968-09-20,1969-09-12
572070,2015-09-19,2015-09-26,46,46,46,46,1968-09-27,1969-09-19
572070,2015-09-26,2015-10-03,46,46,46,46,1968-10-04,1969-09-26
572070,2015-10-03,2015-10-17,46,46,46,46,1968-10-18,1969-10-03
572070,2015-10-17,2015-10-24,46,46,46,46,1968-10-25,1969-10-17
572070,2015-10-24,2015-12-05,46,46,46,46,1968-12-06,1969-10-24
572070,2015-12-05,2015-12-12,46,46,46,46,1968-12-13,1969-12-05
572070,2015-12-12,2015-12-25,46,46,46,46,1968-12-26,1969-12-12
572070,2015-12-25,2015-12-26,46,46,46,46,1968-12-27,1969-12-25
572070,2015-12-26,2016-01-01,46,46,46,46,1969-01-02,1969-12-26
572070,2016-01-01,2016-01-02,46,46,46,46,1969-01-03,1970-01-01
572070,2016-01-02,2016-01-09,46,46,46,46,1969-01-10,1970-01-02
572070,2016-01-09,2016-01-16,46,46,46,46,1969-01-17,1970-01-09
572070,2016-01-16,2016-01-23,46,46,46,46,1969-01-24,1970-01-16
572070,2016-01-23,2016-02-20,46,46,46,46,1969-02-21,1970-01-23
572070,2016-02-20,2016-02-27,46,46,46,46,1969-02-28,1970-02-20
572070,2016-02-27,2016-03-26,46,46,47,47,1969-02-28,1969-03-26
572070,2016-03-26,2016-04-02,47,47,47,47,1968-04-03,1969-03-26
572070,2016-04-02,2016-04-16,47,47,47,47,1968-04-17,1969-04-02
572070,2016-04-16,2016-04-30,47,47,47,47,1968-05-01,1969-04-16
572070,2016-04-30,2016-05-07,47,47,47,47,1968-05-08,1969-04-30
572070,2016-05-07,2016-05-21,47,47,47,47,1968-05-22,1969-05-07
572070,2016-05-21,2016-06-04,47,47,47,47,1968-06-05,1969-05-21
572070,2016-06-04,2016-06-11,47,47,47,47,1968-06-12,1969-06-04
572070,2016-06-11,2016-10-01,47,47,47,47,1968-10-02,1969-06-11
572070,2016-10-01,2016-10-15,47,47,47,47,1968-10-16,1969-10-01
572070,2016-10-15,2016-10-22,47,47,47,47,1968-10-23,1969-10-15
572070,2016-10-22,2016-10-29,47,47,47,47,1968-10-30,1969-10-22
572070,2016-10-29,2016-11-05,47,47,47,47,1968-11-06,1969-10-29
572070,2016-11-05,2016-11-19,47,47,47,47,1968-11-20,1969-11-05
572070,2016-11-19,2016-11-26,47,47,47,47,1968-11-27,1969-11-19
572070,2016-11-26,2016-12-10,47,47,47,47,1968-12-11,1969-11-26
572070,2016-12-10,2016-12-17,47,47,47,47,1968-12-18,1969-12-10
572070,2016-12-17,2016-12-24,47,47,47,47,1968-12-25,1969-12-17
572070,2016-12-24,2016-12-25,47,47,47,47,1968-12-26,1969-12-24
572070,2016-12-25,2017-01-14,47,47,47,47,1969-01-15,1969-12-25
572070,2017-01-14,2017-01-21,47,47,47,47,1969-01-22,1970-01-14
572070,2017-01-21,2017-01-28,47,47,47,47,1969-01-29,1970-01-21
572070,2017-01-28,2017-02-04,47,47,47,47,1969-02-05,1970-01-28
572070,2017-02-04,2017-02-18,47,47,47,47,1969-02-19,1970-02-04
572070,2017-02-18,2017-02-25,47,47,47,47,1969-02-26,1970-02-18
572070,2017-02-25,2017-03-04,47,47,48,48,1969-02-26,1969-03-04
572070,2017-03-04,2017-03-11,48,48,48,48,1968-03-12,1969-03-04
572070,2017-03-11,2017-03-18,48,48,48,48,1968-03-19,1969-03-11
572070,2017-03-18,2017-03-25,48,48,48,48,1968-03-26,1969-03-18
572070,2017-03-25,2017-04-01,48,48,48,48,1968-04-02,1969-03-25
572070,2017-04-01,2017-04-08,48,48,48,48,1968-04-09,1969-04-01
572070,2017-04-08,2017-04-15,48,48,48,48,1968-04-16,1969-04-08
572070,2017-04-15,2017-04-22,48,48,48,48,1968-04-23,1969-04-15
572070,2017-04-22,2017-04-29,48,48,48,48,1968-04-30,1969-04-22
572070,2017-04-29,2017-05-06,48,48,48,48,1968-05-07,1969-04-29
572070,2017-05-06,2017-05-20,48,48,48,48,1968-05-21,1969-05-06
572070,2017-05-20,2017-05-27,48,48,48,48,1968-05-28,1969-05-20
572070,2017-05-27,2017-06-03,48,48,48,48,1968-06-04,1969-05-27
572070,2017-06-03,2017-06-10,48,48,48,48,1968-06-11,1969-06-03
572070,2017-06-10,2017-07-01,48,48,48,48,1968-07-02,1969-06-10
572070,2017-07-01,2017-07-08,48,48,48,48,1968-07-09,1969-07-01
572070,2017-07-08,2017-07-22,48,48,48,48,1968-07-23,1969-07-08
572070,2017-07-22,2017-08-19,48,48,48,48,1968-08-20,1969-07-22
572070,2017-08-19,2017-09-09,48,48,48,48,1968-09-10,1969-08-19
572070,2017-09-09,2017-09-16,48,48,48,48,1968-09-17,1969-09-09
572070,2017-09-16,2017-09-23,48,48,48,48,1968-09-24,1969-09-16
572070,2017-09-23,2017-11-18,48,48,48,48,1968-11-19,1969-09-23
572070,2017-11-18,2017-11-25,48,48,48,48,1968-11-26,1969-11-18
572070,2017-11-25,2017-12-02,48,48,48,48,1968-12-03,1969-11-25
572070,2017-12-02,2018-01-06,48,48,48,48,1969-01-07,1969-12-02
572070,2018-01-06,2018-01-13,48,48,48,48,1969-01-14,1970-01-06
572070,2018-01-13,2018-01-20,48,48,48,48,1969-01-21,1970-01-13
572070,2018-01-20,2018-01-27,48,48,48,48,1969-01-28,1970-01-20
572070,2018-01-27,2018-02-03,48,48,48,48,1969-02-04,1970-01-27
572070,2018-02-03,2018-02-10,48,48,48,48,1969-02-11,1970-02-03
572070,2018-02-10,2018-02-17,48,48,48,48,1969-02-18,1970-02-10
572070,2018-02-17,2018-03-10,48,48,49,49,1969-02-18,1969-03-10
572070,2018-03-10,2018-04-14,49,49,49,49,1968-04-15,1969-03-10
572070,2018-04-14,2018-04-21,49,49,49,49,1968-04-22,1969-04-14
572070,2018-04-21,2018-04-28,49,49,49,49,1968-04-29,1969-04-21
572070,2018-04-28,2018-05-26,49,49,49,49,1968-05-27,1969-04-28
572070,2018-05-26,2018-06-02,49,49,49,49,1968-06-03,1969-05-26
572070,2018-06-02,2018-06-09,49,49,49,49,1968-06-10,1969-06-02
572070,2018-06-09,2018-06-16,49,49,49,49,1968-06-17,1969-06-09
572070,2018-06-16,2018-06-30,49,49,49,49,1968-07-01,1969-06-16
572070,2018-06-30,2018-07-07,49,49,49,49,1968-07-08,1969-06-30
572070,2018-07-07,2018-07-14,49,49,49,49,1968-07-15,1969-07-07
572070,2018-07-14,2018-07-21,49,49,49,49,1968-07-22,1969-07-14
572070,2018-07-21,2018-08-04,49,49,49,49,1968-08-05,1969-07-21
572070,2018-08-04,2018-08-25,49,49,49,49,1968-08-26,1969-08-04
572070,2018-08-25,2018-09-01,49,49,49,49,1968-09-02,1969-08-25
572070,2018-09-01,2018-09-08,49,49,49,49,1968-09-09,1969-09-01
572070,2018-09-08,2018-09-15,49,49,49,49,1968-09-16,1969-09-08
572070,2018-09-15,2018-09-22,49,49,49,49,1968-09-23,1969-09-15
572070,2018-09-22,2018-09-29,49,49,49,49,1968-09-30,1969-09-22
572070,2018-09-29,2018-10-06,49,49,49,49,1968-10-07,1969-09-29
572070,2018-10-06,2018-10-20,49,49,49,49,1968-10-21,1969-10-06
572070,2018-10-20,2018-10-27,49,49,49,49,1968-10-28,1969-10-20
572070,2018-10-27,2018-11-03,49,49,49,49,1968-11-04,1969-10-27
572070,2018-11-03,2018-11-10,49,49,49,49,1968-11-11,1969-11-03
572070,2018-11-10,2018-11-17,49,49,49,49,1968-11-18,1969-11-10
572070,2018-11-17,2018-11-24,49,49,49,49,1968-11-25,1969-11-17
572070,2018-11-24,2018-12-01,49,49,49,49,1968-12-02,1969-11-24
572070,2018-12-01,2018-12-08,49,49,49,49,1968-12-09,1969-12-01
572070,2018-12-08,2018-12-15,49,49,49,49,1968-12-16,1969-12-08
572070,2018-12-15,2018-12-22,49,49,49,49,1968-12-23,1969-12-15
572070,2018-12-22,2018-12-29,49,49,49,49,1968-12-30,1969-12-22
572070,2018-12-29,2019-01-05,49,49,49,49,1969-01-06,1969-12-29
572070,2019-01-05,2019-01-12,49,49,49,49,1969-01-13,1970-01-05
572070,2019-01-12,2019-01-19,49,49,49,49,1969-01-20,1970-01-12
572070,2019-01-19,2019-01-26,49,49,49,49,1969-01-27,1970-01-19
572070,2019-01-26,2019-02-02,49,49,49,49,1969-02-03,1970-01-26
572070,2019-02-02,2019-02-09,49,49,49,49,1969-02-10,1970-02-02
572070,2019-02-09,2019-02-16,49,49,49,49,1969-02-17,1970-02-09
572070,2019-02-16,2019-02-23,49,49,49,49,1969-02-24,1970-02-16
572070,2019-02-23,2019-03-02,49,49,50,50,1969-02-24,1969-03-02
572070,2019-03-02,2019-03-09,50,50,50,50,1968-03-10,1969-03-02
572070,2019-03-09,2019-03-16,50,50,50,50,1968-03-17,1969-03-09
572070,2019-03-16,2019-03-23,50,50,50,50,1968-03-24,1969-03-16
572070,2019-03-23,2019-03-30,50,50,50,50,1968-03-31,1969-03-23
572070,2019-03-30,2019-04-06,50,50,50,50,1968-04-07,1969-03-30
572070,2019-04-06,2019-04-13,50,50,50,50,1968-04-14,1969-04-06
572070,2019-04-13,2019-04-20,50,50,50,50,1968-04-21,1969-04-13
572070,2019-04-20,2019-04-27,50,50,50,50,1968-04-28,1969-04-20
572070,2019-04-27,2019-05-04,50,50,50,50,1968-05-05,1969-04-27
572070,2019-05-04,2019-05-11,50,50,50,50,1968-05-12,1969-05-04
572070,2019-05-11,2019-05-25,50,50,50,50,1968-05-26,1969-05-11
572070,2019-05-25,2019-06-01,50,50,50,50,1968-06-02,1969-05-25
572070,2019-06-01,2019-06-08,50,50,50,50,1968-06-09,1969-06-01
572070,2019-06-08,2019-06-15,50,50,50,50,1968-06-16,1969-06-08
572070,2019-06-15,2019-06-22,50,50,50,50,1968-06-23,1969-06-15
572070,2019-06-22,2019-07-06,50,50,50,50,1968-07-07,1969-06-22
572070,2019-07-06,2019-07-20,50,50,50,50,1968-07-21,1969-07-06
572070,2019-07-20,2019-07-27,50,50,50,50,1968-07-28,1969-07-20
572070,2019-07-27,2019-08-03,50,50,50,50,1968-08-04,1969-07-27
572070,2019-08-03,2019-08-10,50,50,50,50,1968-08-11,1969-08-03
572070,2019-08-10,2019-08-17,50,50,50,50,1968-08-18,1969-08-10
572070,2019-08-17,2019-08-24,50,50,50,50,1968-08-25,1969-08-17
572070,2019-08-24,2019-08-31,50,50,50,50,1968-09-01,1969-08-24
572070,2019-08-31,2019-09-07,50,50,50,50,1968-09-08,1969-08-31
572070,2019-09-07,2019-09-14,50,50,50,50,1968-09-15,1969-09-07
572070,2019-09-14,2019-09-21,50,50,50,50,1968-09-22,1969-09-14
572070,2019-09-21,2019-09-28,50,50,50,50,1968-09-29,1969-09-21
572070,2019-09-28,2019-10-05,50,50,50,50,1968-10-06,1969-09-28
572070,2019-10-05,2019-10-12,50,50,50,50,1968-10-13,1969-10-05
572070,2019-10-12,2019-10-26,50,50,50,50,1968-10-27,1969-10-12
572070,2019-10-26,2019-11-09,50,50,50,50,1968-11-10,1969-10-26
572070,2019-11-09,2019-11-23,50,50,50,50,1968-11-24,1969-11-09
572070,2019-11-23,2019-11-30,50,50,50,50,1968-12-01,1969-11-23
572070,2019-11-30,2019-12-07,50,50,50,50,1968-12-08,1969-11-30
572070,2019-12-07,2019-12-14,50,50,50,50,1968-12-15,1969-12-07
572070,2019-12-14,2019-12-25,50,50,50,50,1968-12-26,1969-12-14
572070,2019-12-25,2019-12-28,50,50,50,50,1968-12-29,1969-12-25
572070,2019-12-28,2020-01-04,50,50,50,50,1969-01-05,1969-12-28
572070,2020-01-04,2020-01-11,50,50,50,50,1969-01-12,1970-01-04
572070,2020-01-11,2020-01-18,50,50,50,50,1969-01-19,1970-01-11
572070,2020-01-18,2020-01-25,50,50,50,50,1969-01-26,1970-01-18
572070,2020-01-25,2020-02-22,50,50,50,50,1969-02-23,1970-01-25
572070,2020-02-22,2020-02-29,50,50,50,50,1969-03-02,1970-02-22
572070,2020-02-29,2020-03-07,50,50,51,51,1969-03-02,1969-03-07
572070,2020-03-07,2020-03-14,51,51,51,51,1968-03-15,1969-03-07
572070,2020-03-14,2021-07-24,51,51,52,52,1968-07-25,1969-03-14
572070,2021-07-24,2021-07-31,52,52,52,52,1968-08-01,1969-07-24
572070,2021-07-31,2021-08-07,52,52,52,52,1968-08-08,1969-07-31
572070,2021-08-07,2021-08-14,52,52,52,52,1968-08-15,1969-08-07
572070,2021-08-14,2021-08-21,52,52,52,52,1968-08-22,1969-08-14
572070,2021-08-21,2021-09-04,52,52,52,52,1968-09-05,1969-08-21
572070,2021-09-04,2021-09-11,52,52,52,52,1968-09-12,1969-09-04
572070,2021-09-11,2021-09-18,52,52,52,52,1968-09-19,1969-09-11
572070,2021-09-18,2021-10-09,52,52,52,52,1968-10-10,1969-09-18
572070,2021-10-09,2021-11-06,52,52,52,52,1968-11-07,1969-10-09
572070,2021-11-06,2021-12-04,52,52,52,52,1968-12-05,1969-11-06
572070,2021-12-04,2021-12-11,52,52,52,52,1968-12-12,1969-12-04
572070,2021-12-11,2021-12-25,52,52,52,52,1968-12-26,1969-12-11
572070,2021-12-25,2022-01-08,52,52,52,52,1969-01-09,1969-12-25
572070,2022-01-08,2022-01-22,52,52,52,52,1969-01-23,1970-01-08
572070,2022-01-22,2022-02-05,52,52,52,52,1969-02-06,1970-01-22
572070,2022-02-05,2022-02-12,52,52,52,52,1969-02-13,1970-02-05
572070,2022-02-12,2022-03-05,52,52,53,53,1969-02-13,1969-03-05
572070,2022-03-05,2022-03-19,53,53,53,53,1968-03-20,1969-03-05
572070,2022-03-19,2022-03-26,53,53,53,53,1968-03-27,1969-03-19
572070,2022-03-26,2022-04-02,53,53,53,53,1968-04-03,1969-03-26
572070,2022-04-02,2022-04-09,53,53,53,53,1968-04-10,1969-04-02
572070,2022-04-09,2022-04-16,53,53,53,53,1968-04-17,1969-04-09
572070,2022-04-16,2022-04-23,53,53,53,53,1968-04-24,1969-04-16
572070,2022-04-23,2022-04-30,53,53,53,53,1968-05-01,1969-04-23
572070,2022-04-30,2022-05-14,53,53,53,53,1968-05-15,1969-04-30
572070,2022-05-14,2022-05-28,53,53,53,53,1968-05-29,1969-05-14
572070,2022-05-28,2022-06-11,53,53,53,53,1968-06-12,1969-05-28
572070,2022-06-11,2022-07-30,53,53,53,53,1968-07-31,1969-06-11
572070,2022-07-30,2022-08-06,53,53,53,53,1968-08-07,1969-07-30
572070,2022-08-06,2022-09-17,53,53,53,53,1968-09-18,1969-08-06
572070,2022-09-17,2022-09-24,53,53,53,53,1968-09-25,1969-09-17
572070,2022-09-24,2022-10-01,53,53,53,53,1968-10-02,1969-09-24
572070,2022-10-01,2022-10-08,53,53,53,53,1968-10-09,1969-10-01
572070,2022-10-08,2022-10-15,53,53,53,53,1968-10-16,1969-10-08
572070,2022-10-15,2022-10-22,53,53,53,53,1968-10-23,1969-10-15
572070,2022-10-22,2023-01-07,53,53,53,53,1969-01-08,1969-10-22
572070,2023-01-07,2023-01-14,53,53,53,53,1969-01-15,1970-01-07
576761,,2013-06-29,,,42,42,1970-06-30,1971-06-29
576761,2013-06-29,2013-08-10,42,42,40,40,1972-08-11,1971-06-29
5852141,,2019-09-07,,,44,44,1974-09-08,1975-09-07
5852141,2019-09-07,2019-09-14,44,44,34,34,1984-09-15,1975-09-07
589721,,2013-07-13,,,46,46,1966-07-14,1967-07-13
589721,2013-07-13,2013-07-20,46,46,46,46,1966-07-21,1967-07-13
589721,2013-07-20,2013-09-07,46,46,46,46,1966-09-08,1967-07-20
589721,2013-09-07,2013-10-12,46,46,46,46,1966-10-13,1967-09-07
589721,2013-10-12,2014-01-01,46,46,47,47,1966-10-13,1967-01-01
589721,2014-01-01,2014-04-05,47,47,47,47,1966-04-06,1967-01-01
589721,2014-04-05,2014-04-26,47,47,47,47,1966-04-27,1967-04-05
589721,2014-04-26,2014-06-14,47,47,47,47,1966-06-15,1967-04-26
589721,2014-06-14,2014-06-21,47,47,47,47,1966-06-22,1967-06-14
589721,2014-06-21,2014-06-28,47,47,47,47,1966-06-29,1967-06-21
589721,2014-06-28,2014-08-02,47,47,47,47,1966-08-03,1967-06-28
589721,2014-08-02,2014-08-30,47,47,47,47,1966-08-31,1967-08-02
589721,2014-08-30,2014-10-04,47,47,47,47,1966-10-05,1967-08-30
589721,2014-10-04,2014-10-18,47,47,47,47,1966-10-19,1967-10-04
589721,2014-10-18,2014-10-25,47,47,47,47,1966-10-26,1967-10-18
589721,2014-10-25,2014-11-22,47,47,48,48,1966-10-26,1966-11-22
589721,2014-11-22,2014-12-06,48,48,48,48,1965-12-07,1966-11-22
589721,2014-12-06,2015-01-10,48,48,48,48,1966-01-11,1966-12-06
589721,2015-01-10,2015-02-07,48,48,48,48,1966-02-08,1967-01-10
589721,2015-02-07,2015-02-14,48,48,48,48,1966-02-15,1967-02-07
589721,2015-02-14,2015-02-21,48,48,48,48,1966-02-22,1967-02-14
589721,2015-02-21,2015-02-28,48,48,48,48,1966-03-01,1967-02-21
589721,2015-02-28,2015-04-04,48,48,48,48,1966-04-05,1967-02-28
589721,2015-04-04,2015-04-11,48,48,48,48,1966-04-12,1967-04-04
589721,2015-04-11,2015-04-18,48,48,48,48,1966-04-19,1967-04-11
589721,2015-04-18,2015-05-02,48,48,48,48,1966-05-03,1967-04-18
589721,2015-05-02,2015-05-23,48,48,48,48,1966-05-24,1967-05-02
589721,2015-05-23,2015-06-06,48,48,48,48,1966-06-07,1967-05-23
589721,2015-06-06,2015-06-13,48,48,49,49,1966-06-07,1966-06-13
589721,2015-06-13,2015-06-20,49,49,49,49,1965-06-21,1966-06-13
589721,2015-06-20,2015-06-27,49,49,48,48,1966-06-28,1966-06-20
589721,2015-06-27,2015-07-11,48,48,48,48,1966-07-12,1967-06-27
589721,2015-07-11,2015-07-18,48,48,48,48,1966-07-19,1967-07-11
589721,2015-07-18,2015-08-01,48,48,48,48,1966-08-02,1967-07-18
589721,2015-08-01,2015-08-08,48,48,48,48,1966-08-09,1967-08-01
589721,2015-08-08,2015-09-05,48,48,48,48,1966-09-06,1967-08-08
589721,2015-09-05,2015-09-19,48,48,48,48,1966-09-20,1967-09-05
589721,2015-09-19,2015-10-10,48,48,48,48,1966-10-11,1967-09-19
589721,2015-10-10,2015-10-17,48,48,48,48,1966-10-18,1967-10-10
589721,2015-10-17,2015-10-31,48,48,48,48,1966-11-01,1967-10-17
589721,2015-10-31,2015-11-28,48,48,49,49,1966-11-01,1966-11-28
589721,2015-11-28,2015-12-05,49,49,49,49,1965-12-06,1966-11-28
589721,2015-12-05,2015-12-12,49,49,49,49,1965-12-13,1966-12-05
589721,2015-12-12,2016-01-09,49,49,49,49,1966-01-10,1966-12-12
589721,2016-01-09,2016-02-20,49,49,49,49,1966-02-21,1967-01-09
589721,2016-02-20,2016-04-09,49,49,49,49,1966-04-10,1967-02-20
589721,2016-04-09,2016-04-23,49,49,49,49,1966-04-24,1967-04-09
589721,2016-04-23,2016-04-30,49,49,49,49,1966-05-01,1967-04-23
589721,2016-04-30,2016-05-07,49,49,49,49,1966-05-08,1967-04-30
589721,2016-05-07,2016-05-21,49,49,49,49,1966-05-22,1967-05-07
589721,2016-05-21,2016-05-28,49,49,49,49,1966-05-29,1967-05-21
589721,2016-05-28,2016-06-18,49,49,49,49,1966-06-19,1967-05-28
589721,2016-06-18,2016-07-02,49,49,49,49,1966-07-03,1967-06-18
589721,2016-07-02,2016-08-27,49,49,49,49,1966-08-28,1967-07-02
589721,2016-08-27,2016-12-24,49,49,50,50,1966-08-28,1966-12-24
589721,2016-12-24,2017-01-07,50,50,50,50,1966-01-08,1966-12-24
589721,2017-01-07,2017-01-28,50,50,50,50,1966-01-29,1967-01-07
589721,2017-01-28,2017-02-18,50,50,50,50,1966-02-19,1967-01-28
589721,2017-02-18,2017-03-18,50,50,50,50,1966-03-19,1967-02-18
589721,2017-03-18,2017-08-05,50,50,50,50,1966-08-06,1967-03-18
589721,2017-08-05,2017-08-19,50,50,50,50,1966-08-20,1967-08-05
589721,2017-08-19,2017-08-26,50,50,50,50,1966-08-27,1967-08-19
589721,2017-08-26,2017-09-02,50,50,50,50,1966-09-03,1967-08-26
589721,2017-09-02,2017-09-09,50,50,50,50,1966-09-10,1967-09-02
589721,2017-09-09,2017-09-30,50,50,50,50,1966-10-01,1967-09-09
589721,2017-09-30,2017-12-16,50,50,51,51,1966-10-01,1966-12-16
589721,2017-12-16,2018-01-27,51,51,51,51,1966-01-28,1966-12-16
589721,2018-01-27,2018-02-03,51,51,51,51,1966-02-04,1967-01-27
589721,2018-02-03,2018-04-21,51,51,51,51,1966-04-22,1967-02-03
589721,2018-04-21,2018-05-26,51,51,51,51,1966-05-27,1967-04-21
589721,2018-05-26,2023-12-09,51,51,57,57,1966-05-27,1966-12-09
589721,2023-12-09,2025-06-21,57,57,58,58,1966-06-22,1966-12-09
598715,,2013-07-27,,,49,49,1963-07-28,1964-07-27
598715,2013-07-27,2013-08-17,49,49,49,49,1963-08-18,1964-07-27
598715,2013-08-17,2013-12-21,49,49,50,50,1963-08-18,1963-12-21
598715,2013-12-21,2014-04-12,50,50,50,50,1963-04-13,1963-12-21
598715,2014-04-12,2014-05-10,50,50,50,50,1963-05-11,1964-04-12
598715,2014-05-10,2014-06-14,50,50,50,50,1963-06-15,1964-05-10
598715,2014-06-14,2014-06-21,50,50,50,50,1963-06-22,1964-06-14
598715,2014-06-21,2014-07-12,50,50,50,50,1963-07-13,1964-06-21
598715,2014-07-12,2014-08-09,50,50,50,50,1963-08-10,1964-07-12
598715,2014-08-09,2014-08-16,50,50,50,50,1963-08-17,1964-08-09
598715,2014-08-16,2014-08-23,50,50,50,50,1963-08-24,1964-08-16
598715,2014-08-23,2014-09-06,50,50,50,50,1963-09-07,1964-08-23
598715,2014-09-06,2014-09-20,50,50,50,50,1963-09-21,1964-09-06
598715,2014-09-20,2014-10-11,50,50,50,50,1963-10-12,1964-09-20
598715,2014-10-11,2014-10-18,50,50,51,51,1963-10-12,1963-10-18
598715,2014-10-18,2014-11-01,51,51,50,50,1963-11-02,1963-10-18
598715,2014-11-01,2014-11-08,50,50,51,51,1963-11-02,1963-11-08
598715,2014-11-08,2014-11-15,51,51,51,51,1962-11-16,1963-11-08
598715,2014-11-15,2015-01-17,51,51,51,51,1963-01-18,1963-11-15
598715,2015-01-17,2015-01-24,51,51,51,51,1963-01-25,1964-01-17
598715,2015-01-24,2015-02-07,51,51,51,51,1963-02-08,1964-01-24
598715,2015-02-07,2015-02-14,51,51,50,50,1964-02-15,1964-02-07
598715,2015-02-14,2015-02-21,50,50,51,51,1964-02-15,1964-02-21
598715,2015-02-21,2015-02-28,51,51,51,51,1963-03-01,1964-02-21
598715,2015-02-28,2015-03-07,51,51,51,51,1963-03-08,1964-02-28
598715,2015-03-07,2015-04-11,51,51,51,51,1963-04-12,1964-03-07
598715,2015-04-11,2015-04-18,51,51,51,51,1963-04-19,1964-04-11
598715,2015-04-18,2015-05-02,51,51,51,51,1963-05-03,1964-04-18
598715,2015-05-02,2015-05-09,51,51,51,51,1963-05-10,1964-05-02
598715,2015-05-09,2015-05-23,51,51,51,51,1963-05-24,1964-05-09
598715,2015-05-23,2015-05-30,51,51,51,51,1963-05-31,1964-05-23
598715,2015-05-30,2015-06-06,51,51,51,51,1963-06-07,1964-05-30
598715,2015-06-06,2015-06-13,51,51,51,51,1963-06-14,1964-06-06
598715,2015-06-13,2015-06-20,51,51,51,51,1963-06-21,1964-06-13
598715,2015-06-20,2015-07-18,51,51,51,51,1963-07-19,1964-06-20
598715,2015-07-18,2015-08-01,51,51,51,51,1963-08-02,1964-07-18
598715,2015-08-01,2015-08-15,51,51,51,51,1963-08-16,1964-08-01
598715,2015-08-15,2015-09-05,51,51,51,51,1963-09-06,1964-08-15
598715,2015-09-05,2015-09-12,51,51,51,51,1963-09-13,1964-09-05
598715,2015-09-12,2015-09-26,51,51,51,51,1963-09-27,1964-09-12
598715,2015-09-26,2015-10-03,51,51,51,51,1963-10-04,1964-09-26
598715,2015-10-03,2015-10-10,51,51,51,51,1963-10-11,1964-10-03
598715,2015-10-10,2015-11-07,51,51,52,52,1963-10-11,1963-11-07
598715,2015-11-07,2015-11-14,52,52,52,52,1962-11-15,1963-11-07
598715,2015-11-14,2015-11-21,52,52,52,52,1962-11-22,1963-11-14
598715,2015-11-21,2015-11-28,52,52,52,52,1962-11-29,1963-11-21
598715,2015-11-28,2015-12-05,52,52,52,52,1962-12-06,1963-11-28
598715,2015-12-05,2015-12-12,52,52,52,52,1962-12-13,1963-12-05
598715,2015-12-12,2015-12-25,52,52,52,52,1962-12-26,1963-12-12
598715,2015-12-25,2015-12-26,52,52,52,52,1962-12-27,1963-12-25
598715,2015-12-26,2016-01-09,52,52,52,52,1963-01-10,1963-12-26
598715,2016-01-09,2016-01-16,52,52,52,52,1963-01-17,1964-01-09
598715,2016-01-16,2016-01-23,52,52,52,52,1963-01-24,1964-01-16
598715,2016-01-23,2016-01-30,52,52,52,52,1963-01-31,1964-01-23
598715,2016-01-30,2016-02-13,52,52,52,52,1963-02-14,1964-01-30
598715,2016-02-13,2016-02-20,52,52,52,52,1963-02-21,1964-02-13
598715,2016-02-20,2016-03-05,52,52,52,52,1963-03-06,1964-02-20
598715,2016-03-05,2016-03-26,52,52,52,52,1963-03-27,1964-03-05
598715,2016-03-26,2016-04-23,52,52,52,52,1963-04-24,1964-03-26
598715,2016-04-23,2016-04-30,52,52,52,52,1963-05-01,1964-04-23
598715,2016-04-30,2016-05-07,52,52,52,52,1963-05-08,1964-04-30
598715,2016-05-07,2016-05-14,52,52,52,52,1963-05-15,1964-05-07
598715,2016-05-14,2016-05-28,52,52,52,52,1963-05-29,1964-05-14
598715,2016-05-28,2016-06-25,52,52,52,52,1963-06-26,1964-05-28
598715,2016-06-25,2016-07-02,52,52,52,52,1963-07-03,1964-06-25
598715,2016-07-02,2016-07-16,52,52,52,52,1963-07-17,1964-07-02
598715,2016-07-16,2016-07-23,52,52,52,52,1963-07-24,1964-07-16
598715,2016-07-23,2016-07-30,52,52,52,52,1963-07-31,1964-07-23
598715,2016-07-30,2016-08-06,52,52,52,52,1963-08-07,1964-07-30
598715,2016-08-06,2016-08-27,52,52,52,52,1963-08-28,1964-08-06
598715,2016-08-27,2016-09-03,52,52,52,52,1963-09-04,1964-08-27
598715,2016-09-03,2016-09-10,52,52,52,52,1963-09-11,1964-09-03
598715,2016-09-10,2016-09-24,52,52,52,52,1963-09-25,1964-09-10
598715,2016-09-24,2016-10-01,52,52,52,52,1963-10-02,1964-09-24
598715,2016-10-01,2016-10-08,52,52,52,52,1963-10-09,1964-10-01
598715,2016-10-08,2016-10-15,52,52,53,53,1963-10-09,1963-10-15
598715,2016-10-15,2016-11-12,53,53,53,53,1962-11-13,1963-10-15
598715,2016-11-12,2016-12-03,53,53,53,53,1962-12-04,1963-11-12
598715,2016-12-03,2016-12-10,53,53,53,53,1962-12-11,1963-12-03
598715,2016-12-10,2016-12-25,53,53,53,53,1962-12-26,1963-12-10
598715,2016-12-25,2016-12-31,53,53,53,53,1963-01-01,1963-12-25
598715,2016-12-31,2017-01-01,53,53,53,53,1963-01-02,1963-12-31
598715,2017-01-01,2017-01-07,53,53,53,53,1963-01-08,1964-01-01
598715,2017-01-07,2017-01-14,53,53,53,53,1963-01-15,1964-01-07
598715,2017-01-14,2017-01-21,53,53,53,53,1963-01-22,1964-01-14
598715,2017-01-21,2017-02-04,53,53,53,53,1963-02-05,1964-01-21
598715,2017-02-04,2017-02-11,53,53,53,53,1963-02-12,1964-02-04
598715,2017-02-11,2017-02-18,53,53,53,53,1963-02-19,1964-02-11
598715,2017-02-18,2017-03-04,53,53,53,53,1963-03-05,1964-02-18
598715,2017-03-04,2017-03-18,53,53,53,53,1963-03-19,1964-03-04
598715,2017-03-18,2017-04-08,53,53,53,53,1963-04-09,1964-03-18
598715,2017-04-08,2017-04-15,53,53,53,53,1963-04-16,1964-04-08
598715,2017-04-15,2017-04-29,53,53,53,53,1963-04-30,1964-04-15
598715,2017-04-29,2017-05-13,53,53,53,53,1963-05-14,1964-04-29
598715,2017-05-13,2017-05-20,53,53,53,53,1963-05-21,1964-05-13
598715,2017-05-20,2017-06-03,53,53,53,53,1963-06-04,1964-05-20
598715,2017-06-03,2017-06-10,53,53,53,53,1963-06-11,1964-06-03
598715,2017-06-10,2017-06-17,53,53,53,53,1963-06-18,1964-06-10
598715,2017-06-17,2017-06-24,53,53,53,53,1963-06-25,1964-06-17
598715,2017-06-24,2017-09-02,53,53,53,53,1963-09-03,1964-06-24
598715,2017-09-02,2017-09-30,53,53,53,53,1963-10-01,1964-09-02
598715,2017-09-30,2017-10-07,53,53,53,53,1963-10-08,1964-09-30
598715,2017-10-07,2017-10-21,53,53,54,54,1963-10-08,1963-10-21
598715,2017-10-21,2017-12-02,54,54,54,54,1962-12-03,1963-10-21
598715,2017-12-02,2017-12-16,54,54,54,54,1962-12-17,1963-12-02
598715,2017-12-16,2018-02-17,54,54,54,54,1963-02-18,1963-12-16
598715,2018-02-17,2018-02-24,54,54,54,54,1963-02-25,1964-02-17
598715,2018-02-24,2018-06-09,54,54,54,54,1963-06-10,1964-02-24
598715,2018-06-09,2018-06-23,54,54,54,54,1963-06-24,1964-06-09
598715,2018-06-23,2018-10-06,54,54,54,54,1963-10-07,1964-06-23
598715,2018-10-06,2019-01-05,54,54,55,55,1963-10-07,1964-01-05
598715,2019-01-05,2019-01-12,55,55,55,55,1963-01-13,1964-01-05
598715,2019-01-12,2019-01-19,55,55,55,55,1963-01-20,1964-01-12
598715,2019-01-19,2019-02-02,55,55,55,55,1963-02-03,1964-01-19
598715,2019-02-02,2019-02-16,55,55,55,55,1963-02-17,1964-02-02
598715,2019-02-16,2019-02-23,55,55,55,55,1963-02-24,1964-02-16
598715,2019-02-23,2019-05-11,55,55,55,55,1963-05-12,1964-02-23
598715,2019-05-11,2019-06-15,55,55,55,55,1963-06-16,1964-05-11
598715,2019-06-15,2019-08-03,55,55,55,55,1963-08-04,1964-06-15
598715,2019-08-03,2019-12-28,55,55,56,56,1963-08-04,1963-12-28
598715,2019-12-28,2020-02-22,56,56,56,56,1963-02-23,1963-12-28
598715,2020-02-22,2021-10-30,56,56,58,58,1963-02-23,1963-10-30
598715,2021-10-30,2025-12-27,58,58,62,62,1962-12-28,1963-10-30
6005299,,2019-07-20,,,55,55,1963-07-21,1964-07-20
6005299,2019-07-20,2019-08-03,55,55,53,53,1965-08-04,1964-07-20
600747,,2013-08-03,,,31,31,1981-08-04,1982-08-03
600747,2013-08-03,2013-08-10,31,31,31,31,1981-08-11,1982-08-03
600747,2013-08-10,2013-08-17,31,31,31,31,1981-08-18,1982-08-10
600747,2013-08-17,2013-10-05,31,31,31,31,1981-10-06,1982-08-17
600747,2013-10-05,2013-10-12,31,31,31,31,1981-10-13,1982-10-05
600747,2013-10-12,2013-10-19,31,31,31,31,1981-10-20,1982-10-12
600747,2013-10-19,2013-10-26,31,31,31,31,1981-10-27,1982-10-19
600747,2013-10-26,2013-11-02,31,31,31,31,1981-11-03,1982-10-26
600747,2013-11-02,2014-03-01,31,31,32,32,1981-11-03,1982-03-01
600747,2014-03-01,2014-07-12,32,32,32,32,1981-07-13,1982-03-01
600747,2014-07-12,2014-08-23,32,32,32,32,1981-08-24,1982-07-12
600747,2014-08-23,2014-11-01,32,32,32,32,1981-11-02,1982-08-23
600747,2014-11-01,2014-11-08,32,32,32,32,1981-11-09,1982-11-01
600747,2014-11-08,2014-11-22,32,32,32,32,1981-11-23,1982-11-08
600747,2014-11-22,2014-11-29,32,32,32,32,1981-11-30,1982-11-22
600747,2014-11-29,2014-12-25,32,32,33,33,1981-11-30,1981-12-25
600747,2014-12-25,2015-02-21,33,33,33,33,1981-02-22,1981-12-25
600747,2015-02-21,2015-03-07,33,33,33,33,1981-03-08,1982-02-21
600747,2015-03-07,2015-04-04,33,33,33,33,1981-04-05,1982-03-07
600747,2015-04-04,2015-04-11,33,33,33,33,1981-04-12,1982-04-04
600747,2015-04-11,2015-04-18,33,33,33,33,1981-04-19,1982-04-11
600747,2015-04-18,2015-05-02,33,33,33,33,1981-05-03,1982-04-18
600747,2015-05-02,2016-05-07,33,33,34,34,1981-05-08,1982-05-02
600747,2016-05-07,2016-05-21,34,34,34,34,1981-05-22,1982-05-07
600747,2016-05-21,2016-07-30,34,34,34,34,1981-07-31,1982-05-21
600747,2016-07-30,2016-08-06,34,34,34,34,1981-08-07,1982-07-30
600747,2016-08-06,2016-08-20,34,34,34,34,1981-08-21,1982-08-06
600747,2016-08-20,2016-08-27,34,34,34,34,1981-08-28,1982-08-20
600747,2016-08-27,2016-09-03,34,34,34,34,1981-09-04,1982-08-27
600747,2016-09-03,2016-09-10,34,34,34,34,1981-09-11,1982-09-03
600747,2016-09-10,2016-09-24,34,34,34,34,1981-09-25,1982-09-10
600747,2016-09-24,2016-11-05,34,34,34,34,1981-11-06,1982-09-24
600747,2016-11-05,2016-12-03,34,34,34,34,1981-12-04,1982-11-05
600747,2016-12-03,2016-12-24,34,34,35,35,1981-12-04,1981-12-24
600747,2016-12-24,2017-01-21,35,35,35,35,1981-01-22,1981-12-24
600747,2017-01-21,2017-02-25,35,35,35,35,1981-02-26,1982-01-21
600747,2017-02-25,2017-03-04,35,35,35,35,1981-03-05,1982-02-25
600747,2017-03-04,2017-03-11,35,35,35,35,1981-03-12,1982-03-04
600747,2017-03-11,2017-04-01,35,35,35,35,1981-04-02,1982-03-11
600747,2017-04-01,2017-04-15,35,35,35,35,1981-04-16,1982-04-01
600747,2017-04-15,2017-05-06,35,35,35,35,1981-05-07,1982-04-15
600747,2017-05-06,2017-05-20,35,35,35,35,1981-05-21,1982-05-06
600747,2017-05-20,2017-06-03,35,35,35,35,1981-06-04,1982-05-20
600747,2017-06-03,2017-06-17,35,35,35,35,1981-06-18,1982-06-03
600747,2017-06-17,2017-06-24,35,35,35,35,1981-06-25,1982-06-17
600747,2017-06-24,2017-07-15,35,35,35,35,1981-07-16,1982-06-24
600747,2017-07-15,2017-07-22,35,35,35,35,1981-07-23,1982-07-15
600747,2017-07-22,2017-07-29,35,35,35,35,1981-07-30,1982-07-22
600747,2017-07-29,2017-09-02,35,35,35,35,1981-09-03,1982-07-29
600747,2017-09-02,2017-09-09,35,35,35,35,1981-09-10,1982-09-02
600747,2017-09-09,2017-09-30,35,35,35,35,1981-10-01,1982-09-09
600747,2017-09-30,2017-10-07,35,35,35,35,1981-10-08,1982-09-30
600747,2017-10-07,2017-10-14,35,35,35,35,1981-10-15,1982-10-07
600747,2017-10-14,2017-10-21,35,35,35,35,1981-10-22,1982-10-14
600747,2017-10-21,2017-10-28,35,35,35,35,1981-10-29,1982-10-21
600747,2017-10-28,2017-11-11,35,35,35,35,1981-11-12,1982-10-28
600747,2017-11-11,2018-01-27,35,35,36,36,1981-11-12,1982-01-27
600747,2018-01-27,2018-02-03,36,36,36,36,1981-02-04,1982-01-27
600747,2018-02-03,2018-02-24,36,36,36,36,1981-02-25,1982-02-03
600747,2018-02-24,2018-04-07,36,36,36,36,1981-04-08,1982-02-24
600747,2018-04-07,2018-04-14,36,36,36,36,1981-04-15,1982-04-07
600747,2018-04-14,2018-04-21,36,36,36,36,1981-04-22,1982-04-14
600747,2018-04-21,2018-04-28,36,36,36,36,1981-04-29,1982-04-21
600747,2018-04-28,2018-05-05,36,36,36,36,1981-05-06,1982-04-28
600747,2018-05-05,2018-06-30,36,36,36,36,1981-07-01,1982-05-05
600747,2018-06-30,2018-07-28,36,36,36,36,1981-07-29,1982-06-30
600747,2018-07-28,2018-08-25,36,36,36,36,1981-08-26,1982-07-28
600747,2018-08-25,2018-09-01,36,36,36,36,1981-09-02,1982-08-25
600747,2018-09-01,2018-09-29,36,36,36,36,1981-09-30,1982-09-01
600747,2018-09-29,2018-10-20,36,36,36,36,1981-10-21,1982-09-29
600747,2018-10-20,2018-10-27,36,36,36,36,1981-10-28,1982-10-20
600747,2018-10-27,2018-11-24,36,36,36,36,1981-11-25,1982-10-27
600747,2018-11-24,2018-12-01,36,36,36,36,1981-12-02,1982-11-24
600747,2018-12-01,2018-12-08,36,36,36,36,1981-12-09,1982-12-01
600747,2018-12-08,2018-12-25,36,36,37,37,1981-12-09,1981-12-25
600747,2018-12-25,2019-01-05,37,37,37,37,1981-01-06,1981-12-25
600747,2019-01-05,2019-01-12,37,37,37,37,1981-01-13,1982-01-05
600747,2019-01-12,2019-01-26,37,37,37,37,1981-01-27,1982-01-12
600747,2019-01-26,2019-02-02,37,37,37,37,1981-02-03,1982-01-26
600747,2019-02-02,2019-02-09,37,37,37,37,1981-02-10,1982-02-02
600747,2019-02-09,2019-02-16,37,37,37,37,1981-02-17,1982-02-09
600747,2019-02-16,2019-02-23,37,37,37,37,1981-02-24,1982-02-16
600747,2019-02-23,2019-03-16,37,37,37,37,1981-03-17,1982-02-23
600747,2019-03-16,2019-03-23,37,37,37,37,1981-03-24,1982-03-16
600747,2019-03-23,2019-03-30,37,37,37,37,1981-03-31,1982-03-23
600747,2019-03-30,2019-04-13,37,37,37,37,1981-04-14,1982-03-30
600747,2019-04-13,2019-04-20,37,37,37,37,1981-04-21,1982-04-13
600747,2019-04-20,2019-05-18,37,37,37,37,1981-05-19,1982-04-20
600747,2019-05-18,2019-06-01,37,37,37,37,1981-06-02,1982-05-18
600747,2019-06-01,2019-06-08,37,37,37,37,1981-06-09,1982-06-01
600747,2019-06-08,2019-06-15,37,37,37,37,1981-06-16,1982-06-08
600747,2019-06-15,2019-06-22,37,37,37,37,1981-06-23,1982-06-15
600747,2019-06-22,2019-07-13,37,37,37,37,1981-07-14,1982-06-22
600747,2019-07-13,2019-08-17,37,37,37,37,1981-08-18,1982-07-13
600747,2019-08-17,2019-08-24,37,37,37,37,1981-08-25,1982-08-17
600747,2019-08-24,2019-08-31,37,37,37,37,1981-09-01,1982-08-24
600747,2019-08-31,2019-09-28,37,37,37,37,1981-09-29,1982-08-31
600747,2019-09-28,2019-10-05,37,37,37,37,1981-10-06,1982-09-28
600747,2019-10-05,2019-10-12,37,37,37,37,1981-10-13,1982-10-05
600747,2019-10-12,2019-10-19,37,37,37,37,1981-10-20,1982-10-12
600747,2019-10-19,2019-10-26,37,37,37,37,1981-10-27,1982-10-19
600747,2019-10-26,2019-11-23,37,37,37,37,1981-11-24,1982-10-26
600747,2019-11-23,2019-11-30,37,37,37,37,1981-12-01,1982-11-23
600747,2019-11-30,2019-12-25,37,37,38,38,1981-12-01,1981-12-25
600747,2019-12-25,2019-12-28,38,38,38,38,1980-12-29,1981-12-25
600747,2019-12-28,2020-01-01,38,38,38,38,1981-01-02,1981-12-28
600747,2020-01-01,2020-01-01,38,38,38,38,1981-01-02,1982-01-01
600747,2020-01-01,2020-01-18,38,38,38,38,1981-01-19,1982-01-01
600747,2020-01-18,2020-02-29,38,38,38,38,1981-03-02,1982-01-18
600747,2020-02-29,2020-03-07,38,38,38,38,1981-03-08,1982-03-01
600747,2020-03-07,2021-08-14,38,38,39,39,1981-08-15,1982-03-07
600747,2021-08-14,2021-08-21,39,39,39,39,1981-08-22,1982-08-14
600747,2021-08-21,2021-09-18,39,39,39,39,1981-09-19,1982-08-21
600747,2021-09-18,2021-09-25,39,39,39,39,1981-09-26,1982-09-18
600747,2021-09-25,2021-10-02,39,39,39,39,1981-10-03,1982-09-25
600747,2021-10-02,2021-10-09,39,39,39,39,1981-10-10,1982-10-02
600747,2021-10-09,2021-10-16,39,39,39,39,1981-10-17,1982-10-09
600747,2021-10-16,2021-11-13,39,39,39,39,1981-11-14,1982-10-16
600747,2021-11-13,2021-11-20,39,39,39,39,1981-11-21,1982-11-13
600747,2021-11-20,2021-11-27,39,39,39,39,1981-11-28,1982-11-20
600747,2021-11-27,2021-12-11,39,39,39,39,1981-12-12,1982-11-27
600747,2021-12-11,2022-01-01,39,39,40,40,1981-12-12,1982-01-01
600747,2022-01-01,2022-01-08,40,40,40,40,1981-01-09,1982-01-01
600747,2022-01-08,2022-01-15,40,40,40,40,1981-01-16,1982-01-08
600747,2022-01-15,2022-01-29,40,40,40,40,1981-01-30,1982-01-15
600747,2022-01-29,2022-03-12,40,40,40,40,1981-03-13,1982-01-29
600747,2022-03-12,2022-03-19,40,40,40,40,1981-03-20,1982-03-12
600747,2022-03-19,2022-03-26,40,40,40,40,1981-03-27,1982-03-19
600747,2022-03-26,2022-04-30,40,40,40,40,1981-05-01,1982-03-26
600747,2022-04-30,2022-05-07,40,40,40,40,1981-05-08,1982-04-30
600747,2022-05-07,2022-05-21,40,40,40,40,1981-05-22,1982-05-07
600747,2022-05-21,2022-06-25,40,40,40,40,1981-06-26,1982-05-21
600747,2022-06-25,2022-07-02,40,40,40,40,1981-07-03,1982-06-25
600747,2022-07-02,2022-07-09,40,40,40,40,1981-07-10,1982-07-02
600747,2022-07-09,2022-07-23,40,40,40,40,1981-07-24,1982-07-09
600747,2022-07-23,2022-07-30,40,40,40,40,1981-07-31,1982-07-23
600747,2022-07-30,2022-10-01,40,40,40,40,1981-10-02,1982-07-30
600747,2022-10-01,2022-10-08,40,40,40,40,1981-10-09,1982-10-01
600747,2022-10-08,2022-10-29,40,40,40,40,1981-10-30,1982-10-08
600747,2022-10-29,2022-11-05,40,40,40,40,1981-11-06,1982-10-29
600747,2022-11-05,2022-11-12,40,40,40,40,1981-11-13,1982-11-05
600747,2022-11-12,2022-12-10,40,40,40,40,1981-12-11,1982-11-12
600747,2022-12-10,2022-12-24,40,40,41,41,1981-12-11,1981-12-24
600747,2022-12-24,2022-12-25,41,41,41,41,1980-12-26,1981-12-24
600747,2022-12-25,2022-12-31,41,41,41,41,1981-01-01,1981-12-25
600747,2022-12-31,2023-01-28,41,41,41,41,1981-01-29,1981-12-31
600747,2023-01-28,2023-02-04,41,41,41,41,1981-02-05,1982-01-28
600747,2023-02-04,2023-02-11,41,41,41,41,1981-02-12,1982-02-04
600747,2023-02-11,2023-03-11,41,41,41,41,1981-03-12,1982-02-11
600747,2023-03-11,2023-03-18,41,41,41,41,1981-03-19,1982-03-11
600747,2023-03-18,2023-03-25,41,41,41,41,1981-03-26,1982-03-18
600747,2023-03-25,2023-04-01,41,41,41,41,1981-04-02,1982-03-25
600747,2023-04-01,2023-04-15,41,41,41,41,1981-04-16,1982-04-01
600747,2023-04-15,2023-05-13,41,41,41,41,1981-05-14,1982-04-15
600747,2023-05-13,2023-05-20,41,41,41,41,1981-05-21,1982-05-13
600747,2023-05-20,2023-07-08,41,41,41,41,1981-07-09,1982-05-20
600747,2023-07-08,2023-07-15,41,41,41,41,1981-07-16,1982-07-08
600747,2023-07-15,2023-07-29,41,41,41,41,1981-07-30,1982-07-15
600747,2023-07-29,2023-09-02,41,41,41,41,1981-09-03,1982-07-29
600747,2023-09-02,2023-09-16,41,41,41,41,1981-09-17,1982-09-02
600747,2023-09-16,2023-10-07,41,41,41,41,1981-10-08,1982-09-16
600747,2023-10-07,2023-10-28,41,41,41,41,1981-10-29,1982-10-07
600747,2023-10-28,2023-11-04,41,41,41,41,1981-11-05,1982-10-28
600747,2023-11-04,2023-11-18,41,41,41,41,1981-11-19,1982-11-04
600747,2023-11-18,2023-11-25,41,41,41,41,1981-11-26,1982-11-18
600747,2023-11-25,2023-12-02,41,41,41,41,1981-12-03,1982-11-25
600747,2023-12-02,2023-12-23,41,41,40,40,1982-12-24,1982-12-02
600747,2023-12-23,2023-12-25,40,40,42,42,1982-12-24,1981-12-25
600747,2023-12-25,2023-12-30,42,42,42,42,1980-12-31,1981-12-25
600747,2023-12-30,2024-01-06,42,42,42,42,1981-01-07,1981-12-30
600747,2024-01-06,2024-01-13,42,42,42,42,1981-01-14,1982-01-06
600747,2024-01-13,2024-02-03,42,42,42,42,1981-02-04,1982-01-13
600747,2024-02-03,2024-02-10,42,42,42,42,1981-02-11,1982-02-03
600747,2024-02-10,2024-03-02,42,42,42,42,1981-03-03,1982-02-10
600747,2024-03-02,2024-03-23,42,42,42,42,1981-03-24,1982-03-02
600747,2024-03-23,2024-03-30,42,42,42,42,1981-03-31,1982-03-23
600747,2024-03-30,2024-04-27,42,42,42,42,1981-04-28,1982-03-30
600747,2024-04-27,2024-05-04,42,42,42,42,1981-05-05,1982-04-27
600747,2024-05-04,2024-05-11,42,42,42,42,1981-05-12,1982-05-04
600747,2024-05-11,2024-06-08,42,42,42,42,1981-06-09,1982-05-11
600747,2024-06-08,2024-06-22,42,42,42,42,1981-06-23,1982-06-08
600747,2024-06-22,2024-06-29,42,42,42,42,1981-06-30,1982-06-22
600747,2024-06-29,2024-07-20,42,42,42,42,1981-07-21,1982-06-29
600747,2024-07-20,2024-07-27,42,42,42,42,1981-07-28,1982-07-20
600747,2024-07-27,2024-08-24,42,42,42,42,1981-08-25,1982-07-27
600747,2024-08-24,2024-09-14,42,42,42,42,1981-09-15,1982-08-24
600747,2024-09-14,2024-09-21,42,42,42,42,1981-09-22,1982-09-14
600747,2024-09-21,2024-10-05,42,42,42,42,1981-10-06,1982-09-21
600747,2024-10-05,2024-10-12,42,42,42,42,1981-10-13,1982-10-05
600747,2024-10-12,2024-10-19,42,42,42,42,1981-10-20,1982-10-12
600747,2024-10-19,2024-11-09,42,42,42,42,1981-11-10,1982-10-19
600747,2024-11-09,2024-11-23,42,42,42,42,1981-11-24,1982-11-09
600747,2024-11-23,2024-11-30,42,42,42,42,1981-12-01,1982-11-23
600747,2024-11-30,2024-12-21,42,42,42,42,1981-12-22,1982-11-30
600747,2024-12-21,2024-12-25,42,42,43,43,1981-12-22,1981-12-25
600747,2024-12-25,2024-12-28,43,43,43,43,1980-12-29,1981-12-25
600747,2024-12-28,2025-01-01,43,43,43,43,1981-01-02,1981-12-28
600747,2025-01-01,2025-01-11,43,43,43,43,1981-01-12,1982-01-01
600747,2025-01-11,2025-01-18,43,43,43,43,1981-01-19,1982-01-11
600747,2025-01-18,2025-02-15,43,43,43,43,1981-02-16,1982-01-18
600747,2025-02-15,2025-02-22,43,43,43,43,1981-02-23,1982-02-15
600747,2025-02-22,2025-03-01,43,43,43,43,1981-03-02,1982-02-22
600747,2025-03-01,2025-03-08,43,43,43,43,1981-03-09,1982-03-01
600747,2025-03-08,2025-03-15,43,43,43,43,1981-03-16,1982-03-08
600747,2025-03-15,2025-03-22,43,43,43,43,1981-03-23,1982-03-15
600747,2025-03-22,2025-03-29,43,43,43,43,1981-03-30,1982-03-22
600747,2025-03-29,2025-04-05,43,43,43,43,1981-04-06,1982-03-29
600747,2025-04-05,2025-04-12,43,43,43,43,1981-04-13,1982-04-05
600747,2025-04-12,2025-04-19,43,43,43,43,1981-04-20,1982-04-12
600747,2025-04-19,2025-05-31,43,43,43,43,1981-06-01,1982-04-19
600747,2025-05-31,2025-07-05,43,43,43,43,1981-07-06,1982-05-31
600747,2025-07-05,2025-08-02,43,43,43,43,1981-08-03,1982-07-05
600747,2025-08-02,2025-08-09,43,43,43,43,1981-08-10,1982-08-02
600747,2025-08-09,2025-09-06,43,43,43,43,1981-09-07,1982-08-09
600747,2025-09-06,2025-10-11,43,43,43,43,1981-10-12,1982-09-06
600747,2025-10-11,2025-11-08,43,43,43,43,1981-11-09,1982-10-11
600747,2025-11-08,2025-12-06,43,43,43,43,1981-12-07,1982-11-08
600747,2025-12-06,2025-12-13,43,43,43,43,1981-12-14,1982-12-06
600747,2025-12-13,2025-12-20,43,43,43,43,1981-12-21,1982-12-13
600747,2025-12-20,2025-12-25,43,43,44,44,1981-12-21,1981-12-25
600747,2025-12-25,2026-01-03,44,44,44,44,1981-01-04,1981-12-25
600747,2026-01-03,2026-01-10,44,44,44,44,1981-01-11,1982-01-03
600747,2026-01-10,2026-01-17,44,44,44,44,1981-01-18,1982-01-10
600747,2026-01-17,2026-01-24,44,44,44,44,1981-01-25,1982-01-17
602680,,2013-07-27,,,5,5,2007-07-28,2008-07-27
602680,2013-07-27,2013-08-10,5,5,5,5,2007-08-11,2008-07-27
602680,2013-08-10,2013-08-17,5,5,5,5,2007-08-18,2008-08-10
602680,2013-08-17,2013-09-07,5,5,5,5,2007-09-08,2008-08-17
602680,2013-09-07,2014-08-23,5,5,6,6,2007-09-08,2008-08-23
602680,2014-08-23,2014-10-25,6,6,6,6,2007-10-26,2008-08-23
602680,2014-10-25,2015-02-21,6,6,6,6,2008-02-22,2008-10-25
602680,2015-02-21,2015-02-28,6,6,6,6,2008-02-29,2009-02-21
602680,2015-02-28,2015-03-07,6,6,6,6,2008-03-08,2009-02-28
602680,2015-03-07,2015-03-28,6,6,6,6,2008-03-29,2009-03-07
602680,2015-03-28,2015-04-04,6,6,6,6,2008-04-05,2009-03-28
602680,2015-04-04,2015-04-11,6,6,6,6,2008-04-12,2009-04-04
602680,2015-04-11,2015-05-23,6,6,6,6,2008-05-24,2009-04-11
602680,2015-05-23,2015-05-30,6,6,6,6,2008-05-31,2009-05-23
602680,2015-05-30,2015-06-06,6,6,6,6,2008-06-07,2009-05-30
602680,2015-06-06,2015-07-11,6,6,7,7,2008-06-07,2008-07-11
602680,2015-07-11,2015-07-18,7,7,7,7,2007-07-19,2008-07-11
602680,2015-07-18,2015-07-25,7,7,7,7,2007-07-26,2008-07-18
602680,2015-07-25,2015-09-05,7,7,7,7,2007-09-06,2008-07-25
602680,2015-09-05,2015-09-19,7,7,7,7,2007-09-20,2008-09-05
602680,2015-09-19,2015-09-26,7,7,7,7,2007-09-27,2008-09-19
602680,2015-09-26,2015-10-03,7,7,7,7,2007-10-04,2008-09-26
602680,2015-10-03,2015-10-24,7,7,7,7,2007-10-25,2008-10-03
602680,2015-10-24,2016-01-02,7,7,7,7,2008-01-03,2008-10-24
602680,2016-01-02,2016-04-30,7,7,7,7,2008-05-01,2009-01-02
602680,2016-04-30,2016-05-21,7,7,7,7,2008-05-22,2009-04-30
602680,2016-05-21,2016-07-09,7,7,8,8,2008-05-22,2008-07-09
602680,2016-07-09,2016-09-24,8,8,8,8,2007-09-25,2008-07-09
602680,2016-09-24,2016-12-10,8,8,8,8,2007-12-11,2008-09-24
602680,2016-12-10,2016-12-24,8,8,8,8,2007-12-25,2008-12-10
602680,2016-12-24,2017-02-04,8,8,8,8,2008-02-05,2008-12-24
602680,2017-02-04,2017-02-25,8,8,8,8,2008-02-26,2009-02-04
602680,2017-02-25,2017-03-11,8,8,8,8,2008-03-12,2009-02-25
602680,2017-03-11,2017-04-08,8,8,8,8,2008-04-09,2009-03-11
602680,2017-04-08,2017-04-29,8,8,8,8,2008-04-30,2009-04-08
602680,2017-04-29,2017-05-20,8,8,6,6,2010-05-21,2009-04-29
602680,2017-05-20,2017-06-17,6,6,6,6,2010-06-18,2011-05-20
602680,2017-06-17,2017-07-01,6,6,6,6,2010-07-02,2011-06-17
602680,2017-07-01,2017-07-08,6,6,6,6,2010-07-09,2011-07-01
602680,2017-07-08,2017-07-15,6,6,6,6,2010-07-16,2011-07-08
602680,2017-07-15,2017-07-22,6,6,7,7,2010-07-16,2010-07-22
602680,2017-07-22,2017-08-05,7,7,7,7,2009-08-06,2010-07-22
602680,2017-08-05,2017-08-19,7,7,7,7,2009-08-20,2010-08-05
602680,2017-08-19,2017-09-09,7,7,7,7,2009-09-10,2010-08-19
602680,2017-09-09,2017-09-16,7,7,7,7,2009-09-17,2010-09-09
602680,2017-09-16,2017-09-30,7,7,7,7,2009-10-01,2010-09-16
602680,2017-09-30,2017-10-07,7,7,7,7,2009-10-08,2010-09-30
602680,2017-10-07,2017-11-25,7,7,7,7,2009-11-26,2010-10-07
602680,2017-11-25,2017-12-02,7,7,7,7,2009-12-03,2010-11-25
602680,2017-12-02,2017-12-09,7,7,7,7,2009-12-10,2010-12-02
602680,2017-12-09,2017-12-16,7,7,7,7,2009-12-17,2010-12-09
602680,2017-12-16,2018-01-06,7,7,7,7,2010-01-07,2010-12-16
602680,2018-01-06,2018-02-10,7,7,7,7,2010-02-11,2011-01-06
602680,2018-02-10,2018-02-24,7,7,7,7,2010-02-25,2011-02-10
602680,2018-02-24,2018-03-10,7,7,7,7,2010-03-11,2011-02-24
602680,2018-03-10,2018-03-24,7,7,7,7,2010-03-25,2011-03-10
602680,2018-03-24,2018-03-31,7,7,7,7,2010-04-01,2011-03-24
602680,2018-03-31,2018-04-28,7,7,7,7,2010-04-29,2011-03-31
602680,2018-04-28,2018-05-12,7,7,7,7,2010-05-13,2011-04-28
602680,2018-05-12,2018-08-11,7,7,8,8,2010-05-13,2010-08-11
602680,2018-08-11,2018-09-01,8,8,8,8,2009-09-02,2010-08-11
602680,2018-09-01,2018-09-22,8,8,8,8,2009-09-23,2010-09-01
602680,2018-09-22,2018-09-29,8,8,8,8,2009-09-30,2010-09-22
602680,2018-09-29,2018-10-06,8,8,8,8,2009-10-07,2010-09-29
602680,2018-10-06,2018-10-13,8,8,8,8,2009-10-14,2010-10-06
602680,2018-10-13,2018-12-08,8,8,8,8,2009-12-09,2010-10-13
602680,2018-12-08,2018-12-15,8,8,8,8,2009-12-16,2010-12-08
602680,2018-12-15,2019-01-01,8,8,8,8,2010-01-02,2010-12-15
602680,2019-01-01,2019-01-12,8,8,8,8,2010-01-13,2011-01-01
602680,2019-01-12,2019-01-19,8,8,8,8,2010-01-20,2011-01-12
602680,2019-01-19,2019-02-09,8,8,8,8,2010-02-10,2011-01-19
602680,2019-02-09,2019-03-02,8,8,8,8,2010-03-03,2011-02-09
602680,2019-03-02,2019-03-30,8,8,8,8,2010-03-31,2011-03-02
602680,2019-03-30,2019-04-13,8,8,8,8,2010-04-14,2011-03-30
602680,2019-04-13,2019-06-01,8,8,8,8,2010-06-02,2011-04-13
602680,2019-06-01,2019-06-15,8,8,8,8,2010-06-16,2011-06-01
602680,2019-06-15,2019-06-22,8,8,8,8,2010-06-23,2011-06-15
602680,2019-06-22,2019-08-17,8,8,9,9,2010-06-23,2010-08-17
602680,2019-08-17,2019-09-07,9,9,9,9,2009-09-08,2010-08-17
602680,2019-09-07,2019-09-14,9,9,9,9,2009-09-15,2010-09-07
602680,2019-09-14,2019-09-21,9,9,9,9,2009-09-22,2010-09-14
602680,2019-09-21,2019-09-28,9,9,9,9,2009-09-29,2010-09-21
602680,2019-09-28,2019-11-09,9,9,9,9,2009-11-10,2010-09-28
602680,2019-11-09,2019-11-16,9,9,9,9,2009-11-17,2010-11-09
602680,2019-11-16,2019-12-14,9,9,9,9,2009-12-15,2010-11-16
602680,2019-12-14,2020-01-18,9,9,9,9,2010-01-19,2010-12-14
602680,2020-01-18,2020-02-22,9,9,9,9,2010-02-23,2011-01-18
602680,2020-02-22,2021-08-21,9,9,11,11,2010-02-23,2010-08-21
602680,2021-08-21,2021-09-04,11,11,11,11,2009-09-05,2010-08-21
602680,2021-09-04,2021-09-11,11,11,11,11,2009-09-12,2010-09-04
602680,2021-09-11,2021-09-18,11,11,11,11,2009-09-19,2010-09-11
602680,2021-09-18,2021-10-16,11,11,11,11,2009-10-17,2010-09-18
602680,2021-10-16,2021-11-06,11,11,11,11,2009-11-07,2010-10-16
602680,2021-11-06,2021-11-13,11,11,11,11,2009-11-14,2010-11-06
602680,2021-11-13,2021-11-20,11,11,11,11,2009-11-21,2010-11-13
6094321,,2019-08-17,,,15,15,2003-08-18,2004-08-17
6094321,2019-08-17,2019-08-24,15,15,15,15,2003-08-25,2004-08-17
6094321,2019-08-24,2019-08-31,15,15,15,15,2003-09-01,2004-08-24
6094321,2019-08-31,2019-09-14,15,15,14,14,2004-09-15,2004-08-31
6094321,2019-09-14,2019-09-21,14,14,14,14,2004-09-22,2005-09-14
6094321,2019-09-21,2019-09-28,14,14,14,14,2004-09-29,2005-09-21
6094321,2019-09-28,2019-10-12,14,14,14,14,2004-10-13,2005-09-28
6094321,2019-10-12,2019-11-16,14,14,14,14,2004-11-17,2005-10-12
6094321,2019-11-16,2019-11-30,14,14,14,14,2004-12-01,2005-11-16
614195,,2013-08-31,,,52,52,1960-09-01,1961-08-31
614195,2013-08-31,2013-09-07,52,52,52,52,1960-09-08,1961-08-31
614195,2013-09-07,2013-09-21,52,52,52,52,1960-09-22,1961-09-07
614195,2013-09-21,2013-09-28,52,52,52,52,1960-09-29,1961-09-21
614195,2013-09-28,2013-10-12,52,52,52,52,1960-10-13,1961-09-28
614195,2013-10-12,2013-10-26,52,52,52,52,1960-10-27,1961-10-12
614195,2013-10-26,2013-11-02,52,52,52,52,1960-11-03,1961-10-26
614195,2013-11-02,2013-11-09,52,52,52,52,1960-11-10,1961-11-02
614195,2013-11-09,2013-11-23,52,52,52,52,1960-11-24,1961-11-09
614195,2013-11-23,2013-11-30,52,52,52,52,1960-12-01,1961-11-23
614195,2013-11-30,2013-12-07,52,52,52,52,1960-12-08,1961-11-30
614195,2013-12-07,2013-12-21,52,52,52,52,1960-12-22,1961-12-07
614195,2013-12-21,2013-12-25,52,52,52,52,1960-12-26,1961-12-21
614195,2013-12-25,2013-12-28,52,52,52,52,1960-12-29,1961-12-25
614195,2013-12-28,2014-01-04,52,52,52,52,1961-01-05,1961-12-28
614195,2014-01-04,2014-01-11,52,52,52,52,1961-01-12,1962-01-04
614195,2014-01-11,2014-01-18,52,52,52,52,1961-01-19,1962-01-11
614195,2014-01-18,2014-01-25,52,52,52,52,1961-01-26,1962-01-18
614195,2014-01-25,2014-02-01,52,52,52,52,1961-02-02,1962-01-25
614195,2014-02-01,2014-02-08,52,52,52,52,1961-02-09,1962-02-01
614195,2014-02-08,2014-02-22,52,52,52,52,1961-02-23,1962-02-08
614195,2014-02-22,2014-03-08,52,52,52,52,1961-03-09,1962-02-22
614195,2014-03-08,2014-03-15,52,52,52,52,1961-03-16,1962-03-08
614195,2014-03-15,2014-03-29,52,52,52,52,1961-03-30,1962-03-15
614195,2014-03-29,2014-04-05,52,52,52,52,1961-04-06,1962-03-29
614195,2014-04-05,2014-04-12,52,52,52,52,1961-04-13,1962-04-05
614195,2014-04-12,2014-04-26,52,52,52,52,1961-04-27,1962-04-12
614195,2014-04-26,2014-05-10,52,52,52,52,1961-05-11,1962-04-26
614195,2014-05-10,2014-05-17,52,52,52,52,1961-05-18,1962-05-10
614195,2014-05-17,2014-05-24,52,52,52,52,1961-05-25,1962-05-17
614195,2014-05-24,2014-05-31,52,52,52,52,1961-06-01,1962-05-24
614195,2014-05-31,2014-06-07,52,52,52,52,1961-06-08,1962-05-31
614195,2014-06-07,2014-06-14,52,52,52,52,1961-06-15,1962-06-07
614195,2014-06-14,2014-06-21,52,52,52,52,1961-06-22,1962-06-14
614195,2014-06-21,2014-06-28,52,52,52,52,1961-06-29,1962-06-21
614195,2014-06-28,2014-07-05,52,52,52,52,1961-07-06,1962-06-28
614195,2014-07-05,2014-07-12,52,52,52,52,1961-07-13,1962-07-05
614195,2014-07-12,2014-07-26,52,52,52,52,1961-07-27,1962-07-12
614195,2014-07-26,2014-08-09,52,52,53,53,1961-07-27,1961-08-09
614195,2014-08-09,2014-08-16,53,53,53,53,1960-08-17,1961-08-09
614195,2014-08-16,2014-08-23,53,53,53,53,1960-08-24,1961-08-16
614195,2014-08-23,2014-08-30,53,53,53,53,1960-08-31,1961-08-23
614195,2014-08-30,2014-09-13,53,53,53,53,1960-09-14,1961-08-30
614195,2014-09-13,2014-09-20,53,53,53,53,1960-09-21,1961-09-13
614195,2014-09-20,2014-09-27,53,53,53,53,1960-09-28,1961-09-20
614195,2014-09-27,2014-10-04,53,53,53,53,1960-10-05,1961-09-27
614195,2014-10-04,2014-10-11,53,53,53,53,1960-10-12,1961-10-04
614195,2014-10-11,2014-10-18,53,53,53,53,1960-10-19,1961-10-11
614195,2014-10-18,2014-11-01,53,53,53,53,1960-11-02,1961-10-18
614195,2014-11-01,2014-11-08,53,53,53,53,1960-11-09,1961-11-01
614195,2014-11-08,2014-11-22,53,53,53,53,1960-11-23,1961-11-08
614195,2014-11-22,2014-11-29,53,53,53,53,1960-11-30,1961-11-22
614195,2014-11-29,2014-12-06,53,53,53,53,1960-12-07,1961-11-29
614195,2014-12-06,2014-12-13,53,53,53,53,1960-12-14,1961-12-06
614195,2014-12-13,2014-12-20,53,53,53,53,1960-12-21,1961-12-13
614195,2014-12-20,2014-12-25,53,53,53,53,1960-12-26,1961-12-20
614195,2014-12-25,2014-12-27,53,53,53,53,1960-12-28,1961-12-25
614195,2014-12-27,2015-01-01,53,53,53,53,1961-01-02,1961-12-27
614195,2015-01-01,2015-01-03,53,53,53,53,1961-01-04,1962-01-01
614195,2015-01-03,2015-01-10,53,53,53,53,1961-01-11,1962-01-03
614195,2015-01-10,2015-01-17,53,53,53,53,1961-01-18,1962-01-10
614195,2015-01-17,2015-01-24,53,53,53,53,1961-01-25,1962-01-17
614195,2015-01-24,2015-02-07,53,53,53,53,1961-02-08,1962-01-24
614195,2015-02-07,2015-02-14,53,53,53,53,1961-02-15,1962-02-07
614195,2015-02-14,2015-02-21,53,53,53,53,1961-02-22,1962-02-14
614195,2015-02-21,2015-02-28,53,53,53,53,1961-03-01,1962-02-21
614195,2015-02-28,2015-04-04,53,53,53,53,1961-04-05,1962-02-28
614195,2015-04-04,2015-04-11,53,53,53,53,1961-04-12,1962-04-04
614195,2015-04-11,2015-04-18,53,53,53,53,1961-04-19,1962-04-11
614195,2015-04-18,2015-05-02,53,53,53,53,1961-05-03,1962-04-18
614195,2015-05-02,2015-05-09,53,53,53,53,1961-05-10,1962-05-02
614195,2015-05-09,2015-05-16,53,53,53,53,1961-05-17,1962-05-09
614195,2015-05-16,2015-05-23,53,53,53,53,1961-05-24,1962-05-16
614195,2015-05-23,2015-05-30,53,53,53,53,1961-05-31,1962-05-23
614195,2015-05-30,2015-06-13,53,53,53,53,1961-06-14,1962-05-30
614195,2015-06-13,2015-06-20,53,53,53,53,1961-06-21,1962-06-13
614195,2015-06-20,2015-06-27,53,53,53,53,1961-06-28,1962-06-20
614195,2015-06-27,2015-07-04,53,53,53,53,1961-07-05,1962-06-27
614195,2015-07-04,2015-07-11,53,53,53,53,1961-07-12,1962-07-04
614195,2015-07-11,2015-07-18,53,53,53,53,1961-07-19,1962-07-11
614195,2015-07-18,2015-07-25,53,53,53,53,1961-07-26,1962-07-18
614195,2015-07-25,2015-08-01,53,53,54,54,1961-07-26,1961-08-01
614195,2015-08-01,2015-08-08,54,54,54,54,1960-08-09,1961-08-01
614195,2015-08-08,2015-08-22,54,54,54,54,1960-08-23,1961-08-08
614195,2015-08-22,2015-08-29,54,54,54,54,1960-08-30,1961-08-22
614195,2015-08-29,2015-09-05,54,54,54,54,1960-09-06,1961-08-29
614195,2015-09-05,2015-09-26,54,54,54,54,1960-09-27,1961-09-05
614195,2015-09-26,2015-10-03,54,54,54,54,1960-10-04,1961-09-26
614195,2015-10-03,2015-10-10,54,54,54,54,1960-10-11,1961-10-03
614195,2015-10-10,2015-10-17,54,54,54,54,1960-10-18,1961-10-10
614195,2015-10-17,2015-10-31,54,54,54,54,1960-11-01,1961-10-17
614195,2015-10-31,2015-11-07,54,54,54,54,1960-11-08,1961-10-31
614195,2015-11-07,2015-11-21,54,54,54,54,1960-11-22,1961-11-07
614195,2015-11-21,2015-11-28,54,54,54,54,1960-11-29,1961-11-21
614195,2015-11-28,2015-12-05,54,54,54,54,1960-12-06,1961-11-28
614195,2015-12-05,2015-12-12,54,54,54,54,1960-12-13,1961-12-05
614195,2015-12-12,2015-12-19,54,54,54,54,1960-12-20,1961-12-12
614195,2015-12-19,2015-12-25,54,54,54,54,1960-12-26,1961-12-19
614195,2015-12-25,2016-01-01,54,54,54,54,1961-01-02,1961-12-25
614195,2016-01-01,2016-01-02,54,54,54,54,1961-01-03,1962-01-01
614195,2016-01-02,2016-01-16,54,54,54,54,1961-01-17,1962-01-02
614195,2016-01-16,2016-01-23,54,54,54,54,1961-01-24,1962-01-16
614195,2016-01-23,2016-01-30,54,54,54,54,1961-01-31,1962-01-23
614195,2016-01-30,2016-02-06,54,54,54,54,1961-02-07,1962-01-30
614195,2016-02-06,2016-02-13,54,54,54,54,1961-02-14,1962-02-06
614195,2016-02-13,2016-02-27,54,54,54,54,1961-02-28,1962-02-13
614195,2016-02-27,2016-03-12,54,54,54,54,1961-03-13,1962-02-27
614195,2016-03-12,2016-03-19,54,54,54,54,1961-03-20,1962-03-12
614195,2016-03-19,2016-04-02,54,54,54,54,1961-04-03,1962-03-19
614195,2016-04-02,2016-04-09,54,54,54,54,1961-04-10,1962-04-02
614195,2016-04-09,2016-04-16,54,54,54,54,1961-04-17,1962-04-09
614195,2016-04-16,2016-04-30,54,54,54,54,1961-05-01,1962-04-16
614195,2016-04-30,2016-05-07,54,54,54,54,1961-05-08,1962-04-30
614195,2016-05-07,2016-05-14,54,54,54,54,1961-05-15,1962-05-07
614195,2016-05-14,2016-05-21,54,54,54,54,1961-05-22,1962-05-14
614195,2016-05-21,2016-05-28,54,54,54,54,1961-05-29,1962-05-21
614195,2016-05-28,2016-06-04,54,54,54,54,1961-06-05,1962-05-28
614195,2016-06-04,2016-06-18,54,54,54,54,1961-06-19,1962-06-04
614195,2016-06-18,2016-06-25,54,54,54,54,1961-06-26,1962-06-18
614195,2016-06-25,2016-07-02,54,54,54,54,1961-07-03,1962-06-25
614195,2016-07-02,2016-07-23,54,54,54,54,1961-07-24,1962-07-02
614195,2016-07-23,2016-07-30,54,54,55,55,1961-07-24,1961-07-30
614195,2016-07-30,2016-08-13,55,55,55,55,1960-08-14,1961-07-30
614195,2016-08-13,2016-08-27,55,55,55,55,1960-08-28,1961-08-13
614195,2016-08-27,2016-09-03,55,55,55,55,1960-09-04,1961-08-27
614195,2016-09-03,2016-09-10,55,55,55,55,1960-09-11,1961-09-03
614195,2016-09-10,2016-09-24,55,55,55,55,1960-09-25,1961-09-10
614195,2016-09-24,2016-10-08,55,55,55,55,1960-10-09,1961-09-24
614195,2016-10-08,2016-10-15,55,55,55,55,1960-10-16,1961-10-08
614195,2016-10-15,2016-10-22,55,55,55,55,1960-10-23,1961-10-15
614195,2016-10-22,2016-11-12,55,55,55,55,1960-11-13,1961-10-22
614195,2016-11-12,2016-11-19,55,55,55,55,1960-11-20,1961-11-12
614195,2016-11-19,2016-11-26,55,55,55,55,1960-11-27,1961-11-19
614195,2016-11-26,2016-12-03,55,55,55,55,1960-12-04,1961-11-26
614195,2016-12-03,2016-12-17,55,55,55,55,1960-12-18,1961-12-03
614195,2016-12-17,2016-12-24,55,55,55,55,1960-12-25,1961-12-17
614195,2016-12-24,2016-12-25,55,55,55,55,1960-12-26,1961-12-24
614195,2016-12-25,2016-12-31,55,55,55,55,1961-01-01,1961-12-25
614195,2016-12-31,2017-01-01,55,55,55,55,1961-01-02,1961-12-31
614195,2017-01-01,2017-01-01,55,55,55,55,1961-01-02,1962-01-01
614195,2017-01-01,2017-01-14,55,55,55,55,1961-01-15,1962-01-01
614195,2017-01-14,2017-01-21,55,55,55,55,1961-01-22,1962-01-14
614195,2017-01-21,2017-01-28,55,55,55,55,1961-01-29,1962-01-21
614195,2017-01-28,2017-02-04,55,55,55,55,1961-02-05,1962-01-28
614195,2017-02-04,2017-02-11,55,55,55,55,1961-02-12,1962-02-04
614195,2017-02-11,2017-02-25,55,55,55,55,1961-02-26,1962-02-11
614195,2017-02-25,2017-03-04,55,55,55,55,1961-03-05,1962-02-25
614195,2017-03-04,2017-03-18,55,55,55,55,1961-03-19,1962-03-04
614195,2017-03-18,2017-03-25,55,55,55,55,1961-03-26,1962-03-18
614195,2017-03-25,2017-04-01,55,55,55,55,1961-04-02,1962-03-25
614195,2017-04-01,2017-04-08,55,55,55,55,1961-04-09,1962-04-01
614195,2017-04-08,2017-04-29,55,55,55,55,1961-04-30,1962-04-08
614195,2017-04-29,2017-05-06,55,55,55,55,1961-05-07,1962-04-29
614195,2017-05-06,2017-05-13,55,55,55,55,1961-05-14,1962-05-06
614195,2017-05-13,2017-05-20,55,55,55,55,1961-05-21,1962-05-13
614195,2017-05-20,2017-06-03,55,55,55,55,1961-06-04,1962-05-20
614195,2017-06-03,2017-06-10,55,55,55,55,1961-06-11,1962-06-03
614195,2017-06-10,2017-06-24,55,55,55,55,1961-06-25,1962-06-10
614195,2017-06-24,2017-07-01,55,55,55,55,1961-07-02,1962-06-24
614195,2017-07-01,2017-07-29,55,55,56,56,1961-07-02,1961-07-29
614195,2017-07-29,2017-08-12,56,56,56,56,1960-08-13,1961-07-29
614195,2017-08-12,2017-08-19,56,56,56,56,1960-08-20,1961-08-12
614195,2017-08-19,2017-09-09,56,56,56,56,1960-09-10,1961-08-19
614195,2017-09-09,2017-09-16,56,56,56,56,1960-09-17,1961-09-09
614195,2017-09-16,2017-09-23,56,56,56,56,1960-09-24,1961-09-16
614195,2017-09-23,2017-09-30,56,56,56,56,1960-10-01,1961-09-23
614195,2017-09-30,2017-10-07,56,56,56,56,1960-10-08,1961-09-30
614195,2017-10-07,2017-10-21,56,56,56,56,1960-10-22,1961-10-07
614195,2017-10-21,2017-10-28,56,56,56,56,1960-10-29,1961-10-21
614195,2017-10-28,2017-11-04,56,56,56,56,1960-11-05,1961-10-28
614195,2017-11-04,2017-11-11,56,56,56,56,1960-11-12,1961-11-04
614195,2017-11-11,2017-11-18,56,56,56,56,1960-11-19,1961-11-11
614195,2017-11-18,2017-11-25,56,56,56,56,1960-11-26,1961-11-18
614195,2017-11-25,2017-12-02,56,56,56,56,1960-12-03,1961-11-25
614195,2017-12-02,2017-12-16,56,56,56,56,1960-12-17,1961-12-02
614195,2017-12-16,2017-12-23,56,56,56,56,1960-12-24,1961-12-16
614195,2017-12-23,2017-12-25,56,56,56,56,1960-12-26,1961-12-23
614195,2017-12-25,2017-12-30,56,56,56,56,1960-12-31,1961-12-25
614195,2017-12-30,2018-01-01,56,56,56,56,1961-01-02,1961-12-30
614195,2018-01-01,2018-01-01,56,56,56,56,1961-01-02,1962-01-01
614195,2018-01-01,2018-01-06,56,56,56,56,1961-01-07,1962-01-01
614195,2018-01-06,2018-01-13,56,56,56,56,1961-01-14,1962-01-06
614195,2018-01-13,2018-01-20,56,56,56,56,1961-01-21,1962-01-13
614195,2018-01-20,2018-01-27,56,56,56,56,1961-01-28,1962-01-20
614195,2018-01-27,2018-02-03,56,56,56,56,1961-02-04,1962-01-27
614195,2018-02-03,2018-02-10,56,56,56,56,1961-02-11,1962-02-03
614195,2018-02-10,2018-02-17,56,56,56,56,1961-02-18,1962-02-10
614195,2018-02-17,2018-02-24,56,56,56,56,1961-02-25,1962-02-17
614195,2018-02-24,2018-03-03,56,56,56,56,1961-03-04,1962-02-24
614195,2018-03-03,2018-04-21,56,56,56,56,1961-04-22,1962-03-03
614195,2018-04-21,2018-05-12,56,56,56,56,1961-05-13,1962-04-21
614195,2018-05-12,2018-05-19,56,56,56,56,1961-05-20,1962-05-12
614195,2018-05-19,2018-05-26,56,56,56,56,1961-05-27,1962-05-19
614195,2018-05-26,2018-06-09,56,56,56,56,1961-06-10,1962-05-26
614195,2018-06-09,2018-06-16,56,56,56,56,1961-06-17,1962-06-09
614195,2018-06-16,2018-06-23,56,56,56,56,1961-06-24,1962-06-16
614195,2018-06-23,2018-06-30,56,56,56,56,1961-07-01,1962-06-23
614195,2018-06-30,2018-08-04,56,56,57,57,1961-07-01,1961-08-04
614195,2018-08-04,2018-08-25,57,57,57,57,1960-08-26,1961-08-04
614195,2018-08-25,2018-09-01,57,57,57,57,1960-09-02,1961-08-25
614195,2018-09-01,2018-09-08,57,57,57,57,1960-09-09,1961-09-01
614195,2018-09-08,2018-09-29,57,57,57,57,1960-09-30,1961-09-08
614195,2018-09-29,2018-10-06,57,57,57,57,1960-10-07,1961-09-29
614195,2018-10-06,2018-10-20,57,57,57,57,1960-10-21,1961-10-06
614195,2018-10-20,2018-10-27,57,57,57,57,1960-10-28,1961-10-20
614195,2018-10-27,2018-11-10,57,57,57,57,1960-11-11,1961-10-27
614195,2018-11-10,2018-11-17,57,57,57,57,1960-11-18,1961-11-10
614195,2018-11-17,2018-12-01,57,57,57,57,1960-12-02,1961-11-17
614195,2018-12-01,2018-12-08,57,57,57,57,1960-12-09,1961-12-01
614195,2018-12-08,2018-12-15,57,57,57,57,1960-12-16,1961-12-08
614195,2018-12-15,2018-12-25,57,57,57,57,1960-12-26,1961-12-15
614195,2018-12-25,2019-01-01,57,57,55,55,1963-01-02,1961-12-25
614195,2019-01-01,2019-01-01,55,55,57,57,1963-01-02,1962-01-01
614195,2019-01-01,2019-01-12,57,57,57,57,1961-01-13,1962-01-01
614195,2019-01-12,2019-01-19,57,57,57,57,1961-01-20,1962-01-12
614195,2019-01-19,2019-02-02,57,57,57,57,1961-02-03,1962-01-19
614195,2019-02-02,2019-02-09,57,57,57,57,1961-02-10,1962-02-02
614195,2019-02-09,2019-03-02,57,57,57,57,1961-03-03,1962-02-09
614195,2019-03-02,2019-03-16,57,57,57,57,1961-03-17,1962-03-02
614195,2019-03-16,2019-03-23,57,57,57,57,1961-03-24,1962-03-16
614195,2019-03-23,2019-04-06,57,57,57,57,1961-04-07,1962-03-23
614195,2019-04-06,2019-04-13,57,57,57,57,1961-04-14,1962-04-06
614195,2019-04-13,2019-04-27,57,57,57,57,1961-04-28,1962-04-13
614195,2019-04-27,2019-05-11,57,57,57,57,1961-05-12,1962-04-27
614195,2019-05-11,2019-05-18,57,57,57,57,1961-05-19,1962-05-11
614195,2019-05-18,2019-05-25,57,57,57,57,1961-05-26,1962-05-18
614195,2019-05-25,2019-06-01,57,57,57,57,1961-06-02,1962-05-25
614195,2019-06-01,2019-06-08,57,57,57,57,1961-06-09,1962-06-01
614195,2019-06-08,2019-06-15,57,57,57,57,1961-06-16,1962-06-08
614195,2019-06-15,2019-06-22,57,57,57,57,1961-06-23,1962-06-15
614195,2019-06-22,2019-06-29,57,57,57,57,1961-06-30,1962-06-22
614195,2019-06-29,2019-07-06,57,57,57,57,1961-07-07,1962-06-29
614195,2019-07-06,2019-08-10,57,57,58,58,1961-07-07,1961-08-10
614195,2019-08-10,2019-08-17,58,58,58,58,1960-08-18,1961-08-10
614195,2019-08-17,2019-08-24,58,58,58,58,1960-08-25,1961-08-17
614195,2019-08-24,2019-09-21,58,58,58,58,1960-09-22,1961-08-24
614195,2019-09-21,2019-09-28,58,58,58,58,1960-09-29,1961-09-21
614195,2019-09-28,2019-10-05,58,58,58,58,1960-10-06,1961-09-28
614195,2019-10-05,2019-10-12,58,58,58,58,1960-10-13,1961-10-05
614195,2019-10-12,2019-10-19,58,58,58,58,1960-10-20,1961-10-12
614195,2019-10-19,2019-10-26,58,58,58,58,1960-10-27,1961-10-19
614195,2019-10-26,2019-11-02,58,58,58,58,1960-11-03,1961-10-26
614195,2019-11-02,2019-11-09,58,58,58,58,1960-11-10,1961-11-02
614195,2019-11-09,2019-11-23,58,58,58,58,1960-11-24,1961-11-09
614195,2019-11-23,2019-11-30,58,58,58,58,1960-12-01,1961-11-23
614195,2019-11-30,2019-12-07,58,58,58,58,1960-12-08,1961-11-30
614195,2019-12-07,2019-12-14,58,58,58,58,1960-12-15,1961-12-07
614195,2019-12-14,2019-12-25,58,58,58,58,1960-12-26,1961-12-14
614195,2019-12-25,2020-01-01,58,58,58,58,1961-01-02,1961-12-25
614195,2020-01-01,2020-01-01,58,58,58,58,1961-01-02,1962-01-01
614195,2020-01-01,2020-01-11,58,58,58,58,1961-01-12,1962-01-01
614195,2020-01-11,2020-01-18,58,58,58,58,1961-01-19,1962-01-11
614195,2020-01-18,2020-01-25,58,58,58,58,1961-01-26,1962-01-18
614195,2020-01-25,2020-03-07,58,58,58,58,1961-03-08,1962-01-25
614195,2020-03-07,2021-07-24,58,58,59,59,1961-07-25,1962-03-07
614195,2021-07-24,2021-07-31,59,59,60,60,1961-07-25,1961-07-31
614195,2021-07-31,2021-08-07,60,60,60,60,1960-08-08,1961-07-31
614195,2021-08-07,2021-08-21,60,60,60,60,1960-08-22,1961-08-07
614195,2021-08-21,2021-08-28,60,60,60,60,1960-08-29,1961-08-21
614195,2021-08-28,2021-09-04,60,60,60,60,1960-09-05,1961-08-28
614195,2021-09-04,2021-09-18,60,60,60,60,1960-09-19,1961-09-04
614195,2021-09-18,2021-09-25,60,60,60,60,1960-09-26,1961-09-18
614195,2021-09-25,2021-10-09,60,60,60,60,1960-10-10,1961-09-25
614195,2021-10-09,2021-10-16,60,60,60,60,1960-10-17,1961-10-09
614195,2021-10-16,2021-11-06,60,60,60,60,1960-11-07,1961-10-16
614195,2021-11-06,2021-11-13,60,60,60,60,1960-11-14,1961-11-06
614195,2021-11-13,2021-11-27,60,60,60,60,1960-11-28,1961-11-13
614195,2021-11-27,2021-12-04,60,60,60,60,1960-12-05,1961-11-27
614195,2021-12-04,2021-12-11,60,60,60,60,1960-12-12,1961-12-04
614195,2021-12-11,2021-12-18,60,60,60,60,1960-12-19,1961-12-11
614195,2021-12-18,2021-12-25,60,60,60,60,1960-12-26,1961-12-18
614195,2021-12-25,2022-01-01,60,60,60,60,1961-01-02,1961-12-25
614195,2022-01-01,2022-01-08,60,60,60,60,1961-01-09,1962-01-01
614195,2022-01-08,2022-01-15,60,60,60,60,1961-01-16,1962-01-08
614195,2022-01-15,2022-01-22,60,60,60,60,1961-01-23,1962-01-15
614195,2022-01-22,2022-01-29,60,60,60,60,1961-01-30,1962-01-22
614195,2022-01-29,2022-02-05,60,60,60,60,1961-02-06,1962-01-29
614195,2022-02-05,2022-02-12,60,60,60,60,1961-02-13,1962-02-05
614195,2022-02-12,2022-02-19,60,60,60,60,1961-02-20,1962-02-12
614195,2022-02-19,2022-03-12,60,60,60,60,1961-03-13,1962-02-19
614195,2022-03-12,2022-04-09,60,60,60,60,1961-04-10,1962-03-12
614195,2022-04-09,2022-04-23,60,60,60,60,1961-04-24,1962-04-09
614195,2022-04-23,2022-05-21,60,60,60,60,1961-05-22,1962-04-23
614195,2022-05-21,2022-05-28,60,60,60,60,1961-05-29,1962-05-21
614195,2022-05-28,2022-06-11,60,60,60,60,1961-06-12,1962-05-28
614195,2022-06-11,2022-06-25,60,60,60,60,1961-06-26,1962-06-11
614195,2022-06-25,2022-09-10,60,60,61,61,1961-06-26,1961-09-10
614195,2022-09-10,2022-09-17,61,61,61,61,1960-09-18,1961-09-10
614195,2022-09-17,2022-09-24,61,61,61,61,1960-09-25,1961-09-17
614195,2022-09-24,2022-12-31,61,61,61,61,1961-01-01,1961-09-24
614195,2022-12-31,2023-01-01,61,61,61,61,1961-01-02,1961-12-31
614195,2023-01-01,2023-01-14,61,61,61,61,1961-01-15,1962-01-01
614195,2023-01-14,2023-05-06,61,61,61,61,1961-05-07,1962-01-14
614195,2023-05-06,2023-09-02,61,61,62,62,1961-05-07,1961-09-02
614195,2023-09-02,2023-09-16,62,62,62,62,1960-09-17,1961-09-02
614195,2023-09-16,2023-10-14,62,62,62,62,1960-10-15,1961-09-16
614195,2023-10-14,2023-11-25,62,62,62,62,1960-11-26,1961-10-14
614195,2023-11-25,2023-12-02,62,62,62,62,1960-12-03,1961-11-25
614195,2023-12-02,2023-12-09,62,62,62,62,1960-12-10,1961-12-02
614195,2023-12-09,2023-12-16,62,62,62,62,1960-12-17,1961-12-09
614195,2023-12-16,2023-12-23,62,62,62,62,1960-12-24,1961-12-16
614195,2023-12-23,2023-12-25,62,62,62,62,1960-12-26,1961-12-23
614195,2023-12-25,2023-12-30,62,62,62,62,1960-12-31,1961-12-25
614195,2023-12-30,2024-01-01,62,62,62,62,1961-01-02,1961-12-30
614195,2024-01-01,2024-01-13,62,62,62,62,1961-01-14,1962-01-01
614195,2024-01-13,2024-01-20,62,62,62,62,1961-01-21,1962-01-13
614195,2024-01-20,2024-01-27,62,62,62,62,1961-01-28,1962-01-20
614195,2024-01-27,2024-02-03,62,62,62,62,1961-02-04,1962-01-27
614195,2024-02-03,2024-02-10,62,62,62,62,1961-02-11,1962-02-03
614195,2024-02-10,2024-12-07,62,62,63,63,1961-02-11,1961-12-07
614195,2024-12-07,2024-12-14,63,63,63,63,1960-12-15,1961-12-07
614195,2024-12-14,2024-12-21,63,63,63,63,1960-12-22,1961-12-14
614195,2024-12-21,2025-01-01,63,63,63,63,1961-01-02,1961-12-21
614195,2025-01-01,2025-01-11,63,63,63,63,1961-01-12,1962-01-01
614195,2025-01-11,2025-01-18,63,63,63,63,1961-01-19,1962-01-11
614195,2025-01-18,2025-01-25,63,63,63,63,1961-01-26,1962-01-18
614195,2025-01-25,2025-02-01,63,63,63,63,1961-02-02,1962-01-25
614195,2025-02-01,2025-02-15,63,63,63,63,1961-02-16,1962-02-01
614195,2025-02-15,2025-03-01,63,63,63,63,1961-03-02,1962-02-15
614195,2025-03-01,2025-03-08,63,63,63,63,1961-03-09,1962-03-01
614195,2025-03-08,2025-03-22,63,63,63,63,1961-03-23,1962-03-08
614195,2025-03-22,2025-04-12,63,63,63,63,1961-04-13,1962-03-22
614195,2025-04-12,2025-04-19,63,63,63,63,1961-04-20,1962-04-12
614195,2025-04-19,2025-04-26,63,63,63,63,1961-04-27,1962-04-19
614195,2025-04-26,2025-05-10,63,63,63,63,1961-05-11,1962-04-26
614195,2025-05-10,2025-05-24,63,63,63,63,1961-05-25,1962-05-10
614195,2025-05-24,2025-06-07,63,63,63,63,1961-06-08,1962-05-24
614195,2025-06-07,2025-06-14,63,63,63,63,1961-06-15,1962-06-07
614195,2025-06-14,2025-11-22,63,63,64,64,1961-06-15,1961-11-22
614195,2025-11-22,2025-11-29,64,64,64,64,1960-11-30,1961-11-22
614195,2025-11-29,2025-12-06,64,64,64,64,1960-12-07,1961-11-29
614195,2025-12-06,2025-12-13,64,64,64,64,1960-12-14,1961-12-06
614195,2025-12-13,2025-12-20,64,64,64,64,1960-12-21,1961-12-13
614195,2025-12-20,2025-12-25,64,64,64,64,1960-12-26,1961-12-20
614195,2025-12-25,2025-12-27,64,64,64,64,1960-12-28,1961-12-25
614195,2025-12-27,2026-01-10,64,64,64,64,1961-01-11,1961-12-27
614195,2026-01-10,2026-01-17,64,64,64,64,1961-01-18,1962-01-10
614195,2026-01-17,2026-01-24,64,64,64,64,1961-01-25,1962-01-17
629678,,2013-08-24,,,49,49,1963-08-25,1964-08-24
629678,2013-08-24,2013-08-31,49,49,49,49,1963-09-01,1964-08-24
629678,2013-08-31,2013-09-28,49,49,49,49,1963-09-29,1964-08-31
629678,2013-09-28,2013-10-05,49,49,49,49,1963-10-06,1964-09-28
629678,2013-10-05,2013-10-26,49,49,49,49,1963-10-27,1964-10-05
629678,2013-10-26,2013-12-21,49,49,49,49,1963-12-22,1964-10-26
629678,2013-12-21,2013-12-28,49,49,49,49,1963-12-29,1964-12-21
629678,2013-12-28,2014-01-01,49,49,49,49,1964-01-02,1964-12-28
629678,2014-01-01,2014-01-04,49,49,49,49,1964-01-05,1965-01-01
629678,2014-01-04,2014-01-11,49,49,48,48,1965-01-12,1965-01-04
629678,2014-01-11,2014-01-18,48,48,48,48,1965-01-19,1966-01-11
629678,2014-01-18,2014-02-01,48,48,48,48,1965-02-02,1966-01-18
629678,2014-02-01,2014-02-08,48,48,48,48,1965-02-09,1966-02-01
640896,,2013-08-31,,,44,44,1968-09-01,1969-08-31
640896,2013-08-31,2013-09-14,44,44,44,44,1968-09-15,1969-08-31
640896,2013-09-14,2013-11-30,44,44,44,44,1968-12-01,1969-09-14
640896,2013-11-30,2013-12-07,44,44,44,44,1968-12-08,1969-11-30
640896,2013-12-07,2013-12-28,44,44,44,44,1968-12-29,1969-12-07
640896,2013-12-28,2014-01-01,44,44,44,44,1969-01-02,1969-12-28
640896,2014-01-01,2014-01-11,44,44,44,44,1969-01-12,1970-01-01
640896,2014-01-11,2014-01-18,44,44,44,44,1969-01-19,1970-01-11
640896,2014-01-18,2015-03-21,44,44,45,45,1969-03-22,1970-01-18
640896,2015-03-21,2015-04-04,45,45,45,45,1969-04-05,1970-03-21
640896,2015-04-04,2015-04-11,45,45,45,45,1969-04-12,1970-04-04
640896,2015-04-11,2015-04-18,45,45,45,45,1969-04-19,1970-04-11
640896,2015-04-18,2015-05-02,45,45,45,45,1969-05-03,1970-04-18
640896,2015-05-02,2015-05-09,45,45,46,46,1969-05-03,1969-05-09
640896,2015-05-09,2015-05-16,46,46,46,46,1968-05-17,1969-05-09
640896,2015-05-16,2015-05-23,46,46,46,46,1968-05-24,1969-05-16
640896,2015-05-23,2015-05-30,46,46,46,46,1968-05-31,1969-05-23
640896,2015-05-30,2015-07-04,46,46,46,46,1968-07-05,1969-05-30
640896,2015-07-04,2015-07-11,46,46,46,46,1968-07-12,1969-07-04
640896,2015-07-11,2015-07-18,46,46,46,46,1968-07-19,1969-07-11
640896,2015-07-18,2015-07-25,46,46,46,46,1968-07-26,1969-07-18
640896,2015-07-25,2015-08-01,46,46,46,46,1968-08-02,1969-07-25
640896,2015-08-01,2015-08-15,46,46,46,46,1968-08-16,1969-08-01
640896,2015-08-15,2015-08-22,46,46,46,46,1968-08-23,1969-08-15
640896,2015-08-22,2015-09-12,46,46,46,46,1968-09-13,1969-08-22
640896,2015-09-12,2015-09-26,46,46,46,46,1968-09-27,1969-09-12
640896,2015-09-26,2015-10-03,46,46,46,46,1968-10-04,1969-09-26
640896,2015-10-03,2015-11-14,46,46,46,46,1968-11-15,1969-10-03
640896,2015-11-14,2015-11-28,46,46,46,46,1968-11-29,1969-11-14
640896,2015-11-28,2015-12-05,46,46,46,46,1968-12-06,1969-11-28
640896,2015-12-05,2015-12-12,46,46,46,46,1968-12-13,1969-12-05
640896,2015-12-12,2015-12-19,46,46,46,46,1968-12-20,1969-12-12
640896,2015-12-19,2015-12-25,46,46,46,46,1968-12-26,1969-12-19
640896,2015-12-25,2015-12-26,46,46,46,46,1968-12-27,1969-12-25
640896,2015-12-26,2016-01-09,46,46,46,46,1969-01-10,1969-12-26
640896,2016-01-09,2016-01-16,46,46,46,46,1969-01-17,1970-01-09
640896,2016-01-16,2016-01-23,46,46,46,46,1969-01-24,1970-01-16
640896,2016-01-23,2016-01-30,46,46,46,46,1969-01-31,1970-01-23
640896,2016-01-30,2016-02-06,46,46,46,46,1969-02-07,1970-01-30
640896,2016-02-06,2016-02-13,46,46,46,46,1969-02-14,1970-02-06
640896,2016-02-13,2016-02-20,46,46,46,46,1969-02-21,1970-02-13
640896,2016-02-20,2016-02-27,46,46,46,46,1969-02-28,1970-02-20
640896,2016-02-27,2016-03-05,46,46,46,46,1969-03-06,1970-02-27
640896,2016-03-05,2016-03-12,46,46,46,46,1969-03-13,1970-03-05
640896,2016-03-12,2016-03-19,46,46,46,46,1969-03-20,1970-03-12
640896,2016-03-19,2016-03-26,46,46,46,46,1969-03-27,1970-03-19
640896,2016-03-26,2016-04-02,46,46,46,46,1969-04-03,1970-03-26
640896,2016-04-02,2016-04-09,46,46,46,46,1969-04-10,1970-04-02
640896,2016-04-09,2016-04-16,46,46,46,46,1969-04-17,1970-04-09
640896,2016-04-16,2016-04-30,46,46,46,46,1969-05-01,1970-04-16
640896,2016-04-30,2016-05-14,46,46,47,47,1969-05-01,1969-05-14
640896,2016-05-14,2016-05-28,47,47,47,47,1968-05-29,1969-05-14
640896,2016-05-28,2016-06-04,47,47,47,47,1968-06-05,1969-05-28
640896,2016-06-04,2016-06-11,47,47,47,47,1968-06-12,1969-06-04
640896,2016-06-11,2016-07-02,47,47,46,46,1969-07-03,1969-06-11
640896,2016-07-02,2016-07-16,46,46,46,46,1969-07-17,1970-07-02
640896,2016-07-16,2016-07-23,46,46,46,46,1969-07-24,1970-07-16
640896,2016-07-23,2016-09-03,46,46,46,46,1969-09-04,1970-07-23
640896,2016-09-03,2016-09-10,46,46,46,46,1969-09-11,1970-09-03
640896,2016-09-10,2016-09-17,46,46,46,46,1969-09-18,1970-09-10
640896,2016-09-17,2016-09-24,46,46,46,46,1969-09-25,1970-09-17
640896,2016-09-24,2016-10-01,46,46,46,46,1969-10-02,1970-09-24
640896,2016-10-01,2016-10-08,46,46,46,46,1969-10-09,1970-10-01
640896,2016-10-08,2016-10-22,46,46,46,46,1969-10-23,1970-10-08
640896,2016-10-22,2017-04-01,46,46,46,46,1970-04-02,1970-10-22
640896,2017-04-01,2017-07-29,46,46,47,47,1970-04-02,1970-07-29
640896,2017-07-29,2017-10-28,47,47,47,47,1969-10-29,1970-07-29
640896,2017-10-28,2017-11-18,47,47,47,47,1969-11-19,1970-10-28
640896,2017-11-18,2017-11-25,47,47,47,47,1969-11-26,1970-11-18
640896,2017-11-25,2017-12-23,47,47,47,47,1969-12-24,1970-11-25
640896,2017-12-23,2018-01-20,47,47,47,47,1970-01-21,1970-12-23
640896,2018-01-20,2018-03-10,47,47,47,47,1970-03-11,1971-01-20
640896,2018-03-10,2019-07-27,47,47,49,49,1970-03-11,1970-07-27
640896,2019-07-27,2021-12-25,49,49,51,51,1969-12-26,1970-07-27
640896,2021-12-25,2022-01-01,51,51,51,51,1970-01-02,1970-12-25
640896,2022-01-01,2022-02-12,51,51,51,51,1970-02-13,1971-01-01
640896,2022-02-12,2024-08-31,51,51,54,54,1970-02-13,1970-08-31
640896,2024-08-31,2024-09-07,54,54,54,54,1969-09-08,1970-08-31
640896,2024-09-07,2024-12-25,54,54,54,54,1969-12-26,1970-09-07
640896,2024-12-25,2025-11-22,54,54,55,55,1969-12-26,1970-11-22
640896,2025-11-22,2025-11-29,55,55,55,55,1969-11-30,1970-11-22
6419492,,2019-12-28,,,17,17,2001-12-29,2002-12-28
6419492,2019-12-28,2021-09-04,17,17,14,14,2006-09-05,2002-12-28
6419492,2021-09-04,2022-08-20,14,14,15,15,2006-09-05,2007-08-20
6419492,2022-08-20,2025-02-15,15,15,17,17,2007-02-16,2007-08-20
6419492,2025-02-15,2025-12-27,17,17,18,18,2007-02-16,2007-12-27
66495,,2014-04-05,,,39,39,1974-04-06,1975-04-05
66495,2014-04-05,2014-04-12,39,39,39,39,1974-04-13,1975-04-05
66495,2014-04-12,2014-04-26,39,39,39,39,1974-04-27,1975-04-12
66495,2014-04-26,2014-05-10,39,39,39,39,1974-05-11,1975-04-26
66495,2014-05-10,2014-05-24,39,39,39,39,1974-05-25,1975-05-10
66495,2014-05-24,2014-07-05,39,39,39,39,1974-07-06,1975-05-24
66495,2014-07-05,2014-07-12,39,39,39,39,1974-07-13,1975-07-05
66495,2014-07-12,2014-07-26,39,39,39,39,1974-07-27,1975-07-12
66495,2014-07-26,2014-08-16,39,39,39,39,1974-08-17,1975-07-26
66495,2014-08-16,2014-08-23,39,39,39,39,1974-08-24,1975-08-16
66495,2014-08-23,2014-09-13,39,39,40,40,1974-08-24,1974-09-13
66495,2014-09-13,2014-11-29,40,40,40,40,1973-11-30,1974-09-13
66495,2014-11-29,2014-12-06,40,40,40,40,1973-12-07,1974-11-29
66495,2014-12-06,2014-12-13,40,40,40,40,1973-12-14,1974-12-06
66495,2014-12-13,2014-12-20,40,40,40,40,1973-12-21,1974-12-13
66495,2014-12-20,2014-12-25,40,40,40,40,1973-12-26,1974-12-20
66495,2014-12-25,2015-01-03,40,40,40,40,1974-01-04,1974-12-25
66495,2015-01-03,2015-01-10,40,40,40,40,1974-01-11,1975-01-03
66495,2015-01-10,2015-01-17,40,40,40,40,1974-01-18,1975-01-10
66495,2015-01-17,2015-01-24,40,40,40,40,1974-01-25,1975-01-17
66495,2015-01-24,2015-02-07,40,40,40,40,1974-02-08,1975-01-24
66495,2015-02-07,2015-02-14,40,40,40,40,1974-02-15,1975-02-07
66495,2015-02-14,2015-02-21,40,40,40,40,1974-02-22,1975-02-14
66495,2015-02-21,2015-02-28,40,40,40,40,1974-03-01,1975-02-21
66495,2015-02-28,2015-03-14,40,40,40,40,1974-03-15,1975-02-28
66495,2015-03-14,2015-03-21,40,40,40,40,1974-03-22,1975-03-14
66495,2015-03-21,2015-03-28,40,40,40,40,1974-03-29,1975-03-21
66495,2015-03-28,2015-04-04,40,40,40,40,1974-04-05,1975-03-28
66495,2015-04-04,2015-05-09,40,40,40,40,1974-05-10,1975-04-04
66495,2015-05-09,2015-05-30,40,40,40,40,1974-05-31,1975-05-09
66495,2015-05-30,2015-06-13,40,40,44,44,1974-05-31,1971-06-13
66495,2015-06-13,2015-06-20,44,44,44,44,1970-06-21,1971-06-13
66495,2015-06-20,2015-07-04,44,44,40,40,1974-07-05,1971-06-20
66495,2015-07-04,2015-07-11,40,40,40,40,1974-07-12,1975-07-04
66495,2015-07-11,2015-07-18,40,40,40,40,1974-07-19,1975-07-11
66495,2015-07-18,2015-12-12,40,40,41,41,1974-07-19,1974-12-12
724290,,2013-11-02,,,45,45,1967-11-03,1968-11-02
724290,2013-11-02,2013-11-09,45,45,45,45,1967-11-10,1968-11-02
724290,2013-11-09,2013-11-16,45,45,45,45,1967-11-17,1968-11-09
724290,2013-11-16,2013-11-30,45,45,45,45,1967-12-01,1968-11-16
724290,2013-11-30,2013-12-14,45,45,45,45,1967-12-15,1968-11-30
724290,2013-12-14,2013-12-28,45,45,45,45,1967-12-29,1968-12-14
724290,2013-12-28,2014-01-01,45,45,45,45,1968-01-02,1968-12-28
724290,2014-01-01,2014-01-04,45,45,45,45,1968-01-05,1969-01-01
724290,2014-01-04,2014-01-11,45,45,45,45,1968-01-12,1969-01-04
724290,2014-01-11,2014-01-18,45,45,45,45,1968-01-19,1969-01-11
724290,2014-01-18,2014-01-25,45,45,45,45,1968-01-26,1969-01-18
724290,2014-01-25,2014-02-15,45,45,46,46,1968-01-26,1968-02-15
724290,2014-02-15,2014-02-22,46,46,46,46,1967-02-23,1968-02-15
724290,2014-02-22,2014-03-01,46,46,46,46,1967-03-02,1968-02-22
724290,2014-03-01,2014-03-08,46,46,46,46,1967-03-09,1968-03-01
724290,2014-03-08,2014-03-15,46,46,46,46,1967-03-16,1968-03-08
724290,2014-03-15,2014-03-22,46,46,46,46,1967-03-23,1968-03-15
724290,2014-03-22,2014-03-29,46,46,46,46,1967-03-30,1968-03-22
724290,2014-03-29,2014-04-05,46,46,46,46,1967-04-06,1968-03-29
724290,2014-04-05,2014-04-12,46,46,46,46,1967-04-13,1968-04-05
724290,2014-04-12,2014-04-19,46,46,46,46,1967-04-20,1968-04-12
724290,2014-04-19,2014-05-03,46,46,46,46,1967-05-04,1968-04-19
724290,2014-05-03,2014-05-17,46,46,46,46,1967-05-18,1968-05-03
724290,2014-05-17,2014-05-24,46,46,46,46,1967-05-25,1968-05-17
724290,2014-05-24,2014-05-31,46,46,46,46,1967-06-01,1968-05-24
724290,2014-05-31,2014-06-07,46,46,46,46,1967-06-08,1968-05-31
724290,2014-06-07,2014-06-14,46,46,46,46,1967-06-15,1968-06-07
724290,2014-06-14,2014-06-21,46,46,46,46,1967-06-22,1968-06-14
724290,2014-06-21,2014-06-28,46,46,46,46,1967-06-29,1968-06-21
724290,2014-06-28,2014-07-26,46,46,46,46,1967-07-27,1968-06-28
724290,2014-07-26,2014-08-02,46,46,46,46,1967-08-03,1968-07-26
724290,2014-08-02,2014-08-09,46,46,46,46,1967-08-10,1968-08-02
724290,2014-08-09,2014-08-16,46,46,46,46,1967-08-17,1968-08-09
724290,2014-08-16,2014-08-23,46,46,46,46,1967-08-24,1968-08-16
724290,2014-08-23,2014-08-30,46,46,46,46,1967-08-31,1968-08-23
724290,2014-08-30,2014-09-06,46,46,46,46,1967-09-07,1968-08-30
724290,2014-09-06,2014-09-20,46,46,46,46,1967-09-21,1968-09-06
724290,2014-09-20,2014-09-27,46,46,46,46,1967-09-28,1968-09-20
724290,2014-09-27,2014-10-04,46,46,46,46,1967-10-05,1968-09-27
724290,2014-10-04,2014-10-11,46,46,46,46,1967-10-12,1968-10-04
724290,2014-10-11,2014-10-18,46,46,46,46,1967-10-19,1968-10-11
724290,2014-10-18,2014-10-25,46,46,46,46,1967-10-26,1968-10-18
724290,2014-10-25,2014-11-01,46,46,46,46,1967-11-02,1968-10-25
724290,2014-11-01,2014-11-08,46,46,46,46,1967-11-09,1968-11-01
724290,2014-11-08,2014-11-15,46,46,46,46,1967-11-16,1968-11-08
724290,2014-11-15,2014-11-29,46,46,46,46,1967-11-30,1968-11-15
724290,2014-11-29,2014-12-06,46,46,46,46,1967-12-07,1968-11-29
724290,2014-12-06,2014-12-20,46,46,46,46,1967-12-21,1968-12-06
724290,2014-12-20,2014-12-25,46,46,46,46,1967-12-26,1968-12-20
724290,2014-12-25,2014-12-27,46,46,46,46,1967-12-28,1968-12-25
724290,2014-12-27,2015-01-01,46,46,46,46,1968-01-02,1968-12-27
724290,2015-01-01,2015-01-01,46,46,46,46,1968-01-02,1969-01-01
724290,2015-01-01,2015-01-03,46,46,46,46,1968-01-04,1969-01-01
724290,2015-01-03,2015-01-10,46,46,46,46,1968-01-11,1969-01-03
724290,2015-01-10,2015-01-17,46,46,46,46,1968-01-18,1969-01-10
724290,2015-01-17,2015-01-24,46,46,46,46,1968-01-25,1969-01-17
724290,2015-01-24,2015-01-31,46,46,46,46,1968-02-01,1969-01-24
724290,2015-01-31,2015-02-07,46,46,47,47,1968-02-01,1968-02-07
724290,2015-02-07,2015-02-14,47,47,47,47,1967-02-15,1968-02-07
724290,2015-02-14,2015-02-21,47,47,47,47,1967-02-22,1968-02-14
724290,2015-02-21,2015-02-28,47,47,47,47,1967-03-01,1968-02-21
724290,2015-02-28,2015-03-14,47,47,45,45,1969-03-15,1968-02-28
724290,2015-03-14,2015-04-11,45,45,47,47,1969-03-15,1968-04-11
724290,2015-04-11,2015-05-23,47,47,47,47,1967-05-24,1968-04-11
724290,2015-05-23,2015-05-30,47,47,45,45,1969-05-31,1968-05-23
724290,2015-05-30,2015-06-06,45,45,47,47,1969-05-31,1968-06-06
724290,2015-06-06,2015-06-13,47,47,47,47,1967-06-14,1968-06-06
724290,2015-06-13,2015-06-20,47,47,47,47,1967-06-21,1968-06-13
724290,2015-06-20,2015-07-25,47,47,47,47,1967-07-26,1968-06-20
724290,2015-07-25,2015-08-01,47,47,47,47,1967-08-02,1968-07-25
724290,2015-08-01,2015-08-08,47,47,47,47,1967-08-09,1968-08-01
724290,2015-08-08,2015-08-29,47,47,47,47,1967-08-30,1968-08-08
724290,2015-08-29,2015-09-19,47,47,45,45,1969-09-20,1968-08-29
724290,2015-09-19,2015-10-03,45,45,47,47,1969-09-20,1968-10-03
724290,2015-10-03,2015-10-10,47,47,47,47,1967-10-11,1968-10-03
724290,2015-10-10,2015-10-17,47,47,47,47,1967-10-18,1968-10-10
7364676,,2022-01-08,,,22,24,1997-01-09,2000-01-08
7364676,2022-01-08,2022-08-06,22,24,20,24,1997-08-07,2000-01-08
7364676,2022-08-06,2022-08-20,20,24,20,24,1997-08-21,2002-08-06
7364676,2022-08-20,2022-11-05,20,24,20,24,1997-11-06,2002-08-20
74670,,2013-01-12,,,49,49,1963-01-13,1964-01-12
74670,2013-01-12,2013-01-19,49,49,49,49,1963-01-20,1964-01-12
74670,2013-01-19,2013-03-16,49,49,49,49,1963-03-17,1964-01-19
74670,2013-03-16,2013-08-17,49,49,48,48,1964-08-18,1964-03-16
74670,2013-08-17,2014-01-18,48,48,48,48,1965-01-19,1965-08-17
74670,2014-01-18,2014-03-01,48,48,48,48,1965-03-02,1966-01-18
74670,2014-03-01,2014-04-05,48,48,48,48,1965-04-06,1966-03-01
74670,2014-04-05,2014-06-28,48,48,49,49,1965-04-06,1965-06-28
74670,2014-06-28,2014-12-06,49,49,49,49,1964-12-07,1965-06-28
74670,2014-12-06,2015-02-07,49,49,49,49,1965-02-08,1965-12-06
74670,2015-02-07,2015-02-14,49,49,49,49,1965-02-15,1966-02-07
74670,2015-02-14,2015-03-14,49,49,49,49,1965-03-15,1966-02-14
74670,2015-03-14,2015-08-08,49,49,50,50,1965-03-15,1965-08-08
74670,2015-08-08,2015-08-22,50,50,50,50,1964-08-23,1965-08-08
74670,2015-08-22,2015-10-10,50,50,50,50,1964-10-11,1965-08-22
74670,2015-10-10,2016-01-30,50,50,50,50,1965-01-31,1965-10-10
74670,2016-01-30,2016-10-22,50,50,51,51,1965-01-31,1965-10-22
74670,2016-10-22,2016-12-17,51,51,51,51,1964-12-18,1965-10-22
74670,2016-12-17,2017-01-14,51,51,51,51,1965-01-15,1965-12-17
74670,2017-01-14,2017-08-05,51,51,52,52,1965-01-15,1965-08-05
74670,2017-08-05,2017-10-21,52,52,52,52,1964-10-22,1965-08-05
74670,2017-10-21,2018-09-08,52,52,53,53,1964-10-22,1965-09-08
74670,2018-09-08,2019-08-31,53,53,54,54,1964-09-09,1965-08-31
74670,2019-08-31,2022-02-12,54,54,56,56,1965-02-13,1965-08-31
74670,2022-02-12,2022-06-11,56,56,57,57,1965-02-13,1965-06-11
74670,2022-06-11,2022-08-13,57,57,57,57,1964-08-14,1965-06-11
74670,2022-08-13,2025-05-17,57,57,60,60,1964-08-14,1965-05-17
7491589,,2023-04-08,,,5,5,2017-04-09,2018-04-08
7491589,2023-04-08,2024-03-30,5,5,6,6,2017-04-09,2018-03-30
7491589,2024-03-30,2024-07-20,6,6,5,5,2018-07-21,2018-03-30
7491589,2024-07-20,2025-01-01,5,5,5,5,2019-01-02,2019-07-20
7491589,2025-01-01,2025-04-19,5,5,6,6,2019-01-02,2019-04-19
7491589,2025-04-19,2025-06-28,6,6,6,6,2018-06-29,2019-04-19
7491589,2025-06-28,2025-07-05,6,6,6,6,2018-07-06,2019-06-28
7491589,2025-07-05,2025-07-12,6,6,6,6,2018-07-13,2019-07-05
7491589,2025-07-12,2025-10-25,6,6,6,6,2018-10-26,2019-07-12
7491589,2025-10-25,2025-11-29,6,6,6,6,2018-11-30,2019-10-25
7491589,2025-11-29,2025-12-27,6,6,6,6,2018-12-28,2019-11-29
7491589,2025-12-27,2026-01-01,6,6,6,6,2019-01-02,2019-12-27
764052,,2013-12-14,,,40,40,1972-12-15,1973-12-14
764052,2013-12-14,2014-04-05,40,40,41,41,1972-12-15,1973-04-05
764052,2014-04-05,2014-05-03,41,41,41,41,1972-05-04,1973-04-05
764052,2014-05-03,2014-05-10,41,41,41,41,1972-05-11,1973-05-03
764052,2014-05-10,2014-05-17,41,41,41,41,1972-05-18,1973-05-10
764052,2014-05-17,2014-07-12,41,41,41,41,1972-07-13,1973-05-17
764052,2014-07-12,2014-08-02,41,41,41,41,1972-08-03,1973-07-12
764052,2014-08-02,2014-09-13,41,41,41,41,1972-09-14,1973-08-02
764052,2014-09-13,2014-12-27,41,41,41,41,1972-12-28,1973-09-13
764052,2014-12-27,2015-02-07,41,41,41,41,1973-02-08,1973-12-27
764052,2015-02-07,2015-02-14,41,41,41,41,1973-02-15,1974-02-07
764052,2015-02-14,2015-02-21,41,41,41,41,1973-02-22,1974-02-14
764052,2015-02-21,2015-03-07,41,41,41,41,1973-03-08,1974-02-21
764052,2015-03-07,2015-03-21,41,41,42,42,1973-03-08,1973-03-21
764052,2015-03-21,2015-04-11,42,42,42,42,1972-04-12,1973-03-21
764052,2015-04-11,2015-04-25,42,42,42,42,1972-04-26,1973-04-11
764052,2015-04-25,2015-05-02,42,42,42,42,1972-05-03,1973-04-25
764052,2015-05-02,2015-05-16,42,42,42,42,1972-05-17,1973-05-02
764052,2015-05-16,2015-05-23,42,42,42,42,1972-05-24,1973-05-16
764052,2015-05-23,2015-06-27,42,42,42,42,1972-06-28,1973-05-23
764052,2015-06-27,2015-08-29,42,42,42,42,1972-08-30,1973-06-27
764052,2015-08-29,2015-11-14,42,42,42,42,1972-11-15,1973-08-29
764052,2015-11-14,2015-11-21,42,42,42,42,1972-11-22,1973-11-14
764052,2015-11-21,2015-11-28,42,42,42,42,1972-11-29,1973-11-21
764052,2015-11-28,2015-12-05,42,42,42,42,1972-12-06,1973-11-28
764052,2015-12-05,2015-12-12,42,42,42,42,1972-12-13,1973-12-05
764052,2015-12-12,2016-01-09,42,42,40,40,1975-01-10,1973-12-12
764052,2016-01-09,2016-01-16,40,40,42,42,1975-01-10,1974-01-16
764052,2016-01-16,2016-01-23,42,42,42,42,1973-01-24,1974-01-16
764052,2016-01-23,2016-02-13,42,42,42,42,1973-02-14,1974-01-23
764052,2016-02-13,2016-02-27,42,42,42,42,1973-02-28,1974-02-13
764052,2016-02-27,2016-03-05,42,42,42,42,1973-03-06,1974-02-27
764052,2016-03-05,2016-03-12,42,42,43,43,1973-03-06,1973-03-12
764052,2016-03-12,2016-03-26,43,43,43,43,1972-03-27,1973-03-12
764052,2016-03-26,2016-04-16,43,43,43,43,1972-04-17,1973-03-26
764052,2016-04-16,2016-05-07,43,43,43,43,1972-05-08,1973-04-16
764052,2016-05-07,2016-05-14,43,43,43,43,1972-05-15,1973-05-07
764052,2016-05-14,2016-05-21,43,43,43,43,1972-05-22,1973-05-14
764052,2016-05-21,2016-06-04,43,43,43,43,1972-06-05,1973-05-21
764052,2016-06-04,2016-06-25,43,43,43,43,1972-06-26,1973-06-04
764052,2016-06-25,2016-07-09,43,43,43,43,1972-07-10,1973-06-25
764052,2016-07-09,2016-07-30,43,43,43,43,1972-07-31,1973-07-09
764052,2016-07-30,2016-09-10,43,43,43,43,1972-09-11,1973-07-30
764052,2016-09-10,2016-10-22,43,43,43,43,1972-10-23,1973-09-10
764052,2016-10-22,2016-12-24,43,43,43,43,1972-12-25,1973-10-22
764052,2016-12-24,2016-12-31,43,43,43,43,1973-01-01,1973-12-24
764052,2016-12-31,2017-01-21,43,43,43,43,1973-01-22,1973-12-31
764052,2017-01-21,2017-02-04,43,43,43,43,1973-02-05,1974-01-21
764052,2017-02-04,2017-02-11,43,43,43,43,1973-02-12,1974-02-04
764052,2017-02-11,2017-04-29,43,43,44,44,1973-02-12,1973-04-29
764052,2017-04-29,2017-05-20,44,44,44,44,1972-05-21,1973-04-29
764052,2017-05-20,2017-06-10,44,44,44,44,1972-06-11,1973-05-20
764052,2017-06-10,2017-07-01,44,44,44,44,1972-07-02,1973-06-10
764052,2017-07-01,2017-07-08,44,44,44,44,1972-07-09,1973-07-01
764052,2017-07-08,2017-07-15,44,44,44,44,1972-07-16,1973-07-08
764052,2017-07-15,2017-09-02,44,44,44,44,1972-09-03,1973-07-15
764052,2017-09-02,2017-09-16,44,44,44,44,1972-09-17,1973-09-02
764052,2017-09-16,2017-09-30,44,44,44,44,1972-10-01,1973-09-16
764052,2017-09-30,2017-10-14,44,44,44,44,1972-10-15,1973-09-30
764052,2017-10-14,2017-12-02,44,44,44,44,1972-12-03,1973-10-14
764052,2017-12-02,2018-01-27,44,44,44,44,1973-01-28,1973-12-02
764052,2018-01-27,2018-06-30,44,44,45,45,1973-01-28,1973-06-30
764052,2018-06-30,2018-07-21,45,45,45,45,1972-07-22,1973-06-30
764052,2018-07-21,2018-08-11,45,45,45,45,1972-08-12,1973-07-21
764052,2018-08-11,2019-01-05,45,45,45,45,1973-01-06,1973-08-11
764052,2019-01-05,2019-05-04,45,45,46,46,1973-01-06,1973-05-04
764052,2019-05-04,2019-08-24,46,46,46,46,1972-08-25,1973-05-04
764052,2019-08-24,2019-10-12,46,46,46,46,1972-10-13,1973-08-24
764052,2019-10-12,2021-08-14,46,46,48,48,1972-10-13,1973-08-14
764052,2021-08-14,2021-08-21,48,48,48,48,1972-08-22,1973-08-14
764052,2021-08-21,2021-08-28,48,48,48,48,1972-08-29,1973-08-21
764052,2021-08-28,2021-09-04,48,48,48,48,1972-09-05,1973-08-28
764052,2021-09-04,2021-09-11,48,48,48,48,1972-09-12,1973-09-04
764052,2021-09-11,2021-09-18,48,48,48,48,1972-09-19,1973-09-11
764052,2021-09-18,2021-09-25,48,48,48,48,1972-09-26,1973-09-18
764052,2021-09-25,2021-10-30,48,48,48,48,1972-10-31,1973-09-25
764052,2021-10-30,2021-11-13,48,48,48,48,1972-11-14,1973-10-30
764052,2021-11-13,2021-12-11,48,48,48,48,1972-12-12,1973-11-13
764052,2021-12-11,2022-01-08,48,48,48,48,1973-01-09,1973-12-11
764052,2022-01-08,2022-03-05,48,48,48,48,1973-03-06,1974-01-08
764052,2022-03-05,2022-05-21,48,48,49,49,1973-03-06,1973-05-21
764052,2022-05-21,2022-06-04,49,49,49,49,1972-06-05,1973-05-21
764052,2022-06-04,2022-07-02,49,49,49,49,1972-07-03,1973-06-04
764052,2022-07-02,2022-07-09,49,49,49,49,1972-07-10,1973-07-02
764052,2022-07-09,2022-07-16,49,49,49,49,1972-07-17,1973-07-09
764052,2022-07-16,2022-09-24,49,49,49,49,1972-09-25,1973-07-16
764052,2022-09-24,2022-10-29,49,49,49,49,1972-10-30,1973-09-24
764052,2022-10-29,2022-11-05,49,49,49,49,1972-11-06,1973-10-29
764052,2022-11-05,2022-12-24,49,49,49,49,1972-12-25,1973-11-05
764052,2022-12-24,2022-12-31,49,49,49,49,1973-01-01,1973-12-24
764052,2022-12-31,2023-04-01,49,49,50,50,1973-01-01,1973-04-01
764052,2023-04-01,2023-04-22,50,50,50,50,1972-04-23,1973-04-01
764052,2023-04-22,2023-05-27,50,50,50,50,1972-05-28,1973-04-22
764052,2023-05-27,2023-07-22,50,50,50,50,1972-07-23,1973-05-27
764052,2023-07-22,2023-08-05,50,50,50,50,1972-08-06,1973-07-22
764052,2023-08-05,2023-11-11,50,50,50,50,1972-11-12,1973-08-05
764052,2023-11-11,2024-01-13,50,50,50,50,1973-01-14,1973-11-11
764052,2024-01-13,2024-02-17,50,50,50,50,1973-02-18,1974-01-13
764052,2024-02-17,2024-03-23,50,50,51,51,1973-02-18,1973-03-23
764052,2024-03-23,2024-04-20,51,51,51,51,1972-04-21,1973-03-23
764052,2024-04-20,2024-04-27,51,51,51,51,1972-04-28,1973-04-20
764052,2024-04-27,2024-05-18,51,51,51,51,1972-05-19,1973-04-27
764052,2024-05-18,2024-06-15,51,51,51,51,1972-06-16,1973-05-18
764052,2024-06-15,2024-09-14,51,51,51,51,1972-09-15,1973-06-15
764052,2024-09-14,2024-09-28,51,51,51,51,1972-09-29,1973-09-14
764052,2024-09-28,2024-10-05,51,51,51,51,1972-10-06,1973-09-28
764052,2024-10-05,2024-11-23,51,51,51,51,1972-11-24,1973-10-05
764052,2024-11-23,2024-11-30,51,51,51,51,1972-12-01,1973-11-23
764052,2024-11-30,2024-12-14,51,51,51,51,1972-12-15,1973-11-30
764052,2024-12-14,2025-01-01,51,51,51,51,1973-01-02,1973-12-14
764052,2025-01-01,2025-01-25,51,51,51,51,1973-01-26,1974-01-01
764052,2025-01-25,2025-03-22,51,51,52,52,1973-01-26,1973-03-22
764052,2025-03-22,2025-07-19,52,52,52,52,1972-07-20,1973-03-22
764052,2025-07-19,2025-08-09,52,52,52,52,1972-08-10,1973-07-19
764052,2025-08-09,2025-08-30,52,52,52,52,1972-08-31,1973-08-09
764052,2025-08-30,2026-01-03,52,52,52,52,1973-01-04,1973-08-30
769960,,2014-10-25,,,25,29,1984-10-26,1989-10-25
769960,2014-10-25,2015-09-05,25,29,30,30,1984-10-26,1985-09-05
769960,2015-09-05,2017-04-01,30,30,31,31,1985-04-02,1985-09-05
769960,2017-04-01,2017-04-08,31,31,31,31,1985-04-09,1986-04-01
769960,2017-04-08,2017-04-29,31,31,31,31,1985-04-30,1986-04-08
769960,2017-04-29,2017-05-13,31,31,32,32,1985-04-30,1985-05-13
769960,2017-05-13,2018-02-10,32,32,32,32,1985-02-11,1985-05-13
769960,2018-02-10,2018-06-02,32,32,33,33,1985-02-11,1985-06-02
769960,2018-06-02,2018-10-13,33,33,33,33,1984-10-14,1985-06-02
769960,2018-10-13,2018-12-01,33,33,33,33,1984-12-02,1985-10-13
769960,2018-12-01,2018-12-29,33,33,30,30,1987-12-30,1985-12-01
769960,2018-12-29,2019-02-09,30,30,33,33,1987-12-30,1986-02-09
769960,2019-02-09,2019-02-16,33,33,33,33,1985-02-17,1986-02-09
769960,2019-02-16,2019-08-31,33,33,34,34,1985-02-17,1985-08-31
769960,2019-08-31,2019-10-05,34,34,34,34,1984-10-06,1985-08-31
769960,2019-10-05,2019-12-28,34,34,34,34,1984-12-29,1985-10-05
769960,2019-12-28,2020-01-01,34,34,34,34,1985-01-02,1985-12-28
769960,2020-01-01,2020-01-04,34,34,34,34,1985-01-05,1986-01-01
769960,2020-01-04,2020-01-11,34,34,34,34,1985-01-12,1986-01-04
769960,2020-01-11,2020-01-18,34,34,34,34,1985-01-19,1986-01-11
769960,2020-01-18,2020-01-25,34,34,34,34,1985-01-26,1986-01-18
769960,2020-01-25,2020-02-08,34,34,34,34,1985-02-09,1986-01-25
769960,2020-02-08,2020-03-14,34,34,34,34,1985-03-15,1986-02-08
769960,2020-03-14,2021-08-14,34,34,36,36,1985-03-15,1985-08-14
769960,2021-08-14,2021-10-02,36,36,36,36,1984-10-03,1985-08-14
769960,2021-10-02,2021-10-23,36,36,36,36,1984-10-24,1985-10-02
769960,2021-10-23,2021-12-04,36,36,36,36,1984-12-05,1985-10-23
769960,2021-12-04,2022-01-15,36,36,36,36,1985-01-16,1985-12-04
769960,2022-01-15,2022-02-12,36,36,36,36,1985-02-13,1986-01-15
769960,2022-02-12,2022-05-28,36,36,37,37,1985-02-13,1985-05-28
769960,2022-05-28,2022-06-18,37,37,37,37,1984-06-19,1985-05-28
769960,2022-06-18,2022-06-25,37,37,37,37,1984-06-26,1985-06-18
769960,2022-06-25,2022-07-09,37,37,37,37,1984-07-10,1985-06-25
769960,2022-07-09,2022-07-23,37,37,37,37,1984-07-24,1985-07-09
769960,2022-07-23,2022-08-13,37,37,37,37,1984-08-14,1985-07-23
769960,2022-08-13,2022-10-15,37,37,37,37,1984-10-16,1985-08-13
769960,2022-10-15,2022-12-24,37,37,37,37,1984-12-25,1985-10-15
769960,2022-12-24,2023-01-07,37,37,37,37,1985-01-08,1985-12-24
769960,2023-01-07,2023-01-21,37,37,37,37,1985-01-22,1986-01-07
769960,2023-01-21,2023-01-28,37,37,37,37,1985-01-29,1986-01-21
769960,2023-01-28,2023-07-22,37,37,38,38,1985-01-29,1985-07-22
769960,2023-07-22,2023-10-28,38,38,38,38,1984-10-29,1985-07-22
769960,2023-10-28,2024-02-03,38,38,38,38,1985-02-04,1985-10-28
769960,2024-02-03,2024-02-24,38,38,38,38,1985-02-25,1986-02-03
769960,2024-02-24,2024-03-02,38,38,38,38,1985-03-03,1986-02-24
769960,2024-03-02,2024-03-23,38,38,38,38,1985-03-24,1986-03-02
769960,2024-03-23,2024-08-10,38,38,39,39,1985-03-24,1985-08-10
769960,2024-08-10,2024-10-26,39,39,39,39,1984-10-27,1985-08-10
769960,2024-10-26,2024-12-28,39,39,39,39,1984-12-29,1985-10-26
769960,2024-12-28,2025-01-04,39,39,39,39,1985-01-05,1985-12-28
769960,2025-01-04,2025-01-18,39,39,39,39,1985-01-19,1986-01-04
769960,2025-01-18,2025-02-15,39,39,39,39,1985-02-16,1986-01-18
769960,2025-02-15,2025-02-22,39,39,39,39,1985-02-23,1986-02-15
769960,2025-02-22,2025-07-05,39,39,40,40,1985-02-23,1985-07-05
769960,2025-07-05,2025-07-12,40,40,40,40,1984-07-13,1985-07-05
769960,2025-07-12,2025-10-25,40,40,40,40,1984-10-26,1985-07-12
769960,2025-10-25,2025-11-15,40,40,40,40,1984-11-16,1985-10-25
769960,2025-11-15,2026-01-01,40,40,40,40,1985-01-02,1985-11-15
769960,2026-01-01,2026-01-10,40,40,40,40,1985-01-11,1986-01-01
769960,2026-01-10,2026-01-17,40,40,40,40,1985-01-18,1986-01-10
769960,2026-01-17,2026-01-24,40,40,40,40,1985-01-25,1986-01-17
770951,,2014-04-05,,,40,40,1973-04-06,1974-04-05
770951,2014-04-05,2014-04-19,40,40,40,40,1973-04-20,1974-04-05
770951,2014-04-19,2014-09-13,40,40,40,40,1973-09-14,1974-04-19
770951,2014-09-13,2014-09-20,40,40,40,40,1973-09-21,1974-09-13
770951,2014-09-20,2014-10-04,40,40,40,40,1973-10-05,1974-09-20
770951,2014-10-04,2014-12-06,40,40,40,40,1973-12-07,1974-10-04
770951,2014-12-06,2015-01-10,40,40,41,41,1973-12-07,1974-01-10
770951,2015-01-10,2015-03-14,41,41,41,41,1973-03-15,1974-01-10
770951,2015-03-14,2015-03-21,41,41,41,41,1973-03-22,1974-03-14
770951,2015-03-21,2015-04-25,41,41,41,41,1973-04-26,1974-03-21
770951,2015-04-25,2015-05-02,41,41,41,41,1973-05-03,1974-04-25
770951,2015-05-02,2015-06-06,41,41,41,41,1973-06-07,1974-05-02
770951,2015-06-06,2015-06-13,41,41,42,42,1973-06-07,1973-06-13
770951,2015-06-13,2015-09-19,42,42,41,41,1973-09-20,1973-06-13
770951,2015-09-19,2015-10-10,41,41,41,41,1973-10-11,1974-09-19
770951,2015-10-10,2015-11-21,41,41,41,41,1973-11-22,1974-10-10
770951,2015-11-21,2015-11-28,41,41,41,41,1973-11-29,1974-11-21
770951,2015-11-28,2015-12-25,41,41,41,41,1973-12-26,1974-11-28
770951,2015-12-25,2016-01-30,41,41,42,42,1973-12-26,1974-01-30
770951,2016-01-30,2016-02-20,42,42,42,42,1973-02-21,1974-01-30
770951,2016-02-20,2016-03-05,42,42,42,42,1973-03-06,1974-02-20
770951,2016-03-05,2016-04-23,42,42,42,42,1973-04-24,1974-03-05
770951,2016-04-23,2016-06-18,42,42,42,42,1973-06-19,1974-04-23
770951,2016-06-18,2016-07-09,42,42,42,42,1973-07-10,1974-06-18
770951,2016-07-09,2016-09-24,42,42,42,42,1973-09-25,1974-07-09
770951,2016-09-24,2017-01-28,42,42,43,43,1973-09-25,1974-01-28
770951,2017-01-28,2017-02-25,43,43,43,43,1973-02-26,1974-01-28
770951,2017-02-25,2017-05-13,43,43,43,43,1973-05-14,1974-02-25
770951,2017-05-13,2018-04-28,43,43,44,44,1973-05-14,1974-04-28
770951,2018-04-28,2018-05-19,44,44,44,44,1973-05-20,1974-04-28
770951,2018-05-19,2018-12-22,44,44,44,44,1973-12-23,1974-05-19
770951,2018-12-22,2018-12-29,44,44,44,44,1973-12-30,1974-12-22
770951,2018-12-29,2019-05-04,44,44,45,45,1973-12-30,1974-05-04
770951,2019-05-04,2019-05-18,45,45,45,45,1973-05-19,1974-05-04
770951,2019-05-18,2019-06-01,45,45,45,45,1973-06-02,1974-05-18
770951,2019-06-01,2019-10-12,45,45,45,45,1973-10-13,1974-06-01
770951,2019-10-12,2021-08-07,45,45,47,47,1973-10-13,1974-08-07
770951,2021-08-07,2023-03-04,47,47,49,49,1973-08-08,1974-03-04
770951,2023-03-04,2024-06-08,49,49,50,50,1973-06-09,1974-03-04
780737,,2014-01-01,,,40,40,1973-01-02,1974-01-01
780737,2014-01-01,2014-01-18,40,40,40,40,1973-01-19,1974-01-01
780737,2014-01-18,2014-01-25,40,40,40,40,1973-01-26,1974-01-18
780737,2014-01-25,2014-02-08,40,40,40,40,1973-02-09,1974-01-25
780737,2014-02-08,2014-03-01,40,40,40,40,1973-03-02,1974-02-08
780737,2014-03-01,2014-03-08,40,40,40,40,1973-03-09,1974-03-01
780737,2014-03-08,2014-03-15,40,40,40,40,1973-03-16,1974-03-08
780737,2014-03-15,2014-04-05,40,40,40,40,1973-04-06,1974-03-15
780737,2014-04-05,2014-04-19,40,40,40,40,1973-04-20,1974-04-05
780737,2014-04-19,2014-04-26,40,40,40,40,1973-04-27,1974-04-19
780737,2014-04-26,2014-05-17,40,40,40,40,1973-05-18,1974-04-26
780737,2014-05-17,2014-05-24,40,40,40,40,1973-05-25,1974-05-17
780737,2014-05-24,2014-06-07,40,40,40,40,1973-06-08,1974-05-24
780737,2014-06-07,2014-07-12,40,40,40,40,1973-07-13,1974-06-07
780737,2014-07-12,2014-07-19,40,40,40,40,1973-07-20,1974-07-12
780737,2014-07-19,2014-08-30,40,40,40,40,1973-08-31,1974-07-19
780737,2014-08-30,2014-09-06,40,40,40,40,1973-09-07,1974-08-30
780737,2014-09-06,2014-10-04,40,40,41,41,1973-09-07,1973-10-04
780737,2014-10-04,2014-11-01,41,41,41,41,1972-11-02,1973-10-04
780737,2014-11-01,2014-11-29,41,41,41,41,1972-11-30,1973-11-01
780737,2014-11-29,2014-12-13,41,41,41,41,1972-12-14,1973-11-29
780737,2014-12-13,2014-12-20,41,41,41,41,1972-12-21,1973-12-13
780737,2014-12-20,2014-12-27,41,41,41,41,1972-12-28,1973-12-20
780737,2014-12-27,2015-01-01,41,41,41,41,1973-01-02,1973-12-27
780737,2015-01-01,2015-01-10,41,41,41,41,1973-01-11,1974-01-01
780737,2015-01-10,2015-01-24,41,41,41,41,1973-01-25,1974-01-10
780737,2015-01-24,2015-02-07,41,41,41,41,1973-02-08,1974-01-24
780737,2015-02-07,2015-02-28,41,41,41,41,1973-03-01,1974-02-07
780737,2015-02-28,2015-03-21,41,41,41,41,1973-03-22,1974-02-28
780737,2015-03-21,2015-03-28,41,41,41,41,1973-03-29,1974-03-21
780737,2015-03-28,2015-04-04,41,41,41,41,1973-04-05,1974-03-28
780737,2015-04-04,2015-05-02,41,41,41,41,1973-05-03,1974-04-04
780737,2015-05-02,2015-05-16,41,41,41,41,1973-05-17,1974-05-02
780737,2015-05-16,2015-06-20,41,41,42,42,1973-05-17,1973-06-20
780737,2015-06-20,2015-07-04,42,42,41,41,1973-07-05,1973-06-20
780737,2015-07-04,2015-08-22,41,41,41,41,1973-08-23,1974-07-04
780737,2015-08-22,2015-09-05,41,41,41,41,1973-09-06,1974-08-22
780737,2015-09-05,2015-09-19,41,41,41,41,1973-09-20,1974-09-05
780737,2015-09-19,2015-09-26,41,41,41,41,1973-09-27,1974-09-19
780737,2015-09-26,2015-10-10,41,41,42,42,1973-09-27,1973-10-10
780737,2015-10-10,2015-10-24,42,42,42,42,1972-10-25,1973-10-10
780737,2015-10-24,2015-12-12,42,42,42,42,1972-12-13,1973-10-24
780737,2015-12-12,2016-01-23,42,42,42,42,1973-01-24,1973-12-12
780737,2016-01-23,2016-02-13,42,42,42,42,1973-02-14,1974-01-23
780737,2016-02-13,2016-03-05,42,42,42,42,1973-03-06,1974-02-13
780737,2016-03-05,2016-04-02,42,42,42,42,1973-04-03,1974-03-05
780737,2016-04-02,2016-04-09,42,42,42,42,1973-04-10,1974-04-02
780737,2016-04-09,2016-05-14,42,42,42,42,1973-05-15,1974-04-09
780737,2016-05-14,2016-06-18,42,42,42,42,1973-06-19,1974-05-14
780737,2016-06-18,2016-08-06,42,42,42,42,1973-08-07,1974-06-18
780737,2016-08-06,2016-09-17,42,42,42,42,1973-09-18,1974-08-06
780737,2016-09-17,2016-10-01,42,42,42,42,1973-10-02,1974-09-17
780737,2016-10-01,2016-10-08,42,42,43,43,1973-10-02,1973-10-08
780737,2016-10-08,2016-11-05,43,43,43,43,1972-11-06,1973-10-08
780737,2016-11-05,2016-12-10,43,43,43,43,1972-12-11,1973-11-05
780737,2016-12-10,2016-12-17,43,43,43,43,1972-12-18,1973-12-10
780737,2016-12-17,2017-01-14,43,43,43,43,1973-01-15,1973-12-17
780737,2017-01-14,2017-02-04,43,43,43,43,1973-02-05,1974-01-14
780737,2017-02-04,2017-03-18,43,43,43,43,1973-03-19,1974-02-04
780737,2017-03-18,2017-05-13,43,43,43,43,1973-05-14,1974-03-18
780737,2017-05-13,2017-06-10,43,43,43,43,1973-06-11,1974-05-13
780737,2017-06-10,2017-06-24,43,43,43,43,1973-06-25,1974-06-10
780737,2017-06-24,2017-07-01,43,43,43,43,1973-07-02,1974-06-24
780737,2017-07-01,2017-07-15,43,43,43,43,1973-07-16,1974-07-01
780737,2017-07-15,2017-09-23,43,43,43,43,1973-09-24,1974-07-15
780737,2017-09-23,2017-10-14,43,43,44,44,1973-09-24,1973-10-14
780737,2017-10-14,2017-12-02,44,44,44,44,1972-12-03,1973-10-14
780737,2017-12-02,2017-12-16,44,44,44,44,1972-12-17,1973-12-02
780737,2017-12-16,2017-12-23,44,44,44,44,1972-12-24,1973-12-16
780737,2017-12-23,2018-02-03,44,44,44,44,1973-02-04,1973-12-23
780737,2018-02-03,2018-07-14,44,44,44,44,1973-07-15,1974-02-03
780737,2018-07-14,2018-07-21,44,44,44,44,1973-07-22,1974-07-14
780737,2018-07-21,2018-09-22,44,44,44,44,1973-09-23,1974-07-21
780737,2018-09-22,2018-12-22,44,44,45,45,1973-09-23,1973-12-22
780737,2018-12-22,2019-01-19,45,45,45,45,1973-01-20,1973-12-22
780737,2019-01-19,2019-07-06,45,45,45,45,1973-07-07,1974-01-19
780737,2019-07-06,2019-08-17,45,45,45,45,1973-08-18,1974-07-06
780737,2019-08-17,2019-08-31,45,45,45,45,1973-09-01,1974-08-17
780737,2019-08-31,2020-01-04,45,45,46,46,1973-09-01,1974-01-04
780737,2020-01-04,2020-02-08,46,46,46,46,1973-02-09,1974-01-04
780737,2020-02-08,2021-08-07,46,46,47,47,1973-08-08,1974-02-08
780737,2021-08-07,2021-12-11,47,47,48,48,1973-08-08,1973-12-11
780737,2021-12-11,2022-05-28,48,48,48,48,1973-05-29,1973-12-11
780737,2022-05-28,2022-06-11,48,48,48,48,1973-06-12,1974-05-28
780737,2022-06-11,2022-07-16,48,48,48,48,1973-07-17,1974-06-11
780737,2022-07-16,2022-08-27,48,48,48,48,1973-08-28,1974-07-16
780737,2022-08-27,2022-09-24,48,48,48,48,1973-09-25,1974-08-27
780737,2022-09-24,2022-10-15,48,48,49,49,1973-09-25,1973-10-15
780737,2022-10-15,2023-07-22,49,49,49,49,1973-07-23,1973-10-15
780737,2023-07-22,2023-08-19,49,49,49,49,1973-08-20,1974-07-22
780737,2023-08-19,2023-10-14,49,49,50,50,1973-08-20,1973-10-14
780737,2023-10-14,2023-11-11,50,50,50,50,1972-11-12,1973-10-14
780737,2023-11-11,2024-01-01,50,50,50,50,1973-01-02,1973-11-11
780737,2024-01-01,2024-01-13,50,50,50,50,1973-01-14,1974-01-01
780737,2024-01-13,2025-01-04,50,50,51,51,1973-01-14,1974-01-04
7929571,,2022-10-08,,,18,18,2003-10-09,2004-10-08
7929571,2022-10-08,2022-11-05,18,18,15,15,2006-11-06,2004-10-08
7929571,2022-11-05,2022-12-03,15,15,15,15,2006-12-04,2007-11-05
7929571,2022-12-03,2023-01-14,15,15,15,15,2007-01-15,2007-12-03
7929571,2023-01-14,2023-03-11,15,15,15,15,2007-03-12,2008-01-14
7929571,2023-03-11,2023-06-17,15,15,15,15,2007-06-18,2008-03-11
7929571,2023-06-17,2023-08-26,15,15,16,16,2007-06-18,2007-08-26
806554,,2014-01-25,,,36,36,1977-01-26,1978-01-25
806554,2014-01-25,2014-02-15,36,36,36,36,1977-02-16,1978-01-25
806554,2014-02-15,2014-02-22,36,36,36,36,1977-02-23,1978-02-15
806554,2014-02-22,2014-03-01,36,36,36,36,1977-03-02,1978-02-22
806554,2014-03-01,2014-03-08,36,36,36,36,1977-03-09,1978-03-01
806554,2014-03-08,2014-03-15,36,36,36,36,1977-03-16,1978-03-08
806554,2014-03-15,2014-04-05,36,36,37,37,1977-03-16,1977-04-05
806554,2014-04-05,2014-04-12,37,37,37,37,1976-04-13,1977-04-05
806554,2014-04-12,2014-04-19,37,37,37,37,1976-04-20,1977-04-12
806554,2014-04-19,2014-04-26,37,37,37,37,1976-04-27,1977-04-19
806554,2014-04-26,2014-05-03,37,37,37,37,1976-05-04,1977-04-26
806554,2014-05-03,2014-05-10,37,37,37,37,1976-05-11,1977-05-03
806554,2014-05-10,2014-05-17,37,37,37,37,1976-05-18,1977-05-10
806554,2014-05-17,2014-05-24,37,37,37,37,1976-05-25,1977-05-17
806554,2014-05-24,2014-05-31,37,37,37,37,1976-06-01,1977-05-24
806554,2014-05-31,2014-07-05,37,37,37,37,1976-07-06,1977-05-31
806554,2014-07-05,2014-07-12,37,37,37,37,1976-07-13,1977-07-05
806554,2014-07-12,2014-07-19,37,37,37,37,1976-07-20,1977-07-12
806554,2014-07-19,2014-07-26,37,37,37,37,1976-07-27,1977-07-19
806554,2014-07-26,2014-08-09,37,37,37,37,1976-08-10,1977-07-26
806554,2014-08-09,2014-08-16,37,37,37,37,1976-08-17,1977-08-09
806554,2014-08-16,2014-08-23,37,37,37,37,1976-08-24,1977-08-16
806554,2014-08-23,2014-08-30,37,37,37,37,1976-08-31,1977-08-23
806554,2014-08-30,2014-10-11,37,37,37,37,1976-10-12,1977-08-30
806554,2014-10-11,2014-10-25,37,37,37,37,1976-10-26,1977-10-11
806554,2014-10-25,2014-11-15,37,37,37,37,1976-11-16,1977-10-25
806554,2014-11-15,2015-01-10,37,37,37,37,1977-01-11,1977-11-15
806554,2015-01-10,2015-01-24,37,37,37,37,1977-01-25,1978-01-10
806554,2015-01-24,2015-02-07,37,37,37,37,1977-02-08,1978-01-24
806554,2015-02-07,2015-02-14,37,37,35,35,1979-02-15,1978-02-07
806554,2015-02-14,2015-02-28,35,35,37,37,1979-02-15,1978-02-28
806554,2015-02-28,2015-03-07,37,37,37,37,1977-03-08,1978-02-28
806554,2015-03-07,2015-03-14,37,37,37,37,1977-03-15,1978-03-07
806554,2015-03-14,2015-03-28,37,37,38,38,1977-03-15,1977-03-28
806554,2015-03-28,2015-04-04,38,38,38,38,1976-04-05,1977-03-28
806554,2015-04-04,2015-04-11,38,38,38,38,1976-04-12,1977-04-04
806554,2015-04-11,2015-04-18,38,38,38,38,1976-04-19,1977-04-11
806554,2015-04-18,2015-04-25,38,38,38,38,1976-04-26,1977-04-18
806554,2015-04-25,2015-05-02,38,38,38,38,1976-05-03,1977-04-25
806554,2015-05-02,2015-08-01,38,38,35,35,1979-08-02,1977-05-02
806554,2015-08-01,2015-08-15,35,35,35,35,1979-08-16,1980-08-01
806554,2015-08-15,2015-08-22,35,35,35,35,1979-08-23,1980-08-15
806554,2015-08-22,2015-09-05,35,35,38,38,1979-08-23,1977-09-05
806554,2015-09-05,2015-10-24,38,38,38,38,1976-10-25,1977-09-05
806554,2015-10-24,2016-01-02,38,38,38,38,1977-01-03,1977-10-24
806554,2016-01-02,2016-01-09,38,38,35,35,1980-01-10,1978-01-02
806554,2016-01-09,2016-01-30,35,35,38,38,1980-01-10,1978-01-30
806554,2016-01-30,2016-02-13,38,38,38,38,1977-02-14,1978-01-30
806554,2016-02-13,2016-02-20,38,38,38,38,1977-02-21,1978-02-13
806554,2016-02-20,2016-04-16,38,38,39,39,1977-02-21,1977-04-16
806554,2016-04-16,2016-05-14,39,39,39,39,1976-05-15,1977-04-16
806554,2016-05-14,2016-09-24,39,39,39,39,1976-09-25,1977-05-14
806554,2016-09-24,2016-10-22,39,39,39,39,1976-10-23,1977-09-24
806554,2016-10-22,2016-10-29,39,39,39,39,1976-10-30,1977-10-22
806554,2016-10-29,2017-02-04,39,39,39,39,1977-02-05,1977-10-29
806554,2017-02-04,2017-09-30,39,39,40,40,1977-02-05,1977-09-30
806554,2017-09-30,2018-01-27,40,40,40,40,1977-01-28,1977-09-30
806554,2018-01-27,2018-03-24,40,40,41,41,1977-01-28,1977-03-24
806554,2018-03-24,2019-01-12,41,41,41,41,1977-01-13,1977-03-24
806554,2019-01-12,2019-02-02,41,41,41,41,1977-02-03,1978-01-12
806554,2019-02-02,2019-02-09,41,41,41,41,1977-02-10,1978-02-02
806554,2019-02-09,2019-03-02,41,41,41,41,1977-03-03,1978-02-09
806554,2019-03-02,2019-08-31,41,41,42,42,1977-03-03,1977-08-31
806554,2019-08-31,2019-10-12,42,42,42,42,1976-10-13,1977-08-31
806554,2019-10-12,2022-02-05,42,42,44,44,1977-02-06,1977-10-12
810730,,2014-01-18,,,39,39,1974-01-19,1975-01-18
810730,2014-01-18,2014-01-25,39,39,37,37,1976-01-26,1975-01-18
810730,2014-01-25,2014-02-01,37,37,37,37,1976-02-02,1977-01-25
810730,2014-02-01,2014-02-08,37,37,37,37,1976-02-09,1977-02-01
810730,2014-02-08,2014-02-15,37,37,37,37,1976-02-16,1977-02-08
810730,2014-02-15,2014-02-22,37,37,37,37,1976-02-23,1977-02-15
810730,2014-02-22,2014-03-01,37,37,37,37,1976-03-02,1977-02-22
810730,2014-03-01,2014-03-08,37,37,37,37,1976-03-09,1977-03-01
810730,2014-03-08,2014-03-15,37,37,37,37,1976-03-16,1977-03-08
810730,2014-03-15,2014-03-22,37,37,37,37,1976-03-23,1977-03-15
810730,2014-03-22,2014-03-29,37,37,37,37,1976-03-30,1977-03-22
810730,2014-03-29,2014-04-05,37,37,37,37,1976-04-06,1977-03-29
810730,2014-04-05,2014-04-12,37,37,37,37,1976-04-13,1977-04-05
810730,2014-04-12,2014-04-19,37,37,37,37,1976-04-20,1977-04-12
810730,2014-04-19,2014-04-26,37,37,37,37,1976-04-27,1977-04-19
810730,2014-04-26,2014-05-10,37,37,37,37,1976-05-11,1977-04-26
810730,2014-05-10,2014-06-14,37,37,37,37,1976-06-15,1977-05-10
820431,,2014-03-15,,,51,51,1962-03-16,1963-03-15
820431,2014-03-15,2014-03-22,51,51,51,51,1962-03-23,1963-03-15
820431,2014-03-22,2014-03-29,51,51,51,51,1962-03-30,1963-03-22
820431,2014-03-29,2014-04-12,51,51,51,51,1962-04-13,1963-03-29
820431,2014-04-12,2014-04-19,51,51,51,51,1962-04-20,1963-04-12
820431,2014-04-19,2014-05-03,51,51,51,51,1962-05-04,1963-04-19
820431,2014-05-03,2014-06-07,51,51,51,51,1962-06-08,1963-05-03
820431,2014-06-07,2014-06-14,51,51,51,51,1962-06-15,1963-06-07
820431,2014-06-14,2014-08-09,51,51,51,51,1962-08-10,1963-06-14
820431,2014-08-09,2016-05-28,51,51,53,53,1962-08-10,1963-05-28
820431,2016-05-28,2016-06-04,53,53,53,53,1962-06-05,1963-05-28
820431,2016-06-04,2016-06-11,53,53,53,53,1962-06-12,1963-06-04
820431,2016-06-11,2016-06-18,53,53,53,53,1962-06-19,1963-06-11
820431,2016-06-18,2016-07-02,53,53,53,53,1962-07-03,1963-06-18
820431,2016-07-02,2016-07-16,53,53,53,53,1962-07-17,1963-07-02
820431,2016-07-16,2016-07-30,53,53,53,53,1962-07-31,1963-07-16
820431,2016-07-30,2016-08-20,53,53,53,53,1962-08-21,1963-07-30
820431,2016-08-20,2016-08-27,53,53,53,53,1962-08-28,1963-08-20
820431,2016-08-27,2016-10-08,53,53,53,53,1962-10-09,1963-08-27
820431,2016-10-08,2016-10-15,53,53,53,53,1962-10-16,1963-10-08
820431,2016-10-15,2016-10-22,53,53,53,53,1962-10-23,1963-10-15
820431,2016-10-22,2016-10-29,53,53,53,53,1962-10-30,1963-10-22
820431,2016-10-29,2016-11-12,53,53,54,54,1962-10-30,1962-11-12
820431,2016-11-12,2016-11-26,54,54,54,54,1961-11-27,1962-11-12
820431,2016-11-26,2017-01-07,54,54,54,54,1962-01-08,1962-11-26
820431,2017-01-07,2017-01-21,54,54,54,54,1962-01-22,1963-01-07
820431,2017-01-21,2017-02-18,54,54,54,54,1962-02-19,1963-01-21
820431,2017-02-18,2017-02-25,54,54,54,54,1962-02-26,1963-02-18
820431,2017-02-25,2017-03-04,54,54,54,54,1962-03-05,1963-02-25
820431,2017-03-04,2017-03-11,54,54,54,54,1962-03-12,1963-03-04
820431,2017-03-11,2017-03-18,54,54,54,54,1962-03-19,1963-03-11
820431,2017-03-18,2017-04-01,54,54,54,54,1962-04-02,1963-03-18
820431,2017-04-01,2017-04-08,54,54,54,54,1962-04-09,1963-04-01
820431,2017-04-08,2017-04-15,54,54,54,54,1962-04-16,1963-04-08
820431,2017-04-15,2017-05-06,54,54,54,54,1962-05-07,1963-04-15
820431,2017-05-06,2017-05-20,54,54,54,54,1962-05-21,1963-05-06
820431,2017-05-20,2017-05-27,54,54,54,54,1962-05-28,1963-05-20
820431,2017-05-27,2017-06-03,54,54,54,54,1962-06-04,1963-05-27
820431,2017-06-03,2017-06-10,54,54,54,54,1962-06-11,1963-06-03
820431,2017-06-10,2017-06-17,54,54,54,54,1962-06-18,1963-06-10
820431,2017-06-17,2017-07-01,54,54,54,54,1962-07-02,1963-06-17
820431,2017-07-01,2017-07-15,54,54,54,54,1962-07-16,1963-07-01
820431,2017-07-15,2017-07-22,54,54,54,54,1962-07-23,1963-07-15
820431,2017-07-22,2017-07-29,54,54,54,54,1962-07-30,1963-07-22
820431,2017-07-29,2017-08-19,54,54,54,54,1962-08-20,1963-07-29
820431,2017-08-19,2017-08-26,54,54,54,54,1962-08-27,1963-08-19
820431,2017-08-26,2017-09-02,54,54,54,54,1962-09-03,1963-08-26
820431,2017-09-02,2017-09-09,54,54,54,54,1962-09-10,1963-09-02
820431,2017-09-09,2017-09-16,54,54,54,54,1962-09-17,1963-09-09
820431,2017-09-16,2017-09-23,54,54,54,54,1962-09-24,1963-09-16
820431,2017-09-23,2017-10-07,54,54,49,49,1967-10-08,1963-09-23
820431,2017-10-07,2017-10-14,49,49,49,49,1967-10-15,1968-10-07
820431,2017-10-14,2017-10-21,49,49,49,49,1967-10-22,1968-10-14
820431,2017-10-21,2017-10-28,49,49,49,49,1967-10-29,1968-10-21
820431,2017-10-28,2017-11-04,49,49,49,49,1967-11-05,1968-10-28
820431,2017-11-04,2017-11-11,49,49,50,50,1967-11-05,1967-11-11
820431,2017-11-11,2017-11-25,50,50,50,50,1966-11-26,1967-11-11
820431,2017-11-25,2018-01-13,50,50,50,50,1967-01-14,1967-11-25
820431,2018-01-13,2018-01-20,50,50,50,50,1967-01-21,1968-01-13
820431,2018-01-20,2018-01-27,50,50,50,50,1967-01-28,1968-01-20
820431,2018-01-27,2018-02-03,50,50,50,50,1967-02-04,1968-01-27
820431,2018-02-03,2018-02-17,50,50,50,50,1967-02-18,1968-02-03
820431,2018-02-17,2018-03-10,50,50,50,50,1967-03-11,1968-02-17
820431,2018-03-10,2018-03-17,50,50,50,50,1967-03-18,1968-03-10
820431,2018-03-17,2018-04-14,50,50,50,50,1967-04-15,1968-03-17
820431,2018-04-14,2018-04-21,50,50,50,50,1967-04-22,1968-04-14
820431,2018-04-21,2018-04-28,50,50,50,50,1967-04-29,1968-04-21
820431,2018-04-28,2018-05-05,50,50,50,50,1967-05-06,1968-04-28
820431,2018-05-05,2018-06-02,50,50,50,50,1967-06-03,1968-05-05
820431,2018-06-02,2018-06-09,50,50,50,50,1967-06-10,1968-06-02
820431,2018-06-09,2018-06-16,50,50,50,50,1967-06-17,1968-06-09
820431,2018-06-16,2018-06-30,50,50,50,50,1967-07-01,1968-06-16
820431,2018-06-30,2018-07-07,50,50,50,50,1967-07-08,1968-06-30
820431,2018-07-07,2018-07-21,50,50,50,50,1967-07-22,1968-07-07
820431,2018-07-21,2018-07-28,50,50,50,50,1967-07-29,1968-07-21
820431,2018-07-28,2018-08-04,50,50,50,50,1967-08-05,1968-07-28
820431,2018-08-04,2018-08-11,50,50,50,50,1967-08-12,1968-08-04
820431,2018-08-11,2018-08-18,50,50,50,50,1967-08-19,1968-08-11
820431,2018-08-18,2018-08-25,50,50,50,50,1967-08-26,1968-08-18
820431,2018-08-25,2018-10-20,50,50,50,50,1967-10-21,1968-08-25
820431,2018-10-20,2018-11-17,50,50,51,51,1967-10-21,1967-11-17
820431,2018-11-17,2018-11-24,51,51,51,51,1966-11-25,1967-11-17
820431,2018-11-24,2018-12-01,51,51,51,51,1966-12-02,1967-11-24
820431,2018-12-01,2018-12-08,51,51,51,51,1966-12-09,1967-12-01
820431,2018-12-08,2019-01-05,51,51,51,51,1967-01-06,1967-12-08
820431,2019-01-05,2019-01-12,51,51,51,51,1967-01-13,1968-01-05
820431,2019-01-12,2019-01-19,51,51,51,51,1967-01-20,1968-01-12
820431,2019-01-19,2019-01-26,51,51,51,51,1967-01-27,1968-01-19
820431,2019-01-26,2019-02-02,51,51,51,51,1967-02-03,1968-01-26
820431,2019-02-02,2019-02-09,51,51,51,51,1967-02-10,1968-02-02
820431,2019-02-09,2019-02-16,51,51,51,51,1967-02-17,1968-02-09
820431,2019-02-16,2019-02-23,51,51,51,51,1967-02-24,1968-02-16
820431,2019-02-23,2019-03-09,51,51,51,51,1967-03-10,1968-02-23
820431,2019-03-09,2019-03-16,51,51,51,51,1967-03-17,1968-03-09
820431,2019-03-16,2019-03-30,51,51,51,51,1967-03-31,1968-03-16
820431,2019-03-30,2019-04-06,51,51,51,51,1967-04-07,1968-03-30
820431,2019-04-06,2019-04-13,51,51,51,51,1967-04-14,1968-04-06
820431,2019-04-13,2019-04-20,51,51,51,51,1967-04-21,1968-04-13
820431,2019-04-20,2019-04-27,51,51,51,51,1967-04-28,1968-04-20
820431,2019-04-27,2019-05-04,51,51,51,51,1967-05-05,1968-04-27
820431,2019-05-04,2019-05-11,51,51,51,51,1967-05-12,1968-05-04
820431,2019-05-11,2019-05-18,51,51,51,51,1967-05-19,1968-05-11
820431,2019-05-18,2019-05-25,51,51,51,51,1967-05-26,1968-05-18
820431,2019-05-25,2019-06-01,51,51,51,51,1967-06-02,1968-05-25
820431,2019-06-01,2019-06-08,51,51,51,51,1967-06-09,1968-06-01
820431,2019-06-08,2019-06-15,51,51,51,51,1967-06-16,1968-06-08
820431,2019-06-15,2019-06-29,51,51,51,51,1967-06-30,1968-06-15
820431,2019-06-29,2019-07-13,51,51,51,51,1967-07-14,1968-06-29
820431,2019-07-13,2019-07-20,51,51,51,51,1967-07-21,1968-07-13
820431,2019-07-20,2019-07-27,51,51,51,51,1967-07-28,1968-07-20
820431,2019-07-27,2019-08-03,51,51,51,51,1967-08-04,1968-07-27
820431,2019-08-03,2019-08-10,51,51,51,51,1967-08-11,1968-08-03
820431,2019-08-10,2019-08-17,51,51,51,51,1967-08-18,1968-08-10
820431,2019-08-17,2019-08-24,51,51,48,48,1970-08-25,1968-08-17
820431,2019-08-24,2019-08-31,48,48,48,48,1970-09-01,1971-08-24
820431,2019-08-31,2019-09-07,48,48,48,48,1970-09-08,1971-08-31
820431,2019-09-07,2019-09-14,48,48,48,48,1970-09-15,1971-09-07
820431,2019-09-14,2019-09-28,48,48,48,48,1970-09-29,1971-09-14
820431,2019-09-28,2019-10-05,48,48,48,48,1970-10-06,1971-09-28
820431,2019-10-05,2019-10-12,48,48,48,48,1970-10-13,1971-10-05
820431,2019-10-12,2019-10-19,48,48,48,48,1970-10-20,1971-10-12
820431,2019-10-19,2019-10-26,48,48,48,48,1970-10-27,1971-10-19
820431,2019-10-26,2019-11-16,48,48,49,49,1970-10-27,1970-11-16
820431,2019-11-16,2019-11-23,49,49,49,49,1969-11-24,1970-11-16
820431,2019-11-23,2019-11-30,49,49,49,49,1969-12-01,1970-11-23
820431,2019-11-30,2019-12-07,49,49,49,49,1969-12-08,1970-11-30
820431,2019-12-07,2020-01-01,49,49,49,49,1970-01-02,1970-12-07
820431,2020-01-01,2020-01-04,49,49,49,49,1970-01-05,1971-01-01
820431,2020-01-04,2020-01-11,49,49,49,49,1970-01-12,1971-01-04
820431,2020-01-11,2020-01-18,49,49,49,49,1970-01-19,1971-01-11
820431,2020-01-18,2020-01-25,49,49,49,49,1970-01-26,1971-01-18
820431,2020-01-25,2020-02-01,49,49,49,49,1970-02-02,1971-01-25
820431,2020-02-01,2020-02-08,49,49,49,49,1970-02-09,1971-02-01
820431,2020-02-08,2020-02-15,49,49,49,49,1970-02-16,1971-02-08
820431,2020-02-15,2020-02-22,49,49,49,49,1970-02-23,1971-02-15
820431,2020-02-22,2020-02-29,49,49,49,49,1970-03-02,1971-02-22
820431,2020-02-29,2020-03-14,49,49,49,49,1970-03-15,1971-03-01
820431,2020-03-14,2021-07-31,49,49,50,50,1970-08-01,1971-03-14
820431,2021-07-31,2021-08-07,50,50,50,50,1970-08-08,1971-07-31
820431,2021-08-07,2021-08-21,50,50,50,50,1970-08-22,1971-08-07
820431,2021-08-21,2021-09-25,50,50,50,50,1970-09-26,1971-08-21
820431,2021-09-25,2021-10-02,50,50,50,50,1970-10-03,1971-09-25
820431,2021-10-02,2021-10-09,50,50,50,50,1970-10-10,1971-10-02
820431,2021-10-09,2021-10-16,50,50,50,50,1970-10-17,1971-10-09
820431,2021-10-16,2021-10-23,50,50,50,50,1970-10-24,1971-10-16
820431,2021-10-23,2021-10-30,50,50,50,50,1970-10-31,1971-10-23
820431,2021-10-30,2021-11-06,50,50,51,51,1970-10-31,1970-11-06
820431,2021-11-06,2021-11-13,51,51,51,51,1969-11-14,1970-11-06
820431,2021-11-13,2021-11-20,51,51,51,51,1969-11-21,1970-11-13
820431,2021-11-20,2021-12-04,51,51,51,51,1969-12-05,1970-11-20
820431,2021-12-04,2021-12-11,51,51,51,51,1969-12-12,1970-12-04
820431,2021-12-11,2021-12-18,51,51,51,51,1969-12-19,1970-12-11
820431,2021-12-18,2021-12-25,51,51,51,51,1969-12-26,1970-12-18
820431,2021-12-25,2022-01-01,51,51,51,51,1970-01-02,1970-12-25
820431,2022-01-01,2022-01-08,51,51,51,51,1970-01-09,1971-01-01
820431,2022-01-08,2022-01-15,51,51,51,51,1970-01-16,1971-01-08
820431,2022-01-15,2022-01-22,51,51,51,51,1970-01-23,1971-01-15
820431,2022-01-22,2022-01-29,51,51,51,51,1970-01-30,1971-01-22
820431,2022-01-29,2022-02-12,51,51,51,51,1970-02-13,1971-01-29
820431,2022-02-12,2022-02-26,51,51,51,51,1970-02-27,1971-02-12
820431,2022-02-26,2022-03-12,51,51,51,51,1970-03-13,1971-02-26
820431,2022-03-12,2022-03-19,51,51,51,51,1970-03-20,1971-03-12
820431,2022-03-19,2022-04-09,51,51,51,51,1970-04-10,1971-03-19
820431,2022-04-09,2022-04-16,51,51,51,51,1970-04-17,1971-04-09
820431,2022-04-16,2022-04-23,51,51,51,51,1970-04-24,1971-04-16
820431,2022-04-23,2022-05-07,51,51,51,51,1970-05-08,1971-04-23
820431,2022-05-07,2022-05-21,51,51,51,51,1970-05-22,1971-05-07
820431,2022-05-21,2022-05-28,51,51,51,51,1970-05-29,1971-05-21
820431,2022-05-28,2022-06-11,51,51,51,51,1970-06-12,1971-05-28
820431,2022-06-11,2022-06-25,51,51,51,51,1970-06-26,1971-06-11
820431,2022-06-25,2022-07-02,51,51,51,51,1970-07-03,1971-06-25
820431,2022-07-02,2022-07-30,51,51,51,51,1970-07-31,1971-07-02
820431,2022-07-30,2022-08-13,51,51,51,51,1970-08-14,1971-07-30
820431,2022-08-13,2022-08-20,51,51,51,51,1970-08-21,1971-08-13
820431,2022-08-20,2022-08-27,51,51,51,51,1970-08-28,1971-08-20
820431,2022-08-27,2022-09-03,51,51,51,51,1970-09-04,1971-08-27
820431,2022-09-03,2022-09-24,51,51,51,51,1970-09-25,1971-09-03
820431,2022-09-24,2022-10-08,51,51,51,51,1970-10-09,1971-09-24
820431,2022-10-08,2022-10-15,51,51,51,51,1970-10-16,1971-10-08
820431,2022-10-15,2022-10-22,51,51,51,51,1970-10-23,1971-10-15
820431,2022-10-22,2022-11-05,51,51,51,51,1970-11-06,1971-10-22
820431,2022-11-05,2022-11-12,51,51,52,52,1970-11-06,1970-11-12
820431,2022-11-12,2022-11-19,52,52,52,52,1969-11-20,1970-11-12
820431,2022-11-19,2022-11-26,52,52,52,52,1969-11-27,1970-11-19
820431,2022-11-26,2022-12-03,52,52,52,52,1969-12-04,1970-11-26
820431,2022-12-03,2023-01-21,52,52,52,52,1970-01-22,1970-12-03
820431,2023-01-21,2023-01-28,52,52,52,52,1970-01-29,1971-01-21
820431,2023-01-28,2023-02-18,52,52,52,52,1970-02-19,1971-01-28
820431,2023-02-18,2023-03-04,52,52,52,52,1970-03-05,1971-02-18
820431,2023-03-04,2023-03-11,52,52,52,52,1970-03-12,1971-03-04
820431,2023-03-11,2023-04-08,52,52,52,52,1970-04-09,1971-03-11
820431,2023-04-08,2023-04-22,52,52,52,52,1970-04-23,1971-04-08
820431,2023-04-22,2023-05-06,52,52,52,52,1970-05-07,1971-04-22
820431,2023-05-06,2023-05-13,52,52,52,52,1970-05-14,1971-05-06
820431,2023-05-13,2023-05-20,52,52,52,52,1970-05-21,1971-05-13
820431,2023-05-20,2023-06-10,52,52,52,52,1970-06-11,1971-05-20
820431,2023-06-10,2023-06-17,52,52,52,52,1970-06-18,1971-06-10
820431,2023-06-17,2023-06-24,52,52,52,52,1970-06-25,1971-06-17
820431,2023-06-24,2023-07-08,52,52,52,52,1970-07-09,1971-06-24
820431,2023-07-08,2023-07-22,52,52,52,52,1970-07-23,1971-07-08
820431,2023-07-22,2023-08-05,52,52,52,52,1970-08-06,1971-07-22
820431,2023-08-05,2023-08-12,52,52,52,52,1970-08-13,1971-08-05
820431,2023-08-12,2023-09-02,52,52,52,52,1970-09-03,1971-08-12
820431,2023-09-02,2023-09-09,52,52,52,52,1970-09-10,1971-09-02
820431,2023-09-09,2023-09-16,52,52,52,52,1970-09-17,1971-09-09
820431,2023-09-16,2023-09-23,52,52,52,52,1970-09-24,1971-09-16
820431,2023-09-23,2023-09-30,52,52,52,52,1970-10-01,1971-09-23
820431,2023-09-30,2023-10-07,52,52,52,52,1970-10-08,1971-09-30
820431,2023-10-07,2023-10-14,52,52,52,52,1970-10-15,1971-10-07
820431,2023-10-14,2023-11-11,52,52,53,53,1970-10-15,1970-11-11
820431,2023-11-11,2023-11-18,53,53,53,53,1969-11-19,1970-11-11
820431,2023-11-18,2023-12-16,53,53,53,53,1969-12-17,1970-11-18
820431,2023-12-16,2023-12-25,53,53,53,53,1969-12-26,1970-12-16
820431,2023-12-25,2023-12-30,53,53,53,53,1969-12-31,1970-12-25
820431,2023-12-30,2024-01-01,53,53,53,53,1970-01-02,1970-12-30
820431,2024-01-01,2024-01-13,53,53,53,53,1970-01-14,1971-01-01
820431,2024-01-13,2024-01-20,53,53,53,53,1970-01-21,1971-01-13
820431,2024-01-20,2024-02-17,53,53,53,53,1970-02-18,1971-01-20
820431,2024-02-17,2024-03-02,53,53,53,53,1970-03-03,1971-02-17
820431,2024-03-02,2024-03-16,53,53,53,53,1970-03-17,1971-03-02
820431,2024-03-16,2024-04-06,53,53,53,53,1970-04-07,1971-03-16
820431,2024-04-06,2024-04-13,53,53,53,53,1970-04-14,1971-04-06
820431,2024-04-13,2024-04-20,53,53,53,53,1970-04-21,1971-04-13
820431,2024-04-20,2024-04-27,53,53,53,53,1970-04-28,1971-04-20
820431,2024-04-27,2024-05-04,53,53,53,53,1970-05-05,1971-04-27
820431,2024-05-04,2024-05-11,53,53,53,53,1970-05-12,1971-05-04
820431,2024-05-11,2024-05-25,53,53,53,53,1970-05-26,1971-05-11
820431,2024-05-25,2024-06-08,53,53,53,53,1970-06-09,1971-05-25
820431,2024-06-08,2024-06-15,53,53,53,53,1970-06-16,1971-06-08
820431,2024-06-15,2024-07-20,53,53,53,53,1970-07-21,1971-06-15
820431,2024-07-20,2024-08-03,53,53,53,53,1970-08-04,1971-07-20
820431,2024-08-03,2024-08-10,53,53,53,53,1970-08-11,1971-08-03
820431,2024-08-10,2024-08-17,53,53,53,53,1970-08-18,1971-08-10
820431,2024-08-17,2024-08-24,53,53,53,53,1970-08-25,1971-08-17
820431,2024-08-24,2024-08-31,53,53,53,53,1970-09-01,1971-08-24
820431,2024-08-31,2024-09-14,53,53,53,53,1970-09-15,1971-08-31
820431,2024-09-14,2024-09-21,53,53,53,53,1970-09-22,1971-09-14
820431,2024-09-21,2024-10-19,53,53,53,53,1970-10-20,1971-09-21
820431,2024-10-19,2024-10-26,53,53,53,53,1970-10-27,1971-10-19
820431,2024-10-26,2024-11-09,53,53,54,54,1970-10-27,1970-11-09
820431,2024-11-09,2024-11-23,54,54,54,54,1969-11-24,1970-11-09
820431,2024-11-23,2024-11-30,54,54,54,54,1969-12-01,1970-11-23
820431,2024-11-30,2024-12-14,54,54,54,54,1969-12-15,1970-11-30
820431,2024-12-14,2024-12-25,54,54,54,54,1969-12-26,1970-12-14
820431,2024-12-25,2024-12-28,54,54,54,54,1969-12-29,1970-12-25
820431,2024-12-28,2025-01-11,54,54,54,54,1970-01-12,1970-12-28
820431,2025-01-11,2025-01-25,54,54,54,54,1970-01-26,1971-01-11
820431,2025-01-25,2025-02-08,54,54,54,54,1970-02-09,1971-01-25
820431,2025-02-08,2025-03-15,54,54,54,54,1970-03-16,1971-02-08
820431,2025-03-15,2025-03-29,54,54,54,54,1970-03-30,1971-03-15
820431,2025-03-29,2025-04-12,54,54,54,54,1970-04-13,1971-03-29
820431,2025-04-12,2025-05-10,54,54,54,54,1970-05-11,1971-04-12
820431,2025-05-10,2025-05-17,54,54,54,54,1970-05-18,1971-05-10
820431,2025-05-17,2025-06-14,54,54,54,54,1970-06-15,1971-05-17
820431,2025-06-14,2025-06-28,54,54,54,54,1970-06-29,1971-06-14
820431,2025-06-28,2025-07-05,54,54,54,54,1970-07-06,1971-06-28
820431,2025-07-05,2025-09-06,54,54,54,54,1970-09-07,1971-07-05
820431,2025-09-06,2025-09-13,54,54,54,54,1970-09-14,1971-09-06
820431,2025-09-13,2025-09-20,54,54,54,54,1970-09-21,1971-09-13
820431,2025-09-20,2025-11-08,54,54,55,55,1970-09-21,1970-11-08
820431,2025-11-08,2025-11-15,55,55,55,55,1969-11-16,1970-11-08
820431,2025-11-15,2025-12-25,55,55,55,55,1969-12-26,1970-11-15
820431,2025-12-25,2025-12-27,55,55,55,55,1969-12-28,1970-12-25
820431,2025-12-27,2026-01-10,55,55,55,55,1970-01-11,1970-12-27
820431,2026-01-10,2026-01-17,55,55,55,55,1970-01-18,1971-01-10
8286970,,2023-03-11,,,52,52,1970-03-12,1971-03-11
8286970,2023-03-11,2023-03-18,52,52,52,52,1970-03-19,1971-03-11
8286970,2023-03-18,2023-04-01,52,52,52,52,1970-04-02,1971-03-18
8286970,2023-04-01,2023-04-22,52,52,53,53,1970-04-02,1970-04-22
8286970,2023-04-22,2023-07-15,53,53,53,53,1969-07-16,1970-04-22
8286970,2023-07-15,2023-09-16,53,53,53,53,1969-09-17,1970-07-15
8286970,2023-09-16,2023-11-25,53,53,53,53,1969-11-26,1970-09-16
8286970,2023-11-25,2023-12-02,53,53,53,53,1969-12-03,1970-11-25
8286970,2023-12-02,2023-12-16,53,53,53,53,1969-12-17,1970-12-02
8286970,2023-12-16,2023-12-30,53,53,53,53,1969-12-31,1970-12-16
8286970,2023-12-30,2024-01-20,53,53,53,53,1970-01-21,1970-12-30
8286970,2024-01-20,2024-02-24,53,53,52,52,1971-02-25,1971-01-20
8286970,2024-02-24,2024-03-23,52,52,52,52,1971-03-24,1972-02-24
8286970,2024-03-23,2024-07-27,52,52,53,53,1971-03-24,1971-07-27
8286970,2024-07-27,2024-10-05,53,53,53,53,1970-10-06,1971-07-27
8286970,2024-10-05,2024-11-09,53,53,53,53,1970-11-10,1971-10-05
8286970,2024-11-09,2025-02-01,53,53,53,53,1971-02-02,1971-11-09
8286970,2025-02-01,2025-03-22,53,53,53,53,1971-03-23,1972-02-01
8286970,2025-03-22,2025-05-10,53,53,54,54,1971-03-23,1971-05-10
8286970,2025-05-10,2025-06-28,54,54,54,54,1970-06-29,1971-05-10
8286970,2025-06-28,2025-08-30,54,54,54,54,1970-08-31,1971-06-28
8286970,2025-08-30,2025-09-20,54,54,54,54,1970-09-21,1971-08-30
8286970,2025-09-20,2025-11-15,54,54,54,54,1970-11-16,1971-09-20
8286970,2025-11-15,2025-12-27,54,54,54,54,1970-12-28,1971-11-15
83295,,2011-07-16,,,57,57,1953-07-17,1954-07-16
83295,2011-07-16,2011-07-23,57,57,57,57,1953-07-24,1954-07-16
83295,2011-07-23,2011-12-03,57,57,56,56,1954-12-04,1954-07-23
83295,2011-12-03,2012-03-24,56,56,57,57,1954-12-04,1955-03-24
83295,2012-03-24,2012-04-07,57,57,57,57,1954-04-08,1955-03-24
83295,2012-04-07,2012-04-21,57,57,57,57,1954-04-22,1955-04-07
83295,2012-04-21,2012-04-28,57,57,57,57,1954-04-29,1955-04-21
83295,2012-04-28,2012-05-05,57,57,57,57,1954-05-06,1955-04-28
83295,2012-05-05,2012-05-19,57,57,57,57,1954-05-20,1955-05-05
83295,2012-05-19,2012-05-26,57,57,57,57,1954-05-27,1955-05-19
83295,2012-05-26,2012-09-15,57,57,57,57,1954-09-16,1955-05-26
83295,2012-09-15,2012-12-22,57,57,57,57,1954-12-23,1955-09-15
83295,2012-12-22,2013-01-01,57,57,58,58,1954-12-23,1955-01-01
83295,2013-01-01,2013-01-05,58,58,58,58,1954-01-06,1955-01-01
83295,2013-01-05,2013-01-12,58,58,58,58,1954-01-13,1955-01-05
83295,2013-01-12,2013-02-16,58,58,58,58,1954-02-17,1955-01-12
83295,2013-02-16,2013-05-04,58,58,58,58,1954-05-05,1955-02-16
83295,2013-05-04,2013-05-11,58,58,58,58,1954-05-12,1955-05-04
83295,2013-05-11,2013-05-18,58,58,58,58,1954-05-19,1955-05-11
83295,2013-05-18,2013-11-02,58,58,58,58,1954-11-03,1955-05-18
83295,2013-11-02,2013-11-30,58,58,58,58,1954-12-01,1955-11-02
83295,2013-11-30,2014-01-01,58,58,59,59,1954-12-01,1955-01-01
83295,2014-01-01,2014-03-01,59,59,59,59,1954-03-02,1955-01-01
83295,2014-03-01,2014-05-10,59,59,59,59,1954-05-11,1955-03-01
83295,2014-05-10,2014-08-23,59,59,59,59,1954-08-24,1955-05-10
83295,2014-08-23,2014-10-04,59,59,59,59,1954-10-05,1955-08-23
83295,2014-10-04,2014-10-18,59,59,59,59,1954-10-19,1955-10-04
83295,2014-10-18,2014-11-01,59,59,59,59,1954-11-02,1955-10-18
83295,2014-11-01,2014-11-08,59,59,59,59,1954-11-09,1955-11-01
83295,2014-11-08,2015-04-18,59,59,60,60,1954-11-09,1955-04-18
83295,2015-04-18,2015-06-06,60,60,60,60,1954-06-07,1955-04-18
83295,2015-06-06,2015-06-13,60,60,60,60,1954-06-14,1955-06-06
83295,2015-06-13,2015-10-17,60,60,60,60,1954-10-18,1955-06-13
83295,2015-10-17,2015-11-21,60,60,60,60,1954-11-22,1955-10-17
83295,2015-11-21,2015-11-28,60,60,60,60,1954-11-29,1955-11-21
83295,2015-11-28,2016-04-30,60,60,61,61,1954-11-29,1955-04-30
83295,2016-04-30,2017-06-10,61,61,62,62,1954-06-11,1955-04-30
83295,2017-06-10,2017-11-18,62,62,62,62,1954-11-19,1955-06-10
83295,2017-11-18,2017-12-09,62,62,62,62,1954-12-10,1955-11-18
83295,2017-12-09,2018-05-26,62,62,63,63,1954-12-10,1955-05-26
83295,2018-05-26,2019-04-06,63,63,64,64,1954-05-27,1955-04-06
83295,2019-04-06,2019-06-22,64,64,64,64,1954-06-23,1955-04-06
83295,2019-06-22,2019-06-29,64,64,64,64,1954-06-30,1955-06-22
83295,2019-06-29,2019-09-07,64,64,64,64,1954-09-08,1955-06-29
83295,2019-09-07,2021-08-28,64,64,66,66,1954-09-08,1955-08-28
83295,2021-08-28,2021-11-27,66,66,66,66,1954-11-28,1955-08-28
83295,2021-11-27,2021-12-11,66,66,66,66,1954-12-12,1955-11-27
83295,2021-12-11,2022-02-05,66,66,67,67,1954-12-12,1955-02-05
83295,2022-02-05,2022-03-19,67,67,67,67,1954-03-20,1955-02-05
83295,2022-03-19,2022-04-16,67,67,67,67,1954-04-17,1955-03-19
83295,2022-04-16,2022-05-07,67,67,67,67,1954-05-08,1955-04-16
83295,2022-05-07,2022-05-14,67,67,67,67,1954-05-15,1955-05-07
83295,2022-05-14,2022-05-21,67,67,67,67,1954-05-22,1955-05-14
83295,2022-05-21,2022-06-25,67,67,67,67,1954-06-26,1955-05-21
83295,2022-06-25,2022-07-16,67,67,67,67,1954-07-17,1955-06-25
83295,2022-07-16,2022-08-06,67,67,67,67,1954-08-07,1955-07-16
83295,2022-08-06,2022-08-13,67,67,67,67,1954-08-14,1955-08-06
83295,2022-08-13,2022-08-20,67,67,67,67,1954-08-21,1955-08-13
83295,2022-08-20,2022-08-27,67,67,67,67,1954-08-28,1955-08-20
83295,2022-08-27,2022-10-01,67,67,67,67,1954-10-02,1955-08-27
83295,2022-10-01,2022-12-03,67,67,67,67,1954-12-04,1955-10-01
83295,2022-12-03,2023-03-25,67,67,68,68,1954-12-04,1955-03-25
83295,2023-03-25,2023-04-01,68,68,68,68,1954-04-02,1955-03-25
83295,2023-04-01,2023-04-15,68,68,68,68,1954-04-16,1955-04-01
83295,2023-04-15,2023-04-22,68,68,68,68,1954-04-23,1955-04-15
83295,2023-04-22,2023-04-29,68,68,68,68,1954-04-30,1955-04-22
83295,2023-04-29,2023-05-13,68,68,68,68,1954-05-14,1955-04-29
83295,2023-05-13,2023-09-09,68,68,68,68,1954-09-10,1955-05-13
83295,2023-09-09,2023-11-25,68,68,68,68,1954-11-26,1955-09-09
83295,2023-11-25,2024-01-13,68,68,69,69,1954-11-26,1955-01-13
83295,2024-01-13,2024-01-20,69,69,69,69,1954-01-21,1955-01-13
83295,2024-01-20,2024-01-27,69,69,69,69,1954-01-28,1955-01-20
83295,2024-01-27,2024-02-03,69,69,69,69,1954-02-04,1955-01-27
83295,2024-02-03,2024-03-02,69,69,69,69,1954-03-03,1955-02-03
83295,2024-03-02,2024-03-16,69,69,69,69,1954-03-17,1955-03-02
83295,2024-03-16,2024-06-01,69,69,69,69,1954-06-02,1955-03-16
83295,2024-06-01,2025-01-18,69,69,70,70,1954-06-02,1955-01-18
83295,2025-01-18,2025-01-25,70,70,70,70,1954-01-26,1955-01-18
83295,2025-01-25,2025-03-29,70,70,70,70,1954-03-30,1955-01-25
8346689,,2023-03-25,,,45,45,1977-03-26,1978-03-25
8346689,2023-03-25,2023-07-08,45,45,36,36,1986-07-09,1978-03-25
85082,,2011-06-18,,,42,42,1968-06-19,1969-06-18
85082,2011-06-18,2011-07-02,42,42,42,42,1968-07-03,1969-06-18
85082,2011-07-02,2011-07-09,42,42,42,42,1968-07-10,1969-07-02
85082,2011-07-09,2011-07-16,42,42,42,42,1968-07-17,1969-07-09
85082,2011-07-16,2011-09-24,42,42,44,44,1968-07-17,1967-09-24
85082,2011-09-24,2011-12-24,44,44,43,43,1967-12-25,1967-09-24
85082,2011-12-24,2017-08-05,43,43,48,48,1968-08-06,1968-12-24
854636,,2014-02-15,,,29,29,1984-02-16,1985-02-15
854636,2014-02-15,2014-02-22,29,29,25,28,1985-02-23,1985-02-15
854636,2014-02-22,2014-03-01,25,28,25,28,1985-03-02,1989-02-22
864630,,2014-02-22,,,59,59,1954-02-23,1955-02-22
864630,2014-02-22,2014-03-08,59,59,56,56,1957-03-09,1955-02-22
864630,2014-03-08,2014-03-22,56,56,56,56,1957-03-23,1958-03-08
864630,2014-03-22,2018-04-28,56,56,61,61,1957-03-23,1957-04-28
864630,2018-04-28,2019-05-25,61,61,62,62,1956-05-26,1957-04-28
864630,2019-05-25,2019-08-03,62,62,62,62,1956-08-04,1957-05-25
864630,2019-08-03,2019-09-14,62,62,62,62,1956-09-15,1957-08-03
864630,2019-09-14,2019-09-21,62,62,62,62,1956-09-22,1957-09-14
864630,2019-09-21,2019-09-28,62,62,62,62,1956-09-29,1957-09-21
864630,2019-09-28,2022-01-15,62,62,64,64,1957-01-16,1957-09-28
864630,2022-01-15,2022-06-04,64,64,65,65,1957-01-16,1957-06-04
864630,2022-06-04,2022-06-25,65,65,65,65,1956-06-26,1957-06-04
864630,2022-06-25,2022-07-23,65,65,65,65,1956-07-24,1957-06-25
864630,2022-07-23,2024-08-10,65,65,67,67,1956-08-11,1957-07-23
864630,2024-08-10,2025-02-01,67,67,67,67,1957-02-02,1957-08-10
864630,2025-02-01,2025-11-15,67,67,68,68,1957-02-02,1957-11-15
864630,2025-11-15,2026-01-10,68,68,68,68,1957-01-11,1957-11-15
8825350,,2023-09-09,,,10,10,2012-09-10,2013-09-09
8825350,2023-09-09,2025-09-06,10,10,5,5,2019-09-07,2013-09-09
8825350,2025-09-06,2025-10-11,5,5,6,6,2019-09-07,2019-10-11
905173,,2014-04-05,,,11,11,2002-04-06,2003-04-05
905173,2014-04-05,2014-04-12,11,11,11,11,2002-04-13,2003-04-05
905173,2014-04-12,2014-04-19,11,11,11,11,2002-04-20,2003-04-12
905173,2014-04-19,2014-05-03,11,11,11,11,2002-05-04,2003-04-19
905173,2014-05-03,2014-05-17,11,11,11,11,2002-05-18,2003-05-03
905173,2014-05-17,2014-05-24,11,11,11,11,2002-05-25,2003-05-17
905173,2014-05-24,2014-05-31,11,11,11,11,2002-06-01,2003-05-24
905173,2014-05-31,2014-06-14,11,11,11,11,2002-06-15,2003-05-31
905173,2014-06-14,2014-06-21,11,11,11,11,2002-06-22,2003-06-14
905173,2014-06-21,2014-06-28,11,11,11,11,2002-06-29,2003-06-21
905173,2014-06-28,2014-07-05,11,11,11,11,2002-07-06,2003-06-28
905173,2014-07-05,2014-07-19,11,11,11,11,2002-07-20,2003-07-05
905173,2014-07-19,2014-08-16,11,11,11,11,2002-08-17,2003-07-19
905173,2014-08-16,2014-09-06,11,11,11,11,2002-09-07,2003-08-16
905173,2014-09-06,2014-09-20,11,11,11,11,2002-09-21,2003-09-06
905173,2014-09-20,2014-09-27,11,11,11,11,2002-09-28,2003-09-20
905173,2014-09-27,2014-10-04,11,11,11,11,2002-10-05,2003-09-27
905173,2014-10-04,2014-11-22,11,11,12,12,2002-10-05,2002-11-22
905173,2014-11-22,2014-11-29,12,12,12,12,2001-11-30,2002-11-22
905173,2014-11-29,2014-12-06,12,12,12,12,2001-12-07,2002-11-29
905173,2014-12-06,2014-12-13,12,12,12,12,2001-12-14,2002-12-06
905173,2014-12-13,2014-12-20,12,12,12,12,2001-12-21,2002-12-13
905173,2014-12-20,2015-01-10,12,12,12,12,2002-01-11,2002-12-20
905173,2015-01-10,2015-01-17,12,12,12,12,2002-01-18,2003-01-10
905173,2015-01-17,2015-01-24,12,12,12,12,2002-01-25,2003-01-17
905173,2015-01-24,2015-03-14,12,12,12,12,2002-03-15,2003-01-24
905173,2015-03-14,2015-03-21,12,12,12,12,2002-03-22,2003-03-14
905173,2015-03-21,2015-04-04,12,12,12,12,2002-04-05,2003-03-21
905173,2015-04-04,2015-04-11,12,12,12,12,2002-04-12,2003-04-04
905173,2015-04-11,2015-04-25,12,12,12,12,2002-04-26,2003-04-11
905173,2015-04-25,2015-05-02,12,12,12,12,2002-05-03,2003-04-25
905173,2015-05-02,2015-05-16,12,12,12,12,2002-05-17,2003-05-02
905173,2015-05-16,2015-05-23,12,12,12,12,2002-05-24,2003-05-16
905173,2015-05-23,2015-06-13,12,12,14,14,2002-05-24,2001-06-13
905173,2015-06-13,2015-06-20,14,14,14,14,2000-06-21,2001-06-13
905173,2015-06-20,2015-07-11,14,14,12,12,2002-07-12,2001-06-20
905173,2015-07-11,2015-09-12,12,12,12,12,2002-09-13,2003-07-11
905173,2015-09-12,2015-09-19,12,12,12,12,2002-09-20,2003-09-12
905173,2015-09-19,2015-10-03,12,12,12,12,2002-10-04,2003-09-19
905173,2015-10-03,2015-10-10,12,12,12,12,2002-10-11,2003-10-03
905173,2015-10-10,2015-10-24,12,12,12,12,2002-10-25,2003-10-10
905173,2015-10-24,2015-11-07,12,12,12,12,2002-11-08,2003-10-24
905173,2015-11-07,2015-11-14,12,12,13,13,2002-11-08,2002-11-14
905173,2015-11-14,2015-11-28,13,13,13,13,2001-11-29,2002-11-14
905173,2015-11-28,2015-12-19,13,13,13,13,2001-12-20,2002-11-28
905173,2015-12-19,2016-01-09,13,13,13,13,2002-01-10,2002-12-19
905173,2016-01-09,2016-01-16,13,13,13,13,2002-01-17,2003-01-09
905173,2016-01-16,2016-01-30,13,13,13,13,2002-01-31,2003-01-16
905173,2016-01-30,2016-02-06,13,13,13,13,2002-02-07,2003-01-30
905173,2016-02-06,2016-02-13,13,13,13,13,2002-02-14,2003-02-06
905173,2016-02-13,2016-02-20,13,13,13,13,2002-02-21,2003-02-13
905173,2016-02-20,2016-03-12,13,13,13,13,2002-03-13,2003-02-20
905173,2016-03-12,2016-04-02,13,13,13,13,2002-04-03,2003-03-12
905173,2016-04-02,2016-04-09,13,13,13,13,2002-04-10,2003-04-02
905173,2016-04-09,2016-04-23,13,13,13,13,2002-04-24,2003-04-09
905173,2016-04-23,2016-04-30,13,13,13,13,2002-05-01,2003-04-23
905173,2016-04-30,2016-05-07,13,13,13,13,2002-05-08,2003-04-30
905173,2016-05-07,2016-06-11,13,13,13,13,2002-06-12,2003-05-07
905173,2016-06-11,2016-06-18,13,13,13,13,2002-06-19,2003-06-11
905173,2016-06-18,2016-06-25,13,13,13,13,2002-06-26,2003-06-18
905173,2016-06-25,2016-07-09,13,13,13,13,2002-07-10,2003-06-25
905173,2016-07-09,2016-07-16,13,13,13,13,2002-07-17,2003-07-09
905173,2016-07-16,2016-07-30,13,13,13,13,2002-07-31,2003-07-16
905173,2016-07-30,2016-09-10,13,13,13,13,2002-09-11,2003-07-30
905173,2016-09-10,2016-09-17,13,13,13,13,2002-09-18,2003-09-10
905173,2016-09-17,2016-10-15,13,13,13,13,2002-10-16,2003-09-17
905173,2016-10-15,2016-11-12,13,13,14,14,2002-10-16,2002-11-12
905173,2016-11-12,2016-12-10,14,14,14,14,2001-12-11,2002-11-12
905173,2016-12-10,2016-12-24,14,14,14,14,2001-12-25,2002-12-10
905173,2016-12-24,2017-02-25,14,14,14,14,2002-02-26,2002-12-24
905173,2017-02-25,2017-03-11,14,14,14,14,2002-03-12,2003-02-25
905173,2017-03-11,2017-04-01,14,14,14,14,2002-04-02,2003-03-11
905173,2017-04-01,2017-05-06,14,14,14,14,2002-05-07,2003-04-01
905173,2017-05-06,2017-05-13,14,14,14,14,2002-05-14,2003-05-06
905173,2017-05-13,2017-05-20,14,14,14,14,2002-05-21,2003-05-13
905173,2017-05-20,2017-06-17,14,14,14,14,2002-06-18,2003-05-20
905173,2017-06-17,2017-06-24,14,14,14,14,2002-06-25,2003-06-17
905173,2017-06-24,2017-07-08,14,14,14,14,2002-07-09,2003-06-24
905173,2017-07-08,2017-07-15,14,14,14,14,2002-07-16,2003-07-08
905173,2017-07-15,2017-07-22,14,14,14,14,2002-07-23,2003-07-15
905173,2017-07-22,2017-07-29,14,14,14,14,2002-07-30,2003-07-22
905173,2017-07-29,2017-08-12,14,14,14,14,2002-08-13,2003-07-29
905173,2017-08-12,2017-09-16,14,14,14,14,2002-09-17,2003-08-12
905173,2017-09-16,2017-09-23,14,14,14,14,2002-09-24,2003-09-16
905173,2017-09-23,2017-09-30,14,14,14,14,2002-10-01,2003-09-23
905173,2017-09-30,2017-10-07,14,14,14,14,2002-10-08,2003-09-30
905173,2017-10-07,2017-10-21,14,14,14,14,2002-10-22,2003-10-07
905173,2017-10-21,2017-11-11,14,14,15,15,2002-10-22,2002-11-11
905173,2017-11-11,2017-11-18,15,15,15,15,2001-11-19,2002-11-11
905173,2017-11-18,2017-11-25,15,15,15,15,2001-11-26,2002-11-18
905173,2017-11-25,2017-12-02,15,15,15,15,2001-12-03,2002-11-25
905173,2017-12-02,2017-12-09,15,15,15,15,2001-12-10,2002-12-02
905173,2017-12-09,2017-12-16,15,15,15,15,2001-12-17,2002-12-09
905173,2017-12-16,2017-12-23,15,15,15,15,2001-12-24,2002-12-16
905173,2017-12-23,2018-01-06,15,15,15,15,2002-01-07,2002-12-23
905173,2018-01-06,2018-01-13,15,15,15,15,2002-01-14,2003-01-06
905173,2018-01-13,2018-01-20,15,15,15,15,2002-01-21,2003-01-13
905173,2018-01-20,2018-01-27,15,15,15,15,2002-01-28,2003-01-20
905173,2018-01-27,2018-02-03,15,15,15,15,2002-02-04,2003-01-27
905173,2018-02-03,2018-02-17,15,15,15,15,2002-02-18,2003-02-03
905173,2018-02-17,2018-03-10,15,15,15,15,2002-03-11,2003-02-17
905173,2018-03-10,2018-04-14,15,15,15,15,2002-04-15,2003-03-10
905173,2018-04-14,2018-04-28,15,15,15,15,2002-04-29,2003-04-14
905173,2018-04-28,2018-07-07,15,15,15,15,2002-07-08,2003-04-28
905173,2018-07-07,2018-08-25,15,15,15,15,2002-08-26,2003-07-07
905173,2018-08-25,2018-09-22,15,15,15,15,2002-09-23,2003-08-25
905173,2018-09-22,2018-10-13,15,15,15,15,2002-10-14,2003-09-22
905173,2018-10-13,2018-10-20,15,15,15,15,2002-10-21,2003-10-13
905173,2018-10-20,2018-11-17,15,15,16,16,2002-10-21,2002-11-17
905173,2018-11-17,2019-03-09,16,16,16,16,2002-03-10,2002-11-17
905173,2019-03-09,2019-03-30,16,16,16,16,2002-03-31,2003-03-09
905173,2019-03-30,2019-04-27,16,16,16,16,2002-04-28,2003-03-30
905173,2019-04-27,2019-06-29,16,16,16,16,2002-06-30,2003-04-27
905175,,2014-04-05,,,8,8,2005-04-06,2006-04-05
905175,2014-04-05,2014-04-12,8,8,8,8,2005-04-13,2006-04-05
905175,2014-04-12,2014-04-19,8,8,8,8,2005-04-20,2006-04-12
905175,2014-04-19,2014-05-17,8,8,8,8,2005-05-18,2006-04-19
905175,2014-05-17,2014-05-24,8,8,8,8,2005-05-25,2006-05-17
905175,2014-05-24,2014-05-31,8,8,8,8,2005-06-01,2006-05-24
905175,2014-05-31,2014-06-14,8,8,8,8,2005-06-15,2006-05-31
905175,2014-06-14,2014-07-12,8,8,8,8,2005-07-13,2006-06-14
905175,2014-07-12,2014-07-19,8,8,8,8,2005-07-20,2006-07-12
905175,2014-07-19,2014-08-16,8,8,8,8,2005-08-17,2006-07-19
905175,2014-08-16,2014-09-06,8,8,9,9,2005-08-17,2005-09-06
905175,2014-09-06,2014-09-20,9,9,9,9,2004-09-21,2005-09-06
905175,2014-09-20,2014-10-04,9,9,9,9,2004-10-05,2005-09-20
905175,2014-10-04,2014-10-11,9,9,9,9,2004-10-12,2005-10-04
905175,2014-10-11,2014-10-25,9,9,9,9,2004-10-26,2005-10-11
905175,2014-10-25,2014-11-08,9,9,9,9,2004-11-09,2005-10-25
905175,2014-11-08,2014-11-29,9,9,9,9,2004-11-30,2005-11-08
905175,2014-11-29,2014-12-20,9,9,9,9,2004-12-21,2005-11-29
905175,2014-12-20,2015-01-24,9,9,9,9,2005-01-25,2005-12-20
905175,2015-01-24,2015-02-21,9,9,9,9,2005-02-22,2006-01-24
905175,2015-02-21,2015-03-14,9,9,9,9,2005-03-15,2006-02-21
905175,2015-03-14,2015-04-04,9,9,9,9,2005-04-05,2006-03-14
905175,2015-04-04,2015-05-02,9,9,9,9,2005-05-03,2006-04-04
905175,2015-05-02,2015-05-23,9,9,9,9,2005-05-24,2006-05-02
905175,2015-05-23,2015-06-13,9,9,10,10,2005-05-24,2005-06-13
905175,2015-06-13,2015-06-20,10,10,10,10,2004-06-21,2005-06-13
905175,2015-06-20,2015-07-11,10,10,9,9,2005-07-12,2005-06-20
905175,2015-07-11,2015-07-25,9,9,9,9,2005-07-26,2006-07-11
905175,2015-07-25,2015-09-12,9,9,10,10,2005-07-26,2005-09-12
905175,2015-09-12,2015-09-19,10,10,10,10,2004-09-20,2005-09-12
905175,2015-09-19,2015-10-03,10,10,10,10,2004-10-04,2005-09-19
905175,2015-10-03,2015-10-17,10,10,10,10,2004-10-18,2005-10-03
905175,2015-10-17,2015-10-24,10,10,10,10,2004-10-25,2005-10-17
905175,2015-10-24,2015-11-14,10,10,10,10,2004-11-15,2005-10-24
905175,2015-11-14,2015-12-19,10,10,10,10,2004-12-20,2005-11-14
905175,2015-12-19,2016-01-09,10,10,10,10,2005-01-10,2005-12-19
905175,2016-01-09,2016-01-16,10,10,10,10,2005-01-17,2006-01-09
905175,2016-01-16,2016-02-06,10,10,10,10,2005-02-07,2006-01-16
905175,2016-02-06,2016-02-13,10,10,10,10,2005-02-14,2006-02-06
905175,2016-02-13,2016-02-20,10,10,10,10,2005-02-21,2006-02-13
905175,2016-02-20,2016-02-27,10,10,10,10,2005-02-28,2006-02-20
905175,2016-02-27,2016-03-05,10,10,10,10,2005-03-06,2006-02-27
905175,2016-03-05,2016-03-12,10,10,10,10,2005-03-13,2006-03-05
905175,2016-03-12,2016-03-19,10,10,10,10,2005-03-20,2006-03-12
905175,2016-03-19,2016-04-02,10,10,10,10,2005-04-03,2006-03-19
905175,2016-04-02,2016-04-09,10,10,10,10,2005-04-10,2006-04-02
905175,2016-04-09,2016-04-16,10,10,10,10,2005-04-17,2006-04-09
905175,2016-04-16,2016-04-30,10,10,10,10,2005-05-01,2006-04-16
905175,2016-04-30,2016-05-07,10,10,10,10,2005-05-08,2006-04-30
905175,2016-05-07,2016-05-14,10,10,10,10,2005-05-15,2006-05-07
905175,2016-05-14,2016-06-11,10,10,10,10,2005-06-12,2006-05-14
905175,2016-06-11,2016-06-18,10,10,10,10,2005-06-19,2006-06-11
905175,2016-06-18,2016-07-09,10,10,10,10,2005-07-10,2006-06-18
905175,2016-07-09,2016-07-23,10,10,10,10,2005-07-24,2006-07-09
905175,2016-07-23,2016-07-30,10,10,10,10,2005-07-31,2006-07-23
905175,2016-07-30,2016-09-10,10,10,11,11,2005-07-31,2005-09-10
905175,2016-09-10,2016-11-12,11,11,11,11,2004-11-13,2005-09-10
905175,2016-11-12,2016-12-24,11,11,11,11,2004-12-25,2005-11-12
905175,2016-12-24,2017-01-21,11,11,11,11,2005-01-22,2005-12-24
905175,2017-01-21,2017-03-11,11,11,11,11,2005-03-12,2006-01-21
905175,2017-03-11,2017-04-01,11,11,11,11,2005-04-02,2006-03-11
905175,2017-04-01,2017-06-10,11,11,11,11,2005-06-11,2006-04-01
905175,2017-06-10,2017-10-07,11,11,12,12,2005-06-11,2005-10-07
905175,2017-10-07,2017-11-11,12,12,12,12,2004-11-12,2005-10-07
905175,2017-11-11,2018-01-20,12,12,12,12,2005-01-21,2005-11-11
905175,2018-01-20,2018-02-17,12,12,12,12,2005-02-18,2006-01-20
905175,2018-02-17,2018-07-07,12,12,12,12,2005-07-08,2006-02-17
905175,2018-07-07,2018-08-25,12,12,12,12,2005-08-26,2006-07-07
905175,2018-08-25,2018-12-01,12,12,13,13,2005-08-26,2005-12-01
905175,2018-12-01,2019-09-14,13,13,14,14,2004-12-02,2005-09-14
905175,2019-09-14,2019-11-02,14,14,14,14,2004-11-03,2005-09-14
905175,2019-11-02,2019-11-09,14,14,14,14,2004-11-10,2005-11-02
905175,2019-11-09,2019-11-30,14,14,14,14,2004-12-01,2005-11-09
905175,2019-11-30,2019-12-14,14,14,14,14,2004-12-15,2005-11-30
905175,2019-12-14,2021-10-09,14,14,16,16,2004-12-15,2005-10-09
905175,2021-10-09,2024-03-09,16,16,18,18,2005-03-10,2005-10-09
905175,2024-03-09,2024-03-23,18,18,18,18,2005-03-24,2006-03-09
905175,2024-03-23,2024-10-19,18,18,19,19,2005-03-24,2005-10-19
907645,,2014-04-05,,,35,35,1978-04-06,1979-04-05
907645,2014-04-05,2014-04-26,35,35,35,35,1978-04-27,1979-04-05
907645,2014-04-26,2014-05-03,35,35,35,35,1978-05-04,1979-04-26
907645,2014-05-03,2014-05-10,35,35,35,35,1978-05-11,1979-05-03
907645,2014-05-10,2014-05-17,35,35,35,35,1978-05-18,1979-05-10
907645,2014-05-17,2014-05-31,35,35,35,35,1978-06-01,1979-05-17
907645,2014-05-31,2014-06-28,35,35,35,35,1978-06-29,1979-05-31
907645,2014-06-28,2014-07-19,35,35,36,36,1978-06-29,1978-07-19
907645,2014-07-19,2014-07-26,36,36,36,36,1977-07-27,1978-07-19
907645,2014-07-26,2014-08-02,36,36,36,36,1977-08-03,1978-07-26
907645,2014-08-02,2014-08-30,36,36,36,36,1977-08-31,1978-08-02
907645,2014-08-30,2014-09-27,36,36,36,36,1977-09-28,1978-08-30
907645,2014-09-27,2014-10-25,36,36,36,36,1977-10-26,1978-09-27
907645,2014-10-25,2014-11-01,36,36,36,36,1977-11-02,1978-10-25
907645,2014-11-01,2015-01-24,36,36,36,36,1978-01-25,1978-11-01
907645,2015-01-24,2015-03-14,36,36,36,36,1978-03-15,1979-01-24
907645,2015-03-14,2015-04-11,36,36,36,36,1978-04-12,1979-03-14
907645,2015-04-11,2015-06-20,36,36,39,39,1978-04-12,1976-06-20
907645,2015-06-20,2015-11-14,39,39,37,37,1977-11-15,1976-06-20
924492,,2014-04-05,,,62,62,1951-04-06,1952-04-05
924492,2014-04-05,2014-04-12,62,62,62,62,1951-04-13,1952-04-05
924492,2014-04-12,2014-04-19,62,62,62,62,1951-04-20,1952-04-12
924492,2014-04-19,2014-05-03,62,62,62,62,1951-05-04,1952-04-19
924492,2014-05-03,2014-05-10,62,62,62,62,1951-05-11,1952-05-03
924492,2014-05-10,2014-05-24,62,62,62,62,1951-05-25,1952-05-10
924492,2014-05-24,2014-05-31,62,62,62,62,1951-06-01,1952-05-24
924492,2014-05-31,2014-06-14,62,62,62,62,1951-06-15,1952-05-31
924492,2014-06-14,2014-06-28,62,62,62,62,1951-06-29,1952-06-14
924492,2014-06-28,2014-07-26,62,62,62,62,1951-07-27,1952-06-28
924492,2014-07-26,2014-08-23,62,62,62,62,1951-08-24,1952-07-26
924492,2014-08-23,2014-08-30,62,62,62,62,1951-08-31,1952-08-23
924492,2014-08-30,2014-09-06,62,62,62,62,1951-09-07,1952-08-30
924492,2014-09-06,2014-09-13,62,62,62,62,1951-09-14,1952-09-06
924492,2014-09-13,2014-09-27,62,62,62,62,1951-09-28,1952-09-13
924492,2014-09-27,2014-10-04,62,62,62,62,1951-10-05,1952-09-27
924492,2014-10-04,2014-10-18,62,62,62,62,1951-10-19,1952-10-04
924492,2014-10-18,2014-10-25,62,62,62,62,1951-10-26,1952-10-18
924492,2014-10-25,2014-11-01,62,62,62,62,1951-11-02,1952-10-25
924492,2014-11-01,2014-11-08,62,62,62,62,1951-11-09,1952-11-01
924492,2014-11-08,2014-11-22,62,62,62,62,1951-11-23,1952-11-08
924492,2014-11-22,2014-11-29,62,62,62,62,1951-11-30,1952-11-22
924492,2014-11-29,2014-12-06,62,62,62,62,1951-12-07,1952-11-29
924492,2014-12-06,2014-12-13,62,62,62,62,1951-12-14,1952-12-06
924492,2014-12-13,2014-12-20,62,62,62,62,1951-12-21,1952-12-13
924492,2014-12-20,2014-12-25,62,62,62,62,1951-12-26,1952-12-20
924492,2014-12-25,2015-01-17,62,62,62,62,1952-01-18,1952-12-25
924492,2015-01-17,2015-01-24,62,62,62,62,1952-01-25,1953-01-17
924492,2015-01-24,2015-02-28,62,62,62,62,1952-02-29,1953-01-24
924492,2015-02-28,2015-03-07,62,62,63,63,1952-02-29,1952-03-07
924492,2015-03-07,2015-03-14,63,63,63,63,1951-03-15,1952-03-07
924492,2015-03-14,2015-03-21,63,63,63,63,1951-03-22,1952-03-14
924492,2015-03-21,2015-03-28,63,63,63,63,1951-03-29,1952-03-21
924492,2015-03-28,2015-04-04,63,63,63,63,1951-04-05,1952-03-28
924492,2015-04-04,2015-04-11,63,63,63,63,1951-04-12,1952-04-04
924492,2015-04-11,2015-04-18,63,63,63,63,1951-04-19,1952-04-11
924492,2015-04-18,2015-04-25,63,63,63,63,1951-04-26,1952-04-18
924492,2015-04-25,2015-05-02,63,63,63,63,1951-05-03,1952-04-25
924492,2015-05-02,2015-05-09,63,63,63,63,1951-05-10,1952-05-02
924492,2015-05-09,2015-05-16,63,63,63,63,1951-05-17,1952-05-09
924492,2015-05-16,2015-05-23,63,63,63,63,1951-05-24,1952-05-16
924492,2015-05-23,2015-05-30,63,63,63,63,1951-05-31,1952-05-23
924492,2015-05-30,2015-06-06,63,63,63,63,1951-06-07,1952-05-30
924492,2015-06-06,2015-06-20,63,63,64,64,1951-06-07,1951-06-20
924492,2015-06-20,2015-07-04,64,64,63,63,1951-07-05,1951-06-20
924492,2015-07-04,2015-07-18,63,63,63,63,1951-07-19,1952-07-04
924492,2015-07-18,2015-07-25,63,63,63,63,1951-07-26,1952-07-18
924492,2015-07-25,2015-08-01,63,63,63,63,1951-08-02,1952-07-25
924492,2015-08-01,2015-08-22,63,63,63,63,1951-08-23,1952-08-01
924492,2015-08-22,2015-08-29,63,63,63,63,1951-08-30,1952-08-22
924492,2015-08-29,2015-09-05,63,63,63,63,1951-09-06,1952-08-29
924492,2015-09-05,2015-09-12,63,63,63,63,1951-09-13,1952-09-05
924492,2015-09-12,2015-09-19,63,63,63,63,1951-09-20,1952-09-12
924492,2015-09-19,2015-09-26,63,63,63,63,1951-09-27,1952-09-19
924492,2015-09-26,2015-10-03,63,63,63,63,1951-10-04,1952-09-26
924492,2015-10-03,2015-10-10,63,63,63,63,1951-10-11,1952-10-03
924492,2015-10-10,2015-10-17,63,63,63,63,1951-10-18,1952-10-10
924492,2015-10-17,2015-10-24,63,63,63,63,1951-10-25,1952-10-17
924492,2015-10-24,2015-10-31,63,63,63,63,1951-11-01,1952-10-24
924492,2015-10-31,2015-11-07,63,63,63,63,1951-11-08,1952-10-31
924492,2015-11-07,2015-11-14,63,63,63,63,1951-11-15,1952-11-07
924492,2015-11-14,2015-11-21,63,63,63,63,1951-11-22,1952-11-14
924492,2015-11-21,2015-11-28,63,63,63,63,1951-11-29,1952-11-21
924492,2015-11-28,2015-12-05,63,63,63,63,1951-12-06,1952-11-28
924492,2015-12-05,2015-12-12,63,63,63,63,1951-12-13,1952-12-05
924492,2015-12-12,2016-01-30,63,63,63,63,1952-01-31,1952-12-12
924492,2016-01-30,2016-02-13,63,63,63,63,1952-02-14,1953-01-30
924492,2016-02-13,2016-02-20,63,63,63,63,1952-02-21,1953-02-13
924492,2016-02-20,2016-02-27,63,63,63,63,1952-02-28,1953-02-20
924492,2016-02-27,2016-03-12,63,63,64,64,1952-02-28,1952-03-12
924492,2016-03-12,2016-03-19,64,64,64,64,1951-03-20,1952-03-12
924492,2016-03-19,2016-03-26,64,64,64,64,1951-03-27,1952-03-19
924492,2016-03-26,2016-04-02,64,64,64,64,1951-04-03,1952-03-26
924492,2016-04-02,2016-04-09,64,64,64,64,1951-04-10,1952-04-02
924492,2016-04-09,2016-04-16,64,64,64,64,1951-04-17,1952-04-09
924492,2016-04-16,2016-05-14,64,64,64,64,1951-05-15,1952-04-16
924492,2016-05-14,2016-05-21,64,64,64,64,1951-05-22,1952-05-14
924492,2016-05-21,2016-06-04,64,64,64,64,1951-06-05,1952-05-21
924492,2016-06-04,2016-06-11,64,64,64,64,1951-06-12,1952-06-04
924492,2016-06-11,2016-06-18,64,64,64,64,1951-06-19,1952-06-11
924492,2016-06-18,2016-06-25,64,64,64,64,1951-06-26,1952-06-18
924492,2016-06-25,2016-07-02,64,64,64,64,1951-07-03,1952-06-25
924492,2016-07-02,2016-07-09,64,64,64,64,1951-07-10,1952-07-02
924492,2016-07-09,2016-07-16,64,64,64,64,1951-07-17,1952-07-09
924492,2016-07-16,2016-07-23,64,64,64,64,1951-07-24,1952-07-16
924492,2016-07-23,2016-07-30,64,64,64,64,1951-07-31,1952-07-23
924492,2016-07-30,2016-08-06,64,64,64,64,1951-08-07,1952-07-30
924492,2016-08-06,2016-09-03,64,64,64,64,1951-09-04,1952-08-06
924492,2016-09-03,2016-09-10,64,64,64,64,1951-09-11,1952-09-03
924492,2016-09-10,2016-09-17,64,64,64,64,1951-09-18,1952-09-10
924492,2016-09-17,2016-09-24,64,64,64,64,1951-09-25,1952-09-17
924492,2016-09-24,2016-10-01,64,64,64,64,1951-10-02,1952-09-24
924492,2016-10-01,2016-10-08,64,64,64,64,1951-10-09,1952-10-01
924492,2016-10-08,2016-10-15,64,64,64,64,1951-10-16,1952-10-08
924492,2016-10-15,2016-10-29,64,64,64,64,1951-10-30,1952-10-15
924492,2016-10-29,2016-11-05,64,64,64,64,1951-11-06,1952-10-29
924492,2016-11-05,2016-11-12,64,64,64,64,1951-11-13,1952-11-05
924492,2016-11-12,2016-11-19,64,64,64,64,1951-11-20,1952-11-12
924492,2016-11-19,2017-02-04,64,64,64,64,1952-02-05,1952-11-19
924492,2017-02-04,2017-03-18,64,64,65,65,1952-02-05,1952-03-18
924492,2017-03-18,2017-03-25,65,65,65,65,1951-03-26,1952-03-18
924492,2017-03-25,2017-04-01,65,65,65,65,1951-04-02,1952-03-25
924492,2017-04-01,2017-04-22,65,65,65,65,1951-04-23,1952-04-01
924492,2017-04-22,2017-04-29,65,65,65,65,1951-04-30,1952-04-22
924492,2017-04-29,2017-05-13,65,65,65,65,1951-05-14,1952-04-29
924492,2017-05-13,2017-06-03,65,65,65,65,1951-06-04,1952-05-13
924492,2017-06-03,2017-07-01,65,65,65,65,1951-07-02,1952-06-03
924492,2017-07-01,2018-05-19,65,65,66,66,1951-07-02,1952-05-19
924492,2018-05-19,2018-12-01,66,66,66,66,1951-12-02,1952-05-19
924492,2018-12-01,2018-12-29,66,66,66,66,1951-12-30,1952-12-01
924492,2018-12-29,2019-03-23,66,66,67,67,1951-12-30,1952-03-23
924492,2019-03-23,2019-05-11,67,67,67,67,1951-05-12,1952-03-23
924492,2019-05-11,2022-02-12,67,67,69,69,1952-02-13,1952-05-11
924492,2022-02-12,2022-04-30,69,69,70,70,1952-02-13,1952-04-30
924492,2022-04-30,2022-06-18,70,70,70,70,1951-06-19,1952-04-30
924492,2022-06-18,2022-10-08,70,70,70,70,1951-10-09,1952-06-18
924492,2022-10-08,2022-11-05,70,70,70,70,1951-11-06,1952-10-08
924492,2022-11-05,2022-11-26,70,70,70,70,1951-11-27,1952-11-05
924492,2022-11-26,2022-12-03,70,70,70,70,1951-12-04,1952-11-26
924492,2022-12-03,2023-04-01,70,70,71,71,1951-12-04,1952-04-01
924492,2023-04-01,2023-04-08,71,71,71,71,1951-04-09,1952-04-01
924492,2023-04-08,2023-04-29,71,71,71,71,1951-04-30,1952-04-08
924492,2023-04-29,2023-07-08,71,71,71,71,1951-07-09,1952-04-29
924492,2023-07-08,2024-01-13,71,71,71,71,1952-01-14,1952-07-08
924492,2024-01-13,2024-01-27,71,71,71,71,1952-01-28,1953-01-13
928783,,2014-04-05,,,31,31,1982-04-06,1983-04-05
928783,2014-04-05,2014-04-12,31,31,31,31,1982-04-13,1983-04-05
928783,2014-04-12,2014-04-19,31,31,31,31,1982-04-20,1983-04-12
928783,2014-04-19,2014-04-26,31,31,31,31,1982-04-27,1983-04-19
928783,2014-04-26,2014-05-03,31,31,31,31,1982-05-04,1983-04-26
928783,2014-05-03,2014-05-10,31,31,31,31,1982-05-11,1983-05-03
928783,2014-05-10,2014-05-17,31,31,31,31,1982-05-18,1983-05-10
928783,2014-05-17,2014-05-24,31,31,31,31,1982-05-25,1983-05-17
928783,2014-05-24,2014-05-31,31,31,31,31,1982-06-01,1983-05-24
928783,2014-05-31,2014-06-07,31,31,31,31,1982-06-08,1983-05-31
928783,2014-06-07,2014-06-14,31,31,31,31,1982-06-15,1983-06-07
928783,2014-06-14,2014-06-21,31,31,31,31,1982-06-22,1983-06-14
928783,2014-06-21,2014-06-28,31,31,31,31,1982-06-29,1983-06-21
928783,2014-06-28,2014-07-05,31,31,31,31,1982-07-06,1983-06-28
928783,2014-07-05,2014-07-12,31,31,31,31,1982-07-13,1983-07-05
928783,2014-07-12,2014-07-19,31,31,31,31,1982-07-20,1983-07-12
928783,2014-07-19,2014-07-26,31,31,31,31,1982-07-27,1983-07-19
928783,2014-07-26,2014-08-02,31,31,31,31,1982-08-03,1983-07-26
928783,2014-08-02,2014-08-09,31,31,31,31,1982-08-10,1983-08-02
928783,2014-08-09,2014-08-16,31,31,31,31,1982-08-17,1983-08-09
928783,2014-08-16,2014-08-23,31,31,31,31,1982-08-24,1983-08-16
928783,2014-08-23,2014-08-30,31,31,31,31,1982-08-31,1983-08-23
928783,2014-08-30,2014-09-06,31,31,31,31,1982-09-07,1983-08-30
928783,2014-09-06,2014-09-20,31,31,31,31,1982-09-21,1983-09-06
928783,2014-09-20,2014-09-27,31,31,31,31,1982-09-28,1983-09-20
928783,2014-09-27,2014-10-04,31,31,31,31,1982-10-05,1983-09-27
928783,2014-10-04,2014-10-11,31,31,32,32,1982-10-05,1982-10-11
928783,2014-10-11,2014-10-25,32,32,32,32,1981-10-26,1982-10-11
928783,2014-10-25,2014-11-01,32,32,32,32,1981-11-02,1982-10-25
928783,2014-11-01,2014-11-08,32,32,32,32,1981-11-09,1982-11-01
928783,2014-11-08,2014-11-22,32,32,32,32,1981-11-23,1982-11-08
928783,2014-11-22,2014-11-29,32,32,32,32,1981-11-30,1982-11-22
928783,2014-11-29,2014-12-06,32,32,32,32,1981-12-07,1982-11-29
928783,2014-12-06,2014-12-13,32,32,32,32,1981-12-14,1982-12-06
928783,2014-12-13,2014-12-20,32,32,32,32,1981-12-21,1982-12-13
928783,2014-12-20,2014-12-25,32,32,32,32,1981-12-26,1982-12-20
928783,2014-12-25,2014-12-27,32,32,32,32,1981-12-28,1982-12-25
928783,2014-12-27,2015-01-01,32,32,32,32,1982-01-02,1982-12-27
928783,2015-01-01,2015-01-03,32,32,32,32,1982-01-04,1983-01-01
928783,2015-01-03,2015-01-10,32,32,32,32,1982-01-11,1983-01-03
928783,2015-01-10,2015-01-17,32,32,32,32,1982-01-18,1983-01-10
928783,2015-01-17,2015-01-24,32,32,32,32,1982-01-25,1983-01-17
928783,2015-01-24,2015-02-07,32,32,32,32,1982-02-08,1983-01-24
928783,2015-02-07,2015-02-14,32,32,32,32,1982-02-15,1983-02-07
928783,2015-02-14,2015-02-28,32,32,32,32,1982-03-01,1983-02-14
928783,2015-02-28,2015-03-21,32,32,32,32,1982-03-22,1983-02-28
928783,2015-03-21,2015-03-28,32,32,32,32,1982-03-29,1983-03-21
928783,2015-03-28,2015-04-04,32,32,32,32,1982-04-05,1983-03-28
928783,2015-04-04,2015-04-18,32,32,32,32,1982-04-19,1983-04-04
928783,2015-04-18,2015-04-25,32,32,32,32,1982-04-26,1983-04-18
928783,2015-04-25,2015-05-09,32,32,32,32,1982-05-10,1983-04-25
928783,2015-05-09,2015-05-16,32,32,32,32,1982-05-17,1983-05-09
928783,2015-05-16,2015-05-23,32,32,32,32,1982-05-24,1983-05-16
928783,2015-05-23,2015-05-30,32,32,32,32,1982-05-31,1983-05-23
928783,2015-05-30,2015-06-13,32,32,34,34,1982-05-31,1981-06-13
928783,2015-06-13,2015-06-27,34,34,32,32,1982-06-28,1981-06-13
928783,2015-06-27,2015-07-04,32,32,32,32,1982-07-05,1983-06-27
928783,2015-07-04,2015-07-11,32,32,32,32,1982-07-12,1983-07-04
928783,2015-07-11,2015-07-18,32,32,32,32,1982-07-19,1983-07-11
928783,2015-07-18,2015-07-25,32,32,32,32,1982-07-26,1983-07-18
928783,2015-07-25,2015-08-01,32,32,32,32,1982-08-02,1983-07-25
928783,2015-08-01,2015-08-08,32,32,32,32,1982-08-09,1983-08-01
928783,2015-08-08,2015-08-15,32,32,32,32,1982-08-16,1983-08-08
928783,2015-08-15,2015-08-22,32,32,32,32,1982-08-23,1983-08-15
928783,2015-08-22,2015-08-29,32,32,32,32,1982-08-30,1983-08-22
928783,2015-08-29,2015-09-05,32,32,32,32,1982-09-06,1983-08-29
928783,2015-09-05,2015-09-12,32,32,32,32,1982-09-13,1983-09-05
928783,2015-09-12,2015-09-19,32,32,32,32,1982-09-20,1983-09-12
928783,2015-09-19,2015-10-03,32,32,32,32,1982-10-04,1983-09-19
928783,2015-10-03,2015-10-10,32,32,33,33,1982-10-04,1982-10-10
928783,2015-10-10,2015-10-17,33,33,33,33,1981-10-18,1982-10-10
928783,2015-10-17,2015-10-24,33,33,33,33,1981-10-25,1982-10-17
928783,2015-10-24,2015-11-21,33,33,33,33,1981-11-22,1982-10-24
928783,2015-11-21,2015-11-28,33,33,33,33,1981-11-29,1982-11-21
928783,2015-11-28,2015-12-12,33,33,33,33,1981-12-13,1982-11-28
928783,2015-12-12,2015-12-25,33,33,33,33,1981-12-26,1982-12-12
928783,2015-12-25,2015-12-26,33,33,33,33,1981-12-27,1982-12-25
928783,2015-12-26,2016-01-01,33,33,33,33,1982-01-02,1982-12-26
928783,2016-01-01,2016-02-13,33,33,33,33,1982-02-14,1983-01-01
928783,2016-02-13,2016-03-05,33,33,33,33,1982-03-06,1983-02-13
928783,2016-03-05,2016-03-12,33,33,33,33,1982-03-13,1983-03-05
928783,2016-03-12,2016-04-02,33,33,33,33,1982-04-03,1983-03-12
928783,2016-04-02,2016-04-30,33,33,33,33,1982-05-01,1983-04-02
928783,2016-04-30,2016-05-07,33,33,33,33,1982-05-08,1983-04-30
928783,2016-05-07,2016-12-10,33,33,34,34,1982-05-08,1982-12-10
928783,2016-12-10,2016-12-17,34,34,34,34,1981-12-18,1982-12-10
928783,2016-12-17,2016-12-24,34,34,34,34,1981-12-25,1982-12-17
928783,2016-12-24,2016-12-31,34,34,34,34,1982-01-01,1982-12-24
928783,2016-12-31,2017-03-11,34,34,34,34,1982-03-12,1982-12-31
928783,2017-03-11,2017-04-01,34,34,34,34,1982-04-02,1983-03-11
928783,2017-04-01,2017-07-15,34,34,34,34,1982-07-16,1983-04-01
928783,2017-07-15,2017-08-05,34,34,34,34,1982-08-06,1983-07-15
928783,2017-08-05,2017-08-12,34,34,34,34,1982-08-13,1983-08-05
928783,2017-08-12,2017-12-16,34,34,35,35,1982-08-13,1982-12-16
928783,2017-12-16,2017-12-23,35,35,35,35,1981-12-24,1982-12-16
928783,2017-12-23,2017-12-30,35,35,35,35,1981-12-31,1982-12-23
928783,2017-12-30,2018-01-01,35,35,35,35,1982-01-02,1982-12-30
928783,2018-01-01,2018-01-01,35,35,35,35,1982-01-02,1983-01-01
928783,2018-01-01,2018-01-06,35,35,35,35,1982-01-07,1983-01-01
928783,2018-01-06,2018-01-27,35,35,35,35,1982-01-28,1983-01-06
928783,2018-01-27,2018-02-03,35,35,35,35,1982-02-04,1983-01-27
928783,2018-02-03,2018-05-05,35,35,35,35,1982-05-06,1983-02-03
928783,2018-05-05,2018-05-12,35,35,35,35,1982-05-13,1983-05-05
928783,2018-05-12,2018-05-19,35,35,35,35,1982-05-20,1983-05-12
928783,2018-05-19,2018-06-16,35,35,35,35,1982-06-17,1983-05-19
928783,2018-06-16,2018-10-20,35,35,36,36,1982-06-17,1982-10-20
928783,2018-10-20,2018-11-03,36,36,36,36,1981-11-04,1982-10-20
928783,2018-11-03,2018-11-10,36,36,36,36,1981-11-11,1982-11-03
928783,2018-11-10,2019-02-16,36,36,36,36,1982-02-17,1982-11-10
928783,2019-02-16,2019-03-02,36,36,36,36,1982-03-03,1983-02-16
928783,2019-03-02,2019-03-09,36,36,36,36,1982-03-10,1983-03-02
928783,2019-03-09,2019-03-16,36,36,36,36,1982-03-17,1983-03-09
928783,2019-03-16,2019-04-06,36,36,36,36,1982-04-07,1983-03-16
928783,2019-04-06,2019-04-13,36,36,36,36,1982-04-14,1983-04-06
928783,2019-04-13,2019-04-20,36,36,36,36,1982-04-21,1983-04-13
928783,2019-04-20,2019-04-27,36,36,36,36,1982-04-28,1983-04-20
928783,2019-04-27,2019-05-04,36,36,36,36,1982-05-05,1983-04-27
928783,2019-05-04,2019-05-18,36,36,36,36,1982-05-19,1983-05-04
928783,2019-05-18,2019-05-25,36,36,36,36,1982-05-26,1983-05-18
928783,2019-05-25,2019-06-29,36,36,36,36,1982-06-30,1983-05-25
928783,2019-06-29,2019-07-06,36,36,36,36,1982-07-07,1983-06-29
928783,2019-07-06,2019-07-27,36,36,36,36,1982-07-28,1983-07-06
928783,2019-07-27,2019-08-03,36,36,36,36,1982-08-04,1983-07-27
928783,2019-08-03,2019-08-24,36,36,36,36,1982-08-25,1983-08-03
928783,2019-08-24,2019-08-31,36,36,36,36,1982-09-01,1983-08-24
928783,2019-08-31,2019-09-07,36,36,36,36,1982-09-08,1983-08-31
928783,2019-09-07,2019-11-16,36,36,37,37,1982-09-08,1982-11-16
928783,2019-11-16,2019-11-23,37,37,37,37,1981-11-24,1982-11-16
928783,2019-11-23,2019-11-30,37,37,37,37,1981-12-01,1982-11-23
928783,2019-11-30,2019-12-25,37,37,37,37,1981-12-26,1982-11-30
928783,2019-12-25,2020-01-01,37,37,37,37,1982-01-02,1982-12-25
928783,2020-01-01,2020-01-04,37,37,37,37,1982-01-05,1983-01-01
928783,2020-01-04,2020-01-11,37,37,37,37,1982-01-12,1983-01-04
928783,2020-01-11,2020-01-18,37,37,37,37,1982-01-19,1983-01-11
928783,2020-01-18,2020-02-29,37,37,37,37,1982-03-02,1983-01-18
928783,2020-02-29,2021-07-31,37,37,38,38,1982-08-01,1983-03-01
928783,2021-07-31,2021-08-07,38,38,38,38,1982-08-08,1983-07-31
928783,2021-08-07,2021-08-14,38,38,38,38,1982-08-15,1983-08-07
928783,2021-08-14,2021-08-21,38,38,38,38,1982-08-22,1983-08-14
928783,2021-08-21,2022-03-26,38,38,39,39,1982-08-22,1983-03-26
928783,2022-03-26,2022-04-16,39,39,39,39,1982-04-17,1983-03-26
928783,2022-04-16,2022-04-23,39,39,39,39,1982-04-24,1983-04-16
928783,2022-04-23,2022-05-21,39,39,39,39,1982-05-22,1983-04-23
928783,2022-05-21,2022-05-28,39,39,39,39,1982-05-29,1983-05-21
928783,2022-05-28,2022-06-04,39,39,39,39,1982-06-05,1983-05-28
928783,2022-06-04,2022-06-18,39,39,39,39,1982-06-19,1983-06-04
928783,2022-06-18,2022-06-25,39,39,39,39,1982-06-26,1983-06-18
928783,2022-06-25,2022-07-09,39,39,39,39,1982-07-10,1983-06-25
928783,2022-07-09,2022-07-23,39,39,39,39,1982-07-24,1983-07-09
928783,2022-07-23,2022-07-30,39,39,39,39,1982-07-31,1983-07-23
928783,2022-07-30,2023-01-07,39,39,40,40,1982-07-31,1983-01-07
928783,2023-01-07,2023-01-28,40,40,40,40,1982-01-29,1983-01-07
928783,2023-01-28,2023-02-18,40,40,40,40,1982-02-19,1983-01-28
928783,2023-02-18,2023-02-25,40,40,40,40,1982-02-26,1983-02-18
928783,2023-02-25,2023-03-04,40,40,40,40,1982-03-05,1983-02-25
928783,2023-03-04,2024-04-06,40,40,41,41,1982-04-07,1983-03-04
93037,,2018-01-13,,,40,40,1977-01-14,1978-01-13
93037,2018-01-13,2022-01-22,40,40,44,44,1977-01-23,1978-01-13
93037,2022-01-22,2022-03-26,44,44,40,40,1981-03-27,1978-01-22
942561,,2014-06-28,,,52,52,1961-06-29,1962-06-28
942561,2014-06-28,2014-08-23,52,52,53,53,1961-06-29,1961-08-23
942561,2014-08-23,2014-08-30,53,53,53,53,1960-08-31,1961-08-23
942561,2014-08-30,2014-09-06,53,53,53,53,1960-09-07,1961-08-30
942561,2014-09-06,2014-09-13,53,53,53,53,1960-09-14,1961-09-06
942561,2014-09-13,2014-09-20,53,53,53,53,1960-09-21,1961-09-13
942561,2014-09-20,2014-09-27,53,53,53,53,1960-09-28,1961-09-20
942561,2014-09-27,2014-10-18,53,53,53,53,1960-10-19,1961-09-27
942561,2014-10-18,2014-12-06,53,53,53,53,1960-12-07,1961-10-18
942561,2014-12-06,2014-12-13,53,53,53,53,1960-12-14,1961-12-06
942561,2014-12-13,2015-03-21,53,53,53,53,1961-03-22,1961-12-13
942561,2015-03-21,2015-05-02,53,53,53,53,1961-05-03,1962-03-21
942561,2015-05-02,2015-05-16,53,53,53,53,1961-05-17,1962-05-02
942561,2015-05-16,2015-05-23,53,53,53,53,1961-05-24,1962-05-16
942561,2015-05-23,2015-05-30,53,53,53,53,1961-05-31,1962-05-23
942561,2015-05-30,2015-06-20,53,53,54,54,1961-05-31,1961-06-20
942561,2015-06-20,2015-07-04,54,54,53,53,1961-07-05,1961-06-20
942561,2015-07-04,2015-08-01,53,53,54,54,1961-07-05,1961-08-01
942561,2015-08-01,2015-08-08,54,54,54,54,1960-08-09,1961-08-01
942561,2015-08-08,2015-09-26,54,54,54,54,1960-09-27,1961-08-08
942561,2015-09-26,2015-10-31,54,54,54,54,1960-11-01,1961-09-26
942561,2015-10-31,2015-11-07,54,54,54,54,1960-11-08,1961-10-31
942561,2015-11-07,2015-11-14,54,54,54,54,1960-11-15,1961-11-07
942561,2015-11-14,2015-12-05,54,54,54,54,1960-12-06,1961-11-14
942561,2015-12-05,2016-01-09,54,54,54,54,1961-01-10,1961-12-05
942561,2016-01-09,2016-01-16,54,54,54,54,1961-01-17,1962-01-09
942561,2016-01-16,2016-01-30,54,54,54,54,1961-01-31,1962-01-16
942561,2016-01-30,2016-02-06,54,54,54,54,1961-02-07,1962-01-30
942561,2016-02-06,2016-02-20,54,54,54,54,1961-02-21,1962-02-06
942561,2016-02-20,2016-02-27,54,54,54,54,1961-02-28,1962-02-20
942561,2016-02-27,2016-03-05,54,54,54,54,1961-03-06,1962-02-27
942561,2016-03-05,2016-04-02,54,54,54,54,1961-04-03,1962-03-05
942561,2016-04-02,2016-04-09,54,54,54,54,1961-04-10,1962-04-02
942561,2016-04-09,2016-11-05,54,54,55,55,1961-04-10,1961-11-05
942561,2016-11-05,2016-11-12,55,55,55,55,1960-11-13,1961-11-05
942561,2016-11-12,2016-11-19,55,55,55,55,1960-11-20,1961-11-12
942561,2016-11-19,2016-11-26,55,55,55,55,1960-11-27,1961-11-19
942561,2016-11-26,2017-02-04,55,55,55,55,1961-02-05,1961-11-26
942561,2017-02-04,2017-02-25,55,55,55,55,1961-02-26,1962-02-04
942561,2017-02-25,2024-04-27,55,55,62,62,1961-04-28,1962-02-25
949684,,2014-04-19,,,44,44,1969-04-20,1970-04-19
949684,2014-04-19,2014-09-06,44,44,45,45,1969-04-20,1969-09-06
949684,2014-09-06,2014-11-01,45,45,45,45,1968-11-02,1969-09-06
949684,2014-11-01,2015-06-13,45,45,46,46,1968-11-02,1969-06-13
949684,2015-06-13,2015-08-22,46,46,46,46,1968-08-23,1969-06-13
949684,2015-08-22,2017-02-25,46,46,45,45,1971-02-26,1969-08-22
949684,2017-02-25,2018-03-24,45,45,48,48,1971-02-26,1970-03-24
949684,2018-03-24,2018-06-23,48,48,49,49,1969-03-25,1969-06-23
949684,2018-06-23,2018-07-14,49,49,49,49,1968-07-15,1969-06-23
949684,2018-07-14,2018-09-29,49,49,49,49,1968-09-30,1969-07-14
949684,2018-09-29,2019-03-23,49,49,49,49,1969-03-24,1969-09-29
949684,2019-03-23,2019-07-06,49,49,50,50,1969-03-24,1969-07-06
949684,2019-07-06,2019-07-20,50,50,50,50,1968-07-21,1969-07-06
949684,2019-07-20,2019-07-27,50,50,50,50,1968-07-28,1969-07-20
949684,2019-07-27,2019-09-28,50,50,50,50,1968-09-29,1969-07-27
949684,2019-09-28,2019-11-09,50,50,50,50,1968-11-10,1969-09-28
949684,2019-11-09,2019-11-16,50,50,50,50,1968-11-17,1969-11-09
949684,2019-11-16,2019-11-23,50,50,50,50,1968-11-24,1969-11-16
949684,2019-11-23,2019-12-14,50,50,50,50,1968-12-15,1969-11-23
949684,2019-12-14,2019-12-21,50,50,50,50,1968-12-22,1969-12-14
949684,2019-12-21,2019-12-28,50,50,50,50,1968-12-29,1969-12-21
949684,2019-12-28,2020-01-18,50,50,50,50,1969-01-19,1969-12-28
949684,2020-01-18,2020-02-01,50,50,50,50,1969-02-02,1970-01-18
949684,2020-02-01,2021-08-14,50,50,52,52,1969-02-02,1969-08-14
949684,2021-08-14,2021-08-21,52,52,52,52,1968-08-22,1969-08-14
949684,2021-08-21,2021-08-28,52,52,52,52,1968-08-29,1969-08-21
949684,2021-08-28,2021-09-04,52,52,52,52,1968-09-05,1969-08-28
949684,2021-09-04,2021-10-02,52,52,52,52,1968-10-03,1969-09-04
949684,2021-10-02,2021-10-09,52,52,52,52,1968-10-10,1969-10-02
949684,2021-10-09,2021-10-16,52,52,52,52,1968-10-17,1969-10-09
949684,2021-10-16,2021-11-13,52,52,52,52,1968-11-14,1969-10-16
949684,2021-11-13,2021-11-20,52,52,52,52,1968-11-21,1969-11-13
949684,2021-11-20,2021-12-11,52,52,52,52,1968-12-12,1969-11-20
949684,2021-12-11,2021-12-25,52,52,52,52,1968-12-26,1969-12-11
949684,2021-12-25,2022-01-01,52,52,52,52,1969-01-02,1969-12-25
949684,2022-01-01,2022-01-22,52,52,52,52,1969-01-23,1970-01-01
949684,2022-01-22,2022-02-05,52,52,52,52,1969-02-06,1970-01-22
949684,2022-02-05,2022-03-26,52,52,52,52,1969-03-27,1970-02-05
949684,2022-03-26,2022-04-23,52,52,52,52,1969-04-24,1970-03-26
949684,2022-04-23,2022-05-21,52,52,53,53,1969-04-24,1969-05-21
949684,2022-05-21,2022-05-28,53,53,53,53,1968-05-29,1969-05-21
949684,2022-05-28,2022-06-04,53,53,53,53,1968-06-05,1969-05-28
949684,2022-06-04,2022-06-11,53,53,53,53,1968-06-12,1969-06-04
949684,2022-06-11,2022-06-18,53,53,53,53,1968-06-19,1969-06-11
949684,2022-06-18,2022-07-02,53,53,53,53,1968-07-03,1969-06-18
949684,2022-07-02,2022-07-23,53,53,53,53,1968-07-24,1969-07-02
949684,2022-07-23,2022-08-20,53,53,53,53,1968-08-21,1969-07-23
949684,2022-08-20,2022-10-15,53,53,53,53,1968-10-16,1969-08-20
949684,2022-10-15,2022-10-22,53,53,53,53,1968-10-23,1969-10-15
949684,2022-10-22,2022-10-29,53,53,53,53,1968-10-30,1969-10-22
949684,2022-10-29,2023-01-14,53,53,53,53,1969-01-15,1969-10-29
949684,2023-01-14,2023-01-21,53,53,53,53,1969-01-22,1970-01-14
949684,2023-01-21,2023-02-18,53,53,53,53,1969-02-19,1970-01-21
949684,2023-02-18,2023-03-18,53,53,53,53,1969-03-19,1970-02-18
949684,2023-03-18,2023-04-08,53,53,53,53,1969-04-09,1970-03-18
949684,2023-04-08,2023-04-15,53,53,53,53,1969-04-16,1970-04-08
949684,2023-04-15,2023-04-29,53,53,53,53,1969-04-30,1970-04-15
949684,2023-04-29,2023-06-03,53,53,54,54,1969-04-30,1969-06-03
949684,2023-06-03,2023-06-17,54,54,54,54,1968-06-18,1969-06-03
949684,2023-06-17,2023-07-15,54,54,54,54,1968-07-16,1969-06-17
949684,2023-07-15,2023-07-22,54,54,54,54,1968-07-23,1969-07-15
949684,2023-07-22,2023-07-29,54,54,54,54,1968-07-30,1969-07-22
949684,2023-07-29,2023-08-05,54,54,54,54,1968-08-06,1969-07-29
949684,2023-08-05,2023-08-12,54,54,54,54,1968-08-13,1969-08-05
949684,2023-08-12,2023-08-19,54,54,54,54,1968-08-20,1969-08-12
949684,2023-08-19,2023-09-09,54,54,54,54,1968-09-10,1969-08-19
949684,2023-09-09,2023-10-07,54,54,54,54,1968-10-08,1969-09-09
949684,2023-10-07,2023-11-11,54,54,54,54,1968-11-12,1969-10-07
949684,2023-11-11,2023-11-18,54,54,54,54,1968-11-19,1969-11-11
949684,2023-11-18,2023-12-02,54,54,54,54,1968-12-03,1969-11-18
949684,2023-12-02,2023-12-09,54,54,54,54,1968-12-10,1969-12-02
949684,2023-12-09,2023-12-23,54,54,54,54,1968-12-24,1969-12-09
949684,2023-12-23,2023-12-30,54,54,54,54,1968-12-31,1969-12-23
949684,2023-12-30,2024-01-06,54,54,54,54,1969-01-07,1969-12-30
949684,2024-01-06,2024-05-18,54,54,55,55,1969-01-07,1969-05-18
949684,2024-05-18,2024-06-15,55,55,55,55,1968-06-16,1969-05-18
949684,2024-06-15,2024-06-22,55,55,55,55,1968-06-23,1969-06-15
949684,2024-06-22,2024-07-06,55,55,55,55,1968-07-07,1969-06-22
949684,2024-07-06,2024-07-13,55,55,55,55,1968-07-14,1969-07-06
949684,2024-07-13,2024-08-03,55,55,55,55,1968-08-04,1969-07-13
949684,2024-08-03,2024-08-31,55,55,55,55,1968-09-01,1969-08-03
949684,2024-08-31,2024-11-09,55,55,55,55,1968-11-10,1969-08-31
949684,2024-11-09,2024-11-30,55,55,55,55,1968-12-01,1969-11-09
949684,2024-11-30,2025-01-25,55,55,55,55,1969-01-26,1969-11-30
949684,2025-01-25,2025-02-22,55,55,55,55,1969-02-23,1970-01-25
949684,2025-02-22,2025-03-01,55,55,55,55,1969-03-02,1970-02-22
949684,2025-03-01,2025-03-22,55,55,55,55,1969-03-23,1970-03-01
949684,2025-03-22,2025-08-30,55,55,56,56,1969-03-23,1969-08-30
949684,2025-08-30,2025-09-27,56,56,56,56,1968-09-28,1969-08-30
953402,,2014-04-19,,,54,54,1959-04-20,1960-04-19
953402,2014-04-19,2014-04-26,54,54,54,54,1959-04-27,1960-04-19
953402,2014-04-26,2014-05-03,54,54,54,54,1959-05-04,1960-04-26
953402,2014-05-03,2014-05-17,54,54,54,54,1959-05-18,1960-05-03
953402,2014-05-17,2014-05-31,54,54,54,54,1959-06-01,1960-05-17
953402,2014-05-31,2014-06-07,54,54,54,54,1959-06-08,1960-05-31
953402,2014-06-07,2014-06-14,54,54,54,54,1959-06-15,1960-06-07
953402,2014-06-14,2014-06-21,54,54,54,54,1959-06-22,1960-06-14
953402,2014-06-21,2014-07-05,54,54,54,54,1959-07-06,1960-06-21
953402,2014-07-05,2014-07-12,54,54,54,54,1959-07-13,1960-07-05
953402,2014-07-12,2014-08-02,54,54,54,54,1959-08-03,1960-07-12
953402,2014-08-02,2014-08-16,54,54,54,54,1959-08-17,1960-08-02
953402,2014-08-16,2014-09-20,54,54,54,54,1959-09-21,1960-08-16
953402,2014-09-20,2014-09-27,54,54,54,54,1959-09-28,1960-09-20
953402,2014-09-27,2014-10-04,54,54,54,54,1959-10-05,1960-09-27
953402,2014-10-04,2014-10-18,54,54,54,54,1959-10-19,1960-10-04
953402,2014-10-18,2014-11-01,54,54,54,54,1959-11-02,1960-10-18
953402,2014-11-01,2014-11-08,54,54,54,54,1959-11-09,1960-11-01
953402,2014-11-08,2014-11-15,54,54,54,54,1959-11-16,1960-11-08
953402,2014-11-15,2014-11-29,54,54,54,54,1959-11-30,1960-11-15
953402,2014-11-29,2014-12-06,54,54,54,54,1959-12-07,1960-11-29
953402,2014-12-06,2014-12-13,54,54,55,55,1959-12-07,1959-12-13
953402,2014-12-13,2014-12-20,55,55,55,55,1958-12-21,1959-12-13
953402,2014-12-20,2014-12-25,55,55,55,55,1958-12-26,1959-12-20
953402,2014-12-25,2014-12-27,55,55,55,55,1958-12-28,1959-12-25
953402,2014-12-27,2015-01-10,55,55,55,55,1959-01-11,1959-12-27
953402,2015-01-10,2015-01-17,55,55,55,55,1959-01-18,1960-01-10
953402,2015-01-17,2015-01-24,55,55,55,55,1959-01-25,1960-01-17
953402,2015-01-24,2015-02-07,55,55,55,55,1959-02-08,1960-01-24
953402,2015-02-07,2015-02-14,55,55,55,55,1959-02-15,1960-02-07
953402,2015-02-14,2015-02-28,55,55,55,55,1959-03-01,1960-02-14
953402,2015-02-28,2015-03-07,55,55,55,55,1959-03-08,1960-02-28
953402,2015-03-07,2015-03-14,55,55,55,55,1959-03-15,1960-03-07
953402,2015-03-14,2015-03-21,55,55,55,55,1959-03-22,1960-03-14
953402,2015-03-21,2015-03-28,55,55,55,55,1959-03-29,1960-03-21
953402,2015-03-28,2015-04-04,55,55,55,55,1959-04-05,1960-03-28
953402,2015-04-04,2015-04-18,55,55,55,55,1959-04-19,1960-04-04
953402,2015-04-18,2015-04-25,55,55,55,55,1959-04-26,1960-04-18
953402,2015-04-25,2015-05-02,55,55,55,55,1959-05-03,1960-04-25
953402,2015-05-02,2015-05-30,55,55,55,55,1959-05-31,1960-05-02
953402,2015-05-30,2015-06-13,55,55,56,56,1959-05-31,1959-06-13
953402,2015-06-13,2015-06-20,56,56,56,56,1958-06-21,1959-06-13
953402,2015-06-20,2015-06-27,56,56,55,55,1959-06-28,1959-06-20
953402,2015-06-27,2015-07-11,55,55,55,55,1959-07-12,1960-06-27
953402,2015-07-11,2015-07-18,55,55,55,55,1959-07-19,1960-07-11
953402,2015-07-18,2015-07-25,55,55,55,55,1959-07-26,1960-07-18
953402,2015-07-25,2015-08-01,55,55,55,55,1959-08-02,1960-07-25
953402,2015-08-01,2015-08-15,55,55,55,55,1959-08-16,1960-08-01
953402,2015-08-15,2015-08-29,55,55,55,55,1959-08-30,1960-08-15
953402,2015-08-29,2015-09-05,55,55,55,55,1959-09-06,1960-08-29
953402,2015-09-05,2015-09-12,55,55,55,55,1959-09-13,1960-09-05
953402,2015-09-12,2015-09-26,55,55,55,55,1959-09-27,1960-09-12
953402,2015-09-26,2015-10-03,55,55,55,55,1959-10-04,1960-09-26
953402,2015-10-03,2015-10-10,55,55,55,55,1959-10-11,1960-10-03
953402,2015-10-10,2015-10-17,55,55,55,55,1959-10-18,1960-10-10
953402,2015-10-17,2015-10-24,55,55,55,55,1959-10-25,1960-10-17
953402,2015-10-24,2015-10-31,55,55,55,55,1959-11-01,1960-10-24
953402,2015-10-31,2015-11-14,55,55,55,55,1959-11-15,1960-10-31
953402,2015-11-14,2015-11-28,55,55,55,55,1959-11-29,1960-11-14
953402,2015-11-28,2015-12-12,55,55,56,56,1959-11-29,1959-12-12
953402,2015-12-12,2015-12-19,56,56,56,56,1958-12-20,1959-12-12
953402,2015-12-19,2015-12-25,56,56,56,56,1958-12-26,1959-12-19
953402,2015-12-25,2016-01-09,56,56,56,56,1959-01-10,1959-12-25
953402,2016-01-09,2016-01-23,56,56,56,56,1959-01-24,1960-01-09
953402,2016-01-23,2016-01-30,56,56,56,56,1959-01-31,1960-01-23
953402,2016-01-30,2016-02-13,56,56,56,56,1959-02-14,1960-01-30
953402,2016-02-13,2016-02-27,56,56,56,56,1959-02-28,1960-02-13
953402,2016-02-27,2016-03-05,56,56,56,56,1959-03-06,1960-02-27
953402,2016-03-05,2016-03-26,56,56,56,56,1959-03-27,1960-03-05
953402,2016-03-26,2018-02-03,56,56,58,58,1959-03-27,1960-02-03
953402,2018-02-03,2018-02-10,58,58,58,58,1959-02-11,1960-02-03
953402,2018-02-10,2018-02-17,58,58,58,58,1959-02-18,1960-02-10
953402,2018-02-17,2018-02-24,58,58,58,58,1959-02-25,1960-02-17
953402,2018-02-24,2018-03-24,58,58,58,58,1959-03-25,1960-02-24
953402,2018-03-24,2018-03-31,58,58,58,58,1959-04-01,1960-03-24
953402,2018-03-31,2018-04-21,58,58,58,58,1959-04-22,1960-03-31
953402,2018-04-21,2018-04-28,58,58,58,58,1959-04-29,1960-04-21
953402,2018-04-28,2018-05-12,58,58,58,58,1959-05-13,1960-04-28
953402,2018-05-12,2018-05-19,58,58,58,58,1959-05-20,1960-05-12
953402,2018-05-19,2018-06-02,58,58,58,58,1959-06-03,1960-05-19
953402,2018-06-02,2018-07-21,58,58,58,58,1959-07-22,1960-06-02
953402,2018-07-21,2018-07-28,58,58,58,58,1959-07-29,1960-07-21
953402,2018-07-28,2018-08-11,58,58,58,58,1959-08-12,1960-07-28
953402,2018-08-11,2018-08-18,58,58,58,58,1959-08-19,1960-08-11
953402,2018-08-18,2018-08-25,58,58,58,58,1959-08-26,1960-08-18
953402,2018-08-25,2018-10-06,58,58,58,58,1959-10-07,1960-08-25
953402,2018-10-06,2018-10-13,58,58,58,58,1959-10-14,1960-10-06
953402,2018-10-13,2018-10-20,58,58,58,58,1959-10-21,1960-10-13
953402,2018-10-20,2018-10-27,58,58,58,58,1959-10-28,1960-10-20
953402,2018-10-27,2018-11-03,58,58,58,58,1959-11-04,1960-10-27
953402,2018-11-03,2018-12-22,58,58,59,59,1959-11-04,1959-12-22
953402,2018-12-22,2018-12-29,59,59,59,59,1958-12-30,1959-12-22
953402,2018-12-29,2019-02-23,59,59,59,59,1959-02-24,1959-12-29
953402,2019-02-23,2019-04-13,59,59,59,59,1959-04-14,1960-02-23
953402,2019-04-13,2019-04-20,59,59,59,59,1959-04-21,1960-04-13
953402,2019-04-20,2019-06-01,59,59,59,59,1959-06-02,1960-04-20
953402,2019-06-01,2019-08-03,59,59,59,59,1959-08-04,1960-06-01
953402,2019-08-03,2019-08-10,59,59,59,59,1959-08-11,1960-08-03
953402,2019-08-10,2019-08-17,59,59,59,59,1959-08-18,1960-08-10
953402,2019-08-17,2019-08-24,59,59,59,59,1959-08-25,1960-08-17
953402,2019-08-24,2019-09-07,59,59,59,59,1959-09-08,1960-08-24
953402,2019-09-07,2019-09-21,59,59,59,59,1959-09-22,1960-09-07
953402,2019-09-21,2019-10-05,59,59,59,59,1959-10-06,1960-09-21
953402,2019-10-05,2019-10-19,59,59,59,59,1959-10-20,1960-10-05
953402,2019-10-19,2019-10-26,59,59,59,59,1959-10-27,1960-10-19
953402,2019-10-26,2019-11-09,59,59,59,59,1959-11-10,1960-10-26
953402,2019-11-09,2019-11-16,59,59,59,59,1959-11-17,1960-11-09
953402,2019-11-16,2019-11-30,59,59,59,59,1959-12-01,1960-11-16
953402,2019-11-30,2019-12-14,59,59,60,60,1959-12-01,1959-12-14
953402,2019-12-14,2019-12-21,60,60,60,60,1958-12-22,1959-12-14
953402,2019-12-21,2021-09-04,60,60,61,61,1959-09-05,1959-12-21
953402,2021-09-04,2022-01-01,61,61,62,62,1959-09-05,1960-01-01
953402,2022-01-01,2022-01-08,62,62,62,62,1959-01-09,1960-01-01
953402,2022-01-08,2022-01-22,62,62,62,62,1959-01-23,1960-01-08
953402,2022-01-22,2022-02-12,62,62,62,62,1959-02-13,1960-01-22
953402,2022-02-12,2022-02-26,62,62,62,62,1959-02-27,1960-02-12
953402,2022-02-26,2022-03-12,62,62,62,62,1959-03-13,1960-02-26
953402,2022-03-12,2022-03-26,62,62,62,62,1959-03-27,1960-03-12
953402,2022-03-26,2022-04-02,62,62,62,62,1959-04-03,1960-03-26
953402,2022-04-02,2022-05-21,62,62,62,62,1959-05-22,1960-04-02
953402,2022-05-21,2022-06-04,62,62,62,62,1959-06-05,1960-05-21
953402,2022-06-04,2022-06-11,62,62,62,62,1959-06-12,1960-06-04
953402,2022-06-11,2022-06-25,62,62,62,62,1959-06-26,1960-06-11
953402,2022-06-25,2022-07-09,62,62,62,62,1959-07-10,1960-06-25
953402,2022-07-09,2022-07-16,62,62,62,62,1959-07-17,1960-07-09
953402,2022-07-16,2022-07-23,62,62,62,62,1959-07-24,1960-07-16
953402,2022-07-23,2022-08-06,62,62,62,62,1959-08-07,1960-07-23
953402,2022-08-06,2022-09-10,62,62,62,62,1959-09-11,1960-08-06
953402,2022-09-10,2022-10-01,62,62,62,62,1959-10-02,1960-09-10
953402,2022-10-01,2022-10-29,62,62,62,62,1959-10-30,1960-10-01
953402,2022-10-29,2022-11-19,62,62,62,62,1959-11-20,1960-10-29
953402,2022-11-19,2024-01-06,62,62,64,64,1959-11-20,1960-01-06
953402,2024-01-06,2024-01-20,64,64,64,64,1959-01-21,1960-01-06
953402,2024-01-20,2024-03-02,64,64,64,64,1959-03-03,1960-01-20
953402,2024-03-02,2024-06-01,64,64,64,64,1959-06-02,1960-03-02
953402,2024-06-01,2024-07-20,64,64,64,64,1959-07-21,1960-06-01
953402,2024-07-20,2024-08-31,64,64,64,64,1959-09-01,1960-07-20
953402,2024-08-31,2024-09-07,64,64,64,64,1959-09-08,1960-08-31
953402,2024-09-07,2026-01-17,64,64,66,66,1959-09-08,1960-01-17
972186,,2015-01-03,,,51,51,1963-01-04,1964-01-03
972186,2015-01-03,2015-01-10,51,51,51,51,1963-01-11,1964-01-03
972186,2015-01-10,2015-01-17,51,51,50,50,1964-01-18,1964-01-10
972186,2015-01-17,2015-01-24,50,50,51,51,1964-01-18,1964-01-24
972186,2015-01-24,2015-02-07,51,51,51,51,1963-02-08,1964-01-24
972186,2015-02-07,2015-02-14,51,51,51,51,1963-02-15,1964-02-07
972186,2015-02-14,2015-02-21,51,51,51,51,1963-02-22,1964-02-14
972186,2015-02-21,2015-02-28,51,51,51,51,1963-03-01,1964-02-21
972186,2015-02-28,2015-03-07,51,51,51,51,1963-03-08,1964-02-28
972186,2015-03-07,2015-03-14,51,51,50,50,1964-03-15,1964-03-07
972186,2015-03-14,2015-03-28,50,50,51,51,1964-03-15,1964-03-28
972186,2015-03-28,2015-04-11,51,51,51,51,1963-04-12,1964-03-28
972186,2015-04-11,2015-04-18,51,51,51,51,1963-04-19,1964-04-11
972186,2015-04-18,2015-06-06,51,51,51,51,1963-06-07,1964-04-18
972186,2015-06-06,2015-06-13,51,51,51,51,1963-06-14,1964-06-06
972186,2015-06-13,2015-06-20,51,51,51,51,1963-06-21,1964-06-13
972186,2015-06-20,2015-10-03,51,51,52,52,1963-06-21,1963-10-03
972186,2015-10-03,2016-01-09,52,52,52,52,1963-01-10,1963-10-03
972186,2016-01-09,2016-01-16,52,52,52,52,1963-01-17,1964-01-09
972186,2016-01-16,2016-12-24,52,52,53,53,1963-01-17,1963-12-24
972186,2016-12-24,2016-12-31,53,53,53,53,1963-01-01,1963-12-24
972186,2016-12-31,2017-01-07,53,53,53,53,1963-01-08,1963-12-31
972186,2017-01-07,2017-01-14,53,53,53,53,1963-01-15,1964-01-07
972186,2017-01-14,2017-01-21,53,53,53,53,1963-01-22,1964-01-14
972186,2017-01-21,2017-01-28,53,53,53,53,1963-01-29,1964-01-21
972186,2017-01-28,2017-02-04,53,53,53,53,1963-02-05,1964-01-28
972186,2017-02-04,2017-02-11,53,53,53,53,1963-02-12,1964-02-04
972186,2017-02-11,2017-02-25,53,53,53,53,1963-02-26,1964-02-11
972186,2017-02-25,2017-03-04,53,53,53,53,1963-03-05,1964-02-25
972186,2017-03-04,2017-03-11,53,53,53,53,1963-03-12,1964-03-04
972186,2017-03-11,2018-06-16,53,53,54,54,1963-06-17,1964-03-11
972186,2018-06-16,2018-06-23,54,54,54,54,1963-06-24,1964-06-16
972186,2018-06-23,2018-09-01,54,54,54,54,1963-09-02,1964-06-23
972186,2018-09-01,2018-09-08,54,54,54,54,1963-09-09,1964-09-01
972186,2018-09-08,2019-03-16,54,54,55,55,1963-09-09,1964-03-16
972186,2019-03-16,2019-04-27,55,55,55,55,1963-04-28,1964-03-16
972186,2019-04-27,2019-05-25,55,55,55,55,1963-05-26,1964-04-27
972186,2019-05-25,2019-06-01,55,55,55,55,1963-06-02,1964-05-25
972186,2019-06-01,2019-06-15,55,55,55,55,1963-06-16,1964-06-01
972186,2019-06-15,2019-06-22,55,55,55,55,1963-06-23,1964-06-15
972186,2019-06-22,2019-06-29,55,55,55,55,1963-06-30,1964-06-22
972186,2019-06-29,2021-08-14,55,55,57,57,1963-08-15,1964-06-29
972186,2021-08-14,2021-08-21,57,57,57,57,1963-08-22,1964-08-14
972186,2021-08-21,2021-08-28,57,57,57,57,1963-08-29,1964-08-21
972186,2021-08-28,2021-09-11,57,57,57,57,1963-09-12,1964-08-28
972186,2021-09-11,2021-09-18,57,57,57,57,1963-09-19,1964-09-11
972186,2021-09-18,2021-10-09,57,57,58,58,1963-09-19,1963-10-09
972186,2021-10-09,2021-11-06,58,58,58,58,1962-11-07,1963-10-09
972186,2021-11-06,2024-05-25,58,58,60,60,1963-05-26,1963-11-06
972186,2024-05-25,2024-06-01,60,60,60,60,1963-06-02,1964-05-25
972186,2024-06-01,2025-05-03,60,60,61,61,1963-06-02,1964-05-03
972186,2025-05-03,2025-05-10,61,61,61,61,1963-05-11,1964-05-03
972186,2025-05-10,2025-05-24,61,61,61,61,1963-05-25,1964-05-10
980314,,2014-05-10,,,33,33,1980-05-11,1981-05-10
980314,2014-05-10,2014-05-17,33,33,33,33,1980-05-18,1981-05-10
980314,2014-05-17,2014-05-24,33,33,33,33,1980-05-25,1981-05-17
980314,2014-05-24,2014-05-31,33,33,33,33,1980-06-01,1981-05-24
980314,2014-05-31,2014-06-14,33,33,34,34,1980-06-01,1980-06-14
980314,2014-06-14,2015-02-21,34,34,35,35,1979-06-15,1980-02-21
980314,2015-02-21,2015-03-07,35,35,35,35,1979-03-08,1980-02-21
980314,2015-03-07,2015-03-21,35,35,35,35,1979-03-22,1980-03-07
980314,2015-03-21,2015-04-11,35,35,35,35,1979-04-12,1980-03-21
980314,2015-04-11,2015-04-25,35,35,35,35,1979-04-26,1980-04-11
980314,2015-04-25,2015-05-02,35,35,35,35,1979-05-03,1980-04-25
980314,2015-05-02,2015-06-20,35,35,36,36,1979-05-03,1979-06-20
980314,2015-06-20,2015-07-11,36,36,36,36,1978-07-12,1979-06-20
980314,2015-07-11,2016-01-01,36,36,35,35,1980-01-02,1979-07-11
980314,2016-01-01,2017-05-06,35,35,36,36,1980-05-07,1981-01-01
980314,2017-05-06,2018-01-01,36,36,37,37,1980-05-07,1981-01-01
980314,2018-01-01,2020-01-01,37,37,39,39,1980-01-02,1981-01-01
980314,2020-01-01,2020-01-25,39,39,39,39,1980-01-26,1981-01-01
992966,,2014-05-10,,,49,49,1964-05-11,1965-05-10
992966,2014-05-10,2014-05-17,49,49,49,49,1964-05-18,1965-05-10
992966,2014-05-17,2014-06-14,49,49,49,49,1964-06-15,1965-05-17
992966,2014-06-14,2014-06-21,49,49,49,49,1964-06-22,1965-06-14
992966,2014-06-21,2014-06-28,49,49,49,49,1964-06-29,1965-06-21
992966,2014-06-28,2014-12-06,49,49,50,50,1964-06-29,1964-12-06
992966,2014-12-06,2014-12-13,50,50,50,50,1963-12-14,1964-12-06
992966,2014-12-13,2014-12-25,50,50,50,50,1963-12-26,1964-12-13
992966,2014-12-25,2015-05-09,50,50,50,50,1964-05-10,1964-12-25
992966,2015-05-09,2015-06-13,50,50,54,54,1964-05-10,1961-06-13
992966,2015-06-13,2015-10-31,54,54,51,51,1963-11-01,1961-06-13
992966,2015-10-31,2015-11-07,51,51,51,51,1963-11-08,1964-10-31
992966,2015-11-07,2015-11-14,51,51,51,51,1963-11-15,1964-11-07
992966,2015-11-14,2015-11-21,51,51,51,51,1963-11-22,1964-11-14
992966,2015-11-21,2015-12-19,51,51,51,51,1963-12-20,1964-11-21
992966,2015-12-19,2015-12-25,51,51,51,51,1963-12-26,1964-12-19
992966,2015-12-25,2016-01-02,51,51,51,51,1964-01-03,1964-12-25
992966,2016-01-02,2019-06-15,51,51,54,54,1964-06-16,1965-01-02
992966,2019-06-15,2019-06-22,54,54,54,54,1964-06-23,1965-06-15
992966,2019-06-22,2019-07-06,54,54,54,54,1964-07-07,1965-06-22
