athlete_code,formatted_date,age,age_max,age_group,age_grade,time_seconds,lower_bound,upper_bound,age_calc
74670,2014-12-06,49,49,VW45-49,49.13%,2023,1976,2988,1988.0
215996,2014-12-13,49,49,VM45-49,70.18%,1251,1749,2756,1756.0
1309884,2015-01-17,40,40,VM40-44,54.86%,1493,0,1643,1638.0
1309884,2015-01-24,12,12,JM11-14,56.96%,1566,1763,1810,1784.0
1309884,2015-01-31,12,12,JM11-14,52.94%,1685,1763,1810,1784.0
1309884,2015-02-07,12,12,JM11-14,61.69%,1446,1763,1810,1784.0
1309884,2015-02-28,12,12,JM11-14,58.30%,1530,1763,1810,1784.0
1309884,2015-03-07,12,12,JM11-14,61.14%,1459,1763,1810,1784.0
1309884,2015-03-14,12,12,JM11-14,65.30%,1366,1763,1810,1784.0
1309884,2015-03-21,12,12,JM11-14,57.59%,1549,1763,1810,1784.0
125003,2015-03-28,55,55,VW55-59,50.16%,2137,0,2157,2144.0
1309884,2015-04-04,13,13,JM11-14,45.57%,1909,1722,1762,1740.0
1309884,2015-04-11,13,13,JM11-14,57.81%,1505,1722,1762,1740.0
1309884,2015-04-18,13,13,JM11-14,57.85%,1504,1722,1762,1740.0
458254,2015-05-16,15,15,JM15-17,63.31%,1319,1658,2670,1670.0
458254,2015-05-23,15,15,JM15-17,61.85%,1350,1658,2670,1670.0
928783,2015-05-23,32,32,SW30-34,54.37%,1637,1779,1781,1780.0
480802,2015-05-23,55,55,VM55-59,48.05%,1919,0,1851,1844.0
1309884,2015-06-20,13,13,JM11-14,60.46%,1439,1722,1762,1740.0
1309884,2015-07-04,13,13,JM11-14,58.55%,1486,1722,1762,1740.0
1309884,2015-07-11,13,13,JM11-14,65.22%,1334,1722,1762,1740.0
1309884,2015-07-25,13,13,JM11-14,60.75%,1432,1722,1762,1740.0
1309884,2015-08-01,13,13,JM11-14,51.82%,1679,1722,1762,1740.0
1309884,2015-08-22,13,13,JM11-14,62.63%,1389,1722,1762,1740.0
1309884,2015-08-29,13,13,JM11-14,55.98%,1554,1722,1762,1740.0
806554,2015-09-05,38,38,VW35-39,65.75%,1381,1811,1819,1816.0
1309884,2015-09-19,13,13,JM11-14,60.75%,1432,1722,1762,1740.0
1309884,2015-09-26,13,13,JM11-14,60.67%,1434,1722,1762,1740.0
1309884,2015-10-03,13,13,JM11-14,60.04%,1449,1722,1762,1740.0
1309884,2015-10-17,13,13,JM11-14,62.68%,1388,1722,1762,1740.0
1309884,2015-11-07,13,13,JM11-14,52.00%,1673,1722,1762,1740.0
1309884,2016-01-02,13,13,JM11-14,42.15%,2064,1722,1762,1740.0
2107483,2016-01-09,15,15,JW15-17,38.59%,2410,1849,2860,1860.0
1309884,2016-01-16,13,13,JM11-14,59.47%,1463,1722,1762,1740.0
1786236,2016-01-16,41,41,VM40-44,54.89%,1503,1644,1655,1650.0
2107483,2016-01-16,7,7,JW10,51.09%,2204,2214,2298,2252.0
1786236,2016-01-23,41,41,VM40-44,54.93%,1502,1644,1655,1650.0
1309884,2016-01-23,13,13,JM11-14,55.45%,1569,1722,1762,1740.0
1309884,2016-01-30,13,13,JM11-14,54.85%,1586,1722,1762,1740.0
1309884,2016-02-06,13,13,JM11-14,59.14%,1471,1722,1762,1740.0
1309884,2016-02-27,13,13,JM11-14,57.73%,1507,1722,1762,1740.0
1309884,2016-03-05,13,13,JM11-14,51.54%,1688,1722,1762,1740.0
1309884,2016-03-12,13,13,JM11-14,57.65%,1509,1722,1762,1740.0
2107483,2016-03-26,7,7,JW10,42.55%,2646,2214,2298,2252.0
458254,2016-04-02,16,16,JM15-17,56.93%,1444,1633,1657,1644.0
458254,2016-04-09,16,16,JM15-17,53.10%,1548,1633,1657,1644.0
928783,2016-04-30,33,33,SW30-34,49.50%,1802,1782,1785,1784.0
458254,2016-05-21,16,16,JM15-17,57.00%,1442,1633,1657,1644.0
1309884,2016-06-25,14,14,JM11-14,55.66%,1529,0,1721,1702.0
508066,2016-07-09,51,51,VW50-54,57.74%,1763,2024,2048,2036.0
1309884,2016-07-16,14,14,JM11-14,59.30%,1435,0,1721,1702.0
2107483,2016-07-23,7,7,JW10,53.52%,2104,2214,2298,2252.0
2645539,2016-07-23,22,24,SM20-24,35.68%,2169,0,1551,1548.0
2645539,2016-08-06,22,24,SM20-24,37.30%,2075,0,1551,1548.0
2645539,2016-08-13,12,12,JM11-14,44.42%,2008,1763,1810,1784.0
1786236,2016-09-24,42,42,VM40-44,57.91%,1435,1656,1668,1662.0
1786236,2016-10-22,42,42,VM40-44,57.67%,1441,1656,1668,1662.0
1309884,2016-11-05,14,14,JM11-14,50.50%,1685,0,1721,1702.0
2807742,2016-11-05,35,35,VW35-39,50.91%,1762,0,1796,1794.0
1309884,2016-11-19,14,14,JM11-14,55.48%,1534,0,1721,1702.0
1786236,2016-11-26,42,42,VM40-44,59.61%,1394,1656,1668,1662.0
2807742,2016-11-26,9,9,JW10,72.22%,1458,2078,2140,2106.0
1786236,2016-12-03,42,42,VM40-44,60.22%,1380,1656,1668,1662.0
2807742,2016-12-03,9,9,JW10,64.29%,1638,2078,2140,2106.0
1786236,2016-12-10,42,42,VM40-44,60.13%,1382,1656,1668,1662.0
1309884,2016-12-10,14,14,JM11-14,53.66%,1586,0,1721,1702.0
2807742,2016-12-10,9,9,JW10,65.65%,1604,2078,2140,2106.0
1786236,2016-12-17,42,42,VM40-44,60.26%,1379,1656,1668,1662.0
1309884,2016-12-17,14,14,JM11-14,58.41%,1457,0,1721,1702.0
1786236,2016-12-24,42,42,VM40-44,61.19%,1358,1656,1668,1662.0
2807742,2016-12-31,9,9,JW10,67.46%,1561,2078,2140,2106.0
1786236,2017-01-07,42,42,VM40-44,59.91%,1387,1656,1668,1662.0
1309884,2017-01-07,14,14,JM11-14,57.31%,1485,0,1721,1702.0
2807742,2017-01-07,9,9,JW10,68.82%,1530,2078,2140,2106.0
1786236,2017-01-21,42,42,VM40-44,61.60%,1349,1656,1668,1662.0
2807742,2017-01-21,10,10,JW10,69.28%,1478,0,2077,2048.0
1309884,2017-01-28,14,14,JM11-14,52.53%,1620,0,1721,1702.0
1786236,2017-02-04,42,42,VM40-44,61.37%,1354,1656,1668,1662.0
2807742,2017-02-04,10,10,JW10,68.36%,1498,0,2077,2048.0
1786236,2017-02-18,42,42,VM40-44,62.53%,1329,1656,1668,1662.0
572070,2017-02-18,47,47,VM45-49,46.08%,1875,1721,1734,1728.0
2807742,2017-03-04,10,10,JW10,67.02%,1528,0,2077,2048.0
2807742,2017-03-11,10,10,JW10,67.59%,1515,0,2077,2048.0
1786236,2017-03-18,42,42,VM40-44,61.56%,1350,1656,1668,1662.0
2807742,2017-04-01,10,10,JW10,67.10%,1526,0,2077,2048.0
1786236,2017-04-15,42,42,VM40-44,62.72%,1325,1656,1668,1662.0
2807742,2017-04-22,10,10,JW10,71.31%,1436,0,2077,2048.0
1138623,2017-04-22,44,44,VM40-44,52.23%,1616,1682,2688,1688.0
1786236,2017-04-29,42,42,VM40-44,64.52%,1288,1656,1668,1662.0
2807742,2017-05-06,10,10,JW10,68.40%,1497,0,2077,2048.0
3428907,2017-05-06,19,19,SW18-19,52.04%,1712,0,1789,1782.0
1786236,2017-05-13,42,42,VM40-44,63.53%,1308,1656,1668,1662.0
1786236,2017-05-20,42,42,VM40-44,63.92%,1300,1656,1668,1662.0
2807742,2017-06-10,10,10,JW10,67.64%,1514,0,2077,2048.0
508066,2017-08-05,52,52,VW50-54,33.67%,3062,2049,2075,2062.0
2807742,2017-09-16,10,10,JW10,65.81%,1556,0,2077,2048.0
600747,2017-10-21,35,35,VW35-39,44.27%,2026,0,1796,1794.0
1786236,2017-11-11,43,43,VM40-44,61.08%,1372,1669,1681,1676.0
1786236,2017-11-25,43,43,VM40-44,61.71%,1358,1669,1681,1676.0
2807742,2017-11-25,10,10,JW10,65.85%,1555,0,2077,2048.0
360902,2018-01-01,55,55,VM55-59,54.20%,1701,0,1851,1844.0
928783,2018-01-01,35,35,VW35-39,39.69%,2260,0,1796,1794.0
3428907,2018-03-24,10,10,JW10,59.99%,1707,0,2077,2048.0
2807742,2018-04-07,11,11,JW11-14,63.77%,1565,1976,2996,1996.0
2807742,2018-04-28,11,11,JW11-14,66.76%,1495,1976,2996,1996.0
2807742,2018-06-23,11,11,JW11-14,69.31%,1440,1976,2996,1996.0
2807742,2018-08-25,11,11,JW11-14,65.31%,1528,1976,2996,1996.0
614195,2018-11-17,57,57,VW55-59,48.52%,2269,2187,2216,2202.0
2807742,2018-12-08,11,11,JW11-14,68.40%,1459,1976,2996,1996.0
2807742,2019-01-01,11,11,JW11-14,67.75%,1473,1976,2996,1996.0
2807742,2019-01-19,11,11,JW11-14,71.80%,1390,1976,2996,1996.0
806554,2019-02-02,41,41,VW40-44,61.17%,1509,1841,1852,1846.0
806554,2019-03-02,41,41,VW40-44,58.31%,1583,1841,1852,1846.0
1014475,2019-06-22,56,56,VM55-59,49.10%,1894,1852,1867,1860.0
508066,2019-07-06,54,54,VW50-54,61.30%,1726,2103,3116,2116.0
2807742,2019-08-24,12,12,JW11-14,71.68%,1363,1936,1975,1954.0
806554,2019-08-31,42,42,VW40-44,31.20%,2981,1853,1866,1860.0
1997252,2019-11-09,45,45,VM45-49,65.61%,1297,0,1707,1702.0
125003,2019-12-07,60,60,VW60-64,49.23%,2332,0,2311,2296.0
769960,2020-01-18,34,34,SW30-34,51.44%,1738,1786,2788,1788.0
125003,2020-02-29,60,60,VW60-64,50.00%,2296,0,2311,2296.0
769960,2021-12-04,36,36,VW35-39,56.50%,1593,1797,1802,1800.0
4300140,2022-04-23,22,24,SM20-24,52.26%,1481,0,1551,1548.0
5692217,2022-06-04,47,47,VW45-49,51.05%,1904,1934,1953,1944.0
2528702,2022-10-01,25,29,SW25-29,49.09%,1809,0,2776,1776.0
5692217,2023-06-10,48,48,VW45-49,49.65%,1978,1954,1975,1964.0
5692217,2023-07-08,48,48,VW45-49,47.30%,2076,1954,1975,1964.0
5692217,2024-07-06,49,49,VW45-49,52.54%,1892,1976,2988,1988.0
5692217,2024-08-31,49,49,VW45-49,54.47%,1825,1976,2988,1988.0
508066,2024-08-31,59,59,VW55-59,56.12%,2017,2248,3264,2264.0
455131,2024-09-07,54,54,VM50-54,50.53%,1809,1821,2828,1828.0
360902,2020-02-29,57,57,VM55-59,58.26%,1610,1868,1883,1876.0
1624624,2020-02-29,35,35,VM35-39,49.04%,1613,0,1586,1582.0
1794504,2020-02-29,32,32,SM30-34,44.04%,1771,1558,1562,1560.0
215996,2020-03-14,54,54,VM50-54,79.97%,1143,1821,2828,1828.0
1794504,2021-07-24,33,33,SM30-34,45.60%,1717,1563,1569,1566.0
764052,2021-08-14,48,48,VM45-49,68.15%,1278,1735,1748,1742.0
953402,2021-09-04,61,61,VW60-64,63.19%,1842,2312,2344,2328.0
600747,2021-09-18,39,39,VW35-39,58.02%,1572,1820,2824,1824.0
1624624,2021-09-25,36,36,VM35-39,41.50%,1918,1587,1596,1592.0
1624624,2021-10-09,37,37,VM35-39,45.08%,1777,1597,1607,1602.0
1624624,2021-10-16,37,37,VM35-39,48.31%,1658,1597,1607,1602.0
1624624,2021-10-23,37,37,VM35-39,48.66%,1646,1597,1607,1602.0
764052,2021-11-13,48,48,VM45-49,69.18%,1259,1735,1748,1742.0
508066,2021-12-11,56,56,VW55-59,58.54%,1855,2158,2186,2172.0
1752380,2022-01-01,54,54,VM50-54,60.05%,1522,1821,2828,1828.0
1651066,2022-01-15,45,45,VW45-49,38.95%,2447,0,1914,1906.0
1624624,2022-02-05,37,37,VM35-39,49.69%,1612,1597,1607,1602.0
74670,2022-02-12,56,56,VW55-59,33.11%,3280,2158,2186,2172.0
1090866,2022-03-05,19,19,SM18-19,61.22%,1292,0,1591,1582.0
1090866,2022-03-26,20,20,SM20-24,62.21%,1257,1560,2564,1564.0
1551071,2022-05-14,39,39,VM35-39,55.01%,1478,1620,2626,1626.0
1624624,2022-07-09,37,37,VM35-39,52.01%,1540,1597,1607,1602.0
3251252,2022-07-30,22,24,SM20-24,41.59%,1861,0,1551,1548.0
1090866,2022-08-27,20,20,SM20-24,62.46%,1252,1560,2564,1564.0
764052,2022-09-24,49,49,VM45-49,63.12%,1391,1749,2756,1756.0
8346689,2023-03-25,45,45,VW45-49,50.96%,1870,0,1914,1906.0
764052,2023-04-01,50,50,VM50-54,74.94%,1181,0,1776,1770.0
7491589,2023-04-08,5,5,JM10,48.04%,2469,2309,2376,2372.0
1015088,2023-04-22,30,30,SM30-34,59.33%,1308,0,1553,1552.0
508066,2023-04-29,57,57,VW55-59,69.03%,1595,2187,2216,2202.0
1015088,2023-05-13,30,30,SM30-34,59.60%,1302,0,1553,1552.0
5692217,2023-06-03,48,48,VW45-49,56.66%,1733,1954,1975,1964.0
8346689,2023-07-08,36,36,VW35-39,47.39%,1899,1797,1802,1800.0
2038021,2023-07-29,36,36,VM35-39,66.28%,1201,1587,1596,1592.0
3251252,2023-12-25,22,24,SM20-24,39.29%,1970,0,1551,1548.0
2225632,2023-12-25,64,64,VW60-64,54.31%,2239,2414,3432,2432.0
1752380,2024-01-01,56,56,VM55-59,62.00%,1500,1852,1867,1860.0
953402,2024-01-06,64,64,VW60-64,57.66%,2109,2414,3432,2432.0
3883877,2024-01-06,53,53,VW50-54,35.24%,2965,2076,2102,2090.0
3883877,2024-01-13,53,53,VW50-54,39.81%,2625,2076,2102,2090.0
3883877,2024-01-20,53,53,VW50-54,40.60%,2574,2076,2102,2090.0
1015088,2024-02-03,30,30,SM30-34,57.95%,1339,0,1553,1552.0
1015088,2024-02-24,30,30,SM30-34,56.31%,1378,0,1553,1552.0
764052,2024-03-23,51,51,VM50-54,67.88%,1314,1777,1790,1784.0
7491589,2024-03-30,6,6,JM10,53.40%,2101,2191,2308,2244.0
2038021,2024-04-06,36,36,VM35-39,66.44%,1198,1587,1596,1592.0
770951,2024-06-08,50,50,VM50-54,52.68%,1680,0,1776,1770.0
7491589,2024-07-20,5,5,JM10,56.13%,2113,2309,2376,2372.0
5692217,2024-08-17,49,49,VW45-49,58.96%,1686,1976,2988,1988.0
780737,2014-04-05,40,40,VM40-44,75.83%,1080,0,1643,1638.0
215996,2014-04-05,48,48,VM45-49,74.00%,1177,1735,1748,1742.0
764052,2014-04-05,41,41,VM40-44,66.80%,1235,1644,1655,1650.0
589721,2014-04-05,47,47,VM45-49,62.65%,1379,1721,1734,1728.0
66495,2014-04-05,39,39,VM35-39,57.86%,1405,1620,2626,1626.0
360902,2014-04-05,51,51,VM50-54,63.22%,1411,1777,1790,1784.0
770951,2014-04-05,40,40,VM40-44,55.94%,1464,0,1643,1638.0
928783,2014-04-05,31,31,SW30-34,57.02%,1559,1777,1778,1778.0
905175,2014-04-05,8,8,JM10,64.74%,1577,2003,2089,2042.0
905173,2014-04-05,11,11,JM11-14,57.55%,1595,1811,2836,1836.0
125003,2014-04-05,54,54,VW50-54,62.13%,1703,2103,3116,2116.0
907645,2014-04-05,35,35,VW35-39,46.26%,1939,0,1796,1794.0
424485,2014-04-05,53,53,VW50-54,44.60%,2343,2076,2102,2090.0
74670,2014-04-05,48,48,VW45-49,37.31%,2632,1954,1975,1964.0
924492,2014-04-05,62,62,VW60-64,41.92%,2817,2345,2378,2362.0
905175,2014-04-12,8,8,JM10,71.15%,1435,2003,2089,2042.0
928783,2014-04-12,31,31,SW30-34,57.39%,1549,1777,1778,1778.0
66495,2014-04-12,39,39,VM35-39,51.95%,1565,1620,2626,1626.0
905173,2014-04-12,11,11,JM11-14,57.84%,1587,1811,2836,1836.0
924492,2014-04-12,62,62,VW60-64,43.29%,2728,2345,2378,2362.0
780737,2014-04-19,40,40,VM40-44,73.92%,1108,0,1643,1638.0
770951,2014-04-19,40,40,VM40-44,57.23%,1431,0,1643,1638.0
360902,2014-04-19,51,51,VM50-54,60.19%,1482,1777,1790,1784.0
905175,2014-04-19,8,8,JM10,66.47%,1536,2003,2089,2042.0
928783,2014-04-19,31,31,SW30-34,56.23%,1581,1777,1778,1778.0
905173,2014-04-19,11,11,JM11-14,56.53%,1624,1811,2836,1836.0
953402,2014-04-19,54,54,VW50-54,58.75%,1801,2103,3116,2116.0
572070,2014-04-19,45,45,VM45-49,44.49%,1913,0,1707,1702.0
924492,2014-04-19,62,62,VW60-64,44.75%,2639,2345,2378,2362.0
66495,2014-04-26,39,39,VM35-39,59.26%,1372,1620,2626,1626.0
589721,2014-04-26,47,47,VM45-49,62.79%,1376,1721,1734,1728.0
928783,2014-04-26,31,31,SW30-34,58.45%,1521,1777,1778,1778.0
572070,2014-04-26,45,45,VM45-49,47.12%,1806,0,1707,1702.0
953402,2014-04-26,54,54,VW50-54,57.16%,1851,2103,3116,2116.0
907645,2014-04-26,35,35,VW35-39,45.37%,1977,0,1796,1794.0
360902,2014-05-03,51,51,VM50-54,62.42%,1429,1777,1790,1784.0
928783,2014-05-03,31,31,SW30-34,59.83%,1486,1777,1778,1778.0
905173,2014-05-03,11,11,JM11-14,57.45%,1598,1811,2836,1836.0
953402,2014-05-03,54,54,VW50-54,62.46%,1694,2103,3116,2116.0
907645,2014-05-03,35,35,VW35-39,47.34%,1895,0,1796,1794.0
572070,2014-05-03,45,45,VM45-49,43.87%,1940,0,1707,1702.0
924492,2014-05-03,62,62,VW60-64,43.85%,2693,2345,2378,2362.0
373054,2014-05-10,44,44,VM40-44,70.10%,1204,1682,2688,1688.0
764052,2014-05-10,41,41,VM40-44,64.96%,1270,1644,1655,1650.0
66495,2014-05-10,39,39,VM35-39,60.27%,1349,1620,2626,1626.0
928783,2014-05-10,31,31,SW30-34,59.07%,1505,1777,1778,1778.0
907645,2014-05-10,35,35,VW35-39,47.79%,1877,0,1796,1794.0
572070,2014-05-10,45,45,VM45-49,43.48%,1957,0,1707,1702.0
992966,2014-05-10,49,49,VW45-49,49.18%,2021,1976,2988,1988.0
924492,2014-05-10,62,62,VW60-64,45.85%,2576,2345,2378,2362.0
780737,2014-05-17,40,40,VM40-44,75.14%,1090,0,1643,1638.0
764052,2014-05-17,41,41,VM40-44,66.91%,1233,1644,1655,1650.0
928783,2014-05-17,31,31,SW30-34,59.43%,1496,1777,1778,1778.0
905173,2014-05-17,11,11,JM11-14,56.15%,1635,1811,2836,1836.0
905175,2014-05-17,8,8,JM10,60.16%,1697,2003,2089,2042.0
953402,2014-05-17,54,54,VW50-54,61.84%,1711,2103,3116,2116.0
907645,2014-05-17,35,35,VW35-39,48.46%,1851,0,1796,1794.0
992966,2014-05-17,49,49,VW45-49,48.09%,2067,1976,2988,1988.0
780737,2014-05-24,40,40,VM40-44,73.98%,1107,0,1643,1638.0
1015088,2014-05-24,21,21,SM20-24,56.51%,1375,1552,1559,1554.0
66495,2014-05-24,39,39,VM35-39,57.99%,1402,1620,2626,1626.0
360902,2014-05-24,51,51,VM50-54,61.01%,1462,1777,1790,1784.0
928783,2014-05-24,31,31,SW30-34,57.76%,1539,1777,1778,1778.0
905175,2014-05-24,8,8,JM10,65.74%,1553,2003,2089,2042.0
905173,2014-05-24,11,11,JM11-14,53.53%,1715,1811,2836,1836.0
924492,2014-05-24,62,62,VW60-64,44.58%,2649,2345,2378,2362.0
360902,2014-05-31,51,51,VM50-54,62.77%,1421,1777,1790,1784.0
480802,2014-05-31,54,54,VM50-54,61.84%,1478,1821,2828,1828.0
905175,2014-05-31,8,8,JM10,66.51%,1535,2003,2089,2042.0
905173,2014-05-31,11,11,JM11-14,55.20%,1663,1811,2836,1836.0
953402,2014-05-31,54,54,VW50-54,59.07%,1791,2103,3116,2116.0
907645,2014-05-31,35,35,VW35-39,47.29%,1897,0,1796,1794.0
572070,2014-05-31,45,45,VM45-49,43.87%,1940,0,1707,1702.0
924492,2014-05-31,62,62,VW60-64,44.85%,2633,2345,2378,2362.0
928783,2014-05-31,31,31,SW30-34,33.45%,2658,1777,1778,1778.0
780737,2014-06-07,40,40,VM40-44,75.07%,1091,0,1643,1638.0
928783,2014-06-07,31,31,SW30-34,58.33%,1524,1777,1778,1778.0
953402,2014-06-07,54,54,VW50-54,59.37%,1782,2103,3116,2116.0
1015088,2014-06-14,21,21,SM20-24,57.22%,1358,1552,1559,1554.0
928783,2014-06-14,31,31,SW30-34,58.68%,1515,1777,1778,1778.0
905175,2014-06-14,8,8,JM10,64.83%,1575,2003,2089,2042.0
905173,2014-06-14,11,11,JM11-14,56.46%,1626,1811,2836,1836.0
953402,2014-06-14,54,54,VW50-54,60.46%,1750,2103,3116,2116.0
992966,2014-06-14,49,49,VW45-49,49.75%,1998,1976,2988,1988.0
924492,2014-06-14,62,62,VW60-64,45.62%,2589,2345,2378,2362.0
589721,2014-06-21,47,47,VM45-49,64.19%,1346,1721,1734,1728.0
360902,2014-06-21,51,51,VM50-54,63.17%,1412,1777,1790,1784.0
480802,2014-06-21,54,54,VM50-54,62.01%,1474,1821,2828,1828.0
928783,2014-06-21,31,31,SW30-34,57.06%,1558,1777,1778,1778.0
905173,2014-06-21,11,11,JM11-14,57.23%,1604,1811,2836,1836.0
953402,2014-06-21,54,54,VW50-54,61.26%,1727,2103,3116,2116.0
992966,2014-06-21,49,49,VW45-49,49.33%,2015,1976,2988,1988.0
1015088,2014-06-28,21,21,SM20-24,58.86%,1320,1552,1559,1554.0
589721,2014-06-28,47,47,VM45-49,63.11%,1369,1721,1734,1728.0
928783,2014-06-28,31,31,SW30-34,59.74%,1488,1777,1778,1778.0
942561,2014-06-28,52,52,VM50-54,56.61%,1588,1791,1805,1798.0
905173,2014-06-28,11,11,JM11-14,55.67%,1649,1811,2836,1836.0
907645,2014-06-28,35,35,VW35-39,47.14%,1903,0,1796,1794.0
992966,2014-06-28,49,49,VW45-49,50.28%,1977,1976,2988,1988.0
924492,2014-06-28,62,62,VW60-64,45.79%,2579,2345,2378,2362.0
66495,2014-07-05,39,39,VM35-39,62.20%,1307,1620,2626,1626.0
1015088,2014-07-05,21,21,SM20-24,56.80%,1368,1552,1559,1554.0
928783,2014-07-05,31,31,SW30-34,59.58%,1492,1777,1778,1778.0
953402,2014-07-05,54,54,VW50-54,60.67%,1744,2103,3116,2116.0
905173,2014-07-05,11,11,JM11-14,51.66%,1777,1811,2836,1836.0
572070,2014-07-05,45,45,VM45-49,43.69%,1948,0,1707,1702.0
1076027,2014-07-05,41,41,VM40-44,42.01%,1964,1644,1655,1650.0
66495,2014-07-12,39,39,VM35-39,61.50%,1322,1620,2626,1626.0
1090866,2014-07-12,12,12,JM11-14,66.27%,1346,1763,1810,1784.0
928783,2014-07-12,31,31,SW30-34,59.78%,1487,1777,1778,1778.0
905175,2014-07-12,8,8,JM10,61.54%,1659,2003,2089,2042.0
953402,2014-07-12,54,54,VW50-54,62.35%,1697,2103,3116,2116.0
780737,2014-07-19,40,40,VM40-44,74.05%,1106,0,1643,1638.0
905175,2014-07-19,8,8,JM10,68.80%,1484,2003,2089,2042.0
928783,2014-07-19,31,31,SW30-34,54.54%,1630,1777,1778,1778.0
373054,2014-07-19,44,44,VM40-44,50.63%,1667,1682,2688,1688.0
1076027,2014-07-19,41,41,VM40-44,49.14%,1679,1644,1655,1650.0
905173,2014-07-19,11,11,JM11-14,52.91%,1735,1811,2836,1836.0
907645,2014-07-19,36,36,VW35-39,48.75%,1846,1797,1802,1800.0
1090866,2014-07-26,12,12,JM11-14,64.50%,1383,1763,1810,1784.0
66495,2014-07-26,39,39,VM35-39,55.95%,1453,1620,2626,1626.0
480802,2014-07-26,54,54,VM50-54,60.85%,1502,1821,2828,1828.0
373054,2014-07-26,44,44,VM40-44,53.35%,1582,1682,2688,1688.0
907645,2014-07-26,36,36,VW35-39,48.83%,1843,1797,1802,1800.0
464972,2014-07-26,31,31,SW30-34,47.87%,1857,1777,1778,1778.0
572070,2014-07-26,45,45,VM45-49,42.57%,1999,0,1707,1702.0
924492,2014-07-26,62,62,VW60-64,44.92%,2629,2345,2378,2362.0
928783,2014-07-26,31,31,SW30-34,30.53%,2912,1777,1778,1778.0
764052,2014-08-02,41,41,VM40-44,65.37%,1262,1644,1655,1650.0
373054,2014-08-02,44,44,VM40-44,61.43%,1374,1682,2688,1688.0
480802,2014-08-02,54,54,VM50-54,62.30%,1467,1821,2828,1828.0
928783,2014-08-02,31,31,SW30-34,59.03%,1506,1777,1778,1778.0
464972,2014-08-02,31,31,SW30-34,52.26%,1701,1777,1778,1778.0
589721,2014-08-02,47,47,VM45-49,49.23%,1755,1721,1734,1728.0
953402,2014-08-02,54,54,VW50-54,59.30%,1784,2103,3116,2116.0
907645,2014-08-02,36,36,VW35-39,49.07%,1834,1797,1802,1800.0
572070,2014-08-02,45,45,VM45-49,44.51%,1912,0,1707,1702.0
458254,2014-08-09,14,14,JM11-14,57.89%,1470,0,1721,1702.0
928783,2014-08-09,31,31,SW30-34,60.23%,1476,1777,1778,1778.0
1076027,2014-08-09,41,41,VM40-44,49.19%,1677,1644,1655,1650.0
572070,2014-08-09,45,45,VM45-49,43.80%,1943,0,1707,1702.0
1131304,2014-08-09,35,35,VW35-39,44.17%,2031,0,1796,1794.0
424485,2014-08-09,54,54,VW50-54,42.63%,2482,2103,3116,2116.0
66495,2014-08-16,39,39,VM35-39,62.78%,1295,1620,2626,1626.0
480802,2014-08-16,54,54,VM50-54,60.45%,1512,1821,2828,1828.0
1076027,2014-08-16,41,41,VM40-44,51.89%,1590,1644,1655,1650.0
953402,2014-08-16,54,54,VW50-54,60.56%,1747,2103,3116,2116.0
905175,2014-08-16,8,8,JM10,58.11%,1757,2003,2089,2042.0
905173,2014-08-16,11,11,JM11-14,50.58%,1815,1811,2836,1836.0
572070,2014-08-16,45,45,VM45-49,44.79%,1900,0,1707,1702.0
424485,2014-08-16,54,54,VW50-54,43.94%,2408,2103,3116,2116.0
928783,2014-08-16,31,31,SW30-34,30.30%,2934,1777,1778,1778.0
806554,2014-08-23,37,37,VW35-39,63.37%,1425,1803,1810,1806.0
928783,2014-08-23,31,31,SW30-34,61.02%,1457,1777,1778,1778.0
942561,2014-08-23,53,53,VM50-54,60.23%,1506,1806,1820,1814.0
66495,2014-08-23,39,39,VM35-39,47.91%,1697,1620,2626,1626.0
464972,2014-08-23,31,31,SW30-34,51.60%,1723,1777,1778,1778.0
1131304,2014-08-23,35,35,VW35-39,50.28%,1784,0,1796,1794.0
572070,2014-08-23,45,45,VM45-49,45.80%,1858,0,1707,1702.0
424485,2014-08-23,54,54,VW50-54,44.81%,2361,2103,3116,2116.0
924492,2014-08-23,62,62,VW60-64,44.32%,2665,2345,2378,2362.0
373054,2014-08-30,44,44,VM40-44,68.79%,1227,1682,2688,1688.0
589721,2014-08-30,47,47,VM45-49,64.53%,1339,1721,1734,1728.0
928783,2014-08-30,31,31,SW30-34,61.18%,1453,1777,1778,1778.0
942561,2014-08-30,53,53,VM50-54,61.53%,1474,1806,1820,1814.0
480802,2014-08-30,54,54,VM50-54,60.49%,1511,1821,2828,1828.0
1014475,2014-08-30,52,52,VM50-54,52.85%,1701,1791,1805,1798.0
464972,2014-08-30,31,31,SW30-34,52.14%,1705,1777,1778,1778.0
1131304,2014-08-30,35,35,VW35-39,52.18%,1719,0,1796,1794.0
907645,2014-08-30,36,36,VW35-39,48.67%,1849,1797,1802,1800.0
924492,2014-08-30,62,62,VW60-64,45.62%,2589,2345,2378,2362.0
780737,2014-09-06,40,40,VM40-44,75.62%,1083,0,1643,1638.0
373054,2014-09-06,44,44,VM40-44,69.81%,1209,1682,2688,1688.0
928783,2014-09-06,31,31,SW30-34,62.65%,1419,1777,1778,1778.0
942561,2014-09-06,53,53,VM50-54,60.15%,1508,1806,1820,1814.0
905175,2014-09-06,9,9,JM10,62.25%,1576,1929,2002,1962.0
1131304,2014-09-06,35,35,VW35-39,53.14%,1688,0,1796,1794.0
905173,2014-09-06,11,11,JM11-14,53.47%,1717,1811,2836,1836.0
1014475,2014-09-06,52,52,VM50-54,51.23%,1755,1791,1805,1798.0
572070,2014-09-06,45,45,VM45-49,46.05%,1848,0,1707,1702.0
424485,2014-09-06,54,54,VW50-54,44.72%,2366,2103,3116,2116.0
924492,2014-09-06,62,62,VW60-64,45.85%,2576,2345,2378,2362.0
66495,2014-09-13,40,40,VM40-44,64.79%,1264,0,1643,1638.0
770951,2014-09-13,40,40,VM40-44,61.86%,1324,0,1643,1638.0
360902,2014-09-13,52,52,VM50-54,62.91%,1429,1791,1805,1798.0
942561,2014-09-13,53,53,VM50-54,60.55%,1498,1806,1820,1814.0
572070,2014-09-13,45,45,VM45-49,47.97%,1774,0,1707,1702.0
480802,2014-09-13,54,54,VM50-54,44.22%,2067,1821,2828,1828.0
424485,2014-09-13,54,54,VW50-54,45.47%,2327,2103,3116,2116.0
924492,2014-09-13,62,62,VW60-64,46.13%,2560,2345,2378,2362.0
1194424,2014-09-20,54,54,VM50-54,75.66%,1208,1821,2828,1828.0
770951,2014-09-20,40,40,VM40-44,62.14%,1318,0,1643,1638.0
928783,2014-09-20,31,31,SW30-34,61.23%,1452,1777,1778,1778.0
942561,2014-09-20,53,53,VM50-54,61.66%,1471,1806,1820,1814.0
464972,2014-09-20,31,31,SW30-34,52.60%,1690,1777,1778,1778.0
905175,2014-09-20,9,9,JM10,57.64%,1702,1929,2002,1962.0
1076027,2014-09-20,41,41,VM40-44,47.72%,1729,1644,1655,1650.0
953402,2014-09-20,54,54,VW50-54,61.05%,1733,2103,3116,2116.0
905173,2014-09-20,11,11,JM11-14,52.16%,1760,1811,2836,1836.0
1193729,2014-09-20,21,21,SM20-24,42.18%,1842,1552,1559,1554.0
572070,2014-09-20,45,45,VM45-49,45.29%,1879,0,1707,1702.0
424485,2014-09-20,54,54,VW50-54,44.98%,2352,2103,3116,2116.0
928783,2014-09-27,31,31,SW30-34,62.47%,1423,1777,1778,1778.0
942561,2014-09-27,53,53,VM50-54,61.37%,1478,1806,1820,1814.0
1076027,2014-09-27,41,41,VM40-44,51.31%,1608,1644,1655,1650.0
464972,2014-09-27,31,31,SW30-34,53.27%,1669,1777,1778,1778.0
953402,2014-09-27,54,54,VW50-54,59.71%,1772,2103,3116,2116.0
905173,2014-09-27,11,11,JM11-14,51.49%,1783,1811,2836,1836.0
907645,2014-09-27,36,36,VW35-39,48.26%,1865,1797,1802,1800.0
924492,2014-09-27,62,62,VW60-64,45.46%,2598,2345,2378,2362.0
780737,2014-10-04,41,41,VM40-44,75.41%,1094,1644,1655,1650.0
589721,2014-10-04,47,47,VM45-49,65.70%,1315,1721,1734,1728.0
905175,2014-10-04,9,9,JM10,72.24%,1358,1929,2002,1962.0
928783,2014-10-04,31,31,SW30-34,61.91%,1436,1777,1778,1778.0
1076027,2014-10-04,41,41,VM40-44,52.12%,1583,1644,1655,1650.0
953402,2014-10-04,54,54,VW50-54,61.91%,1709,2103,3116,2116.0
770951,2014-10-04,40,40,VM40-44,47.31%,1731,0,1643,1638.0
905173,2014-10-04,11,11,JM11-14,50.52%,1817,1811,2836,1836.0
360902,2014-10-04,52,52,VM50-54,49.40%,1820,1791,1805,1798.0
1193729,2014-10-04,21,21,SM20-24,41.86%,1856,1552,1559,1554.0
924492,2014-10-04,62,62,VW60-64,45.90%,2573,2345,2378,2362.0
360902,2014-10-11,52,52,VM50-54,63.80%,1409,1791,1805,1798.0
905175,2014-10-11,9,9,JM10,69.04%,1421,1929,2002,1962.0
928783,2014-10-11,32,32,SW30-34,61.21%,1454,1779,1781,1780.0
1193729,2014-10-11,21,21,SM20-24,48.08%,1616,1552,1559,1554.0
572070,2014-10-11,45,45,VM45-49,45.12%,1886,0,1707,1702.0
1201558,2014-10-11,46,46,VW45-49,33.89%,2839,1915,1933,1924.0
1247485,2014-10-18,36,36,VM35-39,63.99%,1244,1587,1596,1592.0
589721,2014-10-18,47,47,VM45-49,60.59%,1426,1721,1734,1728.0
942561,2014-10-18,53,53,VM50-54,59.83%,1516,1806,1820,1814.0
464972,2014-10-18,31,31,SW30-34,50.28%,1768,1777,1778,1778.0
953402,2014-10-18,54,54,VW50-54,59.54%,1777,2103,3116,2116.0
572070,2014-10-18,45,45,VM45-49,46.81%,1818,0,1707,1702.0
924492,2014-10-18,62,62,VW60-64,44.73%,2640,2345,2378,2362.0
928783,2014-10-25,32,32,SW30-34,62.02%,1435,1779,1781,1780.0
905175,2014-10-25,9,9,JM10,67.56%,1452,1929,2002,1962.0
589721,2014-10-25,47,47,VM45-49,50.88%,1698,1721,1734,1728.0
572070,2014-10-25,45,45,VM45-49,48.02%,1772,0,1707,1702.0
360902,2014-10-25,52,52,VM50-54,49.48%,1817,1791,1805,1798.0
907645,2014-10-25,36,36,VW35-39,48.05%,1873,1797,1802,1800.0
424485,2014-10-25,54,54,VW50-54,42.30%,2501,2103,3116,2116.0
924492,2014-10-25,62,62,VW60-64,45.37%,2603,2345,2378,2362.0
1201558,2014-10-25,46,46,VW45-49,34.20%,2813,1915,1933,1924.0
780737,2014-11-01,41,41,VM40-44,75.48%,1093,1644,1655,1650.0
1271451,2014-11-01,15,15,JM15-17,73.57%,1135,1658,2670,1670.0
373054,2014-11-01,44,44,VM40-44,69.35%,1217,1682,2688,1688.0
928783,2014-11-01,32,32,SW30-34,60.88%,1462,1779,1781,1780.0
1076027,2014-11-01,41,41,VM40-44,51.50%,1602,1644,1655,1650.0
1014475,2014-11-01,52,52,VM50-54,51.28%,1753,1791,1805,1798.0
953402,2014-11-01,54,54,VW50-54,59.30%,1784,2103,3116,2116.0
907645,2014-11-01,36,36,VW35-39,48.41%,1859,1797,1802,1800.0
1188855,2014-11-01,54,54,VM50-54,41.72%,2191,1821,2828,1828.0
424485,2014-11-01,54,54,VW50-54,42.49%,2490,2103,3116,2116.0
924492,2014-11-01,62,62,VW60-64,45.30%,2607,2345,2378,2362.0
1201558,2014-11-01,46,46,VW45-49,33.78%,2848,1915,1933,1924.0
1247485,2014-11-08,36,36,VM35-39,63.58%,1252,1587,1596,1592.0
360902,2014-11-08,52,52,VM50-54,63.58%,1414,1791,1805,1798.0
928783,2014-11-08,32,32,SW30-34,60.75%,1465,1779,1781,1780.0
905175,2014-11-08,9,9,JM10,65.44%,1499,1929,2002,1962.0
1076027,2014-11-08,41,41,VM40-44,51.31%,1608,1644,1655,1650.0
1193729,2014-11-08,21,21,SM20-24,46.89%,1657,1552,1559,1554.0
1014475,2014-11-08,52,52,VM50-54,51.73%,1738,1791,1805,1798.0
953402,2014-11-08,54,54,VW50-54,58.55%,1807,2103,3116,2116.0
600747,2014-11-08,32,32,SW30-34,47.29%,1882,1779,1781,1780.0
572070,2014-11-08,45,45,VM45-49,41.01%,2075,0,1707,1702.0
424485,2014-11-08,54,54,VW50-54,43.59%,2427,2103,3116,2116.0
924492,2014-11-08,62,62,VW60-64,44.92%,2629,2345,2378,2362.0
1201558,2014-11-08,46,46,VW45-49,35.47%,2712,1915,1933,1924.0
1247485,2014-11-15,36,36,VM35-39,63.28%,1258,1587,1596,1592.0
1015088,2014-11-15,21,21,SM20-24,55.42%,1402,1552,1559,1554.0
806554,2014-11-15,37,37,VW35-39,64.04%,1410,1803,1810,1806.0
1076027,2014-11-15,41,41,VM40-44,52.45%,1573,1644,1655,1650.0
1193729,2014-11-15,21,21,SM20-24,46.69%,1664,1552,1559,1554.0
1014475,2014-11-15,52,52,VM50-54,52.94%,1698,1791,1805,1798.0
953402,2014-11-15,54,54,VW50-54,58.26%,1816,2103,3116,2116.0
1297783,2014-11-15,52,52,VM50-54,47.22%,1904,1791,1805,1798.0
373054,2014-11-15,44,44,VM40-44,44.00%,1918,1682,2688,1688.0
572070,2014-11-15,45,45,VM45-49,42.49%,2003,0,1707,1702.0
1188855,2014-11-15,54,54,VM50-54,43.17%,2117,1821,2828,1828.0
424485,2014-11-15,54,54,VW50-54,43.83%,2414,2103,3116,2116.0
1201558,2014-11-15,46,46,VW45-49,35.70%,2695,1915,1933,1924.0
1247485,2014-11-22,36,36,VM35-39,65.25%,1220,1587,1596,1592.0
928783,2014-11-22,32,32,SW30-34,62.76%,1418,1779,1781,1780.0
1076027,2014-11-22,41,41,VM40-44,52.28%,1578,1644,1655,1650.0
373054,2014-11-22,44,44,VM40-44,50.42%,1674,1682,2688,1688.0
1014475,2014-11-22,52,52,VM50-54,52.67%,1707,1791,1805,1798.0
905173,2014-11-22,12,12,JM11-14,48.74%,1830,1763,1810,1784.0
424485,2014-11-22,54,54,VW50-54,45.37%,2332,2103,3116,2116.0
1201558,2014-11-22,46,46,VW45-49,35.94%,2677,1915,1933,1924.0
924492,2014-11-22,62,62,VW60-64,42.79%,2760,2345,2378,2362.0
780737,2014-11-29,41,41,VM40-44,74.19%,1112,1644,1655,1650.0
1015088,2014-11-29,21,21,SM20-24,57.17%,1359,1552,1559,1554.0
928783,2014-11-29,32,32,SW30-34,63.48%,1402,1779,1781,1780.0
66495,2014-11-29,40,40,VM40-44,53.70%,1525,0,1643,1638.0
1014475,2014-11-29,52,52,VM50-54,54.48%,1650,1791,1805,1798.0
905175,2014-11-29,9,9,JM10,59.03%,1662,1929,2002,1962.0
1193729,2014-11-29,21,21,SM20-24,46.69%,1664,1552,1559,1554.0
905173,2014-11-29,12,12,JM11-14,52.22%,1708,1763,1810,1784.0
464972,2014-11-29,31,31,SW30-34,51.21%,1736,1777,1778,1778.0
953402,2014-11-29,54,54,VW50-54,59.17%,1788,2103,3116,2116.0
572070,2014-11-29,45,45,VM45-49,45.61%,1866,0,1707,1702.0
424485,2014-11-29,54,54,VW50-54,44.94%,2354,2103,3116,2116.0
1188855,2014-11-29,54,54,VM50-54,38.58%,2369,1821,2828,1828.0
924492,2014-11-29,62,62,VW60-64,43.32%,2726,2345,2378,2362.0
1247485,2014-12-06,36,36,VM35-39,66.56%,1196,1587,1596,1592.0
770951,2014-12-06,40,40,VM40-44,66.10%,1239,0,1643,1638.0
589721,2014-12-06,48,48,VM45-49,65.69%,1326,1735,1748,1742.0
1015088,2014-12-06,21,21,SM20-24,58.51%,1328,1552,1559,1554.0
942561,2014-12-06,53,53,VM50-54,60.47%,1500,1806,1820,1814.0
66495,2014-12-06,40,40,VM40-44,54.06%,1515,0,1643,1638.0
360902,2014-12-06,52,52,VM50-54,58.07%,1548,1791,1805,1798.0
1076027,2014-12-06,41,41,VM40-44,50.93%,1620,1644,1655,1650.0
1014475,2014-12-06,52,52,VM50-54,53.10%,1693,1791,1805,1798.0
464972,2014-12-06,31,31,SW30-34,51.21%,1736,1777,1778,1778.0
1297783,2014-12-06,52,52,VM50-54,50.71%,1773,1791,1805,1798.0
953402,2014-12-06,54,54,VW50-54,58.65%,1804,2103,3116,2116.0
905173,2014-12-06,12,12,JM11-14,49.42%,1805,1763,1810,1784.0
572070,2014-12-06,45,45,VM45-49,44.88%,1896,0,1707,1702.0
992966,2014-12-06,50,50,VW50-54,47.95%,2098,0,2023,2012.0
924492,2014-12-06,62,62,VW60-64,45.32%,2606,2345,2378,2362.0
1201558,2014-12-06,46,46,VW45-49,36.23%,2655,1915,1933,1924.0
928783,2014-12-06,32,32,SW30-34,30.81%,2889,1779,1781,1780.0
780737,2014-12-13,41,41,VM40-44,74.06%,1114,1644,1655,1650.0
66495,2014-12-13,40,40,VM40-44,56.52%,1449,0,1643,1638.0
928783,2014-12-13,32,32,SW30-34,61.34%,1451,1779,1781,1780.0
942561,2014-12-13,53,53,VM50-54,60.59%,1497,1806,1820,1814.0
1014475,2014-12-13,52,52,VM50-54,53.16%,1691,1791,1805,1798.0
905173,2014-12-13,12,12,JM11-14,52.04%,1714,1763,1810,1784.0
953402,2014-12-13,55,55,VW55-59,59.92%,1789,0,2157,2144.0
992966,2014-12-13,50,50,VW50-54,48.72%,2065,0,2023,2012.0
1188855,2014-12-13,54,54,VM50-54,39.86%,2293,1821,2828,1828.0
424485,2014-12-13,54,54,VW50-54,45.14%,2344,2103,3116,2116.0
924492,2014-12-13,62,62,VW60-64,46.35%,2548,2345,2378,2362.0
1201558,2014-12-13,46,46,VW45-49,35.19%,2734,1915,1933,1924.0
780737,2014-12-20,41,41,VM40-44,75.34%,1095,1644,1655,1650.0
1247485,2014-12-20,36,36,VM35-39,65.03%,1224,1587,1596,1592.0
928783,2014-12-20,32,32,SW30-34,58.94%,1510,1779,1781,1780.0
360902,2014-12-20,52,52,VM50-54,58.80%,1529,1791,1805,1798.0
373054,2014-12-20,44,44,VM40-44,53.62%,1574,1682,2688,1688.0
66495,2014-12-20,40,40,VM40-44,50.68%,1616,0,1643,1638.0
1014475,2014-12-20,52,52,VM50-54,53.58%,1678,1791,1805,1798.0
1076027,2014-12-20,41,41,VM40-44,49.11%,1680,1644,1655,1650.0
464972,2014-12-20,32,32,SW30-34,50.51%,1762,1779,1781,1780.0
905173,2014-12-20,12,12,JM11-14,50.03%,1783,1763,1810,1784.0
953402,2014-12-20,55,55,VW55-59,58.74%,1825,0,2157,2144.0
905175,2014-12-20,9,9,JM10,51.85%,1892,1929,2002,1962.0
572070,2014-12-20,45,45,VM45-49,41.96%,2028,0,1707,1702.0
924492,2014-12-20,62,62,VW60-64,46.08%,2563,2345,2378,2362.0
1201558,2014-12-20,46,46,VW45-49,34.99%,2749,1915,1933,1924.0
373054,2014-12-25,44,44,VM40-44,65.17%,1295,1682,2688,1688.0
66495,2014-12-25,40,40,VM40-44,58.29%,1405,0,1643,1638.0
360902,2014-12-25,52,52,VM50-54,61.28%,1467,1791,1805,1798.0
1014475,2014-12-25,52,52,VM50-54,54.58%,1647,1791,1805,1798.0
928783,2014-12-25,32,32,SW30-34,52.63%,1691,1779,1781,1780.0
953402,2014-12-25,55,55,VW55-59,59.75%,1794,0,2157,2144.0
992966,2014-12-25,50,50,VW50-54,52.07%,1932,0,2023,2012.0
572070,2014-12-25,45,45,VM45-49,42.91%,1983,0,1707,1702.0
924492,2014-12-25,62,62,VW60-64,45.81%,2578,2345,2378,2362.0
780737,2014-12-27,41,41,VM40-44,74.12%,1113,1644,1655,1650.0
373054,2014-12-27,44,44,VM40-44,65.43%,1290,1682,2688,1688.0
764052,2014-12-27,41,41,VM40-44,62.55%,1319,1644,1655,1650.0
928783,2014-12-27,32,32,SW30-34,60.42%,1473,1779,1781,1780.0
1014475,2014-12-27,52,52,VM50-54,54.29%,1656,1791,1805,1798.0
953402,2014-12-27,55,55,VW55-59,57.17%,1875,0,2157,2144.0
572070,2014-12-27,45,45,VM45-49,44.14%,1928,0,1707,1702.0
1247485,2015-01-03,36,36,VM35-39,61.33%,1298,1587,1596,1592.0
66495,2015-01-03,40,40,VM40-44,57.27%,1430,0,1643,1638.0
1014475,2015-01-03,52,52,VM50-54,53.54%,1679,1791,1805,1798.0
572070,2015-01-03,45,45,VM45-49,45.31%,1878,0,1707,1702.0
928783,2015-01-03,32,32,SW30-34,28.85%,3085,1779,1781,1780.0
780737,2015-01-10,41,41,VM40-44,74.59%,1106,1644,1655,1650.0
770951,2015-01-10,41,41,VM40-44,61.84%,1334,1644,1655,1650.0
589721,2015-01-10,48,48,VM45-49,63.21%,1378,1735,1748,1742.0
66495,2015-01-10,40,40,VM40-44,54.24%,1510,0,1643,1638.0
928783,2015-01-10,32,32,SW30-34,58.36%,1525,1779,1781,1780.0
1076027,2015-01-10,41,41,VM40-44,50.30%,1640,1644,1655,1650.0
1014475,2015-01-10,52,52,VM50-54,53.04%,1695,1791,1805,1798.0
905173,2015-01-10,12,12,JM11-14,50.40%,1770,1763,1810,1784.0
953402,2015-01-10,55,55,VW55-59,58.80%,1823,0,2157,2144.0
572070,2015-01-10,45,45,VM45-49,45.12%,1886,0,1707,1702.0
1193729,2015-01-10,21,21,SM20-24,39.85%,1950,1552,1559,1554.0
66495,2015-01-17,40,40,VM40-44,55.87%,1466,0,1643,1638.0
928783,2015-01-17,32,32,SW30-34,60.46%,1472,1779,1781,1780.0
1076027,2015-01-17,41,41,VM40-44,51.56%,1600,1644,1655,1650.0
1014475,2015-01-17,52,52,VM50-54,55.63%,1616,1791,1805,1798.0
905173,2015-01-17,12,12,JM11-14,51.00%,1749,1763,1810,1784.0
953402,2015-01-17,55,55,VW55-59,60.16%,1782,0,2157,2144.0
572070,2015-01-17,45,45,VM45-49,44.58%,1909,0,1707,1702.0
924492,2015-01-17,62,62,VW60-64,44.07%,2680,2345,2378,2362.0
780737,2015-01-24,41,41,VM40-44,73.60%,1121,1644,1655,1650.0
928783,2015-01-24,32,32,SW30-34,61.68%,1443,1779,1781,1780.0
66495,2015-01-24,40,40,VM40-44,53.15%,1541,0,1643,1638.0
1076027,2015-01-24,41,41,VM40-44,52.68%,1566,1644,1655,1650.0
1014475,2015-01-24,52,52,VM50-54,55.91%,1608,1791,1805,1798.0
905175,2015-01-24,9,9,JM10,57.17%,1716,1929,2002,1962.0
905173,2015-01-24,12,12,JM11-14,51.68%,1726,1763,1810,1784.0
953402,2015-01-24,55,55,VW55-59,58.55%,1831,0,2157,2144.0
1193729,2015-01-24,21,21,SM20-24,41.57%,1869,1552,1559,1554.0
572070,2015-01-24,45,45,VM45-49,45.53%,1869,0,1707,1702.0
907645,2015-01-24,36,36,VW35-39,43.08%,2089,1797,1802,1800.0
924492,2015-01-24,62,62,VW60-64,44.40%,2660,2345,2378,2362.0
1201558,2015-01-24,46,46,VW45-49,35.99%,2673,1915,1933,1924.0
928783,2015-02-07,32,32,SW30-34,61.98%,1436,1779,1781,1780.0
66495,2015-02-07,40,40,VM40-44,55.04%,1488,0,1643,1638.0
1014475,2015-02-07,52,52,VM50-54,58.19%,1545,1791,1805,1798.0
953402,2015-02-07,55,55,VW55-59,59.72%,1795,0,2157,2144.0
572070,2015-02-07,45,45,VM45-49,46.35%,1836,0,1707,1702.0
1426257,2015-02-07,36,36,VW35-39,40.02%,2249,1797,1802,1800.0
424485,2015-02-07,54,54,VW50-54,46.32%,2284,2103,3116,2116.0
1188855,2015-02-07,54,54,VM50-54,39.52%,2313,1821,2828,1828.0
66495,2015-02-14,40,40,VM40-44,58.25%,1406,0,1643,1638.0
928783,2015-02-14,32,32,SW30-34,62.76%,1418,1779,1781,1780.0
360902,2015-02-14,52,52,VM50-54,58.80%,1529,1791,1805,1798.0
1014475,2015-02-14,52,52,VM50-54,56.47%,1592,1791,1805,1798.0
953402,2015-02-14,55,55,VW55-59,60.16%,1782,0,2157,2144.0
1415290,2015-02-14,37,37,VM35-39,39.81%,2012,1597,1607,1602.0
1424991,2015-02-14,58,58,VM55-59,45.70%,2070,1884,1899,1892.0
1145839,2015-02-14,39,39,VW35-39,41.25%,2211,1820,2824,1824.0
1426257,2015-02-14,36,36,VW35-39,40.27%,2235,1797,1802,1800.0
1468454,2015-02-14,14,14,JW11-14,40.82%,2310,0,1901,1886.0
360902,2015-02-21,52,52,VM50-54,59.73%,1505,1791,1805,1798.0
66495,2015-02-21,40,40,VM40-44,53.18%,1540,0,1643,1638.0
1014475,2015-02-21,52,52,VM50-54,55.49%,1620,1791,1805,1798.0
905175,2015-02-21,9,9,JM10,54.90%,1787,1929,2002,1962.0
1297783,2015-02-21,52,52,VM50-54,48.10%,1869,1791,1805,1798.0
1424991,2015-02-21,58,58,VM55-59,48.34%,1957,1884,1899,1892.0
1426257,2015-02-21,36,36,VW35-39,40.60%,2217,1797,1802,1800.0
424485,2015-02-21,54,54,VW50-54,43.40%,2438,2103,3116,2116.0
1201558,2015-02-21,46,46,VW45-49,34.91%,2756,1915,1933,1924.0
780737,2015-02-28,41,41,VM40-44,73.53%,1122,1644,1655,1650.0
928783,2015-02-28,32,32,SW30-34,62.06%,1434,1779,1781,1780.0
66495,2015-02-28,40,40,VM40-44,53.22%,1539,0,1643,1638.0
1247485,2015-02-28,36,36,VM35-39,50.00%,1592,1587,1596,1592.0
1014475,2015-02-28,52,52,VM50-54,55.67%,1615,1791,1805,1798.0
360902,2015-02-28,52,52,VM50-54,54.32%,1655,1791,1805,1798.0
1076027,2015-02-28,41,41,VM40-44,49.37%,1671,1644,1655,1650.0
953402,2015-02-28,55,55,VW55-59,58.93%,1819,0,2157,2144.0
572070,2015-02-28,45,45,VM45-49,46.07%,1847,0,1707,1702.0
1424991,2015-02-28,58,58,VM55-59,49.40%,1915,1884,1899,1892.0
1426257,2015-02-28,36,36,VW35-39,41.78%,2154,1797,1802,1800.0
424485,2015-02-28,54,54,VW50-54,45.21%,2340,2103,3116,2116.0
924492,2015-02-28,62,62,VW60-64,43.45%,2718,2345,2378,2362.0
1090866,2015-03-07,13,13,JM11-14,65.32%,1332,1722,1762,1740.0
360902,2015-03-07,52,52,VM50-54,62.09%,1448,1791,1805,1798.0
1247485,2015-03-07,36,36,VM35-39,54.37%,1464,1587,1596,1592.0
1014475,2015-03-07,52,52,VM50-54,54.98%,1635,1791,1805,1798.0
953402,2015-03-07,55,55,VW55-59,61.08%,1755,0,2157,2144.0
464972,2015-03-07,32,32,SW30-34,50.23%,1772,1779,1781,1780.0
1499652,2015-03-07,36,36,VW35-39,49.48%,1819,1797,1802,1800.0
1424991,2015-03-07,58,58,VM55-59,51.78%,1827,1884,1899,1892.0
1426257,2015-03-07,36,36,VW35-39,43.44%,2072,1797,1802,1800.0
1188855,2015-03-07,54,54,VM50-54,39.40%,2320,1821,2828,1828.0
424485,2015-03-07,54,54,VW50-54,44.72%,2366,2103,3116,2116.0
924492,2015-03-07,63,63,VW60-64,43.00%,2786,2379,2413,2396.0
1090866,2015-03-14,13,13,JM11-14,68.08%,1278,1722,1762,1740.0
806554,2015-03-14,37,37,VW35-39,67.24%,1343,1803,1810,1806.0
770951,2015-03-14,41,41,VM40-44,58.89%,1401,1644,1655,1650.0
66495,2015-03-14,40,40,VM40-44,58.13%,1409,0,1643,1638.0
1521451,2015-03-14,41,41,VM40-44,57.85%,1426,1644,1655,1650.0
1247485,2015-03-14,36,36,VM35-39,55.20%,1442,1587,1596,1592.0
1415290,2015-03-14,37,37,VM35-39,52.66%,1521,1597,1607,1602.0
1076027,2015-03-14,42,42,VM40-44,53.75%,1546,1656,1668,1662.0
905175,2015-03-14,9,9,JM10,59.13%,1659,1929,2002,1962.0
905173,2015-03-14,12,12,JM11-14,53.29%,1674,1763,1810,1784.0
953402,2015-03-14,55,55,VW55-59,61.93%,1731,0,2157,2144.0
1424991,2015-03-14,58,58,VM55-59,52.50%,1802,1884,1899,1892.0
907645,2015-03-14,36,36,VW35-39,44.42%,2026,1797,1802,1800.0
1515931,2015-03-14,41,41,VW40-44,45.11%,2046,1841,1852,1846.0
1426257,2015-03-14,36,36,VW35-39,42.63%,2111,1797,1802,1800.0
424485,2015-03-14,54,54,VW50-54,46.69%,2266,2103,3116,2116.0
924492,2015-03-14,63,63,VW60-64,47.35%,2530,2379,2413,2396.0
780737,2015-03-21,41,41,VM40-44,74.80%,1103,1644,1655,1650.0
770951,2015-03-21,41,41,VM40-44,63.95%,1290,1644,1655,1650.0
66495,2015-03-21,40,40,VM40-44,62.23%,1316,0,1643,1638.0
1415290,2015-03-21,37,37,VM35-39,53.36%,1501,1597,1607,1602.0
1076027,2015-03-21,42,42,VM40-44,52.36%,1587,1656,1668,1662.0
942561,2015-03-21,53,53,VM50-54,56.13%,1616,1806,1820,1814.0
905173,2015-03-21,12,12,JM11-14,53.86%,1656,1763,1810,1784.0
464972,2015-03-21,32,32,SW30-34,52.51%,1695,1779,1781,1780.0
953402,2015-03-21,55,55,VW55-59,61.43%,1745,0,2157,2144.0
1515931,2015-03-21,41,41,VW40-44,44.85%,2058,1841,1852,1846.0
1426257,2015-03-21,36,36,VW35-39,43.60%,2064,1797,1802,1800.0
1188855,2015-03-21,54,54,VM50-54,42.69%,2141,1821,2828,1828.0
373054,2015-03-21,45,45,VM45-49,39.09%,2177,0,1707,1702.0
928783,2015-03-21,32,32,SW30-34,39.10%,2276,1779,1781,1780.0
924492,2015-03-21,63,63,VW60-64,42.60%,2812,2379,2413,2396.0
780737,2015-03-28,41,41,VM40-44,73.53%,1122,1644,1655,1650.0
1521451,2015-03-28,41,41,VM40-44,61.48%,1342,1644,1655,1650.0
1247485,2015-03-28,36,36,VM35-39,56.37%,1412,1587,1596,1592.0
806554,2015-03-28,38,38,VW35-39,62.71%,1448,1811,1819,1816.0
66495,2015-03-28,40,40,VM40-44,54.10%,1514,0,1643,1638.0
360902,2015-03-28,52,52,VM50-54,59.14%,1520,1791,1805,1798.0
1014475,2015-03-28,52,52,VM50-54,53.80%,1671,1791,1805,1798.0
953402,2015-03-28,55,55,VW55-59,62.69%,1710,0,2157,2144.0
1553214,2015-03-28,13,13,JW11-14,50.45%,1899,1902,1935,1916.0
1515931,2015-03-28,41,41,VW40-44,46.48%,1986,1841,1852,1846.0
1426257,2015-03-28,36,36,VW35-39,43.75%,2057,1797,1802,1800.0
373054,2015-03-28,45,45,VM45-49,40.66%,2093,0,1707,1702.0
928783,2015-03-28,32,32,SW30-34,41.32%,2154,1779,1781,1780.0
924492,2015-03-28,63,63,VW60-64,45.24%,2648,2379,2413,2396.0
780737,2015-04-04,41,41,VM40-44,76.04%,1085,1644,1655,1650.0
1521451,2015-04-04,41,41,VM40-44,60.44%,1365,1644,1655,1650.0
1090866,2015-04-04,13,13,JM11-14,63.23%,1376,1722,1762,1740.0
66495,2015-04-04,40,40,VM40-44,56.40%,1452,0,1643,1638.0
905175,2015-04-04,9,9,JM10,64.24%,1527,1929,2002,1962.0
360902,2015-04-04,52,52,VM50-54,58.68%,1532,1791,1805,1798.0
1076027,2015-04-04,42,42,VM40-44,54.10%,1536,1656,1668,1662.0
589721,2015-04-04,48,48,VM45-49,56.49%,1542,1735,1748,1742.0
1014475,2015-04-04,52,52,VM50-54,54.68%,1644,1791,1805,1798.0
905173,2015-04-04,12,12,JM11-14,52.44%,1701,1763,1810,1784.0
1556711,2015-04-04,31,31,SW30-34,52.05%,1708,1777,1778,1778.0
953402,2015-04-04,55,55,VW55-59,61.29%,1749,0,2157,2144.0
928783,2015-04-04,32,32,SW30-34,48.06%,1852,1779,1781,1780.0
1145839,2015-04-04,39,39,VW35-39,45.13%,2021,1820,2824,1824.0
1426257,2015-04-04,36,36,VW35-39,44.25%,2034,1797,1802,1800.0
1441233,2015-04-04,39,39,VW35-39,43.91%,2077,1820,2824,1824.0
924492,2015-04-04,63,63,VW60-64,46.01%,2604,2379,2413,2396.0
1090866,2015-04-11,13,13,JM11-14,68.77%,1265,1722,1762,1740.0
1576208,2015-04-11,9,9,JM10,66.11%,1484,1929,2002,1962.0
589721,2015-04-11,48,48,VM45-49,58.61%,1486,1735,1748,1742.0
905173,2015-04-11,12,12,JM11-14,59.31%,1504,1763,1810,1784.0
1014475,2015-04-11,52,52,VM50-54,54.52%,1649,1791,1805,1798.0
907645,2015-04-11,36,36,VW35-39,46.37%,1941,1797,1802,1800.0
1441233,2015-04-11,39,39,VW35-39,45.71%,1995,1820,2824,1824.0
1426257,2015-04-11,36,36,VW35-39,44.10%,2041,1797,1802,1800.0
360902,2015-04-11,52,52,VM50-54,40.92%,2197,1791,1805,1798.0
924492,2015-04-11,63,63,VW60-64,48.27%,2482,2379,2413,2396.0
1521451,2015-04-18,42,42,VM40-44,62.01%,1340,1656,1668,1662.0
589721,2015-04-18,48,48,VM45-49,63.44%,1373,1735,1748,1742.0
1015088,2015-04-18,22,24,SM20-24,55.97%,1383,0,1551,1548.0
360902,2015-04-18,52,52,VM50-54,61.70%,1457,1791,1805,1798.0
1076027,2015-04-18,42,42,VM40-44,52.83%,1573,1656,1668,1662.0
1556711,2015-04-18,31,31,SW30-34,56.09%,1585,1777,1778,1778.0
1594344,2015-04-18,56,56,VM55-59,58.20%,1598,1852,1867,1860.0
1014475,2015-04-18,52,52,VM50-54,54.35%,1654,1791,1805,1798.0
953402,2015-04-18,55,55,VW55-59,64.62%,1659,0,2157,2144.0
1551071,2015-04-18,32,32,SM30-34,46.96%,1661,1558,1562,1560.0
464972,2015-04-18,32,32,SW30-34,53.10%,1676,1779,1781,1780.0
928783,2015-04-18,32,32,SW30-34,51.30%,1735,1779,1781,1780.0
1499652,2015-04-18,37,37,VW35-39,48.92%,1846,1803,1810,1806.0
1441233,2015-04-18,39,39,VW35-39,48.28%,1889,1820,2824,1824.0
1188855,2015-04-18,54,54,VM50-54,46.21%,1978,1821,2828,1828.0
1591779,2015-04-18,25,28,SM25-29,34.82%,2223,0,1548,1548.0
924492,2015-04-18,63,63,VW60-64,45.83%,2614,2379,2413,2396.0
770951,2015-04-25,41,41,VM40-44,65.06%,1268,1644,1655,1650.0
928783,2015-04-25,32,32,SW30-34,62.15%,1432,1779,1781,1780.0
360902,2015-04-25,52,52,VM50-54,62.30%,1443,1791,1805,1798.0
1415290,2015-04-25,37,37,VM35-39,53.87%,1487,1597,1607,1602.0
1556711,2015-04-25,31,31,SW30-34,55.95%,1589,1777,1778,1778.0
1014475,2015-04-25,52,52,VM50-54,55.91%,1608,1791,1805,1798.0
953402,2015-04-25,55,55,VW55-59,64.85%,1653,0,2157,2144.0
1606273,2015-04-25,11,11,JM11-14,55.14%,1665,1811,2836,1836.0
905173,2015-04-25,12,12,JM11-14,53.25%,1675,1763,1810,1784.0
1441233,2015-04-25,39,39,VW35-39,49.40%,1846,1820,2824,1824.0
1193729,2015-04-25,22,24,SM20-24,40.67%,1903,0,1551,1548.0
1515931,2015-04-25,42,42,VW40-44,48.01%,1937,1853,1866,1860.0
1553214,2015-04-25,13,13,JW11-14,48.07%,1993,1902,1935,1916.0
572070,2015-04-25,46,46,VM45-49,42.57%,2013,1708,1720,1714.0
1591779,2015-04-25,25,28,SM25-29,36.07%,2146,0,1548,1548.0
924492,2015-04-25,63,63,VW60-64,47.81%,2506,2379,2413,2396.0
1201558,2015-04-25,47,47,VW45-49,37.63%,2583,1934,1953,1944.0
780737,2015-05-02,41,41,VM40-44,73.46%,1123,1644,1655,1650.0
1090866,2015-05-02,13,13,JM11-14,69.88%,1245,1722,1762,1740.0
770951,2015-05-02,41,41,VM40-44,65.74%,1255,1644,1655,1650.0
589721,2015-05-02,48,48,VM45-49,64.00%,1361,1735,1748,1742.0
1521451,2015-05-02,42,42,VM40-44,59.44%,1398,1656,1668,1662.0
458254,2015-05-02,15,15,JM15-17,59.52%,1403,1658,2670,1670.0
1415290,2015-05-02,37,37,VM35-39,52.77%,1518,1597,1607,1602.0
1076027,2015-05-02,42,42,VM40-44,54.67%,1520,1656,1668,1662.0
1556711,2015-05-02,31,31,SW30-34,57.47%,1547,1777,1778,1778.0
942561,2015-05-02,53,53,VM50-54,58.25%,1557,1806,1820,1814.0
905175,2015-05-02,9,9,JM10,62.29%,1575,1929,2002,1962.0
1186569,2015-05-02,25,28,SM25-29,47.96%,1614,0,1548,1548.0
1606273,2015-05-02,11,11,JM11-14,56.77%,1617,1811,2836,1836.0
953402,2015-05-02,55,55,VW55-59,64.85%,1653,0,2157,2144.0
905173,2015-05-02,12,12,JM11-14,53.38%,1671,1763,1810,1784.0
464972,2015-05-02,32,32,SW30-34,52.63%,1691,1779,1781,1780.0
1624624,2015-05-02,30,30,SM30-34,45.51%,1705,0,1553,1552.0
572070,2015-05-02,46,46,VM45-49,46.88%,1828,1708,1720,1714.0
1553214,2015-05-02,13,13,JW11-14,51.92%,1845,1902,1935,1916.0
1515931,2015-05-02,42,42,VW40-44,48.46%,1919,1853,1866,1860.0
480802,2015-05-02,55,55,VM55-59,47.92%,1924,0,1851,1844.0
1188855,2015-05-02,54,54,VM50-54,42.28%,2162,1821,2828,1828.0
424485,2015-05-02,55,55,VW55-59,47.64%,2250,0,2157,2144.0
924492,2015-05-02,63,63,VW60-64,48.66%,2462,2379,2413,2396.0
458254,2015-05-09,15,15,JM15-17,63.59%,1313,1658,2670,1670.0
1521451,2015-05-09,42,42,VM40-44,61.28%,1356,1656,1668,1662.0
66495,2015-05-09,40,40,VM40-44,60.22%,1360,0,1643,1638.0
1576208,2015-05-09,9,9,JM10,68.60%,1430,1929,2002,1962.0
928783,2015-05-09,32,32,SW30-34,59.21%,1503,1779,1781,1780.0
1551071,2015-05-09,32,32,SM30-34,51.28%,1521,1558,1562,1560.0
1014475,2015-05-09,52,52,VM50-54,55.12%,1631,1791,1805,1798.0
1292590,2015-05-09,13,13,JM11-14,51.42%,1692,1722,1762,1740.0
1624624,2015-05-09,30,30,SM30-34,44.88%,1729,0,1553,1552.0
1553214,2015-05-09,13,13,JW11-14,53.43%,1793,1902,1935,1916.0
992966,2015-05-09,50,50,VW50-54,49.03%,2052,0,2023,2012.0
1188855,2015-05-09,54,54,VM50-54,43.44%,2104,1821,2828,1828.0
424485,2015-05-09,55,55,VW55-59,47.10%,2276,0,2157,2144.0
924492,2015-05-09,63,63,VW60-64,47.65%,2514,2379,2413,2396.0
1627393,2015-05-09,6,6,JM10,41.30%,2717,2191,2308,2244.0
1617183,2015-05-16,32,32,SM30-34,59.91%,1302,1558,1562,1560.0
928783,2015-05-16,32,32,SW30-34,61.63%,1444,1779,1781,1780.0
1556711,2015-05-16,31,31,SW30-34,58.60%,1517,1777,1778,1778.0
1594344,2015-05-16,56,56,VM55-59,60.74%,1531,1852,1867,1860.0
1292590,2015-05-16,13,13,JM11-14,55.81%,1559,1722,1762,1740.0
1186569,2015-05-16,25,28,SM25-29,48.74%,1588,0,1548,1548.0
942561,2015-05-16,53,53,VM50-54,56.34%,1610,1806,1820,1814.0
905173,2015-05-16,12,12,JM11-14,53.64%,1663,1763,1810,1784.0
1640424,2015-05-16,25,28,SM25-29,43.51%,1779,0,1548,1548.0
1193729,2015-05-16,22,24,SM20-24,42.00%,1843,0,1551,1548.0
572070,2015-05-16,46,46,VM45-49,45.88%,1868,1708,1720,1714.0
1424991,2015-05-16,58,58,VM55-59,50.43%,1876,1884,1899,1892.0
1441233,2015-05-16,39,39,VW35-39,47.45%,1922,1820,2824,1824.0
1651066,2015-05-16,38,38,VW35-39,43.14%,2105,1811,1819,1816.0
1591779,2015-05-16,25,28,SM25-29,35.59%,2175,0,1548,1548.0
480802,2015-05-16,55,55,VM55-59,40.62%,2270,0,1851,1844.0
424485,2015-05-16,55,55,VW55-59,46.89%,2286,0,2157,2144.0
924492,2015-05-16,63,63,VW60-64,48.84%,2453,2379,2413,2396.0
1521451,2015-05-23,42,42,VM40-44,63.68%,1305,1656,1668,1662.0
589721,2015-05-23,48,48,VM45-49,66.59%,1308,1735,1748,1742.0
905175,2015-05-23,9,9,JM10,66.78%,1469,1929,2002,1962.0
1594344,2015-05-23,56,56,VM55-59,59.92%,1552,1852,1867,1860.0
942561,2015-05-23,53,53,VM50-54,58.10%,1561,1806,1820,1814.0
1186569,2015-05-23,25,28,SM25-29,49.55%,1562,0,1548,1548.0
1076027,2015-05-23,42,42,VM40-44,51.81%,1604,1656,1668,1662.0
1014475,2015-05-23,52,52,VM50-54,55.36%,1624,1791,1805,1798.0
905173,2015-05-23,12,12,JM11-14,54.09%,1649,1763,1810,1784.0
1624624,2015-05-23,30,30,SM30-34,45.33%,1712,0,1553,1552.0
1627386,2015-05-23,12,12,JM11-14,51.83%,1721,1763,1810,1784.0
572070,2015-05-23,46,46,VM45-49,49.03%,1748,1708,1720,1714.0
1424991,2015-05-23,58,58,VM55-59,52.38%,1806,1884,1899,1892.0
1640424,2015-05-23,25,28,SM25-29,40.54%,1909,0,1548,1548.0
1426257,2015-05-23,36,36,VW35-39,45.41%,1982,1797,1802,1800.0
1591779,2015-05-23,25,28,SM25-29,37.19%,2081,0,1548,1548.0
1663675,2015-05-23,6,6,JW10,54.54%,2149,2299,2397,2344.0
1553214,2015-05-23,13,13,JW11-14,42.67%,2245,1902,1935,1916.0
1627393,2015-05-23,6,6,JM10,47.00%,2387,2191,2308,2244.0
1663888,2015-05-23,40,40,VW40-44,37.29%,2462,0,1840,1836.0
924492,2015-05-23,63,63,VW60-64,48.54%,2468,2379,2413,2396.0
1628712,2015-05-23,36,36,VW35-39,36.03%,2498,1797,1802,1800.0
1668098,2015-05-23,35,35,VW35-39,27.54%,3257,0,1796,1794.0
1521451,2015-05-30,42,42,VM40-44,65.07%,1277,1656,1668,1662.0
66495,2015-05-30,40,40,VM40-44,57.31%,1429,0,1643,1638.0
928783,2015-05-30,32,32,SW30-34,62.06%,1434,1779,1781,1780.0
1576208,2015-05-30,9,9,JM10,67.75%,1448,1929,2002,1962.0
1594344,2015-05-30,56,56,VM55-59,62.00%,1500,1852,1867,1860.0
1186569,2015-05-30,25,28,SM25-29,49.62%,1560,0,1548,1548.0
1606273,2015-05-30,11,11,JM11-14,58.51%,1569,1811,2836,1836.0
1684429,2015-05-30,37,37,VW35-39,56.69%,1593,1803,1810,1806.0
1014475,2015-05-30,52,52,VM50-54,56.36%,1595,1791,1805,1798.0
942561,2015-05-30,53,53,VM50-54,55.78%,1626,1806,1820,1814.0
1640424,2015-05-30,25,28,SM25-29,46.13%,1678,0,1548,1548.0
953402,2015-05-30,55,55,VW55-59,62.43%,1717,0,2157,2144.0
1441233,2015-05-30,39,39,VW35-39,51.09%,1785,1820,2824,1824.0
572070,2015-05-30,46,46,VM45-49,46.81%,1831,1708,1720,1714.0
1424991,2015-05-30,58,58,VM55-59,51.58%,1834,1884,1899,1892.0
1675506,2015-05-30,12,12,JM11-14,47.37%,1883,1763,1810,1784.0
1663888,2015-05-30,40,40,VW40-44,47.05%,1951,0,1840,1836.0
1663675,2015-05-30,6,6,JW10,57.76%,2029,2299,2397,2344.0
1651066,2015-05-30,38,38,VW35-39,44.53%,2039,1811,1819,1816.0
1426257,2015-05-30,36,36,VW35-39,44.12%,2040,1797,1802,1800.0
1188855,2015-05-30,54,54,VM50-54,43.96%,2079,1821,2828,1828.0
1628712,2015-05-30,36,36,VW35-39,37.14%,2423,1797,1802,1800.0
924492,2015-05-30,63,63,VW60-64,48.31%,2480,2379,2413,2396.0
1668098,2015-05-30,35,35,VW35-39,30.84%,2909,0,1796,1794.0
770951,2015-06-06,41,41,VM40-44,67.57%,1221,1644,1655,1650.0
1617183,2015-06-06,32,32,SM30-34,60.99%,1279,1558,1562,1560.0
458254,2015-06-06,15,15,JM15-17,64.43%,1296,1658,2670,1670.0
1247485,2015-06-06,36,36,VM35-39,56.90%,1399,1587,1596,1592.0
1576208,2015-06-06,9,9,JM10,69.43%,1413,1929,2002,1962.0
1556711,2015-06-06,31,31,SW30-34,59.91%,1484,1777,1778,1778.0
1606273,2015-06-06,11,11,JM11-14,61.16%,1501,1811,2836,1836.0
1186569,2015-06-06,25,28,SM25-29,50.00%,1548,0,1548,1548.0
1076027,2015-06-06,42,42,VM40-44,53.54%,1552,1656,1668,1662.0
1292590,2015-06-06,13,13,JM11-14,52.57%,1655,1722,1762,1740.0
1649546,2015-06-06,55,55,VM55-59,54.82%,1682,0,1851,1844.0
1640424,2015-06-06,25,28,SM25-29,45.85%,1688,0,1548,1548.0
572070,2015-06-06,46,46,VM45-49,47.30%,1812,1708,1720,1714.0
1441233,2015-06-06,40,40,VW40-44,50.33%,1824,0,1840,1836.0
1348937,2015-06-06,45,45,VM45-49,46.05%,1848,0,1707,1702.0
1663888,2015-06-06,40,40,VW40-44,48.62%,1888,0,1840,1836.0
1145839,2015-06-06,40,40,VW40-44,43.88%,2092,0,1840,1836.0
1591779,2015-06-06,25,28,SM25-29,36.93%,2096,0,1548,1548.0
1188855,2015-06-06,54,54,VM50-54,40.62%,2250,1821,2828,1828.0
1627393,2015-06-06,6,6,JM10,46.89%,2393,2191,2308,2244.0
924492,2015-06-06,63,63,VW60-64,48.56%,2467,2379,2413,2396.0
458254,2015-06-13,17,17,JM15-17,59.04%,1311,0,1632,1548.0
1617183,2015-06-13,33,33,SM30-34,59.36%,1319,1563,1569,1566.0
1090866,2015-06-13,14,14,JM11-14,62.85%,1354,0,1721,1702.0
589721,2015-06-13,49,49,VM45-49,63.49%,1383,1749,2756,1756.0
1576208,2015-06-13,10,10,JM10,61.57%,1413,0,1928,1740.0
770951,2015-06-13,42,42,VM40-44,58.85%,1412,1656,1668,1662.0
1247485,2015-06-13,38,38,VM35-39,56.99%,1416,1608,1619,1614.0
66495,2015-06-13,44,44,VM40-44,58.84%,1504,1682,2688,1770.0
1556711,2015-06-13,34,34,SW30-34,59.36%,1506,1786,2788,1788.0
1606273,2015-06-13,14,14,JM11-14,54.93%,1520,0,1721,1670.0
360902,2015-06-13,54,54,VM50-54,61.06%,1523,1821,2828,1860.0
1551071,2015-06-13,34,34,SM30-34,51.51%,1528,1570,2574,1574.0
1076027,2015-06-13,44,44,VM40-44,53.59%,1575,1682,2688,1688.0
1292590,2015-06-13,14,14,JM11-14,48.24%,1621,0,1721,1564.0
1297783,2015-06-13,54,54,VM50-54,54.77%,1773,1821,2828,1942.0
1658940,2015-06-13,34,34,SW30-34,56.25%,1641,1786,2788,1846.0
905175,2015-06-13,10,10,JM10,56.95%,1663,0,1928,1894.0
905173,2015-06-13,14,14,JM11-14,47.37%,1670,0,1721,1582.0
1014475,2015-06-13,53,53,VM50-54,53.83%,1685,1806,1820,1814.0
1627386,2015-06-13,14,14,JM11-14,44.97%,1721,0,1721,1548.0
953402,2015-06-13,56,56,VW55-59,63.40%,1713,2158,2186,2172.0
464972,2015-06-13,34,34,SW30-34,53.11%,1738,1786,2788,1846.0
1441233,2015-06-13,44,44,VW40-44,55.01%,1785,1881,2888,1964.0
1424991,2015-06-13,59,59,VM55-59,53.88%,1802,1900,2908,1942.0
1499652,2015-06-13,39,39,VW35-39,51.79%,1840,1820,2824,1906.0
1348937,2015-06-13,46,46,VM45-49,46.35%,1849,1708,1720,1714.0
1515931,2015-06-13,44,44,VW40-44,51.80%,1919,1881,2888,1988.0
1426257,2015-06-13,39,39,VW35-39,48.54%,1982,1820,2824,1924.0
1553214,2015-06-13,14,14,JW11-14,45.68%,1944,0,1901,1776.0
992966,2015-06-13,54,54,VW50-54,54.94%,2004,2103,3116,2202.0
424485,2015-06-13,59,59,VW55-59,54.89%,2250,2248,3264,2470.0
1627393,2015-06-13,10,10,JM10,34.98%,2387,0,1928,1670.0
928783,2015-06-13,34,34,SW30-34,40.05%,2232,1786,2788,1788.0
1663675,2015-06-13,10,10,JW10,40.26%,2280,0,2077,1836.0
1663667,2015-06-13,10,10,JW10,39.35%,2282,0,2077,1796.0
1706102,2015-06-13,54,54,VW50-54,38.38%,2991,2103,3116,2296.0
1271451,2015-06-20,17,17,JM15-17,71.53%,1082,0,1632,1548.0
780737,2015-06-20,42,42,VM40-44,75.41%,1102,1656,1668,1662.0
373054,2015-06-20,49,49,VM45-49,73.17%,1219,1749,2756,1784.0
1521451,2015-06-20,44,44,VM40-44,72.36%,1223,1682,2688,1770.0
1617183,2015-06-20,33,33,SM30-34,62.74%,1248,1563,1569,1566.0
589721,2015-06-20,49,49,VM45-49,68.86%,1275,1749,2756,1756.0
1194424,2015-06-20,59,59,VM55-59,75.89%,1290,1900,2908,1958.0
66495,2015-06-20,44,44,VM40-44,62.19%,1423,1682,2688,1770.0
1015088,2015-06-20,20,20,SM20-24,53.71%,1456,1560,2564,1564.0
1415290,2015-06-20,39,39,VM35-39,57.73%,1462,1620,2626,1688.0
905175,2015-06-20,10,10,JM10,63.99%,1480,0,1928,1894.0
1576208,2015-06-20,10,10,JM10,58.39%,1490,0,1928,1740.0
1594344,2015-06-20,59,59,VM55-59,66.29%,1504,1900,2908,1994.0
1076027,2015-06-20,44,44,VM40-44,55.45%,1522,1682,2688,1688.0
1186569,2015-06-20,29,29,SM25-29,51.15%,1525,1549,2500,1560.0
942561,2015-06-20,54,54,VM50-54,60.30%,1529,1821,2828,1844.0
1292590,2015-06-20,14,14,JM11-14,51.01%,1533,0,1721,1564.0
1675506,2015-06-20,14,14,JM11-14,51.30%,1542,0,1721,1582.0
1684429,2015-06-20,39,39,VW35-39,58.70%,1564,1820,2824,1836.0
1649546,2015-06-20,59,59,VM55-59,60.54%,1604,1900,2908,1942.0
1297783,2015-06-20,54,54,VM50-54,60.39%,1608,1821,2828,1942.0
1014475,2015-06-20,53,53,VM50-54,54.97%,1650,1806,1820,1814.0
1627386,2015-06-20,14,14,JM11-14,46.32%,1671,0,1721,1548.0
1640424,2015-06-20,29,29,SM25-29,47.06%,1681,1549,2500,1582.0
953402,2015-06-20,56,56,VW55-59,64.41%,1686,2158,2186,2172.0
1624624,2015-06-20,33,33,SM30-34,45.66%,1715,1563,1569,1566.0
1724169,2015-06-20,34,34,SW30-34,52.96%,1722,1786,2788,1824.0
905173,2015-06-20,14,14,JM11-14,45.54%,1737,0,1721,1582.0
1348937,2015-06-20,46,46,VM45-49,48.36%,1772,1708,1720,1714.0
356941,2015-06-20,49,49,VW45-49,55.97%,1776,1976,2988,1988.0
1193729,2015-06-20,21,21,SM20-24,42.65%,1824,1552,1559,1556.0
1131304,2015-06-20,39,39,VW35-39,51.91%,1836,1820,2824,1906.0
1515931,2015-06-20,44,44,VW40-44,54.76%,1837,1881,2888,2012.0
1663888,2015-06-20,44,44,VW40-44,53.37%,1885,1881,2888,2012.0
572070,2015-06-20,49,49,VM45-49,46.41%,1892,1749,2756,1756.0
1426257,2015-06-20,39,39,VW35-39,50.39%,1909,1820,2824,1924.0
907645,2015-06-20,39,39,VW35-39,48.43%,2007,1820,2824,1944.0
1145839,2015-06-20,44,44,VW40-44,47.48%,2047,1881,2888,1944.0
1591779,2015-06-20,29,29,SM25-29,38.08%,2077,1549,2500,1582.0
1651066,2015-06-20,39,39,VW35-39,44.71%,2080,1820,2824,1860.0
1663675,2015-06-20,10,10,JW10,43.99%,2087,0,2077,1836.0
1663667,2015-06-20,10,10,JW10,42.78%,2099,0,2077,1796.0
480802,2015-06-20,59,59,VM55-59,45.00%,2120,1900,2908,1908.0
1188855,2015-06-20,59,59,VM55-59,45.78%,2121,1900,2908,1942.0
1730522,2015-06-20,34,34,SM30-34,38.04%,2203,1570,2574,1676.0
424485,2015-06-20,59,59,VW55-59,55.13%,2240,2248,3264,2470.0
1628712,2015-06-20,39,39,VW35-39,42.51%,2263,1820,2824,1924.0
1717073,2015-06-20,44,44,VW40-44,43.54%,2368,1881,2888,2062.0
1627393,2015-06-20,10,10,JM10,33.60%,2485,0,1928,1670.0
1705569,2015-06-20,49,49,VW45-49,41.44%,2488,1976,2988,2062.0
924492,2015-06-20,64,64,VW60-64,49.34%,2503,2414,3432,2470.0
1201558,2015-06-20,49,49,VW45-49,39.22%,2733,1976,2988,2144.0
1706102,2015-06-20,54,54,VW50-54,36.95%,3107,2103,3116,2296.0
1668098,2015-06-20,39,39,VW35-39,28.24%,3343,1820,2824,1888.0
458254,2015-06-27,15,15,JM15-17,66.59%,1254,1658,2670,1670.0
1521451,2015-06-27,42,42,VM40-44,65.02%,1278,1656,1668,1662.0
1556711,2015-06-27,31,31,SW30-34,61.10%,1455,1777,1778,1778.0
1076027,2015-06-27,42,42,VM40-44,53.47%,1554,1656,1668,1662.0
1014475,2015-06-27,52,52,VM50-54,54.72%,1643,1791,1805,1798.0
953402,2015-06-27,55,55,VW55-59,62.11%,1726,0,2157,2144.0
1348937,2015-06-27,45,45,VM45-49,48.91%,1740,0,1707,1702.0
589721,2015-06-27,48,48,VM45-49,44.87%,1941,1735,1748,1742.0
1188855,2015-06-27,55,55,VM55-59,45.00%,2049,0,1851,1844.0
1730522,2015-06-27,33,33,SM30-34,35.45%,2209,1563,1569,1566.0
1628712,2015-06-27,36,36,VW35-39,38.83%,2318,1797,1802,1800.0
928783,2015-06-27,32,32,SW30-34,36.69%,2426,1779,1781,1780.0
1668098,2015-06-27,36,36,VW35-39,28.38%,3171,1797,1802,1800.0
1706102,2015-06-27,52,52,VW50-54,31.45%,3278,2049,2075,2062.0
780737,2015-07-04,41,41,VM40-44,72.24%,1142,1644,1655,1650.0
1521451,2015-07-04,42,42,VM40-44,65.48%,1269,1656,1668,1662.0
1617183,2015-07-04,32,32,SM30-34,58.04%,1344,1558,1562,1560.0
373054,2015-07-04,45,45,VM45-49,61.53%,1383,0,1707,1702.0
66495,2015-07-04,40,40,VM40-44,57.59%,1422,0,1643,1638.0
1556711,2015-07-04,31,31,SW30-34,62.17%,1430,1777,1778,1778.0
1594344,2015-07-04,56,56,VM55-59,60.67%,1533,1852,1867,1860.0
1649546,2015-07-04,55,55,VM55-59,59.99%,1537,0,1851,1844.0
1684429,2015-07-04,37,37,VW35-39,55.33%,1632,1803,1810,1806.0
942561,2015-07-04,53,53,VM50-54,54.44%,1666,1806,1820,1814.0
1627386,2015-07-04,12,12,JM11-14,52.04%,1714,1763,1810,1784.0
464972,2015-07-04,32,32,SW30-34,51.45%,1730,1779,1781,1780.0
1640424,2015-07-04,25,28,SM25-29,43.24%,1790,0,1548,1548.0
1515931,2015-07-04,42,42,VW40-44,49.31%,1886,1853,1866,1860.0
1424991,2015-07-04,58,58,VM55-59,47.78%,1980,1884,1899,1892.0
928783,2015-07-04,32,32,SW30-34,44.26%,2011,1779,1781,1780.0
1553214,2015-07-04,13,13,JW11-14,46.71%,2051,1902,1935,1916.0
572070,2015-07-04,46,46,VM45-49,41.02%,2089,1708,1720,1714.0
924492,2015-07-04,63,63,VW60-64,47.62%,2516,2379,2413,2396.0
1627393,2015-07-04,6,6,JM10,44.00%,2550,2191,2308,2244.0
1706102,2015-07-04,52,52,VW50-54,30.23%,3410,2049,2075,2062.0
1521451,2015-07-11,42,42,VM40-44,66.85%,1243,1656,1668,1662.0
1247485,2015-07-11,36,36,VM35-39,61.99%,1284,1587,1596,1592.0
589721,2015-07-11,48,48,VM45-49,66.34%,1313,1735,1748,1742.0
66495,2015-07-11,40,40,VM40-44,58.00%,1412,0,1643,1638.0
1556711,2015-07-11,31,31,SW30-34,61.82%,1438,1777,1778,1778.0
905175,2015-07-11,9,9,JM10,66.60%,1473,1929,2002,1962.0
1292590,2015-07-11,13,13,JM11-14,58.59%,1485,1722,1762,1740.0
1594344,2015-07-11,56,56,VM55-59,61.59%,1510,1852,1867,1860.0
1076027,2015-07-11,42,42,VM40-44,53.93%,1541,1656,1668,1662.0
1649546,2015-07-11,55,55,VM55-59,58.35%,1580,0,1851,1844.0
360902,2015-07-11,52,52,VM50-54,54.88%,1638,1791,1805,1798.0
1724169,2015-07-11,33,33,SW30-34,53.25%,1675,1782,1785,1784.0
953402,2015-07-11,55,55,VW55-59,62.36%,1719,0,2157,2144.0
1627386,2015-07-11,13,13,JM11-14,50.17%,1734,1722,1762,1740.0
905173,2015-07-11,12,12,JM11-14,49.67%,1796,1763,1810,1784.0
1515931,2015-07-11,42,42,VW40-44,50.99%,1824,1853,1866,1860.0
1424991,2015-07-11,58,58,VM55-59,50.40%,1877,1884,1899,1892.0
1663675,2015-07-11,6,6,JW10,60.13%,1949,2299,2397,2344.0
1663888,2015-07-11,40,40,VW40-44,45.51%,2017,0,1840,1836.0
1188855,2015-07-11,55,55,VM55-59,45.33%,2034,0,1851,1844.0
1651066,2015-07-11,38,38,VW35-39,43.72%,2077,1811,1819,1816.0
1591779,2015-07-11,25,28,SM25-29,36.80%,2103,0,1548,1548.0
1426257,2015-07-11,36,36,VW35-39,42.47%,2119,1797,1802,1800.0
480802,2015-07-11,55,55,VM55-59,41.64%,2214,0,1851,1844.0
1717073,2015-07-11,43,43,VW40-44,39.96%,2345,1867,1880,1874.0
424485,2015-07-11,55,55,VW55-59,45.06%,2379,0,2157,2144.0
928783,2015-07-11,32,32,SW30-34,35.42%,2513,1779,1781,1780.0
1627393,2015-07-11,6,6,JM10,37.59%,2985,2191,2308,2244.0
1706102,2015-07-11,52,52,VW50-54,32.19%,3203,2049,2075,2062.0
373054,2015-07-18,45,45,VM45-49,68.24%,1247,0,1707,1702.0
589721,2015-07-18,48,48,VM45-49,67.99%,1281,1735,1748,1742.0
458254,2015-07-18,15,15,JM15-17,64.48%,1295,1658,2670,1670.0
1556711,2015-07-18,31,31,SW30-34,61.95%,1435,1777,1778,1778.0
66495,2015-07-18,40,40,VM40-44,56.72%,1444,0,1643,1638.0
1186569,2015-07-18,25,28,SM25-29,49.90%,1551,0,1548,1548.0
1640424,2015-07-18,25,28,SM25-29,46.85%,1652,0,1548,1548.0
953402,2015-07-18,55,55,VW55-59,62.00%,1729,0,2157,2144.0
1424991,2015-07-18,58,58,VM55-59,49.50%,1911,1884,1899,1892.0
1663888,2015-07-18,40,40,VW40-44,47.54%,1931,0,1840,1836.0
572070,2015-07-18,46,46,VM45-49,44.34%,1933,1708,1720,1714.0
1188855,2015-07-18,55,55,VM55-59,47.60%,1937,0,1851,1844.0
1591779,2015-07-18,25,28,SM25-29,39.11%,1979,0,1548,1548.0
928783,2015-07-18,32,32,SW30-34,41.36%,2152,1779,1781,1780.0
424485,2015-07-18,55,55,VW55-59,46.61%,2300,0,2157,2144.0
1628712,2015-07-18,36,36,VW35-39,38.45%,2341,1797,1802,1800.0
1705569,2015-07-18,46,46,VW45-49,39.78%,2418,1915,1933,1924.0
924492,2015-07-18,63,63,VW60-64,48.70%,2460,2379,2413,2396.0
1668098,2015-07-18,36,36,VW35-39,33.75%,2667,1797,1802,1800.0
1194424,2015-07-25,55,55,VM55-59,74.29%,1241,0,1851,1844.0
1521451,2015-07-25,42,42,VM40-44,65.18%,1275,1656,1668,1662.0
458254,2015-07-25,15,15,JM15-17,63.64%,1312,1658,2670,1670.0
1649546,2015-07-25,55,55,VM55-59,60.34%,1528,0,1851,1844.0
905175,2015-07-25,9,9,JM10,63.45%,1546,1929,2002,1962.0
1415290,2015-07-25,37,37,VM35-39,51.58%,1553,1597,1607,1602.0
1640424,2015-07-25,25,28,SM25-29,49.65%,1559,0,1548,1548.0
1297783,2015-07-25,53,53,VM50-54,56.55%,1604,1806,1820,1814.0
1684429,2015-07-25,37,37,VW35-39,55.84%,1617,1803,1810,1806.0
953402,2015-07-25,55,55,VW55-59,62.58%,1713,0,2157,2144.0
1624624,2015-07-25,30,30,SM30-34,43.40%,1788,0,1553,1552.0
1627386,2015-07-25,13,13,JM11-14,46.13%,1886,1722,1762,1740.0
1424991,2015-07-25,58,58,VM55-59,49.27%,1920,1884,1899,1892.0
1188855,2015-07-25,55,55,VM55-59,44.52%,2071,0,1851,1844.0
1705569,2015-07-25,46,46,VW45-49,41.99%,2291,1915,1933,1924.0
924492,2015-07-25,63,63,VW60-64,48.98%,2446,2379,2413,2396.0
928783,2015-07-25,32,32,SW30-34,32.72%,2720,1779,1781,1780.0
1706102,2015-07-25,52,52,VW50-54,30.98%,3328,2049,2075,2062.0
1194424,2015-08-01,55,55,VM55-59,73.88%,1248,0,1851,1844.0
589721,2015-08-01,48,48,VM45-49,69.02%,1262,1735,1748,1742.0
1521451,2015-08-01,42,42,VM40-44,65.07%,1277,1656,1668,1662.0
1617183,2015-08-01,32,32,SM30-34,60.51%,1289,1558,1562,1560.0
1576208,2015-08-01,9,9,JM10,70.68%,1388,1929,2002,1962.0
1415290,2015-08-01,37,37,VM35-39,55.78%,1436,1597,1607,1602.0
1640424,2015-08-01,25,28,SM25-29,51.43%,1505,0,1548,1548.0
1649546,2015-08-01,55,55,VM55-59,60.86%,1515,0,1851,1844.0
1292590,2015-08-01,14,14,JM11-14,55.58%,1531,0,1721,1702.0
1684429,2015-08-01,37,37,VW35-39,56.76%,1591,1803,1810,1806.0
942561,2015-08-01,54,54,VM50-54,57.16%,1599,1821,2828,1828.0
1627386,2015-08-01,13,13,JM11-14,52.19%,1667,1722,1762,1740.0
953402,2015-08-01,55,55,VW55-59,62.80%,1707,0,2157,2144.0
1014475,2015-08-01,52,52,VM50-54,51.14%,1758,1791,1805,1798.0
1424991,2015-08-01,58,58,VM55-59,51.05%,1853,1884,1899,1892.0
360902,2015-08-01,52,52,VM50-54,48.02%,1872,1791,1805,1798.0
1515931,2015-08-01,42,42,VW40-44,49.05%,1896,1853,1866,1860.0
928783,2015-08-01,32,32,SW30-34,46.74%,1904,1779,1781,1780.0
1628712,2015-08-01,36,36,VW35-39,40.83%,2204,1797,1802,1800.0
1663667,2015-08-01,8,8,JW10,49.30%,2205,2141,2213,2174.0
1663675,2015-08-01,6,6,JW10,53.13%,2206,2299,2397,2344.0
424485,2015-08-01,55,55,VW55-59,47.22%,2270,0,2157,2144.0
1705569,2015-08-01,46,46,VW45-49,41.27%,2331,1915,1933,1924.0
924492,2015-08-01,63,63,VW60-64,48.62%,2464,2379,2413,2396.0
1706102,2015-08-01,52,52,VW50-54,32.12%,3210,2049,2075,2062.0
1617183,2015-08-08,32,32,SM30-34,60.05%,1299,1558,1562,1560.0
1576208,2015-08-08,9,9,JM10,68.46%,1433,1929,2002,1962.0
1606273,2015-08-08,11,11,JM11-14,62.28%,1474,1811,2836,1836.0
1649546,2015-08-08,55,55,VM55-59,61.92%,1489,0,1851,1844.0
1640424,2015-08-08,25,28,SM25-29,50.29%,1539,0,1548,1548.0
1076027,2015-08-08,42,42,VM40-44,52.73%,1576,1656,1668,1662.0
1594344,2015-08-08,56,56,VM55-59,57.48%,1618,1852,1867,1860.0
942561,2015-08-08,54,54,VM50-54,56.21%,1626,1821,2828,1828.0
464972,2015-08-08,32,32,SW30-34,53.04%,1678,1779,1781,1780.0
928783,2015-08-08,32,32,SW30-34,52.91%,1682,1779,1781,1780.0
1186569,2015-08-08,25,28,SM25-29,45.74%,1692,0,1548,1548.0
1188855,2015-08-08,55,55,VM55-59,51.28%,1798,0,1851,1844.0
589721,2015-08-08,48,48,VM45-49,48.39%,1800,1735,1748,1742.0
1424991,2015-08-08,58,58,VM55-59,51.81%,1826,1884,1899,1892.0
1499652,2015-08-08,37,37,VW35-39,46.64%,1936,1803,1810,1806.0
572070,2015-08-08,46,46,VM45-49,42.59%,2012,1708,1720,1714.0
1663667,2015-08-08,8,8,JW10,51.96%,2092,2141,2213,2174.0
1663675,2015-08-08,6,6,JW10,56.00%,2093,2299,2397,2344.0
1717073,2015-08-08,43,43,VW40-44,39.34%,2382,1867,1880,1874.0
1706102,2015-08-08,52,52,VW50-54,31.02%,3324,2049,2075,2062.0
1521451,2015-08-15,42,42,VM40-44,68.79%,1208,1656,1668,1662.0
1576208,2015-08-15,9,9,JM10,68.27%,1437,1929,2002,1962.0
928783,2015-08-15,32,32,SW30-34,58.75%,1515,1779,1781,1780.0
1640424,2015-08-15,25,28,SM25-29,50.89%,1521,0,1548,1548.0
1186569,2015-08-15,25,28,SM25-29,48.41%,1599,0,1548,1548.0
953402,2015-08-15,55,55,VW55-59,64.46%,1663,0,2157,2144.0
1014475,2015-08-15,53,53,VM50-54,53.83%,1685,1806,1820,1814.0
1131304,2015-08-15,36,36,VW35-39,50.51%,1782,1797,1802,1800.0
1193729,2015-08-15,22,24,SM20-24,42.46%,1823,0,1551,1548.0
1663675,2015-08-15,6,6,JW10,63.73%,1839,2299,2397,2344.0
1499652,2015-08-15,37,37,VW35-39,48.31%,1869,1803,1810,1806.0
1426257,2015-08-15,36,36,VW35-39,44.14%,2039,1797,1802,1800.0
480802,2015-08-15,55,55,VM55-59,44.09%,2091,0,1851,1844.0
1705569,2015-08-15,46,46,VW45-49,41.04%,2344,1915,1933,1924.0
360902,2015-08-15,53,53,VM50-54,32.64%,2779,1806,1820,1814.0
780737,2015-08-22,41,41,VM40-44,74.53%,1107,1644,1655,1650.0
373054,2015-08-22,45,45,VM45-49,71.21%,1195,0,1707,1702.0
1576208,2015-08-22,9,9,JM10,69.23%,1417,1929,2002,1962.0
928783,2015-08-22,32,32,SW30-34,62.28%,1429,1779,1781,1780.0
360902,2015-08-22,53,53,VM50-54,59.83%,1516,1806,1820,1814.0
1594344,2015-08-22,56,56,VM55-59,59.96%,1551,1852,1867,1860.0
1684429,2015-08-22,37,37,VW35-39,57.04%,1583,1803,1810,1806.0
1640424,2015-08-22,25,28,SM25-29,48.77%,1587,0,1548,1548.0
1186569,2015-08-22,25,28,SM25-29,46.10%,1679,0,1548,1548.0
1292590,2015-08-22,14,14,JM11-14,50.36%,1690,0,1721,1702.0
1014475,2015-08-22,53,53,VM50-54,51.13%,1774,1806,1820,1814.0
464972,2015-08-22,32,32,SW30-34,49.55%,1796,1779,1781,1780.0
1499652,2015-08-22,37,37,VW35-39,47.30%,1909,1803,1810,1806.0
1424991,2015-08-22,58,58,VM55-59,49.50%,1911,1884,1899,1892.0
1515931,2015-08-22,42,42,VW40-44,48.54%,1916,1853,1866,1860.0
572070,2015-08-22,46,46,VM45-49,43.64%,1964,1708,1720,1714.0
1441233,2015-08-22,40,40,VW40-44,46.20%,1987,0,1840,1836.0
1188855,2015-08-22,55,55,VM55-59,44.26%,2083,0,1851,1844.0
924492,2015-08-22,63,63,VW60-64,49.02%,2444,2379,2413,2396.0
373054,2015-08-29,45,45,VM45-49,66.12%,1287,0,1707,1702.0
1576208,2015-08-29,9,9,JM10,70.27%,1396,1929,2002,1962.0
1090866,2015-08-29,13,13,JM11-14,60.54%,1437,1722,1762,1740.0
1649546,2015-08-29,55,55,VM55-59,62.26%,1481,0,1851,1844.0
1640424,2015-08-29,25,28,SM25-29,51.26%,1510,0,1548,1548.0
1186569,2015-08-29,25,28,SM25-29,49.58%,1561,0,1548,1548.0
953402,2015-08-29,55,55,VW55-59,63.13%,1698,0,2157,2144.0
1292590,2015-08-29,14,14,JM11-14,49.91%,1705,0,1721,1702.0
1424991,2015-08-29,58,58,VM55-59,52.01%,1819,1884,1899,1892.0
1499652,2015-08-29,37,37,VW35-39,47.60%,1897,1803,1810,1806.0
1663888,2015-08-29,40,40,VW40-44,45.47%,2019,0,1840,1836.0
1426257,2015-08-29,36,36,VW35-39,43.84%,2053,1797,1802,1800.0
480802,2015-08-29,55,55,VM55-59,44.43%,2075,0,1851,1844.0
1663675,2015-08-29,6,6,JW10,55.39%,2116,2299,2397,2344.0
1705569,2015-08-29,46,46,VW45-49,41.74%,2305,1915,1933,1924.0
924492,2015-08-29,63,63,VW60-64,50.31%,2381,2379,2413,2396.0
928783,2015-08-29,32,32,SW30-34,29.80%,2987,1779,1781,1780.0
780737,2015-09-05,41,41,VM40-44,74.19%,1112,1644,1655,1650.0
1521451,2015-09-05,42,42,VM40-44,69.19%,1201,1656,1668,1662.0
1617183,2015-09-05,32,32,SM30-34,62.00%,1258,1558,1562,1560.0
373054,2015-09-05,45,45,VM45-49,66.85%,1273,0,1707,1702.0
1090866,2015-09-05,13,13,JM11-14,66.51%,1308,1722,1762,1740.0
928783,2015-09-05,32,32,SW30-34,64.77%,1374,1779,1781,1780.0
589721,2015-09-05,48,48,VM45-49,62.17%,1401,1735,1748,1742.0
360902,2015-09-05,53,53,VM50-54,62.81%,1444,1806,1820,1814.0
1186569,2015-09-05,25,28,SM25-29,49.49%,1564,0,1548,1548.0
1640424,2015-09-05,25,28,SM25-29,48.86%,1584,0,1548,1548.0
1014475,2015-09-05,53,53,VM50-54,56.09%,1617,1806,1820,1814.0
1292590,2015-09-05,14,14,JM11-14,52.37%,1625,0,1721,1702.0
1415290,2015-09-05,37,37,VM35-39,48.81%,1641,1597,1607,1602.0
953402,2015-09-05,55,55,VW55-59,62.04%,1728,0,2157,2144.0
1627386,2015-09-05,13,13,JM11-14,49.86%,1745,1722,1762,1740.0
464972,2015-09-05,32,32,SW30-34,49.75%,1789,1779,1781,1780.0
1499652,2015-09-05,37,37,VW35-39,49.02%,1842,1803,1810,1806.0
1441233,2015-09-05,40,40,VW40-44,48.42%,1896,0,1840,1836.0
572070,2015-09-05,46,46,VM45-49,43.88%,1953,1708,1720,1714.0
1426257,2015-09-05,36,36,VW35-39,45.18%,1992,1797,1802,1800.0
480802,2015-09-05,55,55,VM55-59,45.89%,2009,0,1851,1844.0
1553214,2015-09-05,13,13,JW11-14,45.36%,2112,1902,1935,1916.0
924492,2015-09-05,63,63,VW60-64,40.82%,2935,2379,2413,2396.0
1706102,2015-09-05,52,52,VW50-54,32.54%,3168,2049,2075,2062.0
1627393,2015-09-05,6,6,JM10,32.96%,3404,2191,2308,2244.0
1188855,2015-09-05,55,55,VM55-59,26.49%,3481,0,1851,1844.0
1090866,2015-09-12,13,13,JM11-14,67.65%,1286,1722,1762,1740.0
1521451,2015-09-12,42,42,VM40-44,64.32%,1292,1656,1668,1662.0
928783,2015-09-12,32,32,SW30-34,63.26%,1407,1779,1781,1780.0
1640424,2015-09-12,25,28,SM25-29,52.83%,1465,0,1548,1548.0
1649546,2015-09-12,55,55,VM55-59,60.82%,1516,0,1851,1844.0
1014475,2015-09-12,53,53,VM50-54,56.44%,1607,1806,1820,1814.0
1292590,2015-09-12,14,14,JM11-14,50.21%,1695,0,1721,1702.0
953402,2015-09-12,55,55,VW55-59,62.95%,1703,0,2157,2144.0
905175,2015-09-12,10,10,JM10,53.99%,1754,0,1928,1894.0
1553214,2015-09-12,13,13,JW11-14,54.22%,1767,1902,1935,1916.0
1424991,2015-09-12,59,59,VM55-59,52.62%,1813,1900,2908,1908.0
1499652,2015-09-12,37,37,VW35-39,49.59%,1821,1803,1810,1806.0
1188855,2015-09-12,55,55,VM55-59,50.30%,1833,0,1851,1844.0
905173,2015-09-12,12,12,JM11-14,47.85%,1864,1763,1810,1784.0
572070,2015-09-12,46,46,VM45-49,44.06%,1945,1708,1720,1714.0
1426257,2015-09-12,36,36,VW35-39,46.01%,1956,1797,1802,1800.0
480802,2015-09-12,55,55,VM55-59,44.80%,2058,0,1851,1844.0
1663675,2015-09-12,6,6,JW10,56.89%,2060,2299,2397,2344.0
1705569,2015-09-12,46,46,VW45-49,38.42%,2504,1915,1933,1924.0
924492,2015-09-12,63,63,VW60-64,42.66%,2808,2379,2413,2396.0
1090866,2015-09-19,13,13,JM11-14,69.21%,1257,1722,1762,1740.0
770951,2015-09-19,41,41,VM40-44,65.01%,1269,1644,1655,1650.0
928783,2015-09-19,32,32,SW30-34,62.41%,1426,1779,1781,1780.0
1594344,2015-09-19,56,56,VM55-59,62.54%,1487,1852,1867,1860.0
1292590,2015-09-19,14,14,JM11-14,56.77%,1499,0,1721,1702.0
1649546,2015-09-19,55,55,VM55-59,60.07%,1535,0,1851,1844.0
1186569,2015-09-19,25,28,SM25-29,50.16%,1543,0,1548,1548.0
589721,2015-09-19,48,48,VM45-49,54.37%,1602,1735,1748,1742.0
1076027,2015-09-19,42,42,VM40-44,50.83%,1635,1656,1668,1662.0
1014475,2015-09-19,53,53,VM50-54,55.10%,1646,1806,1820,1814.0
905175,2015-09-19,10,10,JM10,55.97%,1692,0,1928,1894.0
1553214,2015-09-19,13,13,JW11-14,55.09%,1739,1902,1935,1916.0
1424991,2015-09-19,59,59,VM55-59,54.86%,1739,1900,2908,1908.0
1515931,2015-09-19,42,42,VW40-44,49.87%,1865,1853,1866,1860.0
572070,2015-09-19,46,46,VM45-49,45.93%,1866,1708,1720,1714.0
1348937,2015-09-19,46,46,VM45-49,45.66%,1877,1708,1720,1714.0
1426257,2015-09-19,36,36,VW35-39,46.30%,1944,1797,1802,1800.0
905173,2015-09-19,12,12,JM11-14,45.79%,1948,1763,1810,1784.0
1188855,2015-09-19,55,55,VM55-59,44.58%,2068,0,1851,1844.0
924492,2015-09-19,63,63,VW60-64,48.82%,2454,2379,2413,2396.0
1706102,2015-09-19,52,52,VW50-54,32.66%,3157,2049,2075,2062.0
1705569,2015-09-19,46,46,VW45-49,28.83%,3337,1915,1933,1924.0
780737,2015-09-26,41,41,VM40-44,76.53%,1078,1644,1655,1650.0
1617183,2015-09-26,33,33,SM30-34,61.90%,1265,1563,1569,1566.0
1640424,2015-09-26,25,28,SM25-29,52.90%,1463,0,1548,1548.0
1186569,2015-09-26,25,28,SM25-29,50.95%,1519,0,1548,1548.0
373054,2015-09-26,45,45,VM45-49,54.31%,1567,0,1707,1702.0
942561,2015-09-26,54,54,VM50-54,54.86%,1666,1821,2828,1828.0
953402,2015-09-26,55,55,VW55-59,62.07%,1727,0,2157,2144.0
1424991,2015-09-26,59,59,VM55-59,54.76%,1742,1900,2908,1908.0
572070,2015-09-26,46,46,VM45-49,47.22%,1815,1708,1720,1714.0
1193729,2015-09-26,22,24,SM20-24,41.02%,1887,0,1551,1548.0
1553214,2015-09-26,13,13,JW11-14,49.10%,1951,1902,1935,1916.0
1188855,2015-09-26,55,55,VM55-59,41.35%,2230,0,1851,1844.0
924492,2015-09-26,63,63,VW60-64,43.19%,2774,2379,2413,2396.0
1706102,2015-09-26,52,52,VW50-54,33.84%,3047,2049,2075,2062.0
1627393,2015-09-26,6,6,JM10,32.64%,3437,2191,2308,2244.0
1090866,2015-10-03,13,13,JM11-14,70.56%,1233,1722,1762,1740.0
373054,2015-10-03,45,45,VM45-49,61.53%,1383,0,1707,1702.0
1292590,2015-10-03,14,14,JM11-14,58.13%,1464,0,1721,1702.0
1594344,2015-10-03,56,56,VM55-59,62.00%,1500,1852,1867,1860.0
1186569,2015-10-03,25,28,SM25-29,51.29%,1509,0,1548,1548.0
1640424,2015-10-03,25,28,SM25-29,51.02%,1517,0,1548,1548.0
905175,2015-10-03,10,10,JM10,58.17%,1628,0,1928,1894.0
1649546,2015-10-03,55,55,VM55-59,54.24%,1700,0,1851,1844.0
953402,2015-10-03,55,55,VW55-59,61.82%,1734,0,2157,2144.0
1014475,2015-10-03,53,53,VM50-54,51.68%,1755,1806,1820,1814.0
1553214,2015-10-03,13,13,JW11-14,50.74%,1888,1902,1935,1916.0
464972,2015-10-03,32,32,SW30-34,46.77%,1903,1779,1781,1780.0
1658940,2015-10-03,31,31,SW30-34,46.67%,1905,1777,1778,1778.0
1188855,2015-10-03,55,55,VM55-59,47.70%,1933,0,1851,1844.0
572070,2015-10-03,46,46,VM45-49,44.24%,1937,1708,1720,1714.0
1441233,2015-10-03,40,40,VW40-44,46.96%,1955,0,1840,1836.0
1426257,2015-10-03,36,36,VW35-39,45.25%,1989,1797,1802,1800.0
905173,2015-10-03,12,12,JM11-14,41.47%,2151,1763,1810,1784.0
928783,2015-10-03,32,32,SW30-34,33.78%,2635,1779,1781,1780.0
924492,2015-10-03,63,63,VW60-64,43.85%,2732,2379,2413,2396.0
1706102,2015-10-03,52,52,VW50-54,32.93%,3131,2049,2075,2062.0
780737,2015-10-10,42,42,VM40-44,75.55%,1100,1656,1668,1662.0
770951,2015-10-10,41,41,VM40-44,67.79%,1217,1644,1655,1650.0
1521451,2015-10-10,42,42,VM40-44,65.64%,1266,1656,1668,1662.0
589721,2015-10-10,48,48,VM45-49,55.69%,1564,1735,1748,1742.0
1292590,2015-10-10,14,14,JM11-14,53.19%,1600,0,1721,1702.0
1193729,2015-10-10,22,24,SM20-24,44.41%,1743,0,1551,1548.0
1424991,2015-10-10,59,59,VM55-59,54.70%,1744,1900,2908,1908.0
953402,2015-10-10,55,55,VW55-59,58.68%,1827,0,2157,2144.0
1499652,2015-10-10,37,37,VW35-39,48.52%,1861,1803,1810,1806.0
1426257,2015-10-10,36,36,VW35-39,44.98%,2001,1797,1802,1800.0
480802,2015-10-10,55,55,VM55-59,45.06%,2046,0,1851,1844.0
1717073,2015-10-10,43,43,VW40-44,39.34%,2382,1867,1880,1874.0
924492,2015-10-10,63,63,VW60-64,50.06%,2393,2379,2413,2396.0
1705569,2015-10-10,47,47,VW45-49,34.70%,2801,1934,1953,1944.0
1706102,2015-10-10,52,52,VW50-54,33.94%,3038,2049,2075,2062.0
928783,2015-10-10,33,33,SW30-34,29.35%,3039,1782,1785,1784.0
1521451,2015-10-17,42,42,VM40-44,67.89%,1224,1656,1668,1662.0
589721,2015-10-17,48,48,VM45-49,68.47%,1272,1735,1748,1742.0
928783,2015-10-17,33,33,SW30-34,64.78%,1377,1782,1785,1784.0
1415290,2015-10-17,37,37,VM35-39,56.65%,1414,1597,1607,1602.0
905175,2015-10-17,10,10,JM10,65.76%,1440,0,1928,1894.0
1649546,2015-10-17,55,55,VM55-59,59.68%,1545,0,1851,1844.0
1014475,2015-10-17,53,53,VM50-54,55.34%,1639,1806,1820,1814.0
953402,2015-10-17,55,55,VW55-59,62.14%,1725,0,2157,2144.0
1424991,2015-10-17,59,59,VM55-59,53.48%,1784,1900,2908,1908.0
1499652,2015-10-17,37,37,VW35-39,50.11%,1802,1803,1810,1806.0
1131304,2015-10-17,36,36,VW35-39,49.45%,1820,1797,1802,1800.0
572070,2015-10-17,46,46,VM45-49,45.90%,1867,1708,1720,1714.0
1553214,2015-10-17,13,13,JW11-14,50.90%,1882,1902,1935,1916.0
1591779,2015-10-17,25,28,SM25-29,38.86%,1992,0,1548,1548.0
1705569,2015-10-17,47,47,VW45-49,43.07%,2257,1934,1953,1944.0
924492,2015-10-17,63,63,VW60-64,50.42%,2376,2379,2413,2396.0
1627393,2015-10-17,6,6,JM10,39.70%,2826,2191,2308,2244.0
780737,2015-10-24,42,42,VM40-44,74.33%,1118,1656,1668,1662.0
928783,2015-10-24,33,33,SW30-34,66.72%,1337,1782,1785,1784.0
905175,2015-10-24,10,10,JM10,64.16%,1476,0,1928,1894.0
1649546,2015-10-24,55,55,VM55-59,61.88%,1490,0,1851,1844.0
1640424,2015-10-24,25,28,SM25-29,51.70%,1497,0,1548,1548.0
360902,2015-10-24,53,53,VM50-54,55.41%,1637,1806,1820,1814.0
953402,2015-10-24,55,55,VW55-59,63.43%,1690,0,2157,2144.0
1499652,2015-10-24,37,37,VW35-39,49.40%,1828,1803,1810,1806.0
905173,2015-10-24,12,12,JM11-14,48.66%,1833,1763,1810,1784.0
572070,2015-10-24,46,46,VM45-49,42.94%,1996,1708,1720,1714.0
1424991,2015-10-24,59,59,VM55-59,45.21%,2110,1900,2908,1908.0
924492,2015-10-24,63,63,VW60-64,50.55%,2370,2379,2413,2396.0
373054,2015-10-31,45,45,VM45-49,68.24%,1247,0,1707,1702.0
589721,2015-10-31,48,48,VM45-49,69.18%,1259,1735,1748,1742.0
1640424,2015-10-31,25,28,SM25-29,54.78%,1413,0,1548,1548.0
1076027,2015-10-31,42,42,VM40-44,52.10%,1595,1656,1668,1662.0
942561,2015-10-31,54,54,VM50-54,56.45%,1619,1821,2828,1828.0
953402,2015-10-31,55,55,VW55-59,61.64%,1739,0,2157,2144.0
1424991,2015-10-31,59,59,VM55-59,52.71%,1810,1900,2908,1908.0
1499652,2015-10-31,37,37,VW35-39,49.72%,1816,1803,1810,1806.0
1553214,2015-10-31,13,13,JW11-14,49.92%,1919,1902,1935,1916.0
1515931,2015-10-31,42,42,VW40-44,46.38%,2005,1853,1866,1860.0
1145839,2015-10-31,40,40,VW40-44,41.96%,2188,0,1840,1836.0
1188855,2015-10-31,55,55,VM55-59,39.90%,2311,0,1851,1844.0
924492,2015-10-31,63,63,VW60-64,48.36%,2477,2379,2413,2396.0
1706102,2015-10-31,52,52,VW50-54,33.98%,3034,2049,2075,2062.0
1576208,2015-11-07,9,9,JM10,71.24%,1377,1929,2002,1962.0
1649546,2015-11-07,55,55,VM55-59,60.46%,1525,0,1851,1844.0
1186569,2015-11-07,25,28,SM25-29,48.99%,1580,0,1548,1548.0
942561,2015-11-07,54,54,VM50-54,55.03%,1661,1821,2828,1828.0
1591779,2015-11-07,25,28,SM25-29,43.05%,1798,0,1548,1548.0
1424991,2015-11-07,59,59,VM55-59,53.03%,1799,1900,2908,1908.0
1515931,2015-11-07,42,42,VW40-44,46.85%,1985,1853,1866,1860.0
1426257,2015-11-07,37,37,VW35-39,43.04%,2098,1803,1810,1806.0
1076027,2015-11-07,42,42,VM40-44,38.92%,2135,1656,1668,1662.0
924492,2015-11-07,63,63,VW60-64,48.04%,2494,2379,2413,2396.0
1706102,2015-11-07,52,52,VW50-54,34.28%,3008,2049,2075,2062.0
1247485,2015-11-14,37,37,VM35-39,64.08%,1250,1597,1607,1602.0
360902,2015-11-14,53,53,VM50-54,59.95%,1513,1806,1820,1814.0
1186569,2015-11-14,25,28,SM25-29,50.99%,1518,0,1548,1548.0
1649546,2015-11-14,55,55,VM55-59,60.14%,1533,0,1851,1844.0
1594344,2015-11-14,57,57,VM55-59,60.99%,1538,1868,1883,1876.0
942561,2015-11-14,54,54,VM50-54,58.18%,1571,1821,2828,1828.0
905175,2015-11-14,10,10,JM10,55.03%,1721,0,1928,1894.0
953402,2015-11-14,55,55,VW55-59,61.97%,1730,0,2157,2144.0
464972,2015-11-14,32,32,SW30-34,50.89%,1749,1779,1781,1780.0
1499652,2015-11-14,37,37,VW35-39,50.14%,1801,1803,1810,1806.0
1553214,2015-11-14,13,13,JW11-14,52.84%,1813,1902,1935,1916.0
1591779,2015-11-14,25,28,SM25-29,42.46%,1823,0,1548,1548.0
907645,2015-11-14,37,37,VW35-39,47.70%,1893,1803,1810,1806.0
905173,2015-11-14,13,13,JM11-14,45.55%,1910,1722,1762,1740.0
1188855,2015-11-14,55,55,VM55-59,46.57%,1980,0,1851,1844.0
1145839,2015-11-14,40,40,VW40-44,44.65%,2056,0,1840,1836.0
1426257,2015-11-14,37,37,VW35-39,43.29%,2086,1803,1810,1806.0
924492,2015-11-14,63,63,VW60-64,49.06%,2442,2379,2413,2396.0
1706102,2015-11-14,52,52,VW50-54,32.64%,3159,2049,2075,2062.0
1247485,2015-11-21,37,37,VM35-39,65.17%,1229,1597,1607,1602.0
770951,2015-11-21,41,41,VM40-44,65.17%,1266,1644,1655,1650.0
1640424,2015-11-21,25,28,SM25-29,53.53%,1446,0,1548,1548.0
1649546,2015-11-21,55,55,VM55-59,61.22%,1506,0,1851,1844.0
1186569,2015-11-21,25,28,SM25-29,50.26%,1540,0,1548,1548.0
1076027,2015-11-21,42,42,VM40-44,52.33%,1588,1656,1668,1662.0
464972,2015-11-21,32,32,SW30-34,50.83%,1751,1779,1781,1780.0
1424991,2015-11-21,59,59,VM55-59,51.15%,1865,1900,2908,1908.0
928783,2015-11-21,33,33,SW30-34,46.22%,1930,1782,1785,1784.0
1145839,2015-11-21,40,40,VW40-44,42.94%,2138,0,1840,1836.0
924492,2015-11-21,63,63,VW60-64,45.69%,2622,2379,2413,2396.0
1415290,2015-11-28,38,38,VM35-39,55.09%,1465,1608,1619,1614.0
1076027,2015-11-28,42,42,VM40-44,52.66%,1578,1656,1668,1662.0
953402,2015-11-28,55,55,VW55-59,61.01%,1757,0,2157,2144.0
1424991,2015-11-28,59,59,VM55-59,52.74%,1809,1900,2908,1908.0
905173,2015-11-28,13,13,JM11-14,46.95%,1853,1722,1762,1740.0
1188855,2015-11-28,55,55,VM55-59,47.60%,1937,0,1851,1844.0
928783,2015-11-28,33,33,SW30-34,45.93%,1942,1782,1785,1784.0
924492,2015-11-28,63,63,VW60-64,47.22%,2537,2379,2413,2396.0
1706102,2015-11-28,52,52,VW50-54,33.53%,3075,2049,2075,2062.0
458254,2015-12-05,15,15,JM15-17,63.26%,1320,1658,2670,1670.0
1640424,2015-12-05,25,28,SM25-29,55.60%,1392,0,1548,1548.0
1186569,2015-12-05,25,28,SM25-29,51.16%,1513,0,1548,1548.0
1606273,2015-12-05,11,11,JM11-14,60.36%,1521,1811,2836,1836.0
1594344,2015-12-05,57,57,VM55-59,61.19%,1533,1868,1883,1876.0
1076027,2015-12-05,42,42,VM40-44,54.00%,1539,1656,1668,1662.0
360902,2015-12-05,53,53,VM50-54,58.18%,1559,1806,1820,1814.0
942561,2015-12-05,54,54,VM50-54,56.32%,1623,1821,2828,1828.0
589721,2015-12-05,49,49,VM45-49,53.87%,1630,1749,2756,1756.0
1724169,2015-12-05,33,33,SW30-34,50.25%,1775,1782,1785,1784.0
1424991,2015-12-05,59,59,VM55-59,53.00%,1800,1900,2908,1908.0
1014475,2015-12-05,53,53,VM50-54,49.32%,1839,1806,1820,1814.0
1188855,2015-12-05,55,55,VM55-59,47.48%,1942,0,1851,1844.0
572070,2015-12-05,46,46,VM45-49,42.70%,2007,1708,1720,1714.0
1426257,2015-12-05,37,37,VW35-39,44.26%,2040,1803,1810,1806.0
924492,2015-12-05,63,63,VW60-64,43.85%,2732,2379,2413,2396.0
1706102,2015-12-05,52,52,VW50-54,32.16%,3206,2049,2075,2062.0
780737,2015-12-12,42,42,VM40-44,73.80%,1126,1656,1668,1662.0
1247485,2015-12-12,37,37,VM35-39,65.39%,1225,1597,1607,1602.0
66495,2015-12-12,41,41,VM40-44,56.78%,1453,1644,1655,1650.0
589721,2015-12-12,49,49,VM45-49,58.61%,1498,1749,2756,1756.0
928783,2015-12-12,33,33,SW30-34,51.86%,1720,1782,1785,1784.0
464972,2015-12-12,33,33,SW30-34,51.59%,1729,1782,1785,1784.0
1424991,2015-12-12,59,59,VM55-59,53.39%,1787,1900,2908,1908.0
953402,2015-12-12,56,56,VW55-59,59.93%,1812,2158,2186,2172.0
572070,2015-12-12,46,46,VM45-49,44.57%,1923,1708,1720,1714.0
1426257,2015-12-12,37,37,VW35-39,43.04%,2098,1803,1810,1806.0
1188855,2015-12-12,55,55,VM55-59,42.06%,2192,0,1851,1844.0
924492,2015-12-12,63,63,VW60-64,46.89%,2555,2379,2413,2396.0
1706102,2015-12-12,52,52,VW50-54,33.53%,3075,2049,2075,2062.0
1521451,2015-12-19,42,42,VM40-44,65.43%,1270,1656,1668,1662.0
360902,2015-12-19,53,53,VM50-54,59.28%,1530,1806,1820,1814.0
905175,2015-12-19,10,10,JM10,60.36%,1569,0,1928,1894.0
1014475,2015-12-19,53,53,VM50-54,54.67%,1659,1806,1820,1814.0
1424991,2015-12-19,59,59,VM55-59,52.53%,1816,1900,2908,1908.0
905173,2015-12-19,13,13,JM11-14,47.28%,1840,1722,1762,1740.0
953402,2015-12-19,56,56,VW55-59,58.51%,1856,2158,2186,2172.0
1188855,2015-12-19,55,55,VM55-59,47.67%,1934,0,1851,1844.0
1706102,2015-12-19,52,52,VW50-54,31.03%,3323,2049,2075,2062.0
770951,2015-12-25,41,41,VM40-44,61.89%,1333,1644,1655,1650.0
1640424,2015-12-25,25,28,SM25-29,57.12%,1355,0,1548,1548.0
1014475,2015-12-25,53,53,VM50-54,54.51%,1664,1806,1820,1814.0
1424991,2015-12-25,59,59,VM55-59,53.57%,1781,1900,2908,1908.0
953402,2015-12-25,56,56,VW55-59,58.77%,1848,2158,2186,2172.0
928783,2015-12-25,33,33,SW30-34,46.41%,1922,1782,1785,1784.0
572070,2015-12-25,46,46,VM45-49,42.55%,2014,1708,1720,1714.0
992966,2015-12-25,51,51,VW50-54,49.73%,2047,2024,2048,2036.0
360902,2015-12-25,53,53,VM50-54,40.44%,2243,1806,1820,1814.0
1188855,2015-12-25,55,55,VM55-59,39.00%,2364,0,1851,1844.0
1090866,2015-12-26,13,13,JM11-14,62.63%,1389,1722,1762,1740.0
928783,2015-12-26,33,33,SW30-34,64.13%,1391,1782,1785,1784.0
1292590,2015-12-26,14,14,JM11-14,56.81%,1498,0,1721,1702.0
1415290,2015-12-26,38,38,VM35-39,53.30%,1514,1608,1619,1614.0
1014475,2015-12-26,53,53,VM50-54,53.23%,1704,1806,1820,1814.0
464972,2015-12-26,33,33,SW30-34,48.06%,1856,1782,1785,1784.0
1441233,2015-12-26,40,40,VW40-44,46.25%,1985,0,1840,1836.0
572070,2015-12-26,46,46,VM45-49,42.94%,1996,1708,1720,1714.0
1247485,2016-01-02,37,37,VM35-39,62.38%,1284,1597,1607,1602.0
1521451,2016-01-02,42,42,VM40-44,61.88%,1343,1656,1668,1662.0
1640424,2016-01-02,25,28,SM25-29,47.17%,1641,0,1548,1548.0
464972,2016-01-02,33,33,SW30-34,51.41%,1735,1782,1785,1784.0
1594344,2016-01-02,57,57,VM55-59,53.08%,1767,1868,1883,1876.0
1649546,2016-01-02,55,55,VM55-59,50.55%,1824,0,1851,1844.0
1131304,2016-01-02,36,36,VW35-39,49.18%,1830,1797,1802,1800.0
1424991,2016-01-02,59,59,VM55-59,51.51%,1852,1900,2908,1908.0
572070,2016-01-02,46,46,VM45-49,44.75%,1915,1708,1720,1714.0
1499652,2016-01-02,37,37,VW35-39,45.38%,1990,1803,1810,1806.0
1193729,2016-01-02,22,24,SM20-24,36.13%,2142,0,1551,1548.0
1188855,2016-01-02,55,55,VM55-59,37.69%,2446,0,1851,1844.0
1247485,2016-01-09,37,37,VM35-39,65.39%,1225,1597,1607,1602.0
1640424,2016-01-09,25,28,SM25-29,52.58%,1472,0,1548,1548.0
1594344,2016-01-09,57,57,VM55-59,57.94%,1619,1868,1883,1876.0
942561,2016-01-09,54,54,VM50-54,56.18%,1627,1821,2828,1828.0
905175,2016-01-09,10,10,JM10,57.89%,1636,0,1928,1894.0
1076027,2016-01-09,42,42,VM40-44,50.64%,1641,1656,1668,1662.0
1649546,2016-01-09,55,55,VM55-59,55.28%,1668,0,1851,1844.0
1014475,2016-01-09,53,53,VM50-54,54.18%,1674,1806,1820,1814.0
953402,2016-01-09,56,56,VW55-59,58.32%,1862,2158,2186,2172.0
572070,2016-01-09,46,46,VM45-49,44.99%,1905,1708,1720,1714.0
905173,2016-01-09,13,13,JM11-14,43.85%,1984,1722,1762,1740.0
589721,2016-01-09,49,49,VM45-49,26.47%,3317,1749,2756,1756.0
942561,2016-01-16,54,54,VM50-54,58.93%,1551,1821,2828,1828.0
1649546,2016-01-16,55,55,VM55-59,57.66%,1599,0,1851,1844.0
1014475,2016-01-16,53,53,VM50-54,55.20%,1643,1806,1820,1814.0
905175,2016-01-16,10,10,JM10,53.84%,1759,0,1928,1894.0
1424991,2016-01-16,59,59,VM55-59,52.62%,1813,1900,2908,1908.0
572070,2016-01-16,46,46,VM45-49,44.87%,1910,1708,1720,1714.0
1188855,2016-01-16,55,55,VM55-59,47.28%,1950,0,1851,1844.0
905173,2016-01-16,13,13,JM11-14,44.52%,1954,1722,1762,1740.0
780737,2016-01-23,42,42,VM40-44,75.00%,1108,1656,1668,1662.0
1247485,2016-01-23,37,37,VM35-39,67.54%,1186,1597,1607,1602.0
458254,2016-01-23,16,16,JM15-17,53.94%,1524,1633,1657,1644.0
1649546,2016-01-23,55,55,VM55-59,58.91%,1565,0,1851,1844.0
1014475,2016-01-23,53,53,VM50-54,57.33%,1582,1806,1820,1814.0
953402,2016-01-23,56,56,VW55-59,61.77%,1758,2158,2186,2172.0
572070,2016-01-23,46,46,VM45-49,44.75%,1915,1708,1720,1714.0
1076027,2016-01-23,42,42,VM40-44,37.28%,2229,1656,1668,1662.0
1188855,2016-01-23,55,55,VM55-59,40.71%,2265,0,1851,1844.0
1706102,2016-01-23,52,52,VW50-54,28.94%,3562,2049,2075,2062.0
1247485,2016-01-30,37,37,VM35-39,67.82%,1181,1597,1607,1602.0
770951,2016-01-30,42,42,VM40-44,66.00%,1259,1656,1668,1662.0
1649546,2016-01-30,55,55,VM55-59,60.34%,1528,0,1851,1844.0
942561,2016-01-30,54,54,VM50-54,56.73%,1611,1821,2828,1828.0
1014475,2016-01-30,53,53,VM50-54,54.54%,1663,1806,1820,1814.0
953402,2016-01-30,56,56,VW55-59,61.18%,1775,2158,2186,2172.0
1424991,2016-01-30,59,59,VM55-59,52.13%,1830,1900,2908,1908.0
905173,2016-01-30,13,13,JM11-14,44.32%,1963,1722,1762,1740.0
1188855,2016-01-30,55,55,VM55-59,40.80%,2260,0,1851,1844.0
924492,2016-01-30,63,63,VW60-64,41.54%,2884,2379,2413,2396.0
1247485,2016-02-06,37,37,VM35-39,68.58%,1168,1597,1607,1602.0
1649546,2016-02-06,55,55,VM55-59,60.94%,1513,0,1851,1844.0
1594344,2016-02-06,57,57,VM55-59,61.75%,1519,1868,1883,1876.0
942561,2016-02-06,54,54,VM50-54,58.85%,1553,1821,2828,1828.0
905175,2016-02-06,10,10,JM10,56.60%,1673,0,1928,1894.0
1014475,2016-02-06,53,53,VM50-54,53.29%,1702,1806,1820,1814.0
1424991,2016-02-06,59,59,VM55-59,53.84%,1772,1900,2908,1908.0
464972,2016-02-06,33,33,SW30-34,49.39%,1806,1782,1785,1784.0
905173,2016-02-06,13,13,JM11-14,46.25%,1881,1722,1762,1740.0
1591779,2016-02-06,25,28,SM25-29,38.30%,2021,0,1548,1548.0
780737,2016-02-13,42,42,VM40-44,76.31%,1089,1656,1668,1662.0
1649546,2016-02-13,55,55,VM55-59,62.34%,1479,0,1851,1844.0
905175,2016-02-13,10,10,JM10,58.10%,1630,0,1928,1894.0
953402,2016-02-13,56,56,VW55-59,61.60%,1763,2158,2186,2172.0
1424991,2016-02-13,59,59,VM55-59,53.30%,1790,1900,2908,1908.0
905173,2016-02-13,13,13,JM11-14,47.80%,1820,1722,1762,1740.0
928783,2016-02-13,33,33,SW30-34,46.41%,1922,1782,1785,1784.0
1188855,2016-02-13,55,55,VM55-59,40.03%,2303,0,1851,1844.0
924492,2016-02-13,63,63,VW60-64,44.79%,2675,2379,2413,2396.0
373054,2016-02-20,46,46,VM45-49,65.82%,1302,1708,1720,1714.0
770951,2016-02-20,42,42,VM40-44,58.52%,1420,1656,1668,1662.0
1649546,2016-02-20,55,55,VM55-59,61.30%,1504,0,1851,1844.0
1594344,2016-02-20,57,57,VM55-59,62.33%,1505,1868,1883,1876.0
589721,2016-02-20,49,49,VM45-49,56.57%,1552,1749,2756,1756.0
942561,2016-02-20,54,54,VM50-54,57.67%,1585,1821,2828,1828.0
1014475,2016-02-20,53,53,VM50-54,56.27%,1612,1806,1820,1814.0
905175,2016-02-20,10,10,JM10,56.20%,1685,0,1928,1894.0
1424991,2016-02-20,59,59,VM55-59,53.75%,1775,1900,2908,1908.0
1724169,2016-02-20,33,33,SW30-34,48.22%,1850,1782,1785,1784.0
905173,2016-02-20,13,13,JM11-14,46.55%,1869,1722,1762,1740.0
572070,2016-02-20,46,46,VM45-49,44.20%,1939,1708,1720,1714.0
1651066,2016-02-20,39,39,VW35-39,40.93%,2228,1820,2824,1824.0
924492,2016-02-20,63,63,VW60-64,46.04%,2602,2379,2413,2396.0
905175,2016-02-27,10,10,JM10,60.51%,1565,0,1928,1894.0
1014475,2016-02-27,53,53,VM50-54,57.81%,1569,1806,1820,1814.0
942561,2016-02-27,54,54,VM50-54,58.07%,1574,1821,2828,1828.0
1424991,2016-02-27,59,59,VM55-59,53.57%,1781,1900,2908,1908.0
572070,2016-02-27,46,46,VM45-49,44.24%,1937,1708,1720,1714.0
1188855,2016-02-27,55,55,VM55-59,44.18%,2087,0,1851,1844.0
924492,2016-02-27,63,63,VW60-64,46.25%,2590,2379,2413,2396.0
1668098,2016-02-27,36,36,VW35-39,28.46%,3162,1797,1802,1800.0
780737,2016-03-05,42,42,VM40-44,72.26%,1150,1656,1668,1662.0
1247485,2016-03-05,37,37,VM35-39,69.17%,1158,1597,1607,1602.0
764052,2016-03-05,42,42,VM40-44,67.12%,1238,1656,1668,1662.0
770951,2016-03-05,42,42,VM40-44,64.42%,1290,1656,1668,1662.0
942561,2016-03-05,54,54,VM50-54,60.33%,1515,1821,2828,1828.0
1014475,2016-03-05,53,53,VM50-54,59.67%,1520,1806,1820,1814.0
905175,2016-03-05,10,10,JM10,62.22%,1522,0,1928,1894.0
360902,2016-03-05,53,53,VM50-54,54.02%,1679,1806,1820,1814.0
928783,2016-03-05,33,33,SW30-34,50.86%,1754,1782,1785,1784.0
1424991,2016-03-05,59,59,VM55-59,54.11%,1763,1900,2908,1908.0
1188855,2016-03-05,55,55,VM55-59,50.11%,1840,0,1851,1844.0
905175,2016-03-12,10,10,JM10,65.13%,1454,0,1928,1894.0
1014475,2016-03-12,53,53,VM50-54,58.37%,1554,1806,1820,1814.0
1076027,2016-03-12,42,42,VM40-44,51.65%,1609,1656,1668,1662.0
360902,2016-03-12,53,53,VM50-54,54.90%,1652,1806,1820,1814.0
1424991,2016-03-12,59,59,VM55-59,54.58%,1748,1900,2908,1908.0
905173,2016-03-12,13,13,JM11-14,47.28%,1840,1722,1762,1740.0
928783,2016-03-12,33,33,SW30-34,48.06%,1856,1782,1785,1784.0
1675506,2016-03-12,13,13,JM11-14,43.59%,1996,1722,1762,1740.0
1188855,2016-03-12,55,55,VM55-59,43.41%,2124,0,1851,1844.0
1651066,2016-03-12,39,39,VW35-39,41.40%,2203,1820,2824,1824.0
924492,2016-03-12,64,64,VW60-64,46.64%,2607,2414,3432,2432.0
1640424,2016-03-19,25,28,SM25-29,59.72%,1296,0,1548,1548.0
905175,2016-03-19,10,10,JM10,63.47%,1492,0,1928,1894.0
1594344,2016-03-19,57,57,VM55-59,62.87%,1492,1868,1883,1876.0
1649546,2016-03-19,55,55,VM55-59,61.67%,1495,0,1851,1844.0
1076027,2016-03-19,43,43,VM40-44,52.61%,1593,1669,1681,1676.0
1424991,2016-03-19,59,59,VM55-59,55.85%,1708,1900,2908,1908.0
1014475,2016-03-19,53,53,VM50-54,42.82%,2118,1806,1820,1814.0
924492,2016-03-19,64,64,VW60-64,48.66%,2499,2414,3432,2432.0
1201558,2016-03-19,48,48,VW45-49,37.61%,2611,1954,1975,1964.0
373054,2016-03-26,46,46,VM45-49,64.53%,1328,1708,1720,1714.0
1594344,2016-03-26,57,57,VM55-59,63.51%,1477,1868,1883,1876.0
360902,2016-03-26,53,53,VM50-54,57.96%,1565,1806,1820,1814.0
1014475,2016-03-26,53,53,VM50-54,57.81%,1569,1806,1820,1814.0
1076027,2016-03-26,43,43,VM40-44,53.38%,1570,1669,1681,1676.0
1606273,2016-03-26,11,11,JM11-14,54.84%,1674,1811,2836,1836.0
1424991,2016-03-26,59,59,VM55-59,56.58%,1686,1900,2908,1908.0
953402,2016-03-26,56,56,VW55-59,62.52%,1737,2158,2186,2172.0
1724169,2016-03-26,33,33,SW30-34,50.48%,1767,1782,1785,1784.0
572070,2016-03-26,47,47,VM45-49,45.02%,1919,1721,1734,1728.0
1591779,2016-03-26,29,29,SM25-29,39.80%,1947,1549,2500,1550.0
1188855,2016-03-26,55,55,VM55-59,45.58%,2023,0,1851,1844.0
924492,2016-03-26,64,64,VW60-64,48.08%,2529,2414,3432,2432.0
1627393,2016-03-26,7,7,JM10,33.15%,3222,2090,2190,2136.0
780737,2016-04-02,42,42,VM40-44,71.70%,1159,1656,1668,1662.0
1090866,2016-04-02,14,14,JM11-14,60.83%,1399,0,1721,1702.0
1594344,2016-04-02,57,57,VM55-59,64.51%,1454,1868,1883,1876.0
1014475,2016-04-02,53,53,VM50-54,59.17%,1533,1806,1820,1814.0
942561,2016-04-02,54,54,VM50-54,59.16%,1545,1821,2828,1828.0
928783,2016-04-02,33,33,SW30-34,57.14%,1561,1782,1785,1784.0
1606273,2016-04-02,12,12,JM11-14,54.66%,1632,1763,1810,1784.0
905175,2016-04-02,10,10,JM10,54.83%,1727,0,1928,1894.0
1499652,2016-04-02,38,38,VW35-39,50.42%,1801,1811,1819,1816.0
1441233,2016-04-02,40,40,VW40-44,47.94%,1915,0,1840,1836.0
1515931,2016-04-02,42,42,VW40-44,48.46%,1919,1853,1866,1860.0
905173,2016-04-02,13,13,JM11-14,45.17%,1926,1722,1762,1740.0
572070,2016-04-02,47,47,VM45-49,42.62%,2027,1721,1734,1728.0
1651066,2016-04-02,39,39,VW35-39,44.16%,2065,1820,2824,1824.0
1188855,2016-04-02,55,55,VM55-59,42.90%,2149,0,1851,1844.0
924492,2016-04-02,64,64,VW60-64,46.70%,2604,2414,3432,2432.0
589721,2016-04-09,49,49,VM45-49,66.87%,1313,1749,2756,1756.0
1014475,2016-04-09,53,53,VM50-54,59.63%,1521,1806,1820,1814.0
360902,2016-04-09,53,53,VM50-54,58.40%,1553,1806,1820,1814.0
942561,2016-04-09,54,54,VM50-54,58.18%,1571,1821,2828,1828.0
905175,2016-04-09,10,10,JM10,59.63%,1588,0,1928,1894.0
1724169,2016-04-09,33,33,SW30-34,51.44%,1734,1782,1785,1784.0
905173,2016-04-09,13,13,JM11-14,46.62%,1866,1722,1762,1740.0
1515931,2016-04-09,42,42,VW40-44,48.26%,1927,1853,1866,1860.0
924492,2016-04-09,64,64,VW60-64,43.00%,2828,2414,3432,2432.0
1188855,2016-04-09,55,55,VM55-59,29.71%,3103,0,1851,1844.0
458254,2016-04-16,16,16,JM15-17,58.30%,1410,1633,1657,1644.0
373054,2016-04-16,46,46,VM45-49,54.62%,1569,1708,1720,1714.0
905175,2016-04-16,10,10,JM10,55.12%,1718,0,1928,1894.0
1515931,2016-04-16,42,42,VW40-44,48.46%,1919,1853,1866,1860.0
572070,2016-04-16,47,47,VM45-49,44.38%,1947,1721,1734,1728.0
924492,2016-04-16,64,64,VW60-64,46.17%,2634,2414,3432,2432.0
770951,2016-04-23,42,42,VM40-44,68.23%,1218,1656,1668,1662.0
589721,2016-04-23,49,49,VM45-49,69.68%,1260,1749,2756,1756.0
360902,2016-04-23,53,53,VM50-54,60.47%,1500,1806,1820,1814.0
1014475,2016-04-23,53,53,VM50-54,56.62%,1602,1806,1820,1814.0
1076027,2016-04-23,43,43,VM40-44,49.91%,1679,1669,1681,1676.0
1424991,2016-04-23,59,59,VM55-59,53.96%,1768,1900,2908,1908.0
905173,2016-04-23,13,13,JM11-14,48.44%,1796,1722,1762,1740.0
1515931,2016-04-23,43,43,VW40-44,48.20%,1944,1867,1880,1874.0
1705569,2016-04-23,47,47,VW45-49,38.25%,2541,1934,1953,1944.0
1194424,2016-04-30,55,55,VM55-59,75.02%,1229,0,1851,1844.0
1521451,2016-04-30,43,43,VM40-44,67.74%,1237,1669,1681,1676.0
589721,2016-04-30,49,49,VM45-49,70.07%,1253,1749,2756,1756.0
905175,2016-04-30,10,10,JM10,62.26%,1521,0,1928,1894.0
1594344,2016-04-30,57,57,VM55-59,58.26%,1610,1868,1883,1876.0
905173,2016-04-30,13,13,JM11-14,50.61%,1719,1722,1762,1740.0
1515931,2016-04-30,43,43,VW40-44,50.16%,1868,1867,1880,1874.0
572070,2016-04-30,47,47,VM45-49,43.24%,1998,1721,1734,1728.0
1014475,2016-04-30,53,53,VM50-54,42.05%,2157,1806,1820,1814.0
1705569,2016-04-30,47,47,VW45-49,38.15%,2548,1934,1953,1944.0
589721,2016-05-07,49,49,VM45-49,65.04%,1350,1749,2756,1756.0
905175,2016-05-07,10,10,JM10,66.78%,1418,0,1928,1894.0
1594344,2016-05-07,57,57,VM55-59,64.51%,1454,1868,1883,1876.0
360902,2016-05-07,53,53,VM50-54,58.63%,1547,1806,1820,1814.0
1424991,2016-05-07,59,59,VM55-59,55.63%,1715,1900,2908,1908.0
905173,2016-05-07,13,13,JM11-14,47.00%,1851,1722,1762,1740.0
1348937,2016-05-07,46,46,VM45-49,46.22%,1854,1708,1720,1714.0
1193729,2016-05-07,22,24,SM20-24,40.65%,1904,0,1551,1548.0
572070,2016-05-07,47,47,VM45-49,45.00%,1920,1721,1734,1728.0
1706102,2016-05-07,53,53,VW50-54,30.22%,3458,2076,2102,2090.0
780737,2016-05-14,42,42,VM40-44,77.16%,1077,1656,1668,1662.0
1247485,2016-05-14,37,37,VM35-39,70.14%,1142,1597,1607,1602.0
905175,2016-05-14,10,10,JM10,66.74%,1419,0,1928,1894.0
360902,2016-05-14,53,53,VM50-54,61.95%,1464,1806,1820,1814.0
1014475,2016-05-14,53,53,VM50-54,61.49%,1475,1806,1820,1814.0
1594344,2016-05-14,57,57,VM55-59,57.23%,1639,1868,1883,1876.0
1424991,2016-05-14,59,59,VM55-59,56.05%,1702,1900,2908,1908.0
1651066,2016-05-14,39,39,VW35-39,43.64%,2090,1820,2824,1824.0
1640424,2016-05-14,25,28,SM25-29,33.56%,2306,0,1548,1548.0
924492,2016-05-14,64,64,VW60-64,47.56%,2557,2414,3432,2432.0
373054,2016-05-14,46,46,VM45-49,27.64%,3101,1708,1720,1714.0
589721,2016-05-21,49,49,VM45-49,70.92%,1238,1749,2756,1756.0
1424991,2016-05-21,59,59,VM55-59,56.32%,1694,1900,2908,1908.0
572070,2016-05-21,47,47,VM45-49,46.70%,1850,1721,1734,1728.0
1515931,2016-05-21,43,43,VW40-44,50.19%,1867,1867,1880,1874.0
360902,2016-05-21,53,53,VM50-54,45.62%,1988,1806,1820,1814.0
1188855,2016-05-21,55,55,VM55-59,44.82%,2057,0,1851,1844.0
924492,2016-05-21,64,64,VW60-64,45.87%,2651,2414,3432,2432.0
1201558,2016-05-21,48,48,VW45-49,36.09%,2721,1954,1975,1964.0
1706102,2016-05-21,53,53,VW50-54,32.77%,3189,2076,2102,2090.0
1194424,2016-05-28,55,55,VM55-59,75.88%,1215,0,1851,1844.0
1640424,2016-05-28,25,28,SM25-29,59.36%,1304,0,1548,1548.0
589721,2016-05-28,49,49,VM45-49,64.65%,1358,1749,2756,1756.0
1014475,2016-05-28,53,53,VM50-54,61.74%,1469,1806,1820,1814.0
360902,2016-05-28,53,53,VM50-54,61.12%,1484,1806,1820,1814.0
1424991,2016-05-28,59,59,VM55-59,57.33%,1664,1900,2908,1908.0
1188855,2016-05-28,55,55,VM55-59,51.05%,1806,0,1851,1844.0
1515931,2016-05-28,43,43,VW40-44,50.81%,1844,1867,1880,1874.0
1651066,2016-05-28,39,39,VW35-39,43.68%,2088,1820,2824,1824.0
1717073,2016-05-28,44,44,VW40-44,40.88%,2309,1881,2888,1888.0
1705569,2016-05-28,47,47,VW45-49,40.72%,2387,1934,1953,1944.0
1627393,2016-05-28,7,7,JM10,38.28%,2790,2090,2190,2136.0
1247485,2016-06-04,37,37,VM35-39,69.11%,1159,1597,1607,1602.0
458254,2016-06-04,16,16,JM15-17,61.48%,1337,1633,1657,1644.0
1551071,2016-06-04,33,33,SM30-34,52.34%,1496,1563,1569,1566.0
373054,2016-06-04,46,46,VM45-49,52.38%,1636,1708,1720,1714.0
1424991,2016-06-04,59,59,VM55-59,55.18%,1729,1900,2908,1908.0
572070,2016-06-04,47,47,VM45-49,45.50%,1899,1721,1734,1728.0
1188855,2016-06-04,55,55,VM55-59,40.76%,2262,0,1851,1844.0
924492,2016-06-04,64,64,VW60-64,47.86%,2541,2414,3432,2432.0
1551071,2016-06-11,33,33,SM30-34,53.08%,1475,1563,1569,1566.0
905175,2016-06-11,10,10,JM10,64.12%,1477,0,1928,1894.0
1594344,2016-06-11,57,57,VM55-59,62.62%,1498,1868,1883,1876.0
1076027,2016-06-11,43,43,VM40-44,51.19%,1637,1669,1681,1676.0
1424991,2016-06-11,59,59,VM55-59,56.75%,1681,1900,2908,1908.0
1627386,2016-06-11,13,13,JM11-14,51.06%,1704,1722,1762,1740.0
1515931,2016-06-11,43,43,VW40-44,50.13%,1869,1867,1880,1874.0
905173,2016-06-11,13,13,JM11-14,44.94%,1936,1722,1762,1740.0
572070,2016-06-11,47,47,VM45-49,44.61%,1937,1721,1734,1728.0
1651066,2016-06-11,39,39,VW35-39,43.16%,2113,1820,2824,1824.0
1188855,2016-06-11,55,55,VM55-59,42.43%,2173,0,1851,1844.0
924492,2016-06-11,64,64,VW60-64,47.46%,2562,2414,3432,2432.0
780737,2016-06-18,42,42,VM40-44,77.16%,1077,1656,1668,1662.0
770951,2016-06-18,42,42,VM40-44,57.95%,1434,1656,1668,1662.0
905175,2016-06-18,10,10,JM10,62.34%,1519,0,1928,1894.0
589721,2016-06-18,49,49,VM45-49,55.57%,1580,1749,2756,1756.0
360902,2016-06-18,53,53,VM50-54,56.30%,1611,1806,1820,1814.0
905173,2016-06-18,13,13,JM11-14,52.89%,1645,1722,1762,1740.0
1424991,2016-06-18,59,59,VM55-59,57.30%,1665,1900,2908,1908.0
1188855,2016-06-18,55,55,VM55-59,47.72%,1932,0,1851,1844.0
1705569,2016-06-18,47,47,VW45-49,38.37%,2533,1934,1953,1944.0
924492,2016-06-18,64,64,VW60-64,43.95%,2767,2414,3432,2432.0
1706102,2016-06-18,53,53,VW50-54,32.58%,3207,2076,2102,2090.0
1194424,2016-06-25,56,56,VM55-59,75.30%,1235,1852,1867,1860.0
360902,2016-06-25,53,53,VM50-54,57.19%,1586,1806,1820,1814.0
1076027,2016-06-25,43,43,VM40-44,51.63%,1623,1669,1681,1676.0
1424991,2016-06-25,59,59,VM55-59,55.53%,1718,1900,2908,1908.0
1591779,2016-06-25,29,29,SM25-29,37.68%,2057,1549,2500,1550.0
1188855,2016-06-25,56,56,VM55-59,45.08%,2063,1852,1867,1860.0
924492,2016-06-25,64,64,VW60-64,47.43%,2564,2414,3432,2432.0
1705569,2016-06-25,47,47,VW45-49,33.91%,2866,1934,1953,1944.0
1706102,2016-06-25,53,53,VW50-54,28.88%,3618,2076,2102,2090.0
1090866,2016-07-02,14,14,JM11-14,71.33%,1193,0,1721,1702.0
589721,2016-07-02,49,49,VM45-49,58.03%,1513,1749,2756,1756.0
1014475,2016-07-02,53,53,VM50-54,58.63%,1547,1806,1820,1814.0
360902,2016-07-02,53,53,VM50-54,57.44%,1579,1806,1820,1814.0
1717073,2016-07-02,44,44,VW40-44,40.20%,2348,1881,2888,1888.0
924492,2016-07-02,64,64,VW60-64,48.58%,2503,2414,3432,2432.0
1706102,2016-07-02,53,53,VW50-54,31.77%,3289,2076,2102,2090.0
905175,2016-07-09,10,10,JM10,72.29%,1310,0,1928,1894.0
770951,2016-07-09,42,42,VM40-44,49.67%,1673,1656,1668,1662.0
464972,2016-07-09,33,33,SW30-34,48.32%,1846,1782,1785,1784.0
905173,2016-07-09,13,13,JM11-14,46.57%,1868,1722,1762,1740.0
924492,2016-07-09,64,64,VW60-64,45.19%,2691,2414,3432,2432.0
1706102,2016-07-09,53,53,VW50-54,32.84%,3182,2076,2102,2090.0
1649546,2016-07-16,56,56,VM55-59,63.87%,1456,1852,1867,1860.0
1424991,2016-07-16,59,59,VM55-59,52.71%,1810,1900,2908,1908.0
905173,2016-07-16,13,13,JM11-14,44.37%,1961,1722,1762,1740.0
480802,2016-07-16,56,56,VM55-59,41.31%,2251,1852,1867,1860.0
924492,2016-07-16,64,64,VW60-64,46.77%,2600,2414,3432,2432.0
1194424,2016-07-23,56,56,VM55-59,72.71%,1279,1852,1867,1860.0
905175,2016-07-23,10,10,JM10,64.25%,1474,0,1928,1894.0
1649546,2016-07-23,56,56,VM55-59,62.08%,1498,1852,1867,1860.0
1594344,2016-07-23,57,57,VM55-59,61.63%,1522,1868,1883,1876.0
1014475,2016-07-23,53,53,VM50-54,54.05%,1678,1806,1820,1814.0
1424991,2016-07-23,59,59,VM55-59,52.71%,1810,1900,2908,1908.0
924492,2016-07-23,64,64,VW60-64,45.65%,2664,2414,3432,2432.0
1706102,2016-07-23,53,53,VW50-54,34.21%,3055,2076,2102,2090.0
1551071,2016-07-30,33,33,SM30-34,55.10%,1421,1563,1569,1566.0
905175,2016-07-30,10,10,JM10,65.63%,1443,0,1928,1894.0
1649546,2016-07-30,56,56,VM55-59,57.30%,1623,1852,1867,1860.0
1594344,2016-07-30,57,57,VM55-59,57.55%,1630,1868,1883,1876.0
360902,2016-07-30,53,53,VM50-54,55.27%,1641,1806,1820,1814.0
905173,2016-07-30,13,13,JM11-14,44.96%,1935,1722,1762,1740.0
1014475,2016-07-30,53,53,VM50-54,46.68%,1943,1806,1820,1814.0
1591779,2016-07-30,29,29,SM25-29,37.31%,2077,1549,2500,1550.0
480802,2016-07-30,56,56,VM55-59,40.83%,2278,1852,1867,1860.0
1705569,2016-07-30,47,47,VW45-49,40.48%,2401,1934,1953,1944.0
924492,2016-07-30,64,64,VW60-64,46.61%,2609,2414,3432,2432.0
1706102,2016-07-30,53,53,VW50-54,33.87%,3085,2076,2102,2090.0
1201558,2016-07-30,48,48,VW45-49,31.81%,3087,1954,1975,1964.0
780737,2016-08-06,42,42,VM40-44,78.54%,1058,1656,1668,1662.0
1640424,2016-08-06,25,28,SM25-29,57.38%,1349,0,1548,1548.0
1649546,2016-08-06,56,56,VM55-59,64.54%,1441,1852,1867,1860.0
1705569,2016-08-06,47,47,VW45-49,39.71%,2448,1934,1953,1944.0
924492,2016-08-06,64,64,VW60-64,44.82%,2713,2414,3432,2432.0
1649546,2016-08-13,56,56,VM55-59,64.45%,1443,1852,1867,1860.0
1014475,2016-08-13,54,54,VM50-54,62.52%,1462,1821,2828,1828.0
360902,2016-08-13,53,53,VM50-54,57.99%,1564,1806,1820,1814.0
1015088,2016-08-13,22,24,SM20-24,49.02%,1579,0,1551,1548.0
464972,2016-08-13,33,33,SW30-34,49.17%,1814,1782,1785,1784.0
1188855,2016-08-13,56,56,VM55-59,46.85%,1985,1852,1867,1860.0
1651066,2016-08-13,39,39,VW35-39,43.95%,2075,1820,2824,1824.0
360902,2016-08-20,54,54,VM50-54,58.59%,1560,1821,2828,1828.0
1606273,2016-08-20,12,12,JM11-14,54.22%,1645,1763,1810,1784.0
1424991,2016-08-20,59,59,VM55-59,50.69%,1882,1900,2908,1908.0
1188855,2016-08-20,56,56,VM55-59,39.95%,2328,1852,1867,1860.0
1706102,2016-08-20,53,53,VW50-54,33.20%,3148,2076,2102,2090.0
589721,2016-08-27,49,49,VM45-49,64.32%,1365,1749,2756,1756.0
1188855,2016-08-27,56,56,VM55-59,44.37%,2096,1852,1867,1860.0
1594344,2016-09-03,57,57,VM55-59,61.43%,1527,1868,1883,1876.0
1649546,2016-09-03,56,56,VM55-59,60.90%,1527,1852,1867,1860.0
360902,2016-09-03,54,54,VM50-54,58.63%,1559,1821,2828,1828.0
464972,2016-09-03,33,33,SW30-34,48.27%,1848,1782,1785,1784.0
1651066,2016-09-03,39,39,VW35-39,44.84%,2034,1820,2824,1824.0
924492,2016-09-03,64,64,VW60-64,45.92%,2648,2414,3432,2432.0
1194424,2016-09-10,56,56,VM55-59,76.10%,1222,1852,1867,1860.0
905175,2016-09-10,11,11,JM11-14,61.49%,1493,1811,2836,1836.0
1649546,2016-09-10,56,56,VM55-59,61.06%,1523,1852,1867,1860.0
1594344,2016-09-10,57,57,VM55-59,61.31%,1530,1868,1883,1876.0
1606273,2016-09-10,12,12,JM11-14,53.70%,1661,1763,1810,1784.0
464972,2016-09-10,33,33,SW30-34,49.50%,1802,1782,1785,1784.0
600747,2016-09-10,34,34,SW30-34,46.98%,1903,1786,2788,1788.0
905173,2016-09-10,13,13,JM11-14,39.47%,2204,1722,1762,1740.0
924492,2016-09-10,64,64,VW60-64,47.67%,2551,2414,3432,2432.0
1706102,2016-09-10,53,53,VW50-54,30.41%,3436,2076,2102,2090.0
780737,2016-09-17,42,42,VM40-44,77.88%,1067,1656,1668,1662.0
1194424,2016-09-17,56,56,VM55-59,76.10%,1222,1852,1867,1860.0
1521451,2016-09-17,43,43,VM40-44,67.15%,1248,1669,1681,1676.0
1188855,2016-09-17,56,56,VM55-59,49.60%,1875,1852,1867,1860.0
905173,2016-09-17,13,13,JM11-14,45.31%,1920,1722,1762,1740.0
924492,2016-09-17,64,64,VW60-64,48.33%,2516,2414,3432,2432.0
1201558,2016-09-17,48,48,VW45-49,35.16%,2793,1954,1975,1964.0
1706102,2016-09-17,53,53,VW50-54,34.73%,3009,2076,2102,2090.0
770951,2016-09-24,42,42,VM40-44,59.02%,1408,1656,1668,1662.0
373054,2016-09-24,46,46,VM45-49,60.57%,1415,1708,1720,1714.0
600747,2016-09-24,34,34,SW30-34,53.15%,1682,1786,2788,1788.0
1424991,2016-09-24,60,60,VM60-64,49.49%,1944,0,1932,1924.0
1651066,2016-09-24,39,39,VW35-39,44.21%,2063,1820,2824,1824.0
1145839,2016-09-24,41,41,VW40-44,40.52%,2278,1841,1852,1846.0
1591779,2016-09-24,29,29,SM25-29,33.35%,2324,1549,2500,1550.0
924492,2016-09-24,64,64,VW60-64,46.91%,2592,2414,3432,2432.0
1706102,2016-09-24,53,53,VW50-54,34.08%,3066,2076,2102,2090.0
780737,2016-10-01,42,42,VM40-44,65.38%,1271,1656,1668,1662.0
1649546,2016-10-01,56,56,VM55-59,60.90%,1527,1852,1867,1860.0
1594344,2016-10-01,57,57,VM55-59,61.27%,1531,1868,1883,1876.0
360902,2016-10-01,54,54,VM50-54,57.99%,1576,1821,2828,1828.0
373054,2016-10-01,46,46,VM45-49,53.56%,1600,1708,1720,1714.0
1014475,2016-10-01,54,54,VM50-54,53.23%,1717,1821,2828,1828.0
1424991,2016-10-01,60,60,VM60-64,51.78%,1858,0,1932,1924.0
572070,2016-10-01,47,47,VM45-49,43.31%,1995,1721,1734,1728.0
924492,2016-10-01,64,64,VW60-64,47.02%,2586,2414,3432,2432.0
1706102,2016-10-01,53,53,VW50-54,36.01%,2902,2076,2102,2090.0
780737,2016-10-08,43,43,VM40-44,80.89%,1036,1669,1681,1676.0
1649546,2016-10-08,56,56,VM55-59,63.35%,1468,1852,1867,1860.0
360902,2016-10-08,54,54,VM50-54,60.17%,1519,1821,2828,1828.0
1145839,2016-10-08,41,41,VW40-44,41.37%,2231,1841,1852,1846.0
924492,2016-10-08,64,64,VW60-64,47.91%,2538,2414,3432,2432.0
1649546,2016-10-15,56,56,VM55-59,63.83%,1457,1852,1867,1860.0
1594344,2016-10-15,57,57,VM55-59,62.08%,1511,1868,1883,1876.0
905173,2016-10-15,13,13,JM11-14,48.68%,1787,1722,1762,1740.0
1014475,2016-10-15,54,54,VM50-54,50.03%,1827,1821,2828,1828.0
1424991,2016-10-15,60,60,VM60-64,52.06%,1848,0,1932,1924.0
1188855,2016-10-15,56,56,VM55-59,49.57%,1876,1852,1867,1860.0
572070,2016-10-15,47,47,VM45-49,41.44%,2085,1721,1734,1728.0
480802,2016-10-15,56,56,VM55-59,38.48%,2417,1852,1867,1860.0
924492,2016-10-15,64,64,VW60-64,44.03%,2762,2414,3432,2432.0
1090866,2016-10-22,14,14,JM11-14,70.16%,1213,0,1721,1702.0
373054,2016-10-22,46,46,VM45-49,66.28%,1293,1708,1720,1714.0
1594344,2016-10-22,58,58,VM55-59,63.45%,1491,1884,1899,1892.0
1649546,2016-10-22,56,56,VM55-59,62.33%,1492,1852,1867,1860.0
360902,2016-10-22,54,54,VM50-54,60.81%,1503,1821,2828,1828.0
1424991,2016-10-22,60,60,VM60-64,53.30%,1805,0,1932,1924.0
1145839,2016-10-22,41,41,VW40-44,42.26%,2184,1841,1852,1846.0
1706102,2016-10-22,53,53,VW50-54,34.07%,3067,2076,2102,2090.0
360902,2016-10-29,54,54,VM50-54,61.10%,1496,1821,2828,1828.0
1606273,2016-10-29,12,12,JM11-14,55.58%,1605,1763,1810,1784.0
1594344,2016-10-29,58,58,VM55-59,58.18%,1626,1884,1899,1892.0
1014475,2016-10-29,54,54,VM50-54,54.80%,1668,1821,2828,1828.0
1076027,2016-10-29,43,43,VM40-44,48.22%,1738,1669,1681,1676.0
1424991,2016-10-29,60,60,VM60-64,53.74%,1790,0,1932,1924.0
924492,2016-10-29,64,64,VW60-64,46.13%,2636,2414,3432,2432.0
780737,2016-11-05,43,43,VM40-44,78.98%,1061,1669,1681,1676.0
1076027,2016-11-05,43,43,VM40-44,49.73%,1685,1669,1681,1676.0
1424991,2016-11-05,60,60,VM60-64,53.41%,1801,0,1932,1924.0
572070,2016-11-05,47,47,VM45-49,47.45%,1821,1721,1734,1728.0
480802,2016-11-05,56,56,VM55-59,37.11%,2506,1852,1867,1860.0
924492,2016-11-05,64,64,VW60-64,43.84%,2774,2414,3432,2432.0
1706102,2016-11-05,53,53,VW50-54,33.95%,3078,2076,2102,2090.0
1194424,2016-11-12,56,56,VM55-59,74.46%,1249,1852,1867,1860.0
905175,2016-11-12,11,11,JM11-14,65.43%,1403,1811,2836,1836.0
1649546,2016-11-12,56,56,VM55-59,63.44%,1466,1852,1867,1860.0
1076027,2016-11-12,43,43,VM40-44,49.79%,1683,1669,1681,1676.0
1424991,2016-11-12,60,60,VM60-64,54.94%,1751,0,1932,1924.0
905173,2016-11-12,14,14,JM11-14,44.16%,1927,0,1721,1702.0
924492,2016-11-12,64,64,VW60-64,40.49%,3003,2414,3432,2432.0
1424991,2016-11-19,60,60,VM60-64,55.45%,1735,0,1932,1924.0
572070,2016-11-19,47,47,VM45-49,45.21%,1911,1721,1734,1728.0
1188855,2016-11-19,56,56,VM55-59,47.14%,1973,1852,1867,1860.0
373054,2016-11-19,46,46,VM45-49,38.19%,2244,1708,1720,1714.0
924492,2016-11-19,64,64,VW60-64,39.90%,3048,2414,3432,2432.0
1706102,2016-11-19,53,53,VW50-54,31.83%,3283,2076,2102,2090.0
373054,2016-11-26,46,46,VM45-49,57.06%,1502,1708,1720,1714.0
1594344,2016-11-26,58,58,VM55-59,61.95%,1527,1884,1899,1892.0
1424991,2016-11-26,60,60,VM60-64,56.19%,1712,0,1932,1924.0
1014475,2016-11-26,54,54,VM50-54,52.86%,1729,1821,2828,1828.0
1131304,2016-11-26,37,37,VW35-39,51.07%,1768,1803,1810,1806.0
1145839,2016-11-26,41,41,VW40-44,38.86%,2375,1841,1852,1846.0
1706102,2016-11-26,53,53,VW50-54,33.52%,3118,2076,2102,2090.0
1090866,2016-12-03,14,14,JM11-14,72.12%,1180,0,1721,1702.0
1640424,2016-12-03,29,29,SM25-29,62.15%,1247,1549,2500,1550.0
360902,2016-12-03,54,54,VM50-54,63.65%,1436,1821,2828,1828.0
1594344,2016-12-03,58,58,VM55-59,62.36%,1517,1884,1899,1892.0
1649546,2016-12-03,56,56,VM55-59,61.18%,1520,1852,1867,1860.0
1424991,2016-12-03,60,60,VM60-64,56.03%,1717,0,1932,1924.0
1014475,2016-12-03,54,54,VM50-54,51.35%,1780,1821,2828,1828.0
1131304,2016-12-03,37,37,VW35-39,50.48%,1789,1803,1810,1806.0
1651066,2016-12-03,39,39,VW35-39,47.11%,1936,1820,2824,1824.0
1553214,2016-12-03,14,14,JW11-14,29.60%,3186,0,1901,1886.0
780737,2016-12-10,43,43,VM40-44,76.95%,1089,1669,1681,1676.0
1247485,2016-12-10,38,38,VM35-39,64.56%,1250,1608,1619,1614.0
1090866,2016-12-10,14,14,JM11-14,67.70%,1257,0,1721,1702.0
373054,2016-12-10,46,46,VM45-49,64.68%,1325,1708,1720,1714.0
1594344,2016-12-10,58,58,VM55-59,64.53%,1466,1884,1899,1892.0
1649546,2016-12-10,56,56,VM55-59,62.97%,1477,1852,1867,1860.0
1014475,2016-12-10,54,54,VM50-54,61.18%,1494,1821,2828,1828.0
1424991,2016-12-10,60,60,VM60-64,55.54%,1732,0,1932,1924.0
905173,2016-12-10,14,14,JM11-14,46.63%,1825,0,1721,1702.0
1188855,2016-12-10,56,56,VM55-59,43.22%,2152,1852,1867,1860.0
1627393,2016-12-10,7,7,JM10,35.02%,3050,2090,2190,2136.0
1706102,2016-12-10,53,53,VW50-54,34.22%,3054,2076,2102,2090.0
780737,2016-12-17,43,43,VM40-44,75.77%,1106,1669,1681,1676.0
373054,2016-12-17,46,46,VM45-49,63.58%,1348,1708,1720,1714.0
360902,2016-12-17,54,54,VM50-54,61.84%,1478,1821,2828,1828.0
589721,2016-12-24,50,50,VM50-54,66.49%,1331,0,1776,1770.0
373054,2016-12-24,46,46,VM45-49,56.75%,1510,1708,1720,1714.0
905175,2016-12-24,11,11,JM11-14,57.48%,1597,1811,2836,1836.0
1649546,2016-12-24,56,56,VM55-59,58.02%,1603,1852,1867,1860.0
600747,2016-12-24,35,35,VW35-39,54.26%,1653,0,1796,1794.0
1014475,2016-12-24,54,54,VM50-54,51.76%,1766,1821,2828,1828.0
1424991,2016-12-24,60,60,VM60-64,54.32%,1771,0,1932,1924.0
905173,2016-12-24,14,14,JM11-14,45.39%,1875,0,1721,1702.0
1188855,2016-12-24,56,56,VM55-59,44.29%,2100,1852,1867,1860.0
1591779,2016-12-24,29,29,SM25-29,36.66%,2114,1549,2500,1550.0
360902,2016-12-25,54,54,VM50-54,60.73%,1505,1821,2828,1828.0
1014475,2016-12-25,54,54,VM50-54,58.93%,1551,1821,2828,1828.0
572070,2016-12-25,47,47,VM45-49,41.50%,2082,1721,1734,1728.0
1188855,2016-12-25,56,56,VM55-59,41.57%,2237,1852,1867,1860.0
1247485,2016-12-31,38,38,VM35-39,63.34%,1274,1608,1619,1614.0
1649546,2016-12-31,56,56,VM55-59,61.67%,1508,1852,1867,1860.0
1014475,2016-12-31,54,54,VM50-54,53.48%,1709,1821,2828,1828.0
1424991,2016-12-31,60,60,VM60-64,54.17%,1776,0,1932,1924.0
464972,2016-12-31,34,34,SW30-34,47.83%,1869,1786,2788,1788.0
1441233,2016-12-31,41,41,VW40-44,46.83%,1971,1841,1852,1846.0
589721,2017-01-07,50,50,VM50-54,69.09%,1281,0,1776,1770.0
1076027,2017-01-07,43,43,VM40-44,49.85%,1681,1669,1681,1676.0
1424991,2017-01-07,60,60,VM60-64,54.44%,1767,0,1932,1924.0
1706102,2017-01-07,53,53,VW50-54,28.77%,3632,2076,2102,2090.0
780737,2017-01-14,43,43,VM40-44,76.81%,1091,1669,1681,1676.0
1076027,2017-01-14,43,43,VM40-44,49.94%,1678,1669,1681,1676.0
1424991,2017-01-14,60,60,VM60-64,54.91%,1752,0,1932,1924.0
572070,2017-01-14,47,47,VM45-49,43.81%,1972,1721,1734,1728.0
1651066,2017-01-14,40,40,VW40-44,44.50%,2063,0,1840,1836.0
1145839,2017-01-14,41,41,VW40-44,40.10%,2302,1841,1852,1846.0
1706102,2017-01-14,53,53,VW50-54,32.24%,3241,2076,2102,2090.0
1594344,2017-01-21,58,58,VM55-59,61.19%,1546,1884,1899,1892.0
1076027,2017-01-21,43,43,VM40-44,52.38%,1600,1669,1681,1676.0
1424991,2017-01-21,60,60,VM60-64,56.76%,1695,0,1932,1924.0
1706102,2017-01-21,53,53,VW50-54,31.60%,3307,2076,2102,2090.0
589721,2017-01-28,50,50,VM50-54,69.09%,1281,0,1776,1770.0
770951,2017-01-28,43,43,VM40-44,64.26%,1304,1669,1681,1676.0
360902,2017-01-28,54,54,VM50-54,61.76%,1480,1821,2828,1828.0
1594344,2017-01-28,58,58,VM55-59,62.40%,1516,1884,1899,1892.0
1076027,2017-01-28,43,43,VM40-44,51.38%,1631,1669,1681,1676.0
1424991,2017-01-28,60,60,VM60-64,55.93%,1720,0,1932,1924.0
572070,2017-01-28,47,47,VM45-49,44.24%,1953,1721,1734,1728.0
1594344,2017-02-04,58,58,VM55-59,60.18%,1572,1884,1899,1892.0
1649546,2017-02-04,56,56,VM55-59,58.27%,1596,1852,1867,1860.0
1188855,2017-02-04,56,56,VM55-59,50.54%,1840,1852,1867,1860.0
924492,2017-02-04,64,64,VW60-64,36.82%,3303,2414,3432,2432.0
1424991,2017-02-11,60,60,VM60-64,55.22%,1742,0,1932,1924.0
1296162,2017-02-11,5,5,JW10,64.68%,1894,2398,2465,2450.0
589721,2017-02-18,50,50,VM50-54,66.54%,1330,0,1776,1770.0
1649546,2017-02-18,56,56,VM55-59,59.73%,1557,1852,1867,1860.0
1076027,2017-02-18,43,43,VM40-44,47.53%,1763,1669,1681,1676.0
1424991,2017-02-18,60,60,VM60-64,54.14%,1777,0,1932,1924.0
1649546,2017-02-25,56,56,VM55-59,61.43%,1514,1852,1867,1860.0
1424991,2017-02-25,60,60,VM60-64,56.26%,1710,0,1932,1924.0
905173,2017-02-25,14,14,JM11-14,47.57%,1789,0,1721,1702.0
1651066,2017-02-25,40,40,VW40-44,42.62%,2154,0,1840,1836.0
1594344,2017-03-04,58,58,VM55-59,60.64%,1560,1884,1899,1892.0
1424991,2017-03-04,60,60,VM60-64,54.91%,1752,0,1932,1924.0
1194424,2017-03-11,56,56,VM55-59,77.11%,1206,1852,1867,1860.0
1551071,2017-03-11,34,34,SM30-34,58.95%,1335,1570,2574,1574.0
905175,2017-03-11,11,11,JM11-14,66.33%,1384,1811,2836,1836.0
1594344,2017-03-11,58,58,VM55-59,62.32%,1518,1884,1899,1892.0
1649546,2017-03-11,56,56,VM55-59,60.98%,1525,1852,1867,1860.0
360902,2017-03-11,54,54,VM50-54,57.05%,1602,1821,2828,1828.0
1424991,2017-03-11,60,60,VM60-64,56.96%,1689,0,1932,1924.0
905173,2017-03-11,14,14,JM11-14,49.39%,1723,0,1721,1702.0
600747,2017-03-11,35,35,VW35-39,51.08%,1756,0,1796,1794.0
572070,2017-03-11,48,48,VM45-49,47.60%,1830,1735,1748,1742.0
1188855,2017-03-11,56,56,VM55-59,47.38%,1963,1852,1867,1860.0
1651066,2017-03-11,40,40,VW40-44,43.67%,2102,0,1840,1836.0
480802,2017-03-11,57,57,VM55-59,41.78%,2245,1868,1883,1876.0
780737,2017-03-18,43,43,VM40-44,78.39%,1069,1669,1681,1676.0
1649546,2017-03-18,56,56,VM55-59,62.88%,1479,1852,1867,1860.0
1076027,2017-03-18,44,44,VM40-44,51.15%,1650,1682,2688,1688.0
1424991,2017-03-18,60,60,VM60-64,55.77%,1725,0,1932,1924.0
572070,2017-03-18,48,48,VM45-49,48.44%,1798,1735,1748,1742.0
1188855,2017-03-18,56,56,VM55-59,46.22%,2012,1852,1867,1860.0
1651066,2017-03-18,40,40,VW40-44,43.57%,2107,0,1840,1836.0
480802,2017-03-18,57,57,VM55-59,42.68%,2198,1868,1883,1876.0
924492,2017-03-18,65,65,VW65-69,44.17%,2796,0,2488,2470.0
1649546,2017-03-25,56,56,VM55-59,63.48%,1465,1852,1867,1860.0
1076027,2017-03-25,44,44,VM40-44,52.32%,1613,1682,2688,1688.0
1606273,2017-03-25,12,12,JM11-14,54.62%,1633,1763,1810,1784.0
572070,2017-03-25,48,48,VM45-49,49.24%,1769,1735,1748,1742.0
924492,2017-03-25,65,65,VW65-69,45.69%,2703,0,2488,2470.0
905175,2017-04-01,11,11,JM11-14,69.92%,1313,1811,2836,1836.0
1649546,2017-04-01,57,57,VM55-59,65.59%,1430,1868,1883,1876.0
360902,2017-04-01,54,54,VM50-54,58.97%,1550,1821,2828,1828.0
1076027,2017-04-01,44,44,VM40-44,51.81%,1629,1682,2688,1688.0
905173,2017-04-01,14,14,JM11-14,50.56%,1683,0,1721,1702.0
1424991,2017-04-01,60,60,VM60-64,56.62%,1699,0,1932,1924.0
572070,2017-04-01,48,48,VM45-49,48.58%,1793,1735,1748,1742.0
1014475,2017-04-01,54,54,VM50-54,50.58%,1807,1821,2828,1828.0
1188855,2017-04-01,56,56,VM55-59,48.04%,1936,1852,1867,1860.0
1556711,2017-04-01,33,33,SW30-34,42.86%,2081,1782,1785,1784.0
924492,2017-04-01,65,65,VW65-69,42.51%,2905,0,2488,2470.0
1706102,2017-04-01,54,54,VW50-54,32.93%,3213,2103,3116,2116.0
1649546,2017-04-08,57,57,VM55-59,64.91%,1445,1868,1883,1876.0
572070,2017-04-08,48,48,VM45-49,48.36%,1801,1735,1748,1742.0
1556711,2017-04-08,33,33,SW30-34,44.78%,1992,1782,1785,1784.0
1651066,2017-04-08,40,40,VW40-44,43.63%,2104,0,1840,1836.0
360902,2017-04-15,54,54,VM50-54,62.09%,1472,1821,2828,1828.0
1594344,2017-04-15,58,58,VM55-59,63.96%,1479,1884,1899,1892.0
1076027,2017-04-15,44,44,VM40-44,53.25%,1585,1682,2688,1688.0
600747,2017-04-15,35,35,VW35-39,55.54%,1615,0,1796,1794.0
1014475,2017-04-15,54,54,VM50-54,52.38%,1745,1821,2828,1828.0
1424991,2017-04-15,60,60,VM60-64,54.91%,1752,0,1932,1924.0
1188855,2017-04-15,56,56,VM55-59,45.72%,2034,1852,1867,1860.0
1145839,2017-04-15,42,42,VW40-44,40.45%,2299,1853,1866,1860.0
1675506,2017-04-15,14,14,JM11-14,36.55%,2328,0,1721,1702.0
1706102,2017-04-15,54,54,VW50-54,32.39%,3266,2103,3116,2116.0
1521451,2017-04-22,44,44,VM40-44,67.04%,1259,1682,2688,1688.0
1090866,2017-04-22,15,15,JM15-17,65.75%,1270,1658,2670,1670.0
1649546,2017-04-22,57,57,VM55-59,61.03%,1537,1868,1883,1876.0
1556711,2017-04-22,33,33,SW30-34,55.58%,1605,1782,1785,1784.0
1076027,2017-04-22,44,44,VM40-44,51.62%,1635,1682,2688,1688.0
1594344,2017-04-22,58,58,VM55-59,56.08%,1687,1884,1899,1892.0
572070,2017-04-22,48,48,VM45-49,49.89%,1746,1735,1748,1742.0
1014475,2017-04-22,54,54,VM50-54,51.73%,1767,1821,2828,1828.0
1297783,2017-04-22,55,55,VM55-59,50.47%,1827,0,1851,1844.0
1188855,2017-04-22,56,56,VM55-59,45.99%,2022,1852,1867,1860.0
1705569,2017-04-22,48,48,VW45-49,41.86%,2346,1954,1975,1964.0
924492,2017-04-22,65,65,VW65-69,43.21%,2858,0,2488,2470.0
360902,2017-04-29,54,54,VM50-54,62.39%,1465,1821,2828,1828.0
1649546,2017-04-29,57,57,VM55-59,61.83%,1517,1868,1883,1876.0
1076027,2017-04-29,44,44,VM40-44,53.12%,1589,1682,2688,1688.0
572070,2017-04-29,48,48,VM45-49,50.46%,1726,1735,1748,1742.0
1424991,2017-04-29,60,60,VM60-64,55.32%,1739,0,1932,1924.0
1014475,2017-04-29,54,54,VM50-54,51.73%,1767,1821,2828,1828.0
1556711,2017-04-29,33,33,SW30-34,49.39%,1806,1782,1785,1784.0
1594344,2017-04-29,58,58,VM55-59,52.32%,1808,1884,1899,1892.0
924492,2017-04-29,65,65,VW65-69,42.38%,2914,0,2488,2470.0
1090866,2017-05-06,15,15,JM15-17,66.75%,1251,1658,2670,1670.0
1649546,2017-05-06,57,57,VM55-59,61.75%,1519,1868,1883,1876.0
1556711,2017-05-06,33,33,SW30-34,58.11%,1535,1782,1785,1784.0
1076027,2017-05-06,44,44,VM40-44,51.46%,1640,1682,2688,1688.0
1424991,2017-05-06,60,60,VM60-64,55.96%,1719,0,1932,1924.0
905173,2017-05-06,14,14,JM11-14,49.22%,1729,0,1721,1702.0
572070,2017-05-06,48,48,VM45-49,48.17%,1808,1735,1748,1742.0
1188855,2017-05-06,56,56,VM55-59,48.92%,1901,1852,1867,1860.0
1651066,2017-05-06,40,40,VW40-44,44.54%,2061,0,1840,1836.0
480802,2017-05-06,57,57,VM55-59,44.39%,2113,1868,1883,1876.0
1705569,2017-05-06,48,48,VW45-49,38.34%,2561,1954,1975,1964.0
1706102,2017-05-06,54,54,VW50-54,33.22%,3185,2103,3116,2116.0
770951,2017-05-13,43,43,VM40-44,65.93%,1271,1669,1681,1676.0
905173,2017-05-13,14,14,JM11-14,50.81%,1675,0,1721,1702.0
1188855,2017-05-13,56,56,VM55-59,47.23%,1969,1852,1867,1860.0
480802,2017-05-13,57,57,VM55-59,44.99%,2085,1868,1883,1876.0
1145839,2017-05-13,42,42,VW40-44,42.58%,2184,1853,1866,1860.0
1076027,2017-05-13,44,44,VM40-44,34.70%,2432,1682,2688,1688.0
924492,2017-05-13,65,65,VW65-69,42.24%,2924,0,2488,2470.0
1706102,2017-05-13,54,54,VW50-54,33.24%,3183,2103,3116,2116.0
360902,2017-05-20,54,54,VM50-54,61.14%,1495,1821,2828,1828.0
1014475,2017-05-20,54,54,VM50-54,55.60%,1644,1821,2828,1828.0
1076027,2017-05-20,44,44,VM40-44,50.36%,1676,1682,2688,1688.0
600747,2017-05-20,35,35,VW35-39,52.09%,1722,0,1796,1794.0
1424991,2017-05-20,60,60,VM60-64,54.01%,1781,0,1932,1924.0
572070,2017-05-20,48,48,VM45-49,46.90%,1857,1735,1748,1742.0
1651066,2017-05-20,40,40,VW40-44,43.06%,2132,0,1840,1836.0
1705569,2017-05-20,48,48,VW45-49,37.04%,2651,1954,1975,1964.0
1247485,2017-05-27,38,38,VM35-39,64.30%,1255,1608,1619,1614.0
1556711,2017-05-27,33,33,SW30-34,64.92%,1374,1782,1785,1784.0
1594344,2017-05-27,58,58,VM55-59,60.72%,1558,1884,1899,1892.0
1649546,2017-05-27,57,57,VM55-59,58.66%,1599,1868,1883,1876.0
1424991,2017-05-27,60,60,VM60-64,54.08%,1779,0,1932,1924.0
572070,2017-05-27,48,48,VM45-49,43.08%,2022,1735,1748,1742.0
1145839,2017-05-27,42,42,VW40-44,42.16%,2206,1853,1866,1860.0
1706102,2017-05-27,54,54,VW50-54,33.04%,3202,2103,3116,2116.0
1594344,2017-06-03,58,58,VM55-59,61.75%,1532,1884,1899,1892.0
1649546,2017-06-03,57,57,VM55-59,61.11%,1535,1868,1883,1876.0
600747,2017-06-03,35,35,VW35-39,53.84%,1666,0,1796,1794.0
1424991,2017-06-03,60,60,VM60-64,53.83%,1787,0,1932,1924.0
572070,2017-06-03,48,48,VM45-49,48.47%,1797,1735,1748,1742.0
1651066,2017-06-03,40,40,VW40-44,43.63%,2104,0,1840,1836.0
1705569,2017-06-03,48,48,VW45-49,40.31%,2436,1954,1975,1964.0
924492,2017-06-03,65,65,VW65-69,45.47%,2716,0,2488,2470.0
1706102,2017-06-03,54,54,VW50-54,34.40%,3076,2103,3116,2116.0
780737,2017-06-10,43,43,VM40-44,78.10%,1073,1669,1681,1676.0
1606273,2017-06-10,13,13,JM11-14,58.74%,1481,1722,1762,1740.0
360902,2017-06-10,54,54,VM50-54,58.66%,1558,1821,2828,1828.0
1424991,2017-06-10,60,60,VM60-64,53.80%,1788,0,1932,1924.0
572070,2017-06-10,48,48,VM45-49,45.91%,1897,1735,1748,1742.0
1651066,2017-06-10,40,40,VW40-44,44.13%,2080,0,1840,1836.0
1076027,2017-06-10,44,44,VM40-44,38.73%,2179,1682,2688,1688.0
1188855,2017-06-10,56,56,VM55-59,38.05%,2444,1852,1867,1860.0
1706102,2017-06-10,54,54,VW50-54,34.87%,3034,2103,3116,2116.0
360902,2017-06-17,54,54,VM50-54,59.43%,1538,1821,2828,1828.0
1076027,2017-06-17,44,44,VM40-44,50.15%,1683,1682,2688,1688.0
1649546,2017-06-17,57,57,VM55-59,55.44%,1692,1868,1883,1876.0
1014475,2017-06-17,54,54,VM50-54,51.06%,1790,1821,2828,1828.0
905173,2017-06-17,14,14,JM11-14,47.02%,1810,0,1721,1702.0
1651066,2017-06-17,40,40,VW40-44,43.18%,2126,0,1840,1836.0
1188855,2017-06-17,56,56,VM55-59,41.69%,2231,1852,1867,1860.0
1706102,2017-06-17,54,54,VW50-54,34.54%,3063,2103,3116,2116.0
1705569,2017-06-17,48,48,VW45-49,28.16%,3487,1954,1975,1964.0
780737,2017-06-24,43,43,VM40-44,78.39%,1069,1669,1681,1676.0
1076027,2017-06-24,44,44,VM40-44,51.72%,1632,1682,2688,1688.0
905173,2017-06-24,14,14,JM11-14,48.80%,1744,0,1721,1702.0
1499652,2017-06-24,39,39,VW35-39,50.47%,1807,1820,2824,1824.0
1649546,2017-07-01,57,57,VM55-59,62.78%,1494,1868,1883,1876.0
1014475,2017-07-01,54,54,VM50-54,57.59%,1587,1821,2828,1828.0
1424991,2017-07-01,60,60,VM60-64,54.11%,1778,0,1932,1924.0
360902,2017-07-01,54,54,VM50-54,44.03%,2076,1821,2828,1828.0
1188855,2017-07-01,57,57,VM55-59,42.60%,2202,1868,1883,1876.0
1705569,2017-07-01,48,48,VW45-49,42.55%,2308,1954,1975,1964.0
924492,2017-07-01,65,65,VW65-69,46.87%,2635,0,2488,2470.0
1706102,2017-07-01,54,54,VW50-54,34.45%,3071,2103,3116,2116.0
1649546,2017-07-08,57,57,VM55-59,63.38%,1480,1868,1883,1876.0
1424991,2017-07-08,60,60,VM60-64,52.68%,1826,0,1932,1924.0
480802,2017-07-08,57,57,VM55-59,43.19%,2172,1868,1883,1876.0
1706102,2017-07-08,54,54,VW50-54,33.72%,3138,2103,3116,2116.0
780737,2017-07-15,43,43,VM40-44,78.10%,1073,1669,1681,1676.0
1649546,2017-07-15,57,57,VM55-59,62.37%,1504,1868,1883,1876.0
1594344,2017-07-15,58,58,VM55-59,61.51%,1538,1884,1899,1892.0
1014475,2017-07-15,54,54,VM50-54,56.28%,1624,1821,2828,1828.0
905173,2017-07-15,14,14,JM11-14,49.36%,1724,0,1721,1702.0
1705569,2017-07-15,48,48,VW45-49,39.64%,2477,1954,1975,1964.0
3655979,2017-07-22,59,59,VM55-59,76.94%,1240,1900,2908,1908.0
1194424,2017-07-22,57,57,VM55-59,75.28%,1246,1868,1883,1876.0
1014475,2017-07-22,54,54,VM50-54,55.13%,1658,1821,2828,1828.0
1556711,2017-07-22,33,33,SW30-34,52.97%,1684,1782,1785,1784.0
1594344,2017-07-22,58,58,VM55-59,56.11%,1686,1884,1899,1892.0
905173,2017-07-22,14,14,JM11-14,47.76%,1782,0,1721,1702.0
572070,2017-07-22,48,48,VM45-49,47.67%,1827,1735,1748,1742.0
1424991,2017-07-22,60,60,VM60-64,52.40%,1836,0,1932,1924.0
1651066,2017-07-22,40,40,VW40-44,44.65%,2056,0,1840,1836.0
1649546,2017-07-29,57,57,VM55-59,63.12%,1486,1868,1883,1876.0
600747,2017-07-29,35,35,VW35-39,54.66%,1641,0,1796,1794.0
905173,2017-07-29,14,14,JM11-14,45.93%,1853,0,1721,1702.0
1705569,2017-07-29,48,48,VW45-49,40.56%,2421,1954,1975,1964.0
589721,2017-08-05,50,50,VM50-54,68.98%,1283,0,1776,1770.0
1649546,2017-08-05,57,57,VM55-59,64.78%,1448,1868,1883,1876.0
360902,2017-08-05,54,54,VM50-54,62.56%,1461,1821,2828,1828.0
1651066,2017-08-05,40,40,VW40-44,46.18%,1988,0,1840,1836.0
360902,2017-08-12,54,54,VM50-54,61.26%,1492,1821,2828,1828.0
1649546,2017-08-12,57,57,VM55-59,61.91%,1515,1868,1883,1876.0
905173,2017-08-12,14,14,JM11-14,46.76%,1820,0,1721,1702.0
1188855,2017-08-12,57,57,VM55-59,28.51%,3290,1868,1883,1876.0
3655979,2017-08-19,59,59,VM55-59,75.83%,1258,1900,2908,1908.0
589721,2017-08-19,50,50,VM50-54,66.14%,1338,0,1776,1770.0
1556711,2017-08-19,33,33,SW30-34,60.68%,1470,1782,1785,1784.0
1594344,2017-08-19,58,58,VM55-59,59.57%,1588,1884,1899,1892.0
572070,2017-08-19,48,48,VM45-49,43.38%,2008,1735,1748,1742.0
1188855,2017-08-19,57,57,VM55-59,40.69%,2305,1868,1883,1876.0
1705569,2017-08-19,48,48,VW45-49,40.44%,2428,1954,1975,1964.0
589721,2017-08-26,50,50,VM50-54,68.13%,1299,0,1776,1770.0
1594344,2017-08-26,58,58,VM55-59,59.53%,1589,1884,1899,1892.0
1556711,2017-08-26,33,33,SW30-34,53.41%,1670,1782,1785,1784.0
1424991,2017-08-26,60,60,VM60-64,51.50%,1868,0,1932,1924.0
1705569,2017-08-26,48,48,VW45-49,39.33%,2497,1954,1975,1964.0
589721,2017-09-02,50,50,VM50-54,68.08%,1300,0,1776,1770.0
1649546,2017-09-02,57,57,VM55-59,63.98%,1466,1868,1883,1876.0
1594344,2017-09-02,58,58,VM55-59,62.16%,1522,1884,1899,1892.0
360902,2017-09-02,55,55,VM55-59,58.58%,1574,0,1851,1844.0
572070,2017-09-09,48,48,VM45-49,48.52%,1795,1735,1748,1742.0
1651066,2017-09-09,40,40,VW40-44,44.48%,2064,0,1840,1836.0
3655979,2017-09-16,59,59,VM55-59,76.44%,1248,1900,2908,1908.0
1556711,2017-09-16,33,33,SW30-34,54.99%,1622,1782,1785,1784.0
1424991,2017-09-16,61,61,VM60-64,52.43%,1852,1933,1949,1942.0
780737,2017-09-23,43,43,VM40-44,78.17%,1072,1669,1681,1676.0
1649546,2017-09-23,57,57,VM55-59,60.63%,1547,1868,1883,1876.0
1424991,2017-09-23,61,61,VM60-64,54.12%,1794,1933,1949,1942.0
572070,2017-09-23,48,48,VM45-49,48.34%,1802,1735,1748,1742.0
1705569,2017-09-23,48,48,VW45-49,36.28%,2707,1954,1975,1964.0
589721,2017-09-30,50,50,VM50-54,65.27%,1356,0,1776,1770.0
1594344,2017-09-30,58,58,VM55-59,59.20%,1598,1884,1899,1892.0
1649546,2017-09-30,57,57,VM55-59,58.66%,1599,1868,1883,1876.0
905173,2017-09-30,14,14,JM11-14,49.59%,1716,0,1721,1702.0
1424991,2017-09-30,61,61,VM60-64,55.11%,1762,1933,1949,1942.0
1705569,2017-09-30,49,49,VW45-49,40.94%,2428,1976,2988,1988.0
1521451,2017-10-07,44,44,VM40-44,66.72%,1265,1682,2688,1688.0
905175,2017-10-07,12,12,JM11-14,60.23%,1481,1763,1810,1784.0
1649546,2017-10-07,57,57,VM55-59,63.29%,1482,1868,1883,1876.0
1424991,2017-10-07,61,61,VM60-64,55.90%,1737,1933,1949,1942.0
905173,2017-10-07,14,14,JM11-14,47.57%,1789,0,1721,1702.0
1651066,2017-10-07,40,40,VW40-44,44.72%,2053,0,1840,1836.0
1188855,2017-10-07,57,57,VM55-59,36.40%,2577,1868,1883,1876.0
1649546,2017-10-21,57,57,VM55-59,63.16%,1485,1868,1883,1876.0
1606273,2017-10-21,13,13,JM11-14,54.27%,1603,1722,1762,1740.0
1424991,2017-10-21,61,61,VM60-64,55.87%,1738,1933,1949,1942.0
905173,2017-10-21,14,14,JM11-14,47.49%,1792,0,1721,1702.0
1812239,2017-10-21,51,51,VW50-54,54.15%,1880,2024,2048,2036.0
1651066,2017-10-21,40,40,VW40-44,44.33%,2071,0,1840,1836.0
360902,2017-10-28,55,55,VM55-59,63.50%,1452,0,1851,1844.0
1649546,2017-10-28,57,57,VM55-59,63.04%,1488,1868,1883,1876.0
1556711,2017-10-28,34,34,SW30-34,56.65%,1578,1786,2788,1788.0
1014475,2017-10-28,55,55,VM55-59,56.95%,1619,0,1851,1844.0
1424991,2017-10-28,61,61,VM60-64,56.19%,1728,1933,1949,1942.0
1649546,2017-11-04,57,57,VM55-59,61.47%,1526,1868,1883,1876.0
1651066,2017-11-04,40,40,VW40-44,44.54%,2061,0,1840,1836.0
3655979,2017-11-11,59,59,VM55-59,76.38%,1249,1900,2908,1908.0
1649546,2017-11-11,57,57,VM55-59,60.44%,1552,1868,1883,1876.0
1594344,2017-11-11,59,59,VM55-59,61.31%,1556,1900,2908,1908.0
1014475,2017-11-11,55,55,VM55-59,58.43%,1578,0,1851,1844.0
1556711,2017-11-11,34,34,SW30-34,56.02%,1596,1786,2788,1788.0
1424991,2017-11-11,61,61,VM60-64,54.74%,1774,1933,1949,1942.0
1188855,2017-11-11,57,57,VM55-59,26.29%,3568,1868,1883,1876.0
1194424,2017-11-18,57,57,VM55-59,74.74%,1255,1868,1883,1876.0
1594344,2017-11-18,59,59,VM55-59,62.89%,1517,1900,2908,1908.0
1556711,2017-11-18,34,34,SW30-34,56.23%,1590,1786,2788,1788.0
1424991,2017-11-18,61,61,VM60-64,55.84%,1739,1933,1949,1942.0
905173,2017-11-18,15,15,JM15-17,47.77%,1748,1658,2670,1670.0
572070,2017-11-18,48,48,VM45-49,46.43%,1876,1735,1748,1742.0
1556711,2017-11-25,34,34,SW30-34,57.16%,1564,1786,2788,1788.0
1424991,2017-11-25,61,61,VM60-64,56.06%,1732,1933,1949,1942.0
905173,2017-11-25,15,15,JM15-17,44.44%,1879,1658,2670,1670.0
572070,2017-11-25,48,48,VM45-49,45.55%,1912,1735,1748,1742.0
1651066,2017-11-25,40,40,VW40-44,42.46%,2162,0,1840,1836.0
1188855,2017-11-25,57,57,VM55-59,32.80%,2860,1868,1883,1876.0
780737,2017-12-02,44,44,VM40-44,77.86%,1084,1682,2688,1688.0
1556711,2017-12-02,34,34,SW30-34,56.58%,1580,1786,2788,1788.0
572070,2017-12-02,48,48,VM45-49,46.95%,1855,1735,1748,1742.0
1188855,2017-12-02,57,57,VM55-59,25.28%,3711,1868,1883,1876.0
3655979,2017-12-09,59,59,VM55-59,76.69%,1244,1900,2908,1908.0
360902,2017-12-09,55,55,VM55-59,61.30%,1504,0,1851,1844.0
1594344,2017-12-09,59,59,VM55-59,59.77%,1596,1900,2908,1908.0
1556711,2017-12-09,34,34,SW30-34,55.39%,1614,1786,2788,1788.0
1014475,2017-12-09,55,55,VM55-59,50.77%,1816,0,1851,1844.0
1188855,2017-12-09,57,57,VM55-59,38.08%,2463,1868,1883,1876.0
1705569,2017-12-09,49,49,VW45-49,39.26%,2532,1976,2988,1988.0
780737,2017-12-16,44,44,VM40-44,77.43%,1090,1682,2688,1688.0
3655979,2017-12-16,59,59,VM55-59,75.42%,1265,1900,2908,1908.0
589721,2017-12-16,51,51,VM50-54,60.23%,1481,1777,1790,1784.0
928783,2017-12-16,35,35,VW35-39,57.21%,1568,0,1796,1794.0
1424991,2017-12-16,61,61,VM60-64,56.45%,1720,1933,1949,1942.0
1014475,2017-12-16,55,55,VM55-59,49.52%,1862,0,1851,1844.0
780737,2017-12-23,44,44,VM40-44,77.01%,1096,1682,2688,1688.0
1556711,2017-12-23,34,34,SW30-34,64.83%,1379,1786,2788,1788.0
1594344,2017-12-23,59,59,VM55-59,62.68%,1522,1900,2908,1908.0
1649546,2017-12-23,57,57,VM55-59,57.37%,1635,1868,1883,1876.0
1014475,2017-12-23,55,55,VM55-59,56.01%,1646,0,1851,1844.0
905173,2017-12-23,15,15,JM15-17,47.10%,1773,1658,2670,1670.0
1424991,2017-12-23,61,61,VM60-64,54.34%,1787,1933,1949,1942.0
928783,2017-12-23,35,35,VW35-39,47.97%,1870,0,1796,1794.0
1188855,2017-12-23,57,57,VM55-59,38.29%,2450,1868,1883,1876.0
1014475,2017-12-25,55,55,VM55-59,55.44%,1663,0,1851,1844.0
1188855,2017-12-25,57,57,VM55-59,38.60%,2430,1868,1883,1876.0
4122232,2017-12-30,49,49,VM45-49,52.96%,1658,1749,2756,1756.0
1556711,2017-12-30,34,34,SW30-34,53.53%,1670,1786,2788,1788.0
1649546,2017-12-30,57,57,VM55-59,56.03%,1674,1868,1883,1876.0
1014475,2017-12-30,55,55,VM55-59,51.86%,1778,0,1851,1844.0
1424991,2017-12-30,61,61,VM60-64,53.41%,1818,1933,1949,1942.0
928783,2017-12-30,35,35,VW35-39,42.84%,2094,0,1796,1794.0
1594344,2018-01-13,59,59,VM55-59,59.89%,1593,1900,2908,1908.0
1649546,2018-01-13,57,57,VM55-59,56.40%,1663,1868,1883,1876.0
1424991,2018-01-13,61,61,VM60-64,52.40%,1853,1933,1949,1942.0
1812239,2018-01-13,42,42,VW40-44,49.05%,1896,1853,1866,1860.0
572070,2018-01-13,48,48,VM45-49,45.18%,1928,1735,1748,1742.0
1649546,2018-01-20,57,57,VM55-59,58.12%,1614,1868,1883,1876.0
572070,2018-01-20,48,48,VM45-49,45.60%,1910,1735,1748,1742.0
1515931,2018-01-20,44,44,VW40-44,45.06%,2095,1881,2888,1888.0
1649546,2018-01-27,57,57,VM55-59,58.96%,1591,1868,1883,1876.0
928783,2018-01-27,35,35,VW35-39,53.33%,1682,0,1796,1794.0
780737,2018-02-03,44,44,VM40-44,77.08%,1095,1682,2688,1688.0
572070,2018-02-03,48,48,VM45-49,45.34%,1921,1735,1748,1742.0
928783,2018-02-03,35,35,VW35-39,45.88%,1955,0,1796,1794.0
1188855,2018-02-03,57,57,VM55-59,36.74%,2553,1868,1883,1876.0
3655979,2018-02-17,59,59,VM55-59,76.32%,1250,1900,2908,1908.0
572070,2018-02-17,48,48,VM45-49,48.02%,1814,1735,1748,1742.0
1812239,2018-02-17,42,42,VW40-44,50.35%,1847,1853,1866,1860.0
1247485,2018-03-24,39,39,VM35-39,59.43%,1368,1620,2626,1626.0
360902,2018-03-24,55,55,VM55-59,38.87%,2372,0,1851,1844.0
1705569,2018-03-24,49,49,VW45-49,41.89%,2373,1976,2988,1988.0
3655979,2018-03-31,59,59,VM55-59,74.88%,1274,1900,2908,1908.0
1812239,2018-03-31,42,42,VW40-44,48.79%,1906,1853,1866,1860.0
1594344,2018-04-07,59,59,VM55-59,61.55%,1550,1900,2908,1908.0
1649546,2018-04-07,58,58,VM55-59,59.09%,1601,1884,1899,1892.0
1649546,2018-04-14,58,58,VM55-59,57.58%,1643,1884,1899,1892.0
1649546,2018-04-21,58,58,VM55-59,59.61%,1587,1884,1899,1892.0
1606273,2018-04-21,14,14,JM11-14,51.33%,1658,0,1721,1702.0
1651066,2018-04-21,41,41,VW40-44,39.33%,2347,1841,1852,1846.0
1188855,2018-04-21,57,57,VM55-59,32.56%,2881,1868,1883,1876.0
770951,2018-04-28,44,44,VM40-44,52.13%,1619,1682,2688,1688.0
953402,2018-04-28,58,58,VW55-59,67.19%,1661,2217,2247,2232.0
1014475,2018-04-28,55,55,VM55-59,49.57%,1860,0,1851,1844.0
572070,2018-04-28,49,49,VM45-49,45.12%,1946,1749,2756,1756.0
360902,2018-04-28,55,55,VM55-59,45.80%,2013,0,1851,1844.0
1651066,2018-04-28,41,41,VW40-44,40.01%,2307,1841,1852,1846.0
360902,2018-05-12,55,55,VM55-59,63.89%,1443,0,1851,1844.0
1649546,2018-05-12,58,58,VM55-59,55.98%,1690,1884,1899,1892.0
1188855,2018-05-12,57,57,VM55-59,34.65%,2707,1868,1883,1876.0
928783,2018-05-12,35,35,VW35-39,30.21%,2969,0,1796,1794.0
3655979,2018-05-26,59,59,VM55-59,75.00%,1272,1900,2908,1908.0
1015088,2018-05-26,25,28,SM25-29,49.05%,1578,0,1548,1548.0
1649546,2018-05-26,58,58,VM55-59,57.68%,1640,1884,1899,1892.0
572070,2018-05-26,49,49,VM45-49,47.77%,1838,1749,2756,1756.0
1649546,2018-06-02,58,58,VM55-59,57.40%,1648,1884,1899,1892.0
1014475,2018-06-02,55,55,VM55-59,51.51%,1790,0,1851,1844.0
572070,2018-06-02,49,49,VM45-49,46.16%,1902,1749,2756,1756.0
1651066,2018-06-02,41,41,VW40-44,39.31%,2348,1841,1852,1846.0
1649546,2018-06-09,58,58,VM55-59,56.82%,1665,1884,1899,1892.0
572070,2018-06-09,49,49,VM45-49,47.20%,1860,1749,2756,1756.0
3655979,2018-06-16,59,59,VM55-59,75.59%,1262,1900,2908,1908.0
1015088,2018-06-16,25,28,SM25-29,51.19%,1512,0,1548,1548.0
1014475,2018-06-16,55,55,VM55-59,55.54%,1660,0,1851,1844.0
572070,2018-06-16,49,49,VM45-49,46.41%,1892,1749,2756,1756.0
928783,2018-06-16,35,35,VW35-39,34.93%,2568,0,1796,1794.0
1015088,2018-06-23,25,28,SM25-29,52.47%,1475,0,1548,1548.0
3655979,2018-06-30,59,59,VM55-59,75.18%,1269,1900,2908,1908.0
1015088,2018-06-30,25,28,SM25-29,51.02%,1517,0,1548,1548.0
1606273,2018-06-30,14,14,JM11-14,51.92%,1639,0,1721,1702.0
1649546,2018-06-30,58,58,VM55-59,57.44%,1647,1884,1899,1892.0
1014475,2018-06-30,55,55,VM55-59,55.31%,1667,0,1851,1844.0
572070,2018-06-30,49,49,VM45-49,45.45%,1932,1749,2756,1756.0
1015088,2018-07-07,25,28,SM25-29,50.72%,1526,0,1548,1548.0
1649546,2018-07-07,58,58,VM55-59,56.34%,1679,1884,1899,1892.0
1014475,2018-07-07,55,55,VM55-59,52.57%,1754,0,1851,1844.0
572070,2018-07-07,49,49,VM45-49,41.59%,2111,1749,2756,1756.0
1949590,2018-07-07,56,56,VW55-59,42.37%,2563,2158,2186,2172.0
780737,2018-07-14,44,44,VM40-44,80.53%,1048,1682,2688,1688.0
1015088,2018-07-14,25,28,SM25-29,52.12%,1485,0,1548,1548.0
1649546,2018-07-14,58,58,VM55-59,58.50%,1617,1884,1899,1892.0
572070,2018-07-14,49,49,VM45-49,46.53%,1887,1749,2756,1756.0
480802,2018-07-14,58,58,VM55-59,49.07%,1928,1884,1899,1892.0
780737,2018-07-21,44,44,VM40-44,79.03%,1068,1682,2688,1688.0
3655979,2018-07-21,60,60,VM60-64,75.81%,1269,0,1932,1924.0
1247485,2018-07-21,39,39,VM35-39,60.49%,1344,1620,2626,1626.0
1015088,2018-07-21,25,28,SM25-29,50.23%,1541,0,1548,1548.0
1649546,2018-07-21,58,58,VM55-59,58.04%,1630,1884,1899,1892.0
1014475,2018-07-21,55,55,VM55-59,53.76%,1715,0,1851,1844.0
572070,2018-07-21,49,49,VM45-49,46.16%,1902,1749,2756,1756.0
1424991,2018-07-21,61,61,VM60-64,45.95%,2113,1933,1949,1942.0
3655979,2018-07-28,59,59,VM55-59,75.24%,1268,1900,2908,1908.0
1015088,2018-07-28,25,28,SM25-29,51.22%,1511,0,1548,1548.0
1649546,2018-07-28,58,58,VM55-59,58.18%,1626,1884,1899,1892.0
1424991,2018-07-28,61,61,VM60-64,48.50%,2002,1933,1949,1942.0
1014475,2018-07-28,55,55,VM55-59,42.08%,2191,0,1851,1844.0
1188855,2018-07-28,58,58,VM55-59,33.59%,2816,1884,1899,1892.0
360902,2018-08-04,55,55,VM55-59,58.17%,1585,0,1851,1844.0
1014475,2018-08-04,55,55,VM55-59,51.97%,1774,0,1851,1844.0
508066,2018-08-04,53,53,VW50-54,55.88%,1870,2076,2102,2090.0
572070,2018-08-04,49,49,VM45-49,44.59%,1969,1749,2756,1756.0
1424991,2018-08-04,61,61,VM60-64,46.77%,2076,1933,1949,1942.0
1188855,2018-08-04,58,58,VM55-59,29.42%,3215,1884,1899,1892.0
1576208,2018-08-11,12,12,JM11-14,65.44%,1363,1763,1810,1784.0
360902,2018-08-11,55,55,VM55-59,50.41%,1829,0,1851,1844.0
1424991,2018-08-11,61,61,VM60-64,50.10%,1938,1933,1949,1942.0
1188855,2018-08-11,58,58,VM55-59,33.12%,2856,1884,1899,1892.0
1576208,2018-08-18,12,12,JM11-14,62.16%,1435,1763,1810,1784.0
1649546,2018-08-18,58,58,VM55-59,53.33%,1774,1884,1899,1892.0
1424991,2018-08-18,61,61,VM60-64,46.37%,2094,1933,1949,1942.0
1576208,2018-08-25,12,12,JM11-14,65.68%,1358,1763,1810,1784.0
1649546,2018-08-25,58,58,VM55-59,58.90%,1606,1884,1899,1892.0
1812239,2018-08-25,42,42,VW40-44,51.38%,1810,1853,1866,1860.0
572070,2018-08-25,49,49,VM45-49,45.90%,1913,1749,2756,1756.0
1424991,2018-08-25,61,61,VM60-64,49.07%,1979,1933,1949,1942.0
1188855,2018-08-25,58,58,VM55-59,34.16%,2769,1884,1899,1892.0
1090866,2018-09-08,16,16,JM15-17,67.49%,1218,1633,1657,1644.0
3655979,2018-09-08,59,59,VM55-59,75.89%,1257,1900,2908,1908.0
1649546,2018-09-08,58,58,VM55-59,58.18%,1626,1884,1899,1892.0
1576208,2018-09-15,12,12,JM11-14,64.17%,1390,1763,1810,1784.0
1015088,2018-09-15,25,28,SM25-29,50.69%,1527,0,1548,1548.0
1649546,2018-09-15,58,58,VM55-59,59.50%,1590,1884,1899,1892.0
1812239,2018-09-15,42,42,VW40-44,52.93%,1757,1853,1866,1860.0
780737,2018-09-22,44,44,VM40-44,79.03%,1068,1682,2688,1688.0
1015088,2018-09-22,25,28,SM25-29,52.69%,1469,0,1548,1548.0
1014475,2018-09-22,56,56,VM55-59,59.77%,1556,1852,1867,1860.0
1649546,2018-09-22,58,58,VM55-59,59.87%,1580,1884,1899,1892.0
1649546,2018-09-29,58,58,VM55-59,59.35%,1594,1884,1899,1892.0
1649546,2018-10-06,58,58,VM55-59,60.56%,1562,1884,1899,1892.0
1014475,2018-10-06,56,56,VM55-59,59.16%,1572,1852,1867,1860.0
360902,2018-10-06,56,56,VM55-59,42.41%,2193,1852,1867,1860.0
1348937,2018-10-06,49,49,VM45-49,36.68%,2394,1749,2756,1756.0
1015088,2018-10-13,25,28,SM25-29,50.95%,1519,0,1548,1548.0
1649546,2018-10-13,58,58,VM55-59,57.47%,1646,1884,1899,1892.0
1724169,2018-10-13,36,36,VW35-39,45.50%,1978,1797,1802,1800.0
1015088,2018-10-20,25,28,SM25-29,53.12%,1457,0,1548,1548.0
1014475,2018-10-20,56,56,VM55-59,59.73%,1557,1852,1867,1860.0
1649546,2018-10-20,58,58,VM55-59,56.61%,1671,1884,1899,1892.0
1348937,2018-10-20,49,49,VM45-49,37.44%,2345,1749,2756,1756.0
1188855,2018-10-20,58,58,VM55-59,35.70%,2650,1884,1899,1892.0
928783,2018-10-20,36,36,VW35-39,27.35%,3291,1797,1802,1800.0
1247485,2018-10-27,40,40,VM40-44,63.59%,1288,0,1643,1638.0
360902,2018-10-27,56,56,VM55-59,64.40%,1444,1852,1867,1860.0
1015088,2018-10-27,25,28,SM25-29,52.62%,1471,0,1548,1548.0
1649546,2018-10-27,58,58,VM55-59,57.97%,1632,1884,1899,1892.0
1812239,2018-10-27,43,43,VW40-44,54.57%,1717,1867,1880,1874.0
1348937,2018-10-27,49,49,VM45-49,37.30%,2354,1749,2756,1756.0
1188855,2018-11-03,58,58,VM55-59,34.69%,2727,1884,1899,1892.0
928783,2018-11-03,36,36,VW35-39,27.62%,3258,1797,1802,1800.0
1015088,2018-11-10,25,28,SM25-29,53.12%,1457,0,1548,1548.0
360902,2018-11-10,56,56,VM55-59,62.63%,1485,1852,1867,1860.0
1724169,2018-11-10,36,36,VW35-39,49.86%,1805,1797,1802,1800.0
1348937,2018-11-10,49,49,VM45-49,42.93%,2045,1749,2756,1756.0
928783,2018-11-10,36,36,VW35-39,27.39%,3286,1797,1802,1800.0
1015088,2018-11-17,25,28,SM25-29,54.09%,1431,0,1548,1548.0
1649546,2018-11-17,58,58,VM55-59,55.81%,1695,1884,1899,1892.0
2553158,2018-11-24,37,37,VM35-39,63.12%,1269,1597,1607,1602.0
1649546,2018-11-24,58,58,VM55-59,56.11%,1686,1884,1899,1892.0
1014475,2018-11-24,56,56,VM55-59,53.73%,1731,1852,1867,1860.0
1090866,2018-12-01,16,16,JM15-17,68.79%,1195,1633,1657,1644.0
1624624,2018-12-01,34,34,SM30-34,47.75%,1648,1570,2574,1574.0
1014475,2018-12-01,56,56,VM55-59,53.39%,1742,1852,1867,1860.0
924492,2018-12-01,66,66,VW65-69,43.66%,2872,2489,2526,2508.0
1649546,2018-12-08,58,58,VM55-59,52.56%,1800,1884,1899,1892.0
1014475,2018-12-08,56,56,VM55-59,48.26%,1927,1852,1867,1860.0
780737,2018-12-22,45,45,VM45-49,77.86%,1093,0,1707,1702.0
1649546,2018-12-22,58,58,VM55-59,54.37%,1740,1884,1899,1892.0
1014475,2018-12-22,56,56,VM55-59,49.73%,1870,1852,1867,1860.0
4122232,2018-12-25,22,24,SM20-24,48.89%,1583,0,1551,1548.0
1186569,2018-12-25,30,30,SM30-34,46.86%,1656,0,1553,1552.0
1014475,2018-12-25,56,56,VM55-59,55.36%,1680,1852,1867,1860.0
3655979,2018-12-29,60,60,VM60-64,75.10%,1281,0,1932,1924.0
770951,2018-12-29,44,44,VM40-44,60.85%,1387,1682,2688,1688.0
4122232,2018-12-29,22,24,SM20-24,50.10%,1545,0,1551,1548.0
1014475,2018-12-29,56,56,VM55-59,57.27%,1624,1852,1867,1860.0
1649546,2018-12-29,58,58,VM55-59,55.71%,1698,1884,1899,1892.0
924492,2018-12-29,66,66,VW65-69,35.98%,3485,2489,2526,2508.0
1015088,2019-01-05,25,28,SM25-29,54.66%,1416,0,1548,1548.0
1014475,2019-01-05,56,56,VM55-59,57.37%,1621,1852,1867,1860.0
1649546,2019-01-05,58,58,VM55-59,55.52%,1704,1884,1899,1892.0
1188855,2019-01-05,58,58,VM55-59,32.87%,2878,1884,1899,1892.0
1015088,2019-01-12,25,28,SM25-29,54.35%,1424,0,1548,1548.0
1014475,2019-01-12,56,56,VM55-59,57.27%,1624,1852,1867,1860.0
1649546,2019-01-12,58,58,VM55-59,56.65%,1670,1884,1899,1892.0
780737,2019-01-19,45,45,VM45-49,78.51%,1084,0,1707,1702.0
1649546,2019-01-19,58,58,VM55-59,56.11%,1686,1884,1899,1892.0
1247485,2019-01-26,40,40,VM40-44,59.91%,1367,0,1643,1638.0
1649546,2019-01-26,58,58,VM55-59,57.37%,1649,1884,1899,1892.0
1649546,2019-02-02,58,58,VM55-59,56.95%,1661,1884,1899,1892.0
1014475,2019-02-02,56,56,VM55-59,51.75%,1797,1852,1867,1860.0
1015088,2019-02-09,25,28,SM25-29,52.76%,1467,0,1548,1548.0
1649546,2019-02-09,58,58,VM55-59,58.29%,1623,1884,1899,1892.0
3655979,2019-02-16,60,60,VM60-64,72.39%,1329,0,1932,1924.0
1015088,2019-02-16,25,28,SM25-29,56.21%,1377,0,1548,1548.0
1649546,2019-02-16,58,58,VM55-59,58.90%,1606,1884,1899,1892.0
928783,2019-02-16,36,36,VW35-39,53.22%,1691,1797,1802,1800.0
480802,2019-02-16,59,59,VM55-59,43.38%,2199,1900,2908,1908.0
1649546,2019-02-23,58,58,VM55-59,59.38%,1593,1884,1899,1892.0
1624624,2019-02-23,34,34,SM30-34,48.28%,1630,1570,2574,1574.0
1188855,2019-02-23,58,58,VM55-59,28.04%,3374,1884,1899,1892.0
1649546,2019-03-02,58,58,VM55-59,61.19%,1546,1884,1899,1892.0
928783,2019-03-02,36,36,VW35-39,54.48%,1652,1797,1802,1800.0
480802,2019-03-02,59,59,VM55-59,43.80%,2178,1900,2908,1908.0
1649546,2019-03-09,58,58,VM55-59,59.91%,1579,1884,1899,1892.0
928783,2019-03-09,36,36,VW35-39,55.05%,1635,1797,1802,1800.0
1015088,2019-03-16,25,28,SM25-29,54.13%,1430,0,1548,1548.0
1649546,2019-03-16,58,58,VM55-59,60.10%,1574,1884,1899,1892.0
928783,2019-03-16,36,36,VW35-39,54.45%,1653,1797,1802,1800.0
480802,2019-03-16,59,59,VM55-59,45.84%,2081,1900,2908,1908.0
480802,2019-03-23,59,59,VM55-59,47.02%,2029,1900,2908,1908.0
924492,2019-03-23,67,67,VW65-69,43.42%,2932,2527,2565,2546.0
1015088,2019-03-30,25,28,SM25-29,57.25%,1352,0,1548,1548.0
1649546,2019-03-30,59,59,VM55-59,61.75%,1545,1900,2908,1908.0
480802,2019-03-30,59,59,VM55-59,47.60%,2004,1900,2908,1908.0
928783,2019-04-06,36,36,VW35-39,57.84%,1556,1797,1802,1800.0
2923559,2019-04-06,52,52,VM50-54,47.59%,1889,1791,1805,1798.0
1424991,2019-04-06,62,62,VM60-64,50.23%,1949,1950,1966,1958.0
480802,2019-04-06,59,59,VM55-59,47.51%,2008,1900,2908,1908.0
1188855,2019-04-06,58,58,VM55-59,31.26%,3026,1884,1899,1892.0
1649546,2019-04-13,59,59,VM55-59,60.88%,1567,1900,2908,1908.0
928783,2019-04-13,36,36,VW35-39,54.18%,1661,1797,1802,1800.0
1076027,2019-04-13,46,46,VM45-49,50.74%,1689,1708,1720,1714.0
1424991,2019-04-13,62,62,VM60-64,51.94%,1885,1950,1966,1958.0
480802,2019-04-13,59,59,VM55-59,47.72%,1999,1900,2908,1908.0
1015088,2019-04-20,25,28,SM25-29,56.74%,1364,0,1548,1548.0
928783,2019-04-20,36,36,VW35-39,59.60%,1510,1797,1802,1800.0
1724169,2019-04-20,36,36,VW35-39,54.38%,1655,1797,1802,1800.0
1424991,2019-04-20,62,62,VM60-64,53.67%,1824,1950,1966,1958.0
480802,2019-04-20,59,59,VM55-59,48.38%,1972,1900,2908,1908.0
1014475,2019-04-20,56,56,VM55-59,33.39%,2785,1852,1867,1860.0
1015088,2019-04-27,25,28,SM25-29,57.72%,1341,0,1548,1548.0
928783,2019-04-27,36,36,VW35-39,58.48%,1539,1797,1802,1800.0
1424991,2019-04-27,62,62,VM60-64,52.52%,1864,1950,1966,1958.0
1188855,2019-04-27,58,58,VM55-59,27.80%,3403,1884,1899,1892.0
1015088,2019-05-04,25,28,SM25-29,57.98%,1335,0,1548,1548.0
928783,2019-05-04,36,36,VW35-39,59.29%,1518,1797,1802,1800.0
1649546,2019-05-04,59,59,VM55-59,60.61%,1574,1900,2908,1908.0
480802,2019-05-04,59,59,VM55-59,49.05%,1945,1900,2908,1908.0
1015088,2019-05-11,25,28,SM25-29,58.28%,1328,0,1548,1548.0
1247485,2019-05-11,40,40,VM40-44,58.00%,1412,0,1643,1638.0
1649546,2019-05-11,59,59,VM55-59,61.55%,1550,1900,2908,1908.0
360902,2019-05-11,56,56,VM55-59,59.65%,1559,1852,1867,1860.0
924492,2019-05-11,67,67,VW65-69,39.67%,3209,2527,2565,2546.0
770951,2019-05-18,45,45,VM45-49,66.07%,1288,0,1707,1702.0
928783,2019-05-18,36,36,VW35-39,58.44%,1540,1797,1802,1800.0
1649546,2019-05-18,59,59,VM55-59,61.59%,1549,1900,2908,1908.0
360902,2019-05-18,56,56,VM55-59,57.80%,1609,1852,1867,1860.0
1424991,2019-05-18,62,62,VM60-64,53.35%,1835,1950,1966,1958.0
928783,2019-05-25,36,36,VW35-39,59.96%,1501,1797,1802,1800.0
1624624,2019-05-25,34,34,SM30-34,47.61%,1653,1570,2574,1574.0
480802,2019-05-25,59,59,VM55-59,50.16%,1902,1900,2908,1908.0
770951,2019-06-01,45,45,VM45-49,66.48%,1280,0,1707,1702.0
1015088,2019-06-01,25,28,SM25-29,55.97%,1383,0,1548,1548.0
1247485,2019-06-01,40,40,VM40-44,58.00%,1412,0,1643,1638.0
1649546,2019-06-01,59,59,VM55-59,58.78%,1623,1900,2908,1908.0
1424991,2019-06-01,62,62,VM60-64,54.39%,1800,1950,1966,1958.0
480802,2019-06-01,59,59,VM55-59,49.20%,1939,1900,2908,1908.0
1247485,2019-06-08,40,40,VM40-44,59.39%,1379,0,1643,1638.0
1649546,2019-06-08,59,59,VM55-59,58.38%,1634,1900,2908,1908.0
1014475,2019-06-08,56,56,VM55-59,49.28%,1887,1852,1867,1860.0
3655979,2019-06-15,60,60,VM60-64,74.46%,1292,0,1932,1924.0
1015088,2019-06-15,25,28,SM25-29,56.54%,1369,0,1548,1548.0
1649546,2019-06-15,59,59,VM55-59,59.03%,1616,1900,2908,1908.0
1014475,2019-06-15,56,56,VM55-59,48.90%,1902,1852,1867,1860.0
992966,2019-06-15,54,54,VW50-54,49.28%,2147,2103,3116,2116.0
508066,2019-06-22,54,54,VW50-54,64.24%,1647,2103,3116,2116.0
1424991,2019-06-22,62,62,VM60-64,52.72%,1857,1950,1966,1958.0
1076027,2019-06-29,46,46,VM45-49,54.04%,1586,1708,1720,1714.0
1649546,2019-06-29,59,59,VM55-59,56.22%,1697,1900,2908,1908.0
928783,2019-06-29,36,36,VW35-39,50.08%,1797,1797,1802,1800.0
1576208,2019-07-13,13,13,JM11-14,68.56%,1269,1722,1762,1740.0
1649546,2019-07-13,59,59,VM55-59,58.82%,1622,1900,2908,1908.0
1424991,2019-07-13,62,62,VM60-64,54.15%,1808,1950,1966,1958.0
480802,2019-07-13,59,59,VM55-59,50.29%,1897,1900,2908,1908.0
1576208,2019-07-20,13,13,JM11-14,65.96%,1319,1722,1762,1740.0
928783,2019-07-27,36,36,VW35-39,59.72%,1507,1797,1802,1800.0
1076027,2019-07-27,46,46,VM45-49,55.08%,1556,1708,1720,1714.0
480802,2019-07-27,59,59,VM55-59,49.95%,1910,1900,2908,1908.0
373054,2019-08-03,49,49,VM45-49,66.06%,1329,1749,2756,1756.0
1576208,2019-08-03,13,13,JM11-14,63.09%,1379,1722,1762,1740.0
928783,2019-08-03,36,36,VW35-39,54.81%,1642,1797,1802,1800.0
1424991,2019-08-03,62,62,VM60-64,52.83%,1853,1950,1966,1958.0
1576208,2019-08-10,13,13,JM11-14,63.32%,1374,1722,1762,1740.0
1649546,2019-08-10,59,59,VM55-59,56.65%,1684,1900,2908,1908.0
1424991,2019-08-10,62,62,VM60-64,51.91%,1886,1950,1966,1958.0
780737,2019-08-17,45,45,VM45-49,79.68%,1068,0,1707,1702.0
3655979,2019-08-17,60,60,VM60-64,72.33%,1330,0,1932,1924.0
1576208,2019-08-17,13,13,JM11-14,61.05%,1425,1722,1762,1740.0
1649546,2019-08-17,59,59,VM55-59,57.61%,1656,1900,2908,1908.0
1424991,2019-08-17,62,62,VM60-64,52.35%,1870,1950,1966,1958.0
3655979,2019-08-24,60,60,VM60-64,73.60%,1307,0,1932,1924.0
1649546,2019-08-24,59,59,VM55-59,58.06%,1643,1900,2908,1908.0
928783,2019-08-24,36,36,VW35-39,52.69%,1708,1797,1802,1800.0
780737,2019-08-31,45,45,VM45-49,79.38%,1072,0,1707,1702.0
1649546,2019-08-31,59,59,VM55-59,59.18%,1612,1900,2908,1908.0
928783,2019-08-31,36,36,VW35-39,53.38%,1686,1797,1802,1800.0
1014475,2019-08-31,57,57,VM55-59,51.91%,1807,1868,1883,1876.0
480802,2019-08-31,59,59,VM55-59,51.74%,1844,1900,2908,1908.0
928783,2019-09-07,36,36,VW35-39,59.29%,1518,1797,1802,1800.0
1649546,2019-09-07,59,59,VM55-59,60.23%,1584,1900,2908,1908.0
1424991,2019-09-07,62,62,VM60-64,52.69%,1858,1950,1966,1958.0
1649546,2019-09-14,59,59,VM55-59,60.76%,1570,1900,2908,1908.0
480802,2019-09-14,59,59,VM55-59,53.60%,1780,1900,2908,1908.0
1015088,2019-09-21,25,28,SM25-29,57.72%,1341,0,1548,1548.0
1576208,2019-09-21,13,13,JM11-14,49.21%,1768,1722,1762,1740.0
1014475,2019-09-21,57,57,VM55-59,41.00%,2288,1868,1883,1876.0
480802,2019-09-28,59,59,VM55-59,52.88%,1804,1900,2908,1908.0
1015088,2019-10-05,25,28,SM25-29,58.33%,1327,0,1548,1548.0
360902,2019-10-05,57,57,VM55-59,61.15%,1534,1868,1883,1876.0
1576208,2019-10-05,13,13,JM11-14,50.73%,1715,1722,1762,1740.0
3655979,2019-10-26,61,61,VM60-64,73.12%,1328,1933,1949,1942.0
360902,2019-11-09,57,57,VM55-59,60.01%,1563,1868,1883,1876.0
1015088,2019-11-16,25,28,SM25-29,58.37%,1326,0,1548,1548.0
928783,2019-11-16,37,37,VW35-39,52.84%,1709,1803,1810,1806.0
1015088,2019-11-23,25,28,SM25-29,56.66%,1366,0,1548,1548.0
1576208,2019-11-23,13,13,JM11-14,53.15%,1637,1722,1762,1740.0
928783,2019-11-23,37,37,VW35-39,54.30%,1663,1803,1810,1806.0
928783,2019-11-30,37,37,VW35-39,52.08%,1734,1803,1810,1806.0
1014475,2019-12-14,57,57,VM55-59,52.11%,1800,1868,1883,1876.0
1076027,2019-12-14,46,46,VM45-49,31.44%,2726,1708,1720,1714.0
1014475,2019-12-21,57,57,VM55-59,46.95%,1998,1868,1883,1876.0
928783,2019-12-25,37,37,VW35-39,53.27%,1695,1803,1810,1806.0
128724,2019-12-25,62,62,VW60-64,60.81%,1942,2345,2378,2362.0
1014475,2019-12-28,57,57,VM55-59,55.08%,1703,1868,1883,1876.0
1576208,2019-12-28,13,13,JM11-14,47.65%,1826,1722,1762,1740.0
780737,2020-01-04,46,46,VM45-49,75.57%,1134,1708,1720,1714.0
1090866,2020-01-04,17,17,JM15-17,66.28%,1222,0,1632,1620.0
928783,2020-01-04,37,37,VW35-39,54.66%,1652,1803,1810,1806.0
1576208,2020-01-04,13,13,JM11-14,50.12%,1736,1722,1762,1740.0
1424991,2020-01-04,63,63,VM60-64,50.61%,1952,1967,1984,1976.0
928783,2020-01-11,37,37,VW35-39,56.97%,1585,1803,1810,1806.0
1424991,2020-01-11,63,63,VM60-64,49.70%,1988,1967,1984,1976.0
1576208,2020-01-18,13,13,JM11-14,61.48%,1415,1722,1762,1740.0
1015088,2020-01-18,25,28,SM25-29,51.95%,1490,0,1548,1548.0
1424991,2020-01-25,63,63,VM60-64,51.46%,1920,1967,1984,1976.0
3655979,2020-02-01,61,61,VM60-64,71.08%,1366,1933,1949,1942.0
1424991,2020-02-01,63,63,VM60-64,52.36%,1887,1967,1984,1976.0
1649546,2020-02-01,59,59,VM55-59,50.37%,1894,1900,2908,1908.0
780737,2020-02-08,46,46,VM45-49,79.43%,1079,1708,1720,1714.0
1424991,2020-02-08,63,63,VM60-64,53.61%,1843,1967,1984,1976.0
1576208,2020-02-08,14,14,JM11-14,43.09%,1975,0,1721,1702.0
1014475,2020-02-08,57,57,VM55-59,46.55%,2015,1868,1883,1876.0
1015088,2020-02-15,25,28,SM25-29,56.91%,1360,0,1548,1548.0
360902,2020-02-15,57,57,VM55-59,58.41%,1606,1868,1883,1876.0
1424991,2020-02-15,63,63,VM60-64,52.72%,1874,1967,1984,1976.0
1576208,2020-02-15,14,14,JM11-14,44.96%,1893,0,1721,1702.0
1015088,2020-02-22,25,28,SM25-29,55.52%,1394,0,1548,1548.0
1424991,2020-02-22,63,63,VM60-64,54.44%,1815,1967,1984,1976.0
1576208,2020-02-29,14,14,JM11-14,54.94%,1549,0,1721,1702.0
1424991,2020-02-29,63,63,VM60-64,52.81%,1871,1967,1984,1976.0
1576208,2020-03-07,14,14,JM11-14,45.36%,1876,0,1721,1702.0
1576208,2020-03-14,14,14,JM11-14,53.66%,1586,0,1721,1702.0
1247485,2021-07-31,42,42,VM40-44,49.97%,1663,1656,1668,1662.0
1651066,2021-07-31,44,44,VW40-44,40.53%,2329,1881,2888,1888.0
928783,2021-07-31,38,38,VW35-39,29.87%,3040,1811,1819,1816.0
1576208,2021-08-07,15,15,JM15-17,48.18%,1733,1658,2670,1670.0
928783,2021-08-07,38,38,VW35-39,34.54%,2629,1811,1819,1816.0
2923559,2021-08-14,54,54,VM50-54,58.33%,1567,1821,2828,1828.0
928783,2021-08-14,38,38,VW35-39,29.39%,3089,1811,1819,1816.0
1576208,2021-08-21,15,15,JM15-17,64.28%,1299,1658,2670,1670.0
2923559,2021-08-21,54,54,VM50-54,59.90%,1526,1821,2828,1828.0
928783,2021-08-21,38,38,VW35-39,32.67%,2779,1811,1819,1816.0
1576208,2021-09-04,15,15,JM15-17,36.46%,2290,1658,2670,1670.0
1651066,2021-09-11,44,44,VW40-44,38.47%,2454,1881,2888,1888.0
1651066,2021-09-18,44,44,VW40-44,40.32%,2341,1881,2888,1888.0
1651066,2021-10-02,44,44,VW40-44,41.01%,2302,1881,2888,1888.0
1651066,2021-10-09,44,44,VW40-44,41.71%,2263,1881,2888,1888.0
780737,2021-12-11,48,48,VM45-49,77.28%,1127,1735,1748,1742.0
1015088,2022-01-22,25,28,SM25-29,55.21%,1402,0,1548,1548.0
1424991,2022-02-05,65,65,VM65-69,45.54%,2209,0,2021,2012.0
1424991,2022-02-12,65,65,VM65-69,46.36%,2170,0,2021,2012.0
924492,2022-02-12,69,69,VW65-69,34.60%,3798,2607,3628,2628.0
508066,2022-02-19,56,56,VW55-59,59.57%,1823,2158,2186,2172.0
1076027,2022-02-26,48,48,VM45-49,54.71%,1592,1735,1748,1742.0
1014475,2022-04-09,59,59,VM55-59,50.99%,1871,1900,2908,1908.0
1076027,2022-04-30,49,49,VM45-49,57.39%,1530,1749,2756,1756.0
924492,2022-04-30,70,70,VW70-74,35.29%,3786,0,2693,2672.0
1076027,2022-05-07,49,49,VM45-49,52.80%,1663,1749,2756,1756.0
1014475,2022-05-07,59,59,VM55-59,52.62%,1813,1900,2908,1908.0
1014475,2022-05-14,59,59,VM55-59,53.93%,1769,1900,2908,1908.0
780737,2022-05-28,48,48,VM45-49,81.55%,1068,1735,1748,1742.0
1076027,2022-05-28,49,49,VM45-49,58.15%,1510,1749,2756,1756.0
1014475,2022-05-28,59,59,VM55-59,53.66%,1778,1900,2908,1908.0
780737,2022-06-11,48,48,VM45-49,82.09%,1061,1735,1748,1742.0
1014475,2022-06-18,59,59,VM55-59,55.63%,1715,1900,2908,1908.0
2528702,2022-06-18,25,29,SW25-29,42.96%,2067,0,2776,1776.0
924492,2022-06-18,70,70,VW70-74,36.18%,3693,0,2693,2672.0
1551071,2022-06-25,39,39,VM35-39,54.71%,1486,1620,2626,1626.0
1014475,2022-07-09,59,59,VM55-59,54.89%,1738,1900,2908,1908.0
1014475,2022-07-23,59,59,VM55-59,42.25%,2258,1900,2908,1908.0
3655979,2022-07-30,63,63,VM60-64,70.82%,1395,1967,1984,1976.0
1014475,2022-08-13,60,60,VM60-64,46.93%,2050,0,1932,1924.0
780737,2022-08-27,48,48,VM45-49,82.40%,1057,1735,1748,1742.0
3655979,2022-08-27,63,63,VM60-64,70.37%,1404,1967,1984,1976.0
1014475,2022-08-27,60,60,VM60-64,47.04%,2045,0,1932,1924.0
780737,2022-09-24,48,48,VM45-49,79.98%,1089,1735,1748,1742.0
1949590,2022-10-01,60,60,VW60-64,48.69%,2358,0,2311,2296.0
924492,2022-10-08,70,70,VW70-74,38.00%,3516,0,2693,2672.0
780737,2022-10-15,49,49,VM45-49,79.60%,1103,1749,2756,1756.0
1014475,2022-10-22,60,60,VM60-64,47.46%,2027,0,1932,1924.0
924492,2022-11-05,70,70,VW70-74,39.12%,3415,0,2693,2672.0
1014475,2022-11-26,60,60,VM60-64,55.26%,1741,0,1932,1924.0
924492,2022-11-26,70,70,VW70-74,37.33%,3579,0,2693,2672.0
924492,2022-12-03,70,70,VW70-74,36.30%,3680,0,2693,2672.0
1014475,2022-12-25,60,60,VM60-64,55.45%,1735,0,1932,1924.0
1014475,2022-12-31,60,60,VM60-64,55.10%,1746,0,1932,1924.0
1015088,2023-01-07,29,29,SM25-29,49.24%,1574,1549,2500,1550.0
1076027,2023-01-28,49,49,VM45-49,49.22%,1784,1749,2756,1756.0
1014475,2023-02-11,60,60,VM60-64,48.12%,1999,0,1932,1924.0
1014475,2023-02-18,60,60,VM60-64,44.62%,2156,0,1932,1924.0
1014475,2023-03-04,60,60,VM60-64,46.09%,2087,0,1932,1924.0
1014475,2023-03-18,60,60,VM60-64,45.36%,2121,0,1932,1924.0
3655979,2023-03-25,64,64,VM60-64,70.16%,1421,1985,2994,1994.0
1014475,2023-04-01,60,60,VM60-64,43.37%,2218,0,1932,1924.0
924492,2023-04-01,71,71,VW70-74,34.10%,3982,2694,2738,2716.0
1014475,2023-04-08,60,60,VM60-64,47.65%,2019,0,1932,1924.0
924492,2023-04-08,71,71,VW70-74,38.90%,3491,2694,2738,2716.0
1015088,2023-04-15,30,30,SM30-34,52.08%,1490,0,1553,1552.0
1014475,2023-04-15,60,60,VM60-64,53.50%,1798,0,1932,1924.0
3655979,2023-04-22,64,64,VM60-64,69.72%,1430,1985,2994,1994.0
924492,2023-04-29,71,71,VW70-74,36.49%,3722,2694,2738,2716.0
1014475,2023-05-06,60,60,VM60-64,45.57%,2111,0,1932,1924.0
1617183,2023-05-13,40,40,VM40-44,32.92%,2488,0,1643,1638.0
1424991,2023-05-20,66,66,VM65-69,45.97%,2210,2022,2040,2032.0
3655979,2023-05-27,64,64,VM60-64,70.36%,1417,1985,2994,1994.0
1014475,2023-05-27,60,60,VM60-64,52.57%,1830,0,1932,1924.0
924492,2023-07-08,71,71,VW70-74,34.41%,3947,2694,2738,2716.0
780737,2023-07-22,49,49,VM45-49,76.95%,1141,1749,2756,1756.0
1014475,2023-07-29,60,60,VM60-64,44.11%,2181,0,1932,1924.0
1014475,2023-08-05,60,60,VM60-64,45.14%,2131,0,1932,1924.0
780737,2023-08-19,49,49,VM45-49,76.55%,1147,1749,2756,1756.0
1014475,2023-08-26,61,61,VM60-64,51.05%,1902,1933,1949,1942.0
1014475,2023-09-23,61,61,VM60-64,51.62%,1881,1933,1949,1942.0
1014475,2023-10-07,61,61,VM60-64,54.12%,1794,1933,1949,1942.0
780737,2023-10-14,50,50,VM50-54,81.79%,1082,0,1776,1770.0
780737,2023-11-11,50,50,VM50-54,81.49%,1086,0,1776,1770.0
1076027,2023-11-25,50,50,VM50-54,37.82%,2340,0,1776,1770.0
589721,2023-12-09,57,57,VM55-59,69.69%,1346,1868,1883,1876.0
3655979,2023-12-23,65,65,VM65-69,71.40%,1409,0,2021,2012.0
1014475,2023-12-23,61,61,VM60-64,45.74%,2123,1933,1949,1942.0
1752380,2023-12-25,56,56,VM55-59,63.22%,1471,1852,1867,1860.0
1014475,2023-12-25,61,61,VM60-64,48.24%,2013,1933,1949,1942.0
1247485,2023-12-30,45,45,VM45-49,52.53%,1620,0,1707,1702.0
1014475,2023-12-30,61,61,VM60-64,49.69%,1954,1933,1949,1942.0
1247485,2024-01-06,45,45,VM45-49,55.77%,1526,0,1707,1702.0
1014475,2024-01-06,61,61,VM60-64,52.80%,1839,1933,1949,1942.0
3655979,2024-01-13,65,65,VM65-69,69.86%,1440,0,2021,2012.0
924492,2024-01-13,71,71,VW70-74,38.32%,3544,2694,2738,2716.0
1014475,2024-01-27,61,61,VM60-64,51.62%,1881,1933,1949,1942.0
924492,2024-01-27,71,71,VW70-74,36.36%,3735,2694,2738,2716.0
5692217,2024-02-03,49,49,VW45-49,56.03%,1774,1976,2988,1988.0
1014475,2024-02-03,61,61,VM60-64,53.82%,1804,1933,1949,1942.0
1014475,2024-03-02,61,61,VM60-64,49.64%,1956,1933,1949,1942.0
3655979,2024-03-23,65,65,VM65-69,68.72%,1464,0,2021,2012.0
1617183,2024-04-06,41,41,VM40-44,33.98%,2428,1644,1655,1650.0
3655979,2024-04-13,65,65,VM65-69,70.30%,1431,0,2021,2012.0
1014475,2024-05-25,61,61,VM60-64,51.00%,1904,1933,1949,1942.0
1617183,2024-05-25,41,41,VM40-44,34.85%,2367,1644,1655,1650.0
3655979,2024-06-01,65,65,VM65-69,69.96%,1438,0,2021,2012.0
1617183,2024-06-01,41,41,VM40-44,37.67%,2190,1644,1655,1650.0
128162,2024-06-08,63,63,VW60-64,46.13%,2597,2379,2413,2396.0
1014475,2024-06-15,61,61,VM60-64,54.58%,1779,1933,1949,1942.0
1617183,2024-06-22,41,41,VM40-44,38.52%,2142,1644,1655,1650.0
1014475,2024-06-29,61,61,VM60-64,50.31%,1930,1933,1949,1942.0
1617183,2024-07-20,41,41,VM40-44,54.82%,1505,1644,1655,1650.0
3655979,2024-07-27,65,65,VM65-69,67.65%,1487,0,2021,2012.0
1617183,2024-07-27,41,41,VM40-44,34.30%,2405,1644,1655,1650.0
1617183,2024-08-10,41,41,VM40-44,56.35%,1464,1644,1655,1650.0
3655979,2024-09-14,65,65,VM65-69,70.15%,1434,0,2021,2012.0
1014475,2024-09-14,62,62,VM60-64,48.63%,2013,1950,1966,1958.0
74670,2013-01-19,49,49,VW45-49,45.04%,2207,1976,2988,1988.0
372943,2013-03-09,32,32,SW30-34,51.18%,1739,1779,1781,1780.0
480802,2013-03-30,53,53,VM50-54,62.72%,1446,1806,1820,1814.0
372943,2013-04-06,32,32,SW30-34,53.87%,1652,1779,1781,1780.0
480802,2013-04-20,53,53,VM50-54,60.75%,1493,1806,1820,1814.0
480802,2013-04-27,53,53,VM50-54,62.64%,1448,1806,1820,1814.0
514013,2013-05-04,12,12,JM11-14,51.15%,1744,1763,1810,1784.0
480802,2013-05-18,53,53,VM50-54,64.51%,1406,1806,1820,1814.0
480802,2013-06-01,53,53,VM50-54,61.74%,1469,1806,1820,1814.0
480802,2013-06-08,53,53,VM50-54,64.46%,1407,1806,1820,1814.0
441416,2013-06-22,37,37,VW35-39,56.97%,1585,1803,1810,1806.0
480802,2013-06-29,53,53,VM50-54,67.38%,1346,1806,1820,1814.0
480802,2013-07-20,53,53,VM50-54,62.55%,1450,1806,1820,1814.0
480802,2013-07-27,53,53,VM50-54,63.92%,1419,1806,1820,1814.0
514013,2013-07-27,12,12,JM11-14,57.62%,1548,1763,1810,1784.0
441416,2013-07-27,38,38,VW35-39,57.91%,1568,1811,1819,1816.0
480802,2013-08-03,53,53,VM50-54,64.92%,1397,1806,1820,1814.0
600747,2013-08-03,31,31,SW30-34,50.34%,1766,1777,1778,1778.0
480802,2013-08-10,53,53,VM50-54,64.42%,1408,1806,1820,1814.0
600747,2013-08-10,31,31,SW30-34,51.00%,1743,1777,1778,1778.0
441416,2013-08-24,38,38,VW35-39,37.99%,2390,1811,1819,1816.0
480802,2013-08-31,53,53,VM50-54,63.29%,1433,1806,1820,1814.0
441416,2013-08-31,38,38,VW35-39,46.95%,1934,1811,1819,1816.0
480802,2013-09-28,53,53,VM50-54,57.96%,1565,1806,1820,1814.0
480802,2013-10-05,53,53,VM50-54,63.12%,1437,1806,1820,1814.0
441416,2013-10-05,38,38,VW35-39,56.89%,1596,1811,1819,1816.0
600747,2013-10-05,31,31,SW30-34,54.51%,1631,1777,1778,1778.0
600747,2013-11-02,31,31,SW30-34,53.72%,1655,1777,1778,1778.0
724290,2013-11-02,45,45,VM45-49,44.55%,1910,0,1707,1702.0
724290,2013-11-09,45,45,VM45-49,46.40%,1834,0,1707,1702.0
724290,2013-11-16,45,45,VM45-49,48.74%,1746,0,1707,1702.0
724290,2013-11-30,45,45,VM45-49,45.90%,1854,0,1707,1702.0
724290,2013-12-14,45,45,VM45-49,46.38%,1835,0,1707,1702.0
724290,2013-12-28,45,45,VM45-49,48.24%,1764,0,1707,1702.0
724290,2014-01-01,45,45,VM45-49,49.11%,1733,0,1707,1702.0
724290,2014-01-04,45,45,VM45-49,50.78%,1676,0,1707,1702.0
724290,2014-01-18,45,45,VM45-49,49.33%,1725,0,1707,1702.0
724290,2014-01-25,45,45,VM45-49,45.03%,1890,0,1707,1702.0
267361,2014-01-25,52,52,VW50-54,48.72%,2116,2049,2075,2062.0
514013,2014-02-01,12,12,JM11-14,57.18%,1560,1763,1810,1784.0
267361,2014-02-01,52,52,VW50-54,51.29%,2010,2049,2075,2062.0
514013,2014-02-08,12,12,JM11-14,55.99%,1593,1763,1810,1784.0
724290,2014-02-15,46,46,VM45-49,48.94%,1751,1708,1720,1714.0
514013,2014-02-22,12,12,JM11-14,58.04%,1537,1763,1810,1784.0
724290,2014-02-22,46,46,VM45-49,52.84%,1622,1708,1720,1714.0
864630,2014-02-22,59,59,VM55-59,45.67%,2378,1900,2908,2172.0
724290,2014-03-15,46,46,VM45-49,53.40%,1605,1708,1720,1714.0
267361,2014-03-15,53,53,VW50-54,53.40%,1957,2076,2102,2090.0
820431,2014-03-15,51,51,VW50-54,43.32%,2350,2024,2048,2036.0
864630,2014-03-22,56,56,VM55-59,58.97%,1577,1852,1867,1860.0
724290,2014-03-22,46,46,VM45-49,53.83%,1592,1708,1720,1714.0
125003,2014-03-22,54,54,VW50-54,62.79%,1685,2103,3116,2116.0
267361,2014-03-22,53,53,VW50-54,50.95%,2051,2076,2102,2090.0
820431,2014-03-22,51,51,VW50-54,43.47%,2342,2024,2048,2036.0
724290,2014-03-29,46,46,VM45-49,49.11%,1745,1708,1720,1714.0
820431,2014-03-29,51,51,VW50-54,44.34%,2296,2024,2048,2036.0
724290,2014-04-05,46,46,VM45-49,52.16%,1643,1708,1720,1714.0
372943,2014-04-12,33,33,SW30-34,59.27%,1505,1782,1785,1784.0
724290,2014-04-12,46,46,VM45-49,54.10%,1584,1708,1720,1714.0
267361,2014-04-12,53,53,VW50-54,56.76%,1841,2076,2102,2090.0
820431,2014-04-12,51,51,VW50-54,44.55%,2285,2024,2048,2036.0
441416,2014-04-19,38,38,VW35-39,57.69%,1574,1811,1819,1816.0
724290,2014-04-19,46,46,VM45-49,53.60%,1599,1708,1720,1714.0
267361,2014-04-19,53,53,VW50-54,57.70%,1811,2076,2102,2090.0
820431,2014-04-19,51,51,VW50-54,45.37%,2244,2024,2048,2036.0
724290,2014-05-03,46,46,VM45-49,54.52%,1572,1708,1720,1714.0
820431,2014-05-03,51,51,VW50-54,45.43%,2241,2024,2048,2036.0
724290,2014-05-17,46,46,VM45-49,51.85%,1653,1708,1720,1714.0
441416,2014-05-24,38,38,VW35-39,55.23%,1644,1811,1819,1816.0
724290,2014-05-24,46,46,VM45-49,48.80%,1756,1708,1720,1714.0
724290,2014-06-07,46,46,VM45-49,53.90%,1590,1708,1720,1714.0
820431,2014-06-07,51,51,VW50-54,44.20%,2303,2024,2048,2036.0
724290,2014-06-14,46,46,VM45-49,55.54%,1543,1708,1720,1714.0
820431,2014-06-14,51,51,VW50-54,43.65%,2332,2024,2048,2036.0
537430,2014-07-19,40,40,VW40-44,70.62%,1300,0,1840,1836.0
724290,2014-08-02,46,46,VM45-49,55.01%,1558,1708,1720,1714.0
820431,2014-08-09,51,51,VW50-54,41.69%,2442,2024,2048,2036.0
1138623,2014-08-16,42,42,VM40-44,54.17%,1534,1656,1668,1662.0
1138623,2014-08-23,42,42,VM40-44,55.44%,1499,1656,1668,1662.0
122015,2014-08-30,51,51,VW50-54,45.02%,2261,2024,2048,2036.0
949684,2014-09-06,45,45,VM45-49,77.29%,1101,0,1707,1702.0
724290,2014-09-06,46,46,VM45-49,56.75%,1510,1708,1720,1714.0
769960,2014-10-25,25,29,SW25-29,50.48%,1759,0,2776,1776.0
949684,2014-11-01,45,45,VM45-49,76.60%,1111,0,1707,1702.0
514013,2014-11-15,13,13,JM11-14,55.41%,1570,1722,1762,1740.0
724290,2014-12-06,46,46,VM45-49,59.35%,1444,1708,1720,1714.0
372943,2014-12-25,30,30,SW30-34,Unknown,1443,0,1776,0.0
724290,2014-12-25,46,46,VM45-49,58.78%,1458,1708,1720,1714.0
1063478,2015-01-01,40,40,VM40-44,74.05%,1106,0,1643,1638.0
724290,2015-01-01,46,46,VM45-49,54.10%,1584,1708,1720,1714.0
724290,2015-01-03,46,46,VM45-49,56.79%,1509,1708,1720,1714.0
724290,2015-01-10,46,46,VM45-49,55.69%,1539,1708,1720,1714.0
1201558,2015-01-10,46,46,VW45-49,36.99%,2601,1915,1933,1924.0
724290,2015-01-17,46,46,VM45-49,57.83%,1482,1708,1720,1714.0
724290,2015-01-24,46,46,VM45-49,57.79%,1483,1708,1720,1714.0
724290,2015-01-31,46,46,VM45-49,59.10%,1450,1708,1720,1714.0
724290,2015-02-07,47,47,VM45-49,60.08%,1438,1721,1734,1728.0
724290,2015-02-14,47,47,VM45-49,59.22%,1459,1721,1734,1728.0
724290,2015-02-21,47,47,VM45-49,58.06%,1488,1721,1734,1728.0
724290,2015-02-28,47,47,VM45-49,57.79%,1495,1721,1734,1728.0
600747,2015-04-04,33,33,SW30-34,51.77%,1723,1782,1785,1784.0
514013,2015-05-02,14,14,JM11-14,57.85%,1471,0,1721,1702.0
441416,2015-05-02,39,39,VW35-39,51.97%,1755,1820,2824,1824.0
1201558,2015-05-02,47,47,VW45-49,34.52%,2816,1934,1953,1944.0
122015,2015-05-16,52,52,VW50-54,63.41%,1626,2049,2075,2062.0
1576440,2015-06-06,41,41,VM40-44,56.62%,1457,1644,1655,1650.0
724290,2015-06-20,47,47,VM45-49,60.34%,1432,1721,1734,1728.0
514013,2015-06-20,14,14,JM11-14,50.65%,1680,0,1721,1702.0
1063855,2015-06-20,44,44,VM40-44,42.37%,1992,1682,2688,1688.0
1708895,2015-06-20,47,47,VW45-49,38.15%,2548,1934,1953,1944.0
1063855,2015-06-27,44,44,VM40-44,41.99%,2010,1682,2688,1688.0
1708895,2015-06-27,47,47,VW45-49,38.39%,2532,1934,1953,1944.0
1708895,2015-07-04,47,47,VW45-49,38.45%,2528,1934,1953,1944.0
1708895,2015-07-18,47,47,VW45-49,40.62%,2393,1934,1953,1944.0
1752380,2015-07-18,47,47,VM45-49,31.35%,2756,1721,1734,1728.0
1752380,2015-07-25,48,48,VM45-49,35.71%,2439,1735,1748,1742.0
1752380,2015-08-08,48,48,VM45-49,38.00%,2292,1735,1748,1742.0
1752380,2015-08-15,48,48,VM45-49,38.03%,2290,1735,1748,1742.0
1752380,2015-08-22,48,48,VM45-49,58.93%,1478,1735,1748,1742.0
441416,2015-08-22,40,40,VW40-44,50.05%,1834,0,1840,1836.0
1752380,2015-08-29,48,48,VM45-49,60.03%,1451,1735,1748,1742.0
1875696,2015-09-05,25,28,SM25-29,60.05%,1289,0,1548,1548.0
1752380,2015-09-05,48,48,VM45-49,61.42%,1418,1735,1748,1742.0
769960,2015-09-05,30,30,SW30-34,51.51%,1724,0,1776,1776.0
1145839,2015-09-05,40,40,VW40-44,45.20%,2031,0,1840,1836.0
1875696,2015-09-19,25,28,SM25-29,59.54%,1300,0,1548,1548.0
1752380,2015-09-19,48,48,VM45-49,60.57%,1438,1735,1748,1742.0
1752380,2015-09-26,48,48,VM45-49,62.71%,1389,1735,1748,1742.0
1875696,2015-10-03,22,24,SM20-24,63.39%,1221,0,1551,1548.0
724290,2015-10-17,47,47,VM45-49,60.04%,1439,1721,1734,1728.0
1875696,2015-10-24,22,24,SM20-24,61.77%,1253,0,1551,1548.0
1752380,2015-10-31,48,48,VM45-49,61.60%,1414,1735,1748,1742.0
1875696,2015-11-14,22,24,SM20-24,62.12%,1246,0,1551,1548.0
1752380,2015-11-28,48,48,VM45-49,60.24%,1446,1735,1748,1742.0
1752380,2015-12-05,48,48,VM45-49,63.53%,1371,1735,1748,1742.0
1145839,2015-12-12,40,40,VW40-44,44.91%,2044,0,1840,1836.0
1752380,2015-12-19,48,48,VM45-49,63.58%,1370,1735,1748,1742.0
372943,2015-12-19,35,35,VW35-39,53.87%,1665,0,1796,1794.0
1138623,2015-12-25,43,43,VM40-44,58.85%,1424,1669,1681,1676.0
1138623,2015-12-26,43,43,VM40-44,58.60%,1430,1669,1681,1676.0
1138623,2016-01-01,43,43,VM40-44,58.85%,1424,1669,1681,1676.0
1625777,2016-01-01,45,45,VW45-49,57.97%,1644,0,1914,1906.0
1875696,2016-01-02,22,24,SM20-24,56.41%,1372,0,1551,1548.0
441416,2016-01-09,42,42,VW40-44,51.78%,1796,1853,1866,1860.0
598715,2016-01-09,52,52,VM50-54,46.15%,1948,1791,1805,1798.0
1875696,2016-02-06,22,24,SM20-24,57.68%,1342,0,1551,1548.0
1131304,2016-02-06,36,36,VW35-39,53.92%,1669,1797,1802,1800.0
1188855,2016-02-06,55,55,VM55-59,38.30%,2407,0,1851,1844.0
1145839,2016-02-20,40,40,VW40-44,40.12%,2288,0,1840,1836.0
1752380,2016-02-27,48,48,VM45-49,60.70%,1435,1735,1748,1742.0
441416,2016-02-27,35,35,VW35-39,49.67%,1806,0,1796,1794.0
1875696,2016-03-05,22,24,SM20-24,54.51%,1420,0,1551,1548.0
1752380,2016-04-02,48,48,VM45-49,58.14%,1498,1735,1748,1742.0
1752380,2016-04-09,48,48,VM45-49,34.97%,2491,1735,1748,1742.0
1752380,2016-04-16,48,48,VM45-49,59.74%,1458,1735,1748,1742.0
1875696,2016-04-23,22,24,SM20-24,60.42%,1281,0,1551,1548.0
458254,2016-04-23,16,16,JM15-17,61.53%,1336,1633,1657,1644.0
1875696,2016-04-30,22,24,SM20-24,59.63%,1298,0,1551,1548.0
1138623,2016-05-07,43,43,VM40-44,57.05%,1469,1669,1681,1676.0
820431,2016-05-28,53,53,VW50-54,47.26%,2211,2076,2102,2090.0
441416,2016-06-04,35,35,VW35-39,51.67%,1736,0,1796,1794.0
820431,2016-06-04,53,53,VW50-54,50.56%,2067,2076,2102,2090.0
820431,2016-06-11,53,53,VW50-54,49.95%,2092,2076,2102,2090.0
441416,2016-06-18,35,35,VW35-39,53.52%,1676,0,1796,1794.0
820431,2016-06-18,53,53,VW50-54,49.20%,2124,2076,2102,2090.0
820431,2016-07-02,53,53,VW50-54,52.88%,1976,2076,2102,2090.0
1752380,2016-07-09,48,48,VM45-49,57.64%,1511,1735,1748,1742.0
514013,2016-07-09,15,15,JM15-17,51.10%,1634,1658,2670,1670.0
1138623,2016-07-16,44,44,VM40-44,58.25%,1449,1682,2688,1688.0
820431,2016-07-16,53,53,VW50-54,44.79%,2333,2076,2102,2090.0
441416,2016-07-30,36,36,VW35-39,51.05%,1763,1797,1802,1800.0
820431,2016-07-30,53,53,VW50-54,45.55%,2294,2076,2102,2090.0
514013,2016-08-13,15,15,JM15-17,50.54%,1652,1658,2670,1670.0
441416,2016-08-13,36,36,VW35-39,49.92%,1803,1797,1802,1800.0
1752380,2016-08-13,49,49,VM45-49,37.44%,2345,1749,2756,1756.0
820431,2016-08-20,53,53,VW50-54,46.51%,2247,2076,2102,2090.0
1752380,2016-08-20,49,49,VM45-49,38.76%,2265,1749,2756,1756.0
1752380,2016-08-27,49,49,VM45-49,59.89%,1466,1749,2756,1756.0
820431,2016-08-27,53,53,VW50-54,45.08%,2318,2076,2102,2090.0
2753536,2016-09-03,22,24,SM20-24,48.56%,1594,0,1551,1548.0
600747,2016-09-03,34,34,SW30-34,48.53%,1842,1786,2788,1788.0
2753536,2016-09-10,22,24,SM20-24,54.16%,1429,0,1551,1548.0
1131304,2016-09-24,37,37,VW35-39,50.22%,1798,1803,1810,1806.0
1138623,2016-10-01,44,44,VM40-44,56.15%,1503,1682,2688,1688.0
2853195,2016-10-08,52,52,VM50-54,50.17%,1792,1791,1805,1798.0
820431,2016-10-08,53,53,VW50-54,47.94%,2180,2076,2102,2090.0
1138623,2016-10-22,44,44,VM40-44,55.13%,1531,1682,2688,1688.0
820431,2016-10-22,53,53,VW50-54,42.97%,2432,2076,2102,2090.0
1145839,2016-10-29,41,41,VW40-44,43.19%,2137,1841,1852,1846.0
820431,2016-10-29,53,53,VW50-54,46.26%,2259,2076,2102,2090.0
2753536,2016-11-05,22,24,SM20-24,57.93%,1336,0,1551,1548.0
1138623,2016-11-05,44,44,VM40-44,53.90%,1566,1682,2688,1688.0
1786236,2016-11-12,42,42,VM40-44,63.48%,1309,1656,1668,1662.0
373054,2016-11-12,46,46,VM45-49,62.01%,1382,1708,1720,1714.0
360902,2016-11-12,54,54,VM50-54,62.43%,1464,1821,2828,1828.0
2753536,2016-11-12,12,12,JM11-14,59.59%,1497,1763,1810,1784.0
820431,2016-11-12,54,54,VW50-54,46.10%,2295,2103,3116,2116.0
2753536,2016-11-26,12,12,JM11-14,65.49%,1362,1763,1810,1784.0
1138623,2016-11-26,44,44,VM40-44,54.42%,1551,1682,2688,1688.0
820431,2016-11-26,54,54,VW50-54,45.60%,2320,2103,3116,2116.0
2753536,2016-12-03,12,12,JM11-14,66.12%,1349,1763,1810,1784.0
1138623,2016-12-03,44,44,VM40-44,54.81%,1540,1682,2688,1688.0
1138623,2016-12-10,44,44,VM40-44,56.99%,1481,1682,2688,1688.0
2753536,2016-12-17,12,12,JM11-14,65.16%,1369,1763,1810,1784.0
2753536,2016-12-24,12,12,JM11-14,62.51%,1427,1763,1810,1784.0
1138623,2016-12-24,44,44,VM40-44,38.72%,2180,1682,2688,1688.0
372943,2016-12-25,36,36,VW35-39,54.41%,1654,1797,1802,1800.0
1138623,2016-12-31,44,44,VM40-44,54.00%,1563,1682,2688,1688.0
1145839,2016-12-31,41,41,VW40-44,38.17%,2418,1841,1852,1846.0
1063478,2017-01-01,42,42,VM40-44,66.91%,1242,1656,1668,1662.0
1794504,2017-01-01,29,29,SM25-29,54.81%,1414,1549,2500,1550.0
1684429,2017-01-01,38,38,VW35-39,54.70%,1660,1811,1819,1816.0
614195,2017-01-01,55,55,VW55-59,59.16%,1812,0,2157,2144.0
820431,2017-01-07,54,54,VW50-54,45.98%,2301,2103,3116,2116.0
1138623,2017-01-21,44,44,VM40-44,53.66%,1573,1682,2688,1688.0
2477618,2017-01-21,37,37,VM35-39,50.86%,1575,1597,1607,1602.0
2853195,2017-01-21,47,47,VW45-49,56.06%,1734,1934,1953,1944.0
820431,2017-01-21,54,54,VW50-54,42.17%,2509,2103,3116,2116.0
1786236,2017-01-28,42,42,VM40-44,64.42%,1290,1656,1668,1662.0
1138623,2017-01-28,44,44,VM40-44,52.39%,1611,1682,2688,1688.0
1138623,2017-02-04,44,44,VM40-44,52.95%,1594,1682,2688,1688.0
514013,2017-02-11,13,13,JM11-14,27.28%,3189,1722,1762,1740.0
820431,2017-02-18,54,54,VW50-54,44.12%,2398,2103,3116,2116.0
1752380,2017-02-25,49,49,VM45-49,57.39%,1530,1749,2756,1756.0
441416,2017-02-25,36,36,VW35-39,50.99%,1765,1797,1802,1800.0
3016103,2017-02-25,65,65,VW65-69,68.92%,1792,0,2488,2470.0
820431,2017-02-25,54,54,VW50-54,42.68%,2479,2103,3116,2116.0
2753536,2017-03-04,12,12,JM11-14,63.26%,1410,1763,1810,1784.0
820431,2017-03-04,54,54,VW50-54,45.94%,2303,2103,3116,2116.0
820431,2017-03-11,54,54,VW50-54,46.86%,2258,2103,3116,2116.0
1794504,2017-03-18,29,29,SM25-29,60.59%,1279,1549,2500,1550.0
2853195,2017-03-18,47,47,VW45-49,56.61%,1717,1934,1953,1944.0
820431,2017-03-18,54,54,VW50-54,45.68%,2316,2103,3116,2116.0
600747,2017-04-01,35,35,VW35-39,54.07%,1659,0,1796,1794.0
769960,2017-04-01,31,31,SW30-34,45.61%,1949,1777,1778,1778.0
820431,2017-04-01,54,54,VW50-54,47.85%,2211,2103,3116,2116.0
441416,2017-04-08,36,36,VW35-39,52.36%,1719,1797,1802,1800.0
769960,2017-04-08,31,31,SW30-34,46.91%,1895,1777,1778,1778.0
820431,2017-04-08,54,54,VW50-54,48.98%,2160,2103,3116,2116.0
1138623,2017-04-15,44,44,VM40-44,53.59%,1575,1682,2688,1688.0
820431,2017-04-15,54,54,VW50-54,47.15%,2244,2103,3116,2116.0
769960,2017-04-29,31,31,SW30-34,49.78%,1786,1777,1778,1778.0
820431,2017-05-06,54,54,VW50-54,48.85%,2166,2103,3116,2116.0
1138623,2017-05-13,44,44,VM40-44,51.40%,1642,1682,2688,1688.0
769960,2017-05-13,32,32,SW30-34,46.82%,1901,1779,1781,1780.0
3016103,2017-05-20,66,66,VW65-69,65.83%,1905,2489,2526,2508.0
820431,2017-05-20,54,54,VW50-54,47.96%,2206,2103,3116,2116.0
3016103,2017-05-27,66,66,VW65-69,71.74%,1748,2489,2526,2508.0
820431,2017-05-27,54,54,VW50-54,36.80%,2875,2103,3116,2116.0
820431,2017-06-03,54,54,VW50-54,45.10%,2346,2103,3116,2116.0
3016103,2017-06-10,34,34,SW30-34,50.14%,1783,1786,2788,1788.0
820431,2017-06-10,54,54,VW50-54,42.20%,2507,2103,3116,2116.0
820431,2017-06-17,54,54,VW50-54,43.65%,2424,2103,3116,2116.0
2075628,2017-07-01,46,46,VM45-49,49.88%,1718,1708,1720,1714.0
820431,2017-07-01,54,54,VW50-54,45.58%,2321,2103,3116,2116.0
2075628,2017-07-08,46,46,VM45-49,50.53%,1696,1708,1720,1714.0
572070,2017-07-08,48,48,VM45-49,47.16%,1847,1735,1748,1742.0
2075628,2017-07-15,46,46,VM45-49,51.66%,1659,1708,1720,1714.0
820431,2017-07-15,54,54,VW50-54,49.56%,2135,2103,3116,2116.0
2075628,2017-07-22,46,46,VM45-49,53.46%,1603,1708,1720,1714.0
820431,2017-07-22,54,54,VW50-54,46.90%,2256,2103,3116,2116.0
2075628,2017-07-29,14,14,JM11-14,51.30%,1659,0,1721,1702.0
820431,2017-07-29,54,54,VW50-54,50.12%,2111,2103,3116,2116.0
2075628,2017-08-05,14,14,JM11-14,54.10%,1573,0,1721,1702.0
3016103,2017-08-19,34,34,SW30-34,52.37%,1707,1786,2788,1788.0
820431,2017-08-19,54,54,VW50-54,47.92%,2208,2103,3116,2116.0
1752380,2017-08-26,50,50,VM50-54,59.04%,1499,0,1776,1770.0
820431,2017-08-26,54,54,VW50-54,47.57%,2224,2103,3116,2116.0
820431,2017-09-02,54,54,VW50-54,48.05%,2202,2103,3116,2116.0
820431,2017-09-09,54,54,VW50-54,50.55%,2093,2103,3116,2116.0
820431,2017-09-16,54,54,VW50-54,49.67%,2130,2103,3116,2116.0
492000,2017-09-23,49,49,VW45-49,61.82%,1608,1976,2988,1988.0
508021,2017-09-23,53,53,VM50-54,54.05%,1678,1806,1820,1814.0
820431,2017-09-23,54,54,VW50-54,47.70%,2218,2103,3116,2116.0
2528702,2017-09-30,25,29,SW25-29,51.72%,1717,0,2776,1776.0
2528702,2017-10-07,25,29,SW25-29,52.30%,1698,0,2776,1776.0
820431,2017-10-07,49,49,VW45-49,45.02%,2208,1976,2988,1988.0
1794504,2017-10-14,29,29,SM25-29,55.84%,1388,1549,2500,1550.0
1292590,2017-10-14,16,16,JM15-17,56.53%,1454,1633,1657,1644.0
820431,2017-10-14,49,49,VW45-49,48.18%,2063,1976,2988,1988.0
820431,2017-10-21,49,49,VW45-49,48.80%,2037,1976,2988,1988.0
3952771,2017-10-21,42,42,VW40-44,41.85%,2222,1853,1866,1860.0
1138623,2017-10-28,45,45,VM45-49,51.80%,1643,0,1707,1702.0
820431,2017-10-28,49,49,VW45-49,50.30%,1976,1976,2988,1988.0
3952771,2017-10-28,32,32,SW30-34,41.51%,2144,1779,1781,1780.0
2528702,2017-11-04,25,29,SW25-29,56.38%,1575,0,2776,1776.0
820431,2017-11-04,49,49,VW45-49,49.55%,2006,1976,2988,1988.0
3952771,2017-11-04,32,32,SW30-34,43.31%,2055,1779,1781,1780.0
820431,2017-11-11,50,50,VW50-54,50.65%,1986,0,2023,2012.0
2528702,2017-11-18,25,29,SW25-29,51.90%,1711,0,2776,1776.0
3952771,2017-11-18,32,32,SW30-34,44.26%,2011,1779,1781,1780.0
3016103,2017-11-25,34,34,SW30-34,49.89%,1792,1786,2788,1788.0
820431,2017-11-25,50,50,VW50-54,45.36%,2218,0,2023,2012.0
2528702,2017-12-09,25,29,SW25-29,53.27%,1667,0,2776,1776.0
3952771,2017-12-09,32,32,SW30-34,44.12%,2017,1779,1781,1780.0
2075628,2017-12-16,14,14,JM11-14,53.93%,1578,0,1721,1702.0
2528702,2017-12-16,25,29,SW25-29,50.48%,1759,0,2776,1776.0
2528702,2017-12-23,25,29,SW25-29,53.82%,1650,0,2776,1776.0
640896,2017-12-23,47,47,VM45-49,50.62%,1707,1721,1734,1728.0
3016103,2017-12-23,34,34,SW30-34,49.61%,1802,1786,2788,1788.0
3952771,2017-12-23,32,32,SW30-34,42.77%,2081,1779,1781,1780.0
2528702,2017-12-25,25,29,SW25-29,52.24%,1700,0,2776,1776.0
3952771,2017-12-25,32,32,SW30-34,41.80%,2129,1779,1781,1780.0
1138623,2017-12-30,44,44,VM40-44,50.60%,1668,1682,2688,1688.0
3016103,2017-12-30,34,34,SW30-34,50.88%,1757,1786,2788,1788.0
2528702,2017-12-30,25,29,SW25-29,50.25%,1767,0,2776,1776.0
1794504,2018-01-01,29,29,SM25-29,48.05%,1613,1549,2500,1550.0
441416,2018-01-01,37,37,VW35-39,50.33%,1794,1803,1810,1806.0
614195,2018-01-01,56,56,VW55-59,49.07%,2213,2158,2186,2172.0
2528702,2018-01-06,25,29,SW25-29,54.31%,1635,0,2776,1776.0
3016103,2018-01-13,34,34,SW30-34,48.99%,1825,1786,2788,1788.0
3952771,2018-01-13,32,32,SW30-34,43.67%,2038,1779,1781,1780.0
820431,2018-01-13,50,50,VW50-54,42.20%,2384,0,2023,2012.0
820431,2018-01-20,50,50,VW50-54,43.08%,2335,0,2023,2012.0
820431,2018-01-27,50,50,VW50-54,45.67%,2203,0,2023,2012.0
600747,2018-02-03,36,36,VW35-39,49.29%,1826,1797,1802,1800.0
820431,2018-02-03,50,50,VW50-54,47.16%,2133,0,2023,2012.0
2807742,2018-02-10,11,11,JW11-14,68.59%,1455,1976,2996,1996.0
769960,2018-02-10,32,32,SW30-34,53.04%,1678,1779,1781,1780.0
441416,2018-02-10,37,37,VW35-39,51.96%,1738,1803,1810,1806.0
441416,2018-02-17,37,37,VW35-39,52.32%,1726,1803,1810,1806.0
820431,2018-02-17,50,50,VW50-54,44.28%,2272,0,2023,2012.0
600747,2018-02-24,36,36,VW35-39,53.51%,1682,1797,1802,1800.0
3016103,2018-02-24,34,34,SW30-34,52.25%,1711,1786,2788,1788.0
441416,2018-02-24,37,37,VW35-39,52.32%,1726,1803,1810,1806.0
2528702,2018-02-24,25,29,SW25-29,50.51%,1758,0,2776,1776.0
2528702,2018-03-10,25,29,SW25-29,54.18%,1639,0,2776,1776.0
3016103,2018-03-10,34,34,SW30-34,52.81%,1693,1786,2788,1788.0
820431,2018-03-10,50,50,VW50-54,42.81%,2350,0,2023,2012.0
820431,2018-03-17,50,50,VW50-54,42.63%,2360,0,2023,2012.0
3016103,2018-03-24,34,34,SW30-34,52.04%,1718,1786,2788,1788.0
441416,2018-03-31,37,37,VW35-39,51.84%,1742,1803,1810,1806.0
2528702,2018-04-07,25,29,SW25-29,50.95%,1743,0,2776,1776.0
820431,2018-04-14,50,50,VW50-54,42.41%,2372,0,2023,2012.0
820431,2018-04-21,50,50,VW50-54,43.66%,2304,0,2023,2012.0
3016103,2018-04-28,35,35,VW35-39,51.52%,1741,0,1796,1794.0
2528702,2018-04-28,25,29,SW25-29,47.95%,1852,0,2776,1776.0
820431,2018-04-28,50,50,VW50-54,41.99%,2396,0,2023,2012.0
2528702,2018-05-05,25,29,SW25-29,55.29%,1606,0,2776,1776.0
1752380,2018-05-05,50,50,VM50-54,39.94%,2216,0,1776,1770.0
820431,2018-05-05,50,50,VW50-54,45.13%,2229,0,2023,2012.0
3952771,2018-05-19,33,33,SW30-34,43.62%,2045,1782,1785,1784.0
2477618,2018-06-02,35,35,VM35-39,57.28%,1381,0,1586,1582.0
2528702,2018-06-02,25,29,SW25-29,54.08%,1642,0,2776,1776.0
820431,2018-06-02,50,50,VW50-54,43.87%,2293,0,2023,2012.0
2528702,2018-06-09,25,29,SW25-29,56.96%,1559,0,2776,1776.0
441416,2018-06-09,37,37,VW35-39,53.12%,1700,1803,1810,1806.0
3952771,2018-06-09,33,33,SW30-34,42.76%,2086,1782,1785,1784.0
820431,2018-06-09,50,50,VW50-54,44.45%,2263,0,2023,2012.0
2528702,2018-06-16,25,29,SW25-29,55.12%,1611,0,2776,1776.0
820431,2018-06-16,50,50,VW50-54,44.14%,2279,0,2023,2012.0
2528702,2018-06-23,25,29,SW25-29,54.55%,1628,0,2776,1776.0
2075628,2018-06-30,15,15,JM15-17,55.85%,1495,1658,2670,1670.0
2528702,2018-06-30,25,29,SW25-29,56.60%,1569,0,2776,1776.0
3952771,2018-06-30,33,33,SW30-34,41.32%,2159,1782,1785,1784.0
820431,2018-06-30,50,50,VW50-54,45.50%,2211,0,2023,2012.0
2528702,2018-07-07,25,29,SW25-29,55.67%,1595,0,2776,1776.0
3952771,2018-07-07,33,33,SW30-34,39.02%,2286,1782,1785,1784.0
820431,2018-07-07,50,50,VW50-54,43.29%,2324,0,2023,2012.0
2075628,2018-07-14,15,15,JM15-17,56.15%,1487,1658,2670,1670.0
441416,2018-07-14,38,38,VW35-39,52.33%,1735,1811,1819,1816.0
3952771,2018-07-14,33,33,SW30-34,43.70%,2041,1782,1785,1784.0
2528702,2018-07-21,25,29,SW25-29,52.92%,1678,0,2776,1776.0
3952771,2018-07-21,33,33,SW30-34,43.83%,2035,1782,1785,1784.0
820431,2018-07-21,50,50,VW50-54,41.35%,2433,0,2023,2012.0
2528702,2018-07-28,25,29,SW25-29,53.14%,1671,0,2776,1776.0
3952771,2018-07-28,33,33,SW30-34,44.96%,1984,1782,1785,1784.0
820431,2018-07-28,50,50,VW50-54,43.47%,2314,0,2023,2012.0
820431,2018-08-04,50,50,VW50-54,45.29%,2221,0,2023,2012.0
3952771,2018-08-11,33,33,SW30-34,43.88%,2033,1782,1785,1784.0
820431,2018-08-11,50,50,VW50-54,45.01%,2235,0,2023,2012.0
2528702,2018-08-18,25,29,SW25-29,53.46%,1661,0,2776,1776.0
441416,2018-08-18,38,38,VW35-39,53.92%,1684,1811,1819,1816.0
3952771,2018-08-18,33,33,SW30-34,43.79%,2037,1782,1785,1784.0
820431,2018-08-18,50,50,VW50-54,47.84%,2103,0,2023,2012.0
3952771,2018-08-25,33,33,SW30-34,45.49%,1961,1782,1785,1784.0
820431,2018-08-25,50,50,VW50-54,48.30%,2083,0,2023,2012.0
1752380,2018-08-25,51,51,VM50-54,39.05%,2284,1777,1790,1784.0
3952771,2018-09-01,33,33,SW30-34,43.83%,2035,1782,1785,1784.0
1752380,2018-09-01,51,51,VM50-54,41.82%,2133,1777,1790,1784.0
2528702,2018-09-08,25,29,SW25-29,58.85%,1509,0,2776,1776.0
3952771,2018-09-08,33,33,SW30-34,45.72%,1951,1782,1785,1784.0
2528702,2018-09-15,25,29,SW25-29,54.85%,1619,0,2776,1776.0
3952771,2018-09-15,33,33,SW30-34,44.33%,2012,1782,1785,1784.0
2807742,2018-09-22,11,11,JW11-14,69.45%,1437,1976,2996,1996.0
3952771,2018-09-22,33,33,SW30-34,46.48%,1919,1782,1785,1784.0
3952771,2018-09-29,33,33,SW30-34,42.46%,2101,1782,1785,1784.0
2528702,2018-10-06,25,29,SW25-29,55.26%,1607,0,2776,1776.0
3952771,2018-10-06,33,33,SW30-34,45.86%,1945,1782,1785,1784.0
2528702,2018-10-13,25,29,SW25-29,56.56%,1570,0,2776,1776.0
441416,2018-10-13,38,38,VW35-39,48.43%,1875,1811,1819,1816.0
3952771,2018-10-13,33,33,SW30-34,45.81%,1947,1782,1785,1784.0
2528702,2018-10-20,25,29,SW25-29,57.93%,1533,0,2776,1776.0
3016103,2018-10-20,35,35,VW35-39,52.61%,1705,0,1796,1794.0
3952771,2018-10-20,33,33,SW30-34,50.60%,1763,1782,1785,1784.0
820431,2018-10-20,50,50,VW50-54,42.38%,2374,0,2023,2012.0
2528702,2018-10-27,25,29,SW25-29,58.81%,1510,0,2776,1776.0
3952771,2018-10-27,33,33,SW30-34,50.77%,1757,1782,1785,1784.0
2807742,2018-11-03,11,11,JW11-14,74.87%,1333,1976,2996,1996.0
2528702,2018-11-03,25,29,SW25-29,59.92%,1482,0,2776,1776.0
3952771,2018-11-10,33,33,SW30-34,46.56%,1916,1782,1785,1784.0
1138623,2018-11-10,45,45,VM45-49,43.84%,1941,0,1707,1702.0
2528702,2018-11-17,25,29,SW25-29,58.54%,1517,0,2776,1776.0
3952771,2018-11-17,33,33,SW30-34,47.42%,1881,1782,1785,1784.0
820431,2018-11-17,51,51,VW50-54,44.57%,2284,2024,2048,2036.0
3016103,2018-11-24,35,35,VW35-39,55.37%,1620,0,1796,1794.0
2528702,2018-11-24,25,29,SW25-29,49.78%,1784,0,2776,1776.0
3952771,2018-11-24,33,33,SW30-34,47.20%,1890,1782,1785,1784.0
1138623,2018-11-24,45,45,VM45-49,43.48%,1957,0,1707,1702.0
820431,2018-11-24,51,51,VW50-54,44.87%,2269,2024,2048,2036.0
3016103,2018-12-01,35,35,VW35-39,53.05%,1691,0,1796,1794.0
1138623,2018-12-01,45,45,VM45-49,43.57%,1953,0,1707,1702.0
820431,2018-12-01,51,51,VW50-54,45.86%,2220,2024,2048,2036.0
2528702,2018-12-08,25,29,SW25-29,56.96%,1559,0,2776,1776.0
1138623,2018-12-08,45,45,VM45-49,44.16%,1927,0,1707,1702.0
600747,2018-12-08,36,36,VW35-39,45.00%,2000,1797,1802,1800.0
820431,2018-12-08,51,51,VW50-54,44.92%,2266,2024,2048,2036.0
3952771,2018-12-15,33,33,SW30-34,46.24%,1929,1782,1785,1784.0
2528702,2018-12-22,25,29,SW25-29,53.98%,1645,0,2776,1776.0
1138623,2018-12-22,45,45,VM45-49,43.26%,1967,0,1707,1702.0
2528702,2018-12-25,25,29,SW25-29,59.76%,1486,0,2776,1776.0
1752380,2018-12-25,51,51,VM50-54,45.79%,1948,1777,1790,1784.0
1138623,2018-12-25,45,45,VM45-49,43.66%,1949,0,1707,1702.0
2528702,2018-12-29,25,29,SW25-29,54.75%,1622,0,2776,1776.0
3016103,2018-12-29,35,35,VW35-39,48.78%,1839,0,1796,1794.0
1138623,2018-12-29,45,45,VM45-49,45.39%,1875,0,1707,1702.0
3952771,2018-12-29,33,33,SW30-34,45.84%,1946,1782,1785,1784.0
1063478,2019-01-01,44,44,VM40-44,76.45%,1104,1682,2688,1688.0
2528702,2019-01-01,25,29,SW25-29,53.21%,1669,0,2776,1776.0
1138623,2019-01-01,45,45,VM45-49,43.42%,1960,0,1707,1702.0
2807742,2019-01-05,11,11,JW11-14,74.31%,1343,1976,2996,1996.0
2528702,2019-01-05,25,29,SW25-29,53.33%,1665,0,2776,1776.0
441416,2019-01-05,38,38,VW35-39,50.84%,1786,1811,1819,1816.0
820431,2019-01-05,51,51,VW50-54,44.34%,2296,2024,2048,2036.0
3952771,2019-01-12,33,33,SW30-34,44.25%,2016,1782,1785,1784.0
820431,2019-01-12,51,51,VW50-54,45.59%,2233,2024,2048,2036.0
441416,2019-01-19,38,38,VW35-39,51.33%,1769,1811,1819,1816.0
820431,2019-01-19,51,51,VW50-54,43.97%,2315,2024,2048,2036.0
2528702,2019-01-26,25,29,SW25-29,57.93%,1533,0,2776,1776.0
3952771,2019-01-26,33,33,SW30-34,45.42%,1964,1782,1785,1784.0
1752380,2019-01-26,51,51,VM50-54,43.96%,2029,1777,1790,1784.0
820431,2019-01-26,51,51,VW50-54,46.65%,2182,2024,2048,2036.0
215996,2019-02-02,53,53,VM50-54,77.32%,1173,1806,1820,1814.0
2528702,2019-02-02,25,29,SW25-29,56.20%,1580,0,2776,1776.0
820431,2019-02-02,51,51,VW50-54,45.79%,2223,2024,2048,2036.0
441416,2019-02-09,38,38,VW35-39,50.90%,1784,1811,1819,1816.0
820431,2019-02-09,51,51,VW50-54,46.13%,2207,2024,2048,2036.0
2528702,2019-02-16,25,29,SW25-29,54.38%,1633,0,2776,1776.0
3952771,2019-02-16,34,34,SW30-34,46.01%,1943,1786,2788,1788.0
820431,2019-02-16,51,51,VW50-54,44.77%,2274,2024,2048,2036.0
2528702,2019-02-23,25,29,SW25-29,54.61%,1626,0,2776,1776.0
492000,2019-02-23,50,50,VW50-54,61.19%,1644,0,2023,2012.0
3016103,2019-02-23,35,35,VW35-39,50.11%,1790,0,1796,1794.0
3952771,2019-02-23,34,34,SW30-34,45.75%,1954,1786,2788,1788.0
598715,2019-02-23,55,55,VM55-59,46.29%,1992,0,1851,1844.0
372943,2019-03-02,38,38,VW35-39,58.58%,1550,1811,1819,1816.0
2528702,2019-03-02,25,29,SW25-29,57.25%,1551,0,2776,1776.0
1138623,2019-03-02,45,45,VM45-49,35.95%,2367,0,1707,1702.0
2807742,2019-03-09,12,12,JW11-14,71.37%,1369,1936,1975,1954.0
3016103,2019-03-09,35,35,VW35-39,52.55%,1707,0,1796,1794.0
1138623,2019-03-09,45,45,VM45-49,37.91%,2245,0,1707,1702.0
820431,2019-03-09,51,51,VW50-54,44.91%,2267,2024,2048,2036.0
2528702,2019-03-16,25,29,SW25-29,56.03%,1585,0,2776,1776.0
1138623,2019-03-16,45,45,VM45-49,40.26%,2114,0,1707,1702.0
820431,2019-03-16,51,51,VW50-54,45.18%,2253,2024,2048,2036.0
2528702,2019-03-23,25,29,SW25-29,57.36%,1548,0,2776,1776.0
1138623,2019-03-23,45,45,VM45-49,38.81%,2193,0,1707,1702.0
2528702,2019-03-30,25,29,SW25-29,52.98%,1676,0,2776,1776.0
3952771,2019-03-30,34,34,SW30-34,46.01%,1943,1786,2788,1788.0
820431,2019-03-30,51,51,VW50-54,43.06%,2364,2024,2048,2036.0
1015088,2019-04-06,25,28,SM25-29,58.73%,1318,0,1548,1548.0
3016103,2019-04-06,35,35,VW35-39,51.70%,1735,0,1796,1794.0
3952771,2019-04-06,34,34,SW30-34,47.50%,1882,1786,2788,1788.0
1138623,2019-04-06,45,45,VM45-49,39.54%,2152,0,1707,1702.0
820431,2019-04-06,51,51,VW50-54,46.78%,2176,2024,2048,2036.0
1015088,2019-04-13,25,28,SM25-29,58.24%,1329,0,1548,1548.0
2528702,2019-04-13,25,29,SW25-29,50.51%,1758,0,2776,1776.0
441416,2019-04-13,38,38,VW35-39,49.56%,1832,1811,1819,1816.0
820431,2019-04-13,51,51,VW50-54,45.43%,2241,2024,2048,2036.0
1138623,2019-04-13,45,45,VM45-49,35.92%,2369,0,1707,1702.0
2528702,2019-04-20,25,29,SW25-29,58.31%,1523,0,2776,1776.0
820431,2019-04-20,51,51,VW50-54,44.71%,2277,2024,2048,2036.0
1138623,2019-04-20,45,45,VM45-49,37.10%,2294,0,1707,1702.0
2528702,2019-04-27,25,29,SW25-29,57.18%,1553,0,2776,1776.0
3016103,2019-04-27,35,35,VW35-39,50.59%,1773,0,1796,1794.0
820431,2019-04-27,51,51,VW50-54,45.43%,2241,2024,2048,2036.0
1138623,2019-04-27,45,45,VM45-49,34.19%,2489,0,1707,1702.0
2528702,2019-05-04,25,29,SW25-29,60.66%,1464,0,2776,1776.0
1292590,2019-05-04,17,17,JM15-17,55.29%,1465,0,1632,1620.0
3952771,2019-05-04,34,34,SW30-34,44.41%,2013,1786,2788,1788.0
820431,2019-05-04,51,51,VW50-54,47.35%,2150,2024,2048,2036.0
1138623,2019-05-04,45,45,VM45-49,38.70%,2199,0,1707,1702.0
2528702,2019-05-11,25,29,SW25-29,57.18%,1553,0,2776,1776.0
820431,2019-05-11,51,51,VW50-54,45.55%,2235,2024,2048,2036.0
2528702,2019-05-18,25,29,SW25-29,57.70%,1539,0,2776,1776.0
441416,2019-05-18,38,38,VW35-39,49.40%,1838,1811,1819,1816.0
3952771,2019-05-18,34,34,SW30-34,45.85%,1950,1786,2788,1788.0
820431,2019-05-18,51,51,VW50-54,45.92%,2217,2024,2048,2036.0
1138623,2019-05-18,45,45,VM45-49,32.62%,2609,0,1707,1702.0
3952771,2019-05-25,34,34,SW30-34,45.02%,1986,1786,2788,1788.0
820431,2019-05-25,51,51,VW50-54,47.75%,2132,2024,2048,2036.0
1138623,2019-05-25,45,45,VM45-49,33.57%,2535,0,1707,1702.0
3952771,2019-06-01,34,34,SW30-34,45.43%,1968,1786,2788,1788.0
1138623,2019-06-01,45,45,VM45-49,36.09%,2358,0,1707,1702.0
820431,2019-06-01,51,51,VW50-54,41.70%,2441,2024,2048,2036.0
2528702,2019-06-08,25,29,SW25-29,56.74%,1565,0,2776,1776.0
480802,2019-06-08,59,59,VM55-59,48.92%,1950,1900,2908,1908.0
820431,2019-06-08,51,51,VW50-54,44.85%,2270,2024,2048,2036.0
1138623,2019-06-08,45,45,VM45-49,31.67%,2687,0,1707,1702.0
1708895,2019-06-08,51,51,VW50-54,35.19%,2893,2024,2048,2036.0
1752380,2019-06-15,51,51,VM50-54,58.00%,1538,1777,1790,1784.0
2528702,2019-06-15,25,29,SW25-29,54.98%,1615,0,2776,1776.0
3952771,2019-06-15,34,34,SW30-34,43.48%,2056,1786,2788,1788.0
480802,2019-06-15,59,59,VM55-59,45.98%,2075,1900,2908,1908.0
820431,2019-06-15,51,51,VW50-54,45.77%,2224,2024,2048,2036.0
1138623,2019-06-15,45,45,VM45-49,34.61%,2459,0,1707,1702.0
3952771,2019-06-22,34,34,SW30-34,44.46%,2011,1786,2788,1788.0
1138623,2019-06-22,45,45,VM45-49,36.98%,2301,0,1707,1702.0
820431,2019-06-29,51,51,VW50-54,44.43%,2291,2024,2048,2036.0
1138623,2019-06-29,45,45,VM45-49,23.90%,3560,0,1707,1702.0
2528702,2019-07-06,25,29,SW25-29,54.78%,1621,0,2776,1776.0
3952771,2019-07-06,34,34,SW30-34,44.61%,2004,1786,2788,1788.0
480802,2019-07-06,59,59,VM55-59,46.40%,2056,1900,2908,1908.0
1138623,2019-07-06,45,45,VM45-49,36.11%,2357,0,1707,1702.0
1015088,2019-07-13,25,28,SM25-29,57.85%,1338,0,1548,1548.0
3952771,2019-07-13,34,34,SW30-34,45.20%,1978,1786,2788,1788.0
820431,2019-07-13,51,51,VW50-54,49.08%,2074,2024,2048,2036.0
1138623,2019-07-13,45,45,VM45-49,38.39%,2217,0,1707,1702.0
1015088,2019-07-20,25,28,SM25-29,57.68%,1342,0,1548,1548.0
2528702,2019-07-20,25,29,SW25-29,49.80%,1783,0,2776,1776.0
480802,2019-07-20,59,59,VM55-59,48.75%,1957,1900,2908,1908.0
820431,2019-07-20,51,51,VW50-54,48.13%,2115,2024,2048,2036.0
1138623,2019-07-20,46,46,VM45-49,35.21%,2434,1708,1720,1714.0
2528702,2019-07-27,25,29,SW25-29,56.10%,1583,0,2776,1776.0
820431,2019-07-27,51,51,VW50-54,46.96%,2168,2024,2048,2036.0
1138623,2019-07-27,46,46,VM45-49,37.15%,2307,1708,1720,1714.0
1015088,2019-08-03,25,28,SM25-29,54.97%,1408,0,1548,1548.0
2528702,2019-08-03,25,29,SW25-29,54.41%,1632,0,2776,1776.0
3952771,2019-08-03,34,34,SW30-34,45.82%,1951,1786,2788,1788.0
820431,2019-08-03,51,51,VW50-54,45.65%,2230,2024,2048,2036.0
1138623,2019-08-03,46,46,VM45-49,33.77%,2538,1708,1720,1714.0
2528702,2019-08-10,25,29,SW25-29,53.05%,1674,0,2776,1776.0
3952771,2019-08-10,34,34,SW30-34,43.91%,2036,1786,2788,1788.0
820431,2019-08-10,51,51,VW50-54,44.47%,2289,2024,2048,2036.0
1138623,2019-08-10,46,46,VM45-49,31.65%,2708,1708,1720,1714.0
3952771,2019-08-17,34,34,SW30-34,47.00%,1902,1786,2788,1788.0
820431,2019-08-17,51,51,VW50-54,45.18%,2253,2024,2048,2036.0
1138623,2019-08-17,46,46,VM45-49,30.11%,2846,1708,1720,1714.0
3952771,2019-08-24,34,34,SW30-34,46.73%,1913,1786,2788,1788.0
820431,2019-08-24,48,48,VW45-49,42.55%,2308,1954,1975,1964.0
1138623,2019-08-24,46,46,VM45-49,34.28%,2500,1708,1720,1714.0
2528702,2019-08-31,25,29,SW25-29,56.60%,1569,0,2776,1776.0
3016103,2019-08-31,36,36,VW35-39,47.75%,1885,1797,1802,1800.0
3952771,2019-08-31,34,34,SW30-34,45.45%,1967,1786,2788,1788.0
820431,2019-08-31,48,48,VW45-49,43.76%,2244,1954,1975,1964.0
2528702,2019-09-07,25,29,SW25-29,57.11%,1555,0,2776,1776.0
492000,2019-09-07,51,51,VW50-54,57.35%,1775,2024,2048,2036.0
3952771,2019-09-07,34,34,SW30-34,48.80%,1832,1786,2788,1788.0
820431,2019-09-07,48,48,VW45-49,45.63%,2152,1954,1975,1964.0
2528702,2019-09-14,25,29,SW25-29,58.00%,1531,0,2776,1776.0
3952771,2019-09-14,34,34,SW30-34,45.75%,1954,1786,2788,1788.0
820431,2019-09-14,48,48,VW45-49,44.37%,2213,1954,1975,1964.0
1138623,2019-09-14,46,46,VM45-49,32.85%,2609,1708,1720,1714.0
2528702,2019-09-21,25,29,SW25-29,53.85%,1649,0,2776,1776.0
3952771,2019-09-21,34,34,SW30-34,45.06%,1984,1786,2788,1788.0
1646899,2019-09-21,48,48,VW45-49,45.00%,2182,1954,1975,1964.0
1138623,2019-09-21,46,46,VM45-49,32.39%,2646,1708,1720,1714.0
2528702,2019-09-28,25,29,SW25-29,50.45%,1760,0,2776,1776.0
3016103,2019-09-28,36,36,VW35-39,50.85%,1770,1797,1802,1800.0
3952771,2019-09-28,34,34,SW30-34,45.78%,1953,1786,2788,1788.0
820431,2019-09-28,48,48,VW45-49,44.37%,2213,1954,1975,1964.0
2807742,2019-10-05,12,12,JW11-14,73.29%,1333,1936,1975,1954.0
2528702,2019-10-05,25,29,SW25-29,58.31%,1523,0,2776,1776.0
820431,2019-10-05,48,48,VW45-49,44.02%,2231,1954,1975,1964.0
1138623,2019-10-05,46,46,VM45-49,29.02%,2953,1708,1720,1714.0
2528702,2019-10-12,25,29,SW25-29,55.71%,1594,0,2776,1776.0
3952771,2019-10-12,34,34,SW30-34,48.25%,1853,1786,2788,1788.0
820431,2019-10-12,48,48,VW45-49,42.73%,2298,1954,1975,1964.0
2528702,2019-11-02,25,29,SW25-29,52.83%,1681,0,2776,1776.0
3952771,2019-11-02,34,34,SW30-34,47.28%,1891,1786,2788,1788.0
5445159,2019-11-02,61,61,VM60-64,48.38%,2007,1933,1949,1942.0
5445130,2019-11-02,60,60,VW60-64,50.44%,2276,0,2311,2296.0
2528702,2019-11-09,25,29,SW25-29,49.47%,1795,0,2776,1776.0
3952771,2019-11-09,34,34,SW30-34,46.39%,1927,1786,2788,1788.0
614195,2019-11-09,58,58,VW55-59,50.89%,2193,2217,2247,2232.0
2528702,2019-11-16,25,29,SW25-29,54.85%,1619,0,2776,1776.0
3952771,2019-11-16,34,34,SW30-34,49.15%,1819,1786,2788,1788.0
820431,2019-11-16,49,49,VW45-49,40.70%,2442,1976,2988,1988.0
2528702,2019-11-23,25,29,SW25-29,54.88%,1618,0,2776,1776.0
3952771,2019-11-23,34,34,SW30-34,48.51%,1843,1786,2788,1788.0
820431,2019-11-23,49,49,VW45-49,42.23%,2354,1976,2988,1988.0
3952771,2019-11-30,34,34,SW30-34,47.86%,1868,1786,2788,1788.0
820431,2019-11-30,49,49,VW45-49,41.18%,2414,1976,2988,1988.0
820431,2019-12-07,49,49,VW45-49,43.50%,2285,1976,2988,1988.0
3952771,2019-12-14,34,34,SW30-34,48.96%,1826,1786,2788,1788.0
2528702,2019-12-25,25,29,SW25-29,55.16%,1610,0,2776,1776.0
3952771,2019-12-25,34,34,SW30-34,46.15%,1937,1786,2788,1788.0
372943,2019-12-28,39,39,VW35-39,59.53%,1532,1820,2824,1824.0
2528702,2019-12-28,25,29,SW25-29,54.31%,1635,0,2776,1776.0
1063478,2020-01-01,45,45,VM45-49,74.78%,1138,0,1707,1702.0
1752380,2020-01-01,52,52,VM50-54,54.52%,1649,1791,1805,1798.0
2528702,2020-01-01,25,29,SW25-29,52.76%,1683,0,2776,1776.0
441416,2020-01-01,39,39,VW35-39,50.67%,1800,1820,2824,1824.0
820431,2020-01-01,49,49,VW45-49,41.06%,2421,1976,2988,1988.0
2528702,2020-01-04,25,29,SW25-29,59.24%,1499,0,2776,1776.0
3952771,2020-01-04,34,34,SW30-34,47.96%,1864,1786,2788,1788.0
820431,2020-01-04,49,49,VW45-49,40.94%,2428,1976,2988,1988.0
2528702,2020-01-11,25,29,SW25-29,57.59%,1542,0,2776,1776.0
820431,2020-01-11,49,49,VW45-49,41.78%,2379,1976,2988,1988.0
3952771,2020-01-18,34,34,SW30-34,48.85%,1830,1786,2788,1788.0
820431,2020-01-18,49,49,VW45-49,41.66%,2386,1976,2988,1988.0
1090866,2020-01-25,17,17,JM15-17,63.93%,1267,0,1632,1620.0
820431,2020-01-25,49,49,VW45-49,42.35%,2347,1976,2988,1988.0
3952771,2020-02-01,34,34,SW30-34,48.91%,1828,1786,2788,1788.0
2528702,2020-02-01,25,29,SW25-29,46.84%,1896,0,2776,1776.0
820431,2020-02-01,49,49,VW45-49,38.41%,2588,1976,2988,1988.0
2528702,2020-02-08,25,29,SW25-29,54.41%,1632,0,2776,1776.0
3952771,2020-02-08,35,35,VW35-39,48.43%,1852,0,1796,1794.0
820431,2020-02-08,49,49,VW45-49,42.77%,2324,1976,2988,1988.0
508066,2020-02-08,54,54,VW50-54,41.85%,2528,2103,3116,2116.0
1138623,2020-02-08,46,46,VM45-49,32.47%,2639,1708,1720,1714.0
820431,2020-02-15,49,49,VW45-49,42.41%,2344,1976,2988,1988.0
1138623,2020-02-15,46,46,VM45-49,30.92%,2772,1708,1720,1714.0
2528702,2020-02-22,25,29,SW25-29,53.14%,1671,0,2776,1776.0
820431,2020-02-22,49,49,VW45-49,41.78%,2379,1976,2988,1988.0
1138623,2020-02-22,46,46,VM45-49,31.78%,2697,1708,1720,1714.0
820431,2020-02-29,49,49,VW45-49,39.48%,2518,1976,2988,1988.0
1138623,2020-02-29,46,46,VM45-49,30.38%,2821,1708,1720,1714.0
820431,2020-03-14,49,49,VW45-49,42.24%,2353,1976,2988,1988.0
2528702,2021-07-24,25,29,SW25-29,55.81%,1591,0,2776,1776.0
2528702,2021-07-31,25,29,SW25-29,59.56%,1491,0,2776,1776.0
3952771,2021-07-31,36,36,VW35-39,52.33%,1720,1797,1802,1800.0
140267,2021-07-31,53,53,VW50-54,57.42%,1820,2076,2102,2090.0
820431,2021-07-31,50,50,VW50-54,43.19%,2329,0,2023,2012.0
1752380,2021-08-07,54,54,VM50-54,60.09%,1521,1821,2828,1828.0
2528702,2021-08-07,25,29,SW25-29,55.74%,1593,0,2776,1776.0
3952771,2021-08-07,36,36,VW35-39,50.85%,1770,1797,1802,1800.0
140267,2021-08-07,53,53,VW50-54,55.73%,1875,2076,2102,2090.0
820431,2021-08-07,50,50,VW50-54,44.53%,2259,0,2023,2012.0
2528702,2021-08-14,25,29,SW25-29,54.85%,1619,0,2776,1776.0
140267,2021-08-14,53,53,VW50-54,56.73%,1842,2076,2102,2090.0
2528702,2021-08-21,25,29,SW25-29,61.62%,1441,0,2776,1776.0
140267,2021-08-21,53,53,VW50-54,55.09%,1897,2076,2102,2090.0
820431,2021-08-21,50,50,VW50-54,42.83%,2349,0,2023,2012.0
2528702,2021-08-28,25,29,SW25-29,54.05%,1643,0,2776,1776.0
3952771,2021-08-28,36,36,VW35-39,51.93%,1733,1797,1802,1800.0
140267,2021-08-28,53,53,VW50-54,49.50%,2111,2076,2102,2090.0
2528702,2021-09-04,25,29,SW25-29,53.82%,1650,0,2776,1776.0
3952771,2021-09-04,36,36,VW35-39,50.85%,1770,1797,1802,1800.0
441416,2021-09-04,41,41,VW40-44,49.86%,1851,1841,1852,1846.0
3952771,2021-09-11,36,36,VW35-39,50.68%,1776,1797,1802,1800.0
140267,2021-09-11,53,53,VW50-54,56.15%,1861,2076,2102,2090.0
2528702,2021-09-18,25,29,SW25-29,56.56%,1570,0,2776,1776.0
2528702,2021-09-25,25,29,SW25-29,55.40%,1603,0,2776,1776.0
820431,2021-09-25,50,50,VW50-54,42.66%,2358,0,2023,2012.0
820431,2021-10-02,50,50,VW50-54,42.74%,2354,0,2023,2012.0
3952771,2021-10-16,36,36,VW35-39,50.34%,1788,1797,1802,1800.0
820431,2021-10-16,50,50,VW50-54,44.83%,2244,0,2023,2012.0
769960,2021-10-23,36,36,VW35-39,57.99%,1552,1797,1802,1800.0
3952771,2021-10-23,36,36,VW35-39,49.50%,1818,1797,1802,1800.0
820431,2021-10-23,50,50,VW50-54,46.06%,2184,0,2023,2012.0
820431,2021-10-30,50,50,VW50-54,43.85%,2294,0,2023,2012.0
3952771,2021-11-06,36,36,VW35-39,50.03%,1799,1797,1802,1800.0
140267,2021-11-06,53,53,VW50-54,55.73%,1875,2076,2102,2090.0
820431,2021-11-06,51,51,VW50-54,46.74%,2178,2024,2048,2036.0
140267,2021-11-13,53,53,VW50-54,50.78%,2058,2076,2102,2090.0
820431,2021-11-13,51,51,VW50-54,45.63%,2231,2024,2048,2036.0
2807742,2021-11-20,14,14,JW11-14,72.76%,1296,0,1901,1886.0
2528702,2021-11-20,25,29,SW25-29,61.84%,1436,0,2776,1776.0
140267,2021-11-20,53,53,VW50-54,57.20%,1827,2076,2102,2090.0
820431,2021-11-20,51,51,VW50-54,46.08%,2209,2024,2048,2036.0
2528702,2021-11-27,25,29,SW25-29,55.60%,1597,0,2776,1776.0
3952771,2021-12-04,36,36,VW35-39,47.42%,1898,1797,1802,1800.0
820431,2021-12-04,51,51,VW50-54,45.51%,2237,2024,2048,2036.0
2807742,2021-12-11,14,14,JW11-14,71.60%,1317,0,1901,1886.0
2528702,2021-12-11,25,29,SW25-29,55.74%,1593,0,2776,1776.0
3952771,2021-12-11,36,36,VW35-39,46.27%,1945,1797,1802,1800.0
820431,2021-12-11,51,51,VW50-54,46.23%,2202,2024,2048,2036.0
2528702,2021-12-18,25,29,SW25-29,57.22%,1552,0,2776,1776.0
820431,2021-12-18,51,51,VW50-54,45.24%,2250,2024,2048,2036.0
2528702,2021-12-25,25,29,SW25-29,50.98%,1742,0,2776,1776.0
3952771,2021-12-25,36,36,VW35-39,45.55%,1976,1797,1802,1800.0
820431,2021-12-25,51,51,VW50-54,41.38%,2460,2024,2048,2036.0
2807742,2022-01-01,14,14,JW11-14,69.39%,1359,0,1901,1886.0
820431,2022-01-01,51,51,VW50-54,44.15%,2306,2024,2048,2036.0
1015088,2022-01-15,25,28,SM25-29,52.02%,1488,0,1548,1548.0
2528702,2022-01-15,25,29,SW25-29,54.15%,1640,0,2776,1776.0
140267,2022-01-15,53,53,VW50-54,52.12%,2005,2076,2102,2090.0
820431,2022-01-15,51,51,VW50-54,44.69%,2278,2024,2048,2036.0
2807742,2022-01-22,15,15,JW15-17,76.67%,1213,1849,2860,1860.0
372943,2022-01-22,41,41,VW40-44,54.13%,1705,1841,1852,1846.0
140267,2022-01-22,53,53,VW50-54,54.65%,1912,2076,2102,2090.0
820431,2022-01-22,51,51,VW50-54,44.91%,2267,2024,2048,2036.0
140267,2022-01-29,53,53,VW50-54,51.68%,2022,2076,2102,2090.0
820431,2022-01-29,51,51,VW50-54,45.24%,2250,2024,2048,2036.0
2807742,2022-02-12,15,15,JW15-17,76.86%,1210,1849,2860,1860.0
140267,2022-02-12,53,53,VW50-54,53.34%,1959,2076,2102,2090.0
820431,2022-02-12,51,51,VW50-54,44.65%,2280,2024,2048,2036.0
820431,2022-02-26,51,51,VW50-54,39.43%,2582,2024,2048,2036.0
3952771,2022-03-05,37,37,VW35-39,47.10%,1917,1803,1810,1806.0
2528702,2022-03-05,25,29,SW25-29,46.08%,1927,0,2776,1776.0
3952771,2022-03-12,37,37,VW35-39,47.80%,1889,1803,1810,1806.0
820431,2022-03-12,51,51,VW50-54,44.49%,2288,2024,2048,2036.0
3952771,2022-03-19,37,37,VW35-39,48.47%,1863,1803,1810,1806.0
820431,2022-03-19,51,51,VW50-54,39.94%,2549,2024,2048,2036.0
2807742,2022-03-26,15,15,JW15-17,76.10%,1222,1849,2860,1860.0
3952771,2022-04-02,37,37,VW35-39,49.62%,1820,1803,1810,1806.0
4300140,2022-04-09,22,24,SM20-24,56.62%,1367,0,1551,1548.0
3952771,2022-04-09,47,47,VW45-49,52.29%,1859,1934,1953,1944.0
820431,2022-04-09,51,51,VW50-54,31.66%,3215,2024,2048,2036.0
820431,2022-04-16,51,51,VW50-54,42.00%,2424,2024,2048,2036.0
140267,2022-04-23,53,53,VW50-54,55.94%,1868,2076,2102,2090.0
820431,2022-04-23,51,51,VW50-54,43.49%,2341,2024,2048,2036.0
140267,2022-04-30,53,53,VW50-54,56.76%,1841,2076,2102,2090.0
3952771,2022-05-07,47,47,VW45-49,52.91%,1837,1934,1953,1944.0
820431,2022-05-07,51,51,VW50-54,43.41%,2345,2024,2048,2036.0
2528702,2022-05-14,25,29,SW25-29,54.71%,1623,0,2776,1776.0
3952771,2022-05-14,47,47,VW45-49,53.88%,1804,1934,1953,1944.0
820431,2022-05-21,51,51,VW50-54,32.71%,3112,2024,2048,2036.0
2528702,2022-06-04,25,29,SW25-29,56.31%,1577,0,2776,1776.0
2528702,2022-06-11,25,29,SW25-29,56.60%,1569,0,2776,1776.0
140267,2022-06-11,53,53,VW50-54,46.51%,2247,2076,2102,2090.0
820431,2022-06-11,51,51,VW50-54,42.74%,2382,2024,2048,2036.0
769960,2022-06-18,37,37,VW35-39,49.86%,1811,1803,1810,1806.0
140267,2022-06-18,53,53,VW50-54,54.01%,1935,2076,2102,2090.0
769960,2022-06-25,37,37,VW35-39,49.29%,1832,1803,1810,1806.0
2528702,2022-06-25,25,29,SW25-29,47.44%,1872,0,2776,1776.0
820431,2022-06-25,51,51,VW50-54,41.48%,2454,2024,2048,2036.0
2528702,2022-07-02,25,29,SW25-29,53.21%,1669,0,2776,1776.0
820431,2022-07-02,51,51,VW50-54,42.07%,2420,2024,2048,2036.0
2528702,2022-07-09,25,29,SW25-29,56.24%,1579,0,2776,1776.0
769960,2022-07-09,37,37,VW35-39,53.75%,1680,1803,1810,1806.0
2528702,2022-07-16,25,29,SW25-29,54.15%,1640,0,2776,1776.0
769960,2022-07-23,37,37,VW35-39,52.93%,1706,1803,1810,1806.0
3952771,2022-07-23,47,47,VW45-49,51.18%,1899,1934,1953,1944.0
2528702,2022-07-30,25,29,SW25-29,52.33%,1697,0,2776,1776.0
441416,2022-07-30,42,42,VW40-44,46.71%,1991,1853,1866,1860.0
820431,2022-07-30,51,51,VW50-54,42.17%,2414,2024,2048,2036.0
140267,2022-08-06,54,54,VW50-54,50.67%,2088,2103,3116,2116.0
769960,2022-08-13,37,37,VW35-39,52.20%,1730,1803,1810,1806.0
820431,2022-08-13,51,51,VW50-54,40.98%,2484,2024,2048,2036.0
820431,2022-08-20,51,51,VW50-54,43.32%,2350,2024,2048,2036.0
2528702,2022-08-27,25,29,SW25-29,53.08%,1673,0,2776,1776.0
820431,2022-08-27,51,51,VW50-54,43.15%,2359,2024,2048,2036.0
820431,2022-09-03,51,51,VW50-54,42.36%,2403,2024,2048,2036.0
1015088,2022-09-10,29,29,SM25-29,54.35%,1426,1549,2500,1550.0
3016103,2022-09-17,39,39,VW35-39,58.95%,1547,1820,2824,1824.0
2528702,2022-09-17,25,29,SW25-29,54.98%,1615,0,2776,1776.0
820431,2022-09-24,51,51,VW50-54,44.05%,2311,2024,2048,2036.0
820431,2022-10-08,51,51,VW50-54,43.06%,2364,2024,2048,2036.0
3952771,2022-10-15,47,47,VW45-49,48.43%,2007,1934,1953,1944.0
820431,2022-10-15,51,51,VW50-54,42.59%,2390,2024,2048,2036.0
769960,2022-10-15,37,37,VW35-39,29.33%,3079,1803,1810,1806.0
3952771,2022-10-22,47,47,VW45-49,49.32%,1971,1934,1953,1944.0
140267,2022-10-22,54,54,VW50-54,50.29%,2104,2103,3116,2116.0
820431,2022-10-22,51,51,VW50-54,42.58%,2391,2024,2048,2036.0
3952771,2022-10-29,47,47,VW45-49,49.72%,1955,1934,1953,1944.0
2528702,2022-11-05,30,30,SW30-34,56.96%,1559,0,1776,1776.0
820431,2022-11-05,51,51,VW50-54,44.81%,2272,2024,2048,2036.0
2528702,2022-11-12,30,30,SW30-34,55.16%,1610,0,1776,1776.0
3952771,2022-11-12,47,47,VW45-49,49.27%,1973,1934,1953,1944.0
820431,2022-11-12,52,52,VW50-54,43.89%,2349,2049,2075,2062.0
140267,2022-11-19,54,54,VW50-54,52.77%,2005,2103,3116,2116.0
820431,2022-11-19,52,52,VW50-54,43.85%,2351,2049,2075,2062.0
140267,2022-11-26,54,54,VW50-54,53.62%,1973,2103,3116,2116.0
820431,2022-11-26,52,52,VW50-54,43.19%,2387,2049,2075,2062.0
140267,2022-12-03,54,54,VW50-54,53.06%,1994,2103,3116,2116.0
820431,2022-12-03,52,52,VW50-54,44.67%,2308,2049,2075,2062.0
769960,2022-12-24,37,37,VW35-39,49.64%,1819,1803,1810,1806.0
3952771,2022-12-25,47,47,VW45-49,49.47%,1965,1934,1953,1944.0
2528702,2022-12-31,30,30,SW30-34,50.57%,1756,0,1776,1776.0
140267,2022-12-31,54,54,VW50-54,48.76%,2170,2103,3116,2116.0
2528702,2023-01-07,30,30,SW30-34,51.96%,1709,0,1776,1776.0
769960,2023-01-07,37,37,VW35-39,50.14%,1801,1803,1810,1806.0
2528702,2023-01-14,30,30,SW30-34,48.50%,1831,0,1776,1776.0
140267,2023-01-14,54,54,VW50-54,48.07%,2201,2103,3116,2116.0
769960,2023-01-21,37,37,VW35-39,55.98%,1613,1803,1810,1806.0
2528702,2023-01-21,30,30,SW30-34,52.95%,1677,0,1776,1776.0
820431,2023-01-21,52,52,VW50-54,41.61%,2478,2049,2075,2062.0
769960,2023-01-28,37,37,VW35-39,52.23%,1729,1803,1810,1806.0
2528702,2023-01-28,30,30,SW30-34,47.36%,1875,0,1776,1776.0
820431,2023-01-28,52,52,VW50-54,43.28%,2382,2049,2075,2062.0
2528702,2023-02-04,30,30,SW30-34,54.01%,1644,0,1776,1776.0
140267,2023-02-04,54,54,VW50-54,51.86%,2040,2103,3116,2116.0
2528702,2023-02-11,30,30,SW30-34,57.14%,1554,0,1776,1776.0
3952771,2023-02-11,48,48,VW45-49,48.95%,2006,1954,1975,1964.0
820431,2023-02-18,52,52,VW50-54,42.32%,2436,2049,2075,2062.0
2528702,2023-02-25,30,30,SW30-34,48.23%,1841,0,1776,1776.0
2528702,2023-03-04,30,30,SW30-34,56.89%,1561,0,1776,1776.0
820431,2023-03-04,52,52,VW50-54,42.74%,2412,2049,2075,2062.0
5692217,2023-03-11,48,48,VW45-49,55.08%,1783,1954,1975,1964.0
820431,2023-03-11,52,52,VW50-54,42.82%,2408,2049,2075,2062.0
2528702,2023-03-18,30,30,SW30-34,56.42%,1574,0,1776,1776.0
3952771,2023-03-18,48,48,VW45-49,46.94%,2092,1954,1975,1964.0
2528702,2023-03-25,30,30,SW30-34,44.14%,2012,0,1776,1776.0
2528702,2023-04-08,30,30,SW30-34,49.55%,1792,0,1776,1776.0
820431,2023-04-08,52,52,VW50-54,42.22%,2442,2049,2075,2062.0
2528702,2023-04-15,30,30,SW30-34,51.39%,1728,0,1776,1776.0
3952771,2023-04-15,48,48,VW45-49,50.05%,1962,1954,1975,1964.0
820431,2023-04-22,52,52,VW50-54,42.69%,2415,2049,2075,2062.0
2528702,2023-04-22,30,30,SW30-34,26.16%,3394,0,1776,1776.0
2528702,2023-04-29,30,30,SW30-34,54.45%,1631,0,1776,1776.0
2528702,2023-05-06,30,30,SW30-34,51.24%,1733,0,1776,1776.0
3952771,2023-05-06,48,48,VW45-49,49.40%,1988,1954,1975,1964.0
820431,2023-05-06,52,52,VW50-54,37.48%,2751,2049,2075,2062.0
3952771,2023-05-13,48,48,VW45-49,51.25%,1916,1954,1975,1964.0
820431,2023-05-13,52,52,VW50-54,41.74%,2470,2049,2075,2062.0
2528702,2023-05-20,30,30,SW30-34,58.38%,1521,0,1776,1776.0
3952771,2023-05-20,48,48,VW45-49,50.51%,1944,1954,1975,1964.0
140267,2023-05-20,54,54,VW50-54,52.95%,1998,2103,3116,2116.0
820431,2023-05-20,52,52,VW50-54,43.45%,2373,2049,2075,2062.0
140267,2023-06-03,54,54,VW50-54,52.04%,2033,2103,3116,2116.0
2528702,2023-06-10,30,30,SW30-34,58.69%,1513,0,1776,1776.0
3952771,2023-06-10,48,48,VW45-49,50.03%,1963,1954,1975,1964.0
820431,2023-06-10,52,52,VW50-54,44.21%,2332,2049,2075,2062.0
2528702,2023-06-17,30,30,SW30-34,57.22%,1552,0,1776,1776.0
3952771,2023-06-17,48,48,VW45-49,50.26%,1954,1954,1975,1964.0
140267,2023-06-17,54,54,VW50-54,52.38%,2020,2103,3116,2116.0
820431,2023-06-17,52,52,VW50-54,44.83%,2300,2049,2075,2062.0
820431,2023-06-24,52,52,VW50-54,31.15%,3310,2049,2075,2062.0
140267,2023-07-01,54,54,VW50-54,50.72%,2086,2103,3116,2116.0
140267,2023-07-08,54,54,VW50-54,52.32%,2022,2103,3116,2116.0
820431,2023-07-08,52,52,VW50-54,43.36%,2378,2049,2075,2062.0
2528702,2023-07-15,30,30,SW30-34,61.50%,1444,0,1776,1776.0
2528702,2023-07-22,30,30,SW30-34,54.88%,1618,0,1776,1776.0
3952771,2023-07-22,48,48,VW45-49,49.50%,1984,1954,1975,1964.0
140267,2023-07-22,55,55,VW55-59,53.39%,2008,0,2157,2144.0
820431,2023-07-22,52,52,VW50-54,43.48%,2371,2049,2075,2062.0
2528702,2023-07-29,30,30,SW30-34,54.71%,1623,0,1776,1776.0
820431,2023-08-05,52,52,VW50-54,41.22%,2501,2049,2075,2062.0
2528702,2023-08-12,30,30,SW30-34,52.51%,1691,0,1776,1776.0
3952771,2023-08-12,48,48,VW45-49,50.59%,1941,1954,1975,1964.0
140267,2023-08-12,55,55,VW55-59,52.47%,2043,0,2157,2144.0
820431,2023-08-12,52,52,VW50-54,42.73%,2413,2049,2075,2062.0
2528702,2023-08-26,30,30,SW30-34,54.78%,1621,0,1776,1776.0
140267,2023-08-26,55,55,VW55-59,52.81%,2030,0,2157,2144.0
1015088,2023-09-02,30,30,SM30-34,56.03%,1385,0,1553,1552.0
2528702,2023-09-02,30,30,SW30-34,63.02%,1409,0,1776,1776.0
140267,2023-09-02,55,55,VW55-59,54.58%,1964,0,2157,2144.0
820431,2023-09-02,52,52,VW50-54,42.60%,2420,2049,2075,2062.0
3952771,2023-09-09,48,48,VW45-49,49.77%,1973,1954,1975,1964.0
820431,2023-09-09,52,52,VW50-54,44.29%,2328,2049,2075,2062.0
820431,2023-09-16,52,52,VW50-54,44.33%,2326,2049,2075,2062.0
2528702,2023-09-23,30,30,SW30-34,56.45%,1573,0,1776,1776.0
140267,2023-09-23,55,55,VW55-59,54.92%,1952,0,2157,2144.0
820431,2023-09-23,52,52,VW50-54,45.48%,2267,2049,2075,2062.0
2528702,2023-09-30,30,30,SW30-34,44.16%,2011,0,1776,1776.0
140267,2023-09-30,55,55,VW55-59,49.65%,2159,0,2157,2144.0
820431,2023-09-30,52,52,VW50-54,45.24%,2279,2049,2075,2062.0
2528702,2023-10-07,30,30,SW30-34,57.48%,1545,0,1776,1776.0
140267,2023-10-07,55,55,VW55-59,51.51%,2081,0,2157,2144.0
820431,2023-10-07,52,52,VW50-54,45.06%,2288,2049,2075,2062.0
1752380,2023-10-14,56,56,VM55-59,62.42%,1490,1852,1867,1860.0
3952771,2023-10-14,48,48,VW45-49,50.57%,1942,1954,1975,1964.0
140267,2023-10-14,55,55,VW55-59,53.04%,2021,0,2157,2144.0
820431,2023-10-14,52,52,VW50-54,46.42%,2221,2049,2075,2062.0
2528702,2023-10-21,30,30,SW30-34,57.40%,1547,0,1776,1776.0
1752380,2023-10-28,56,56,VM55-59,61.88%,1503,1852,1867,1860.0
2528702,2023-10-28,31,31,SW30-34,45.38%,1959,1777,1778,1778.0
140267,2023-10-28,55,55,VW55-59,46.03%,2329,0,2157,2144.0
769960,2023-10-28,38,38,VW35-39,23.02%,3944,1811,1819,1816.0
820431,2023-11-11,53,53,VW50-54,44.98%,2323,2076,2102,2090.0
820431,2023-11-18,53,53,VW50-54,44.37%,2355,2076,2102,2090.0
2528702,2023-11-25,31,31,SW30-34,46.16%,1926,1777,1778,1778.0
2528702,2023-12-09,31,31,SW30-34,47.87%,1857,1777,1778,1778.0
2528702,2023-12-16,31,31,SW30-34,54.84%,1621,1777,1778,1778.0
820431,2023-12-16,53,53,VW50-54,44.56%,2345,2076,2102,2090.0
3952771,2023-12-23,48,48,VW45-49,49.85%,1970,1954,1975,1964.0
2528702,2023-12-25,31,31,SW30-34,54.78%,1623,1777,1778,1778.0
3952771,2023-12-25,48,48,VW45-49,50.44%,1947,1954,1975,1964.0
820431,2023-12-25,53,53,VW50-54,42.74%,2445,2076,2102,2090.0
820431,2023-12-30,53,53,VW50-54,43.72%,2390,2076,2102,2090.0
2528702,2024-01-01,31,31,SW30-34,55.39%,1605,1777,1778,1778.0
820431,2024-01-01,53,53,VW50-54,44.20%,2364,2076,2102,2090.0
780737,2024-01-13,50,50,VM50-54,83.89%,1055,0,1776,1770.0
2528702,2024-01-13,31,31,SW30-34,56.34%,1578,1777,1778,1778.0
820431,2024-01-13,53,53,VW50-54,45.77%,2283,2076,2102,2090.0
2528702,2024-01-20,31,31,SW30-34,49.89%,1782,1777,1778,1778.0
820431,2024-01-20,53,53,VW50-54,48.31%,2163,2076,2102,2090.0
2528702,2024-01-27,31,31,SW30-34,58.95%,1508,1777,1778,1778.0
769960,2024-02-03,38,38,VW35-39,53.29%,1704,1811,1819,1816.0
3952771,2024-02-03,48,48,VW45-49,51.88%,1893,1954,1975,1964.0
2528702,2024-02-17,31,31,SW30-34,50.00%,1778,1777,1778,1778.0
3952771,2024-02-17,49,49,VW45-49,50.82%,1956,1976,2988,1988.0
820431,2024-02-17,53,53,VW50-54,43.56%,2399,2076,2102,2090.0
2528702,2024-02-24,31,31,SW30-34,52.89%,1681,1777,1778,1778.0
769960,2024-02-24,38,38,VW35-39,52.12%,1742,1811,1819,1816.0
769960,2024-03-02,38,38,VW35-39,55.30%,1642,1811,1819,1816.0
2528702,2024-03-02,31,31,SW30-34,49.06%,1812,1777,1778,1778.0
820431,2024-03-02,53,53,VW50-54,39.96%,2615,2076,2102,2090.0
3952771,2024-03-09,49,49,VW45-49,51.69%,1923,1976,2988,1988.0
2528702,2024-03-16,31,31,SW30-34,51.54%,1725,1777,1778,1778.0
3952771,2024-03-16,49,49,VW45-49,52.40%,1897,1976,2988,1988.0
820431,2024-03-16,53,53,VW50-54,47.07%,2220,2076,2102,2090.0
769960,2024-03-23,38,38,VW35-39,56.40%,1610,1811,1819,1816.0
2528702,2024-03-23,31,31,SW30-34,52.20%,1703,1777,1778,1778.0
5108541,2024-03-30,20,24,SW20-24,47.21%,1881,0,2776,1776.0
3952771,2024-03-30,49,49,VW45-49,52.37%,1898,1976,2988,1988.0
1752380,2024-04-06,56,56,VM55-59,61.67%,1508,1852,1867,1860.0
5108541,2024-04-06,20,24,SW20-24,51.66%,1719,0,2776,1776.0
2528702,2024-04-06,31,31,SW30-34,49.31%,1803,1777,1778,1778.0
820431,2024-04-06,53,53,VW50-54,44.75%,2335,2076,2102,2090.0
1752380,2024-04-13,56,56,VM55-59,62.63%,1485,1852,1867,1860.0
3952771,2024-04-13,49,49,VW45-49,52.68%,1887,1976,2988,1988.0
2528702,2024-04-13,31,31,SW30-34,40.91%,2173,1777,1778,1778.0
820431,2024-04-13,53,53,VW50-54,44.34%,2357,2076,2102,2090.0
5108541,2024-04-20,20,24,SW20-24,49.58%,1791,0,2776,1776.0
820431,2024-04-20,53,53,VW50-54,46.74%,2236,2076,2102,2090.0
2528702,2024-04-27,31,31,SW30-34,57.10%,1557,1777,1778,1778.0
3952771,2024-04-27,49,49,VW45-49,50.30%,1976,1976,2988,1988.0
820431,2024-04-27,53,53,VW50-54,46.01%,2271,2076,2102,2090.0
2528702,2024-05-04,31,31,SW30-34,62.21%,1429,1777,1778,1778.0
1015088,2024-05-04,31,31,SM30-34,53.95%,1442,1554,1557,1556.0
820431,2024-05-04,53,53,VW50-54,45.93%,2275,2076,2102,2090.0
5108541,2024-05-11,20,24,SW20-24,49.42%,1797,0,2776,1776.0
3952771,2024-05-11,49,49,VW45-49,52.07%,1909,1976,2988,1988.0
820431,2024-05-11,53,53,VW50-54,46.10%,2267,2076,2102,2090.0
2528702,2024-05-18,31,31,SW30-34,58.76%,1513,1777,1778,1778.0
3952771,2024-05-18,49,49,VW45-49,51.18%,1942,1976,2988,1988.0
2528702,2024-05-25,31,31,SW30-34,58.99%,1507,1777,1778,1778.0
3952771,2024-05-25,49,49,VW45-49,52.32%,1900,1976,2988,1988.0
820431,2024-05-25,53,53,VW50-54,46.63%,2241,2076,2102,2090.0
2528702,2024-06-01,31,31,SW30-34,47.85%,1858,1777,1778,1778.0
820431,2024-06-08,53,53,VW50-54,47.05%,2221,2076,2102,2090.0
2528702,2024-06-15,31,31,SW30-34,53.98%,1647,1777,1778,1778.0
3952771,2024-06-15,49,49,VW45-49,50.18%,1981,1976,2988,1988.0
820431,2024-06-15,53,53,VW50-54,48.38%,2160,2076,2102,2090.0
2528702,2024-06-22,31,31,SW30-34,51.96%,1711,1777,1778,1778.0
3952771,2024-06-22,49,49,VW45-49,50.77%,1958,1976,2988,1988.0
128162,2024-06-22,63,63,VW60-64,53.89%,2223,2379,2413,2396.0
3952771,2024-06-29,49,49,VW45-49,51.42%,1933,1976,2988,1988.0
2528702,2024-06-29,31,31,SW30-34,28.69%,3099,1777,1778,1778.0
2528702,2024-07-06,31,31,SW30-34,47.19%,1884,1777,1778,1778.0
2528702,2024-07-20,31,31,SW30-34,52.73%,1686,1777,1778,1778.0
820431,2024-07-20,53,53,VW50-54,44.47%,2350,2076,2102,2090.0
2528702,2024-07-27,31,31,SW30-34,44.45%,2000,1777,1778,1778.0
2528702,2024-08-03,31,31,SW30-34,49.28%,1804,1777,1778,1778.0
820431,2024-08-03,53,53,VW50-54,45.57%,2293,2076,2102,2090.0
2528702,2024-08-10,31,31,SW30-34,56.48%,1574,1777,1778,1778.0
769960,2024-08-10,39,39,VW35-39,45.37%,2010,1820,2824,1824.0
820431,2024-08-10,53,53,VW50-54,44.95%,2325,2076,2102,2090.0
1752380,2024-08-17,57,57,VM55-59,63.00%,1489,1868,1883,1876.0
3952771,2024-08-17,49,49,VW45-49,51.48%,1931,1976,2988,1988.0
820431,2024-08-17,53,53,VW50-54,44.07%,2371,2076,2102,2090.0
2528702,2024-08-24,31,31,SW30-34,59.91%,1484,1777,1778,1778.0
820431,2024-08-24,53,53,VW50-54,45.61%,2291,2076,2102,2090.0
2528702,2024-08-31,31,31,SW30-34,64.56%,1377,1777,1778,1778.0
820431,2024-08-31,53,53,VW50-54,44.47%,2350,2076,2102,2090.0
2528702,2024-09-14,31,31,SW30-34,51.63%,1722,1777,1778,1778.0
820431,2024-09-14,53,53,VW50-54,45.65%,2289,2076,2102,2090.0
2528702,2024-09-21,31,31,SW30-34,54.57%,1629,1777,1778,1778.0
3952771,2024-09-21,49,49,VW45-49,47.93%,2074,1976,2988,1988.0
820431,2024-09-21,53,53,VW50-54,43.96%,2377,2076,2102,2090.0
1015088,2020-02-29,25,28,SM25-29,57.63%,1343,0,1548,1548.0
1812239,2020-02-29,44,44,VW40-44,52.56%,1796,1881,2888,1888.0
1014475,2020-02-29,57,57,VM55-59,50.57%,1855,1868,1883,1876.0
480802,2020-02-29,60,60,VM60-64,42.43%,2267,0,1932,1924.0
928783,2020-02-29,37,37,VW35-39,36.93%,2445,1803,1810,1806.0
1015088,2020-03-07,25,28,SM25-29,56.87%,1361,0,1548,1548.0
360902,2020-03-07,57,57,VM55-59,57.37%,1635,1868,1883,1876.0
1812239,2020-03-07,44,44,VW40-44,52.13%,1811,1881,2888,1888.0
480802,2020-03-07,60,60,VM60-64,44.68%,2153,0,1932,1924.0
2225632,2020-03-07,60,60,VW60-64,51.67%,2222,0,2311,2296.0
1015088,2020-03-14,25,28,SM25-29,57.42%,1348,0,1548,1548.0
769960,2020-03-14,34,34,SW30-34,63.31%,1412,1786,2788,1788.0
508066,2020-03-14,54,54,VW50-54,55.51%,1906,2103,3116,2116.0
480802,2020-03-14,60,60,VM60-64,46.90%,2051,0,1932,1924.0
125003,2020-03-14,60,60,VW60-64,55.01%,2087,0,2311,2296.0
215996,2021-07-24,55,55,VM55-59,79.55%,1159,0,1851,1844.0
1015088,2021-07-24,25,28,SM25-29,55.13%,1404,0,1548,1548.0
480802,2021-07-24,61,61,VM60-64,37.94%,2559,1933,1949,1942.0
1015088,2021-07-31,25,28,SM25-29,55.88%,1385,0,1548,1548.0
1014475,2021-07-31,58,58,VM55-59,50.91%,1858,1884,1899,1892.0
480802,2021-07-31,61,61,VM60-64,39.15%,2480,1933,1949,1942.0
480802,2021-08-07,61,61,VM60-64,38.02%,2554,1933,1949,1942.0
600747,2021-08-21,39,39,VW35-39,59.76%,1526,1820,2824,1824.0
1812239,2021-08-21,45,45,VW45-49,58.32%,1634,0,1914,1906.0
480802,2021-08-21,61,61,VM60-64,43.80%,2217,1933,1949,1942.0
614195,2021-08-21,60,60,VW60-64,45.30%,2534,0,2311,2296.0
1015088,2021-08-28,25,28,SM25-29,55.64%,1391,0,1548,1548.0
480802,2021-08-28,61,61,VM60-64,45.20%,2148,1933,1949,1942.0
480802,2021-09-04,61,61,VM60-64,40.02%,2426,1933,1949,1942.0
1015088,2021-09-11,25,28,SM25-29,55.72%,1389,0,1548,1548.0
480802,2021-09-11,61,61,VM60-64,44.93%,2161,1933,1949,1942.0
1015088,2021-09-18,25,28,SM25-29,56.33%,1374,0,1548,1548.0
480802,2021-09-18,61,61,VM60-64,41.07%,2364,1933,1949,1942.0
1015088,2021-09-25,25,28,SM25-29,55.97%,1383,0,1548,1548.0
480802,2021-09-25,61,61,VM60-64,32.73%,2967,1933,1949,1942.0
1015088,2021-10-16,25,28,SM25-29,57.16%,1354,0,1548,1548.0
1015088,2021-10-30,25,28,SM25-29,55.64%,1391,0,1548,1548.0
1015088,2021-11-06,25,28,SM25-29,56.21%,1377,0,1548,1548.0
1015088,2021-11-13,25,28,SM25-29,55.92%,1384,0,1548,1548.0
2528702,2021-11-13,30,30,SW30-34,59.08%,1503,0,1776,1776.0
1015088,2021-12-11,25,28,SM25-29,54.51%,1420,0,1548,1548.0
508066,2021-12-25,56,56,VW55-59,56.10%,1936,2158,2186,2172.0
1812239,2022-01-01,46,46,VW45-49,51.17%,1880,1915,1933,1924.0
1752380,2022-01-29,54,54,VM50-54,59.90%,1526,1821,2828,1828.0
1014475,2022-01-29,59,59,VM55-59,55.56%,1717,1900,2908,1908.0
1015088,2022-02-19,25,28,SM25-29,56.25%,1376,0,1548,1548.0
1015088,2022-02-26,25,28,SM25-29,56.17%,1378,0,1548,1548.0
764052,2022-03-05,48,48,VM45-49,68.31%,1275,1735,1748,1742.0
1015088,2022-03-12,25,28,SM25-29,52.98%,1461,0,1548,1548.0
140267,2022-04-16,53,53,VW50-54,55.06%,1898,2076,2102,2090.0
1551071,2022-04-23,39,39,VM35-39,53.28%,1526,1620,2626,1626.0
2528702,2022-04-23,25,29,SW25-29,52.48%,1692,0,2776,1776.0
2225632,2022-05-07,62,62,VW60-64,54.15%,2181,2345,2378,2362.0
928783,2022-05-21,39,39,VW35-39,53.27%,1712,1820,2824,1824.0
928783,2022-05-28,39,39,VW35-39,50.11%,1820,1820,2824,1824.0
1812239,2022-05-28,46,46,VW45-49,49.28%,1952,1915,1933,1924.0
928783,2022-06-04,39,39,VW35-39,52.35%,1742,1820,2824,1824.0
1015088,2022-06-11,29,29,SM25-29,52.90%,1465,1549,2500,1550.0
1014475,2022-06-11,59,59,VM55-59,52.19%,1828,1900,2908,1908.0
74670,2022-06-11,57,57,VW55-59,34.24%,3216,2187,2216,2202.0
928783,2022-06-18,39,39,VW35-39,48.00%,1900,1820,2824,1824.0
928783,2022-06-25,39,39,VW35-39,51.97%,1755,1820,2824,1824.0
480802,2022-06-25,62,62,VM60-64,24.07%,4067,1950,1966,1958.0
928783,2022-07-09,39,39,VW35-39,53.65%,1700,1820,2824,1824.0
928783,2022-07-23,39,39,VW35-39,54.58%,1671,1820,2824,1824.0
1812239,2022-07-23,46,46,VW45-49,52.86%,1820,1915,1933,1924.0
928783,2022-07-30,39,39,VW35-39,55.07%,1656,1820,2824,1824.0
1812239,2022-08-13,46,46,VW45-49,48.78%,1972,1915,1933,1924.0
1949590,2022-08-13,60,60,VW60-64,45.48%,2524,0,2311,2296.0
2225632,2022-08-13,63,63,VW60-64,28.68%,4177,2379,2413,2396.0
1812239,2022-08-20,46,46,VW45-49,54.14%,1777,1915,1933,1924.0
1812239,2022-08-27,46,46,VW45-49,56.52%,1702,1915,1933,1924.0
1015088,2022-09-03,29,29,SM25-29,53.97%,1436,1549,2500,1550.0
1015088,2022-09-17,29,29,SM25-29,53.82%,1440,1549,2500,1550.0
1812239,2022-10-01,47,47,VW45-49,57.18%,1700,1934,1953,1944.0
140267,2022-10-15,54,54,VW50-54,49.72%,2128,2103,3116,2116.0
1812239,2022-10-29,47,47,VW45-49,53.11%,1830,1934,1953,1944.0
1014475,2022-10-29,60,60,VM60-64,47.96%,2006,0,1932,1924.0
2225632,2022-10-29,63,63,VW60-64,34.89%,3434,2379,2413,2396.0
1015088,2022-11-05,29,29,SM25-29,52.86%,1466,1549,2500,1550.0
1015088,2022-11-12,29,29,SM25-29,54.42%,1424,1549,2500,1550.0
1812239,2022-12-03,47,47,VW45-49,55.42%,1754,1934,1953,1944.0
600747,2022-12-25,41,41,VW40-44,43.93%,2101,1841,1852,1846.0
2528702,2023-01-01,30,30,SW30-34,55.57%,1598,0,1776,1776.0
928783,2023-01-07,40,40,VW40-44,52.28%,1756,0,1840,1836.0
1812239,2023-01-07,47,47,VW45-49,51.08%,1903,1934,1953,1944.0
1015088,2023-01-14,29,29,SM25-29,51.12%,1516,1549,2500,1550.0
928783,2023-01-28,40,40,VW40-44,55.77%,1646,0,1840,1836.0
1812239,2023-01-28,47,47,VW45-49,54.15%,1795,1934,1953,1944.0
1014475,2023-02-04,60,60,VM60-64,46.54%,2067,0,1932,1924.0
1015088,2023-02-11,29,29,SM25-29,56.24%,1378,1549,2500,1550.0
1015088,2023-02-18,29,29,SM25-29,55.92%,1386,1549,2500,1550.0
928783,2023-02-18,40,40,VW40-44,55.98%,1640,0,1840,1836.0
928783,2023-02-25,40,40,VW40-44,57.52%,1596,0,1840,1836.0
770951,2023-03-04,49,49,VM45-49,57.95%,1515,1749,2756,1756.0
928783,2023-03-04,40,40,VW40-44,55.20%,1663,0,1840,1836.0
1015088,2023-03-18,29,29,SM25-29,52.40%,1479,1549,2500,1550.0
1015088,2023-03-25,29,29,SM25-29,55.40%,1399,1549,2500,1550.0
2038021,2023-05-06,36,36,VM35-39,65.73%,1211,1587,1596,1592.0
1015088,2023-05-06,30,30,SM30-34,59.15%,1312,0,1553,1552.0
1812239,2023-05-06,47,47,VW45-49,56.32%,1726,1934,1953,1944.0
2038021,2023-05-20,36,36,VM35-39,64.51%,1234,1587,1596,1592.0
1812239,2023-05-20,47,47,VW45-49,53.06%,1832,1934,1953,1944.0
1812239,2023-06-03,47,47,VW45-49,53.73%,1809,1934,1953,1944.0
1812239,2023-06-10,47,47,VW45-49,51.90%,1873,1934,1953,1944.0
2038021,2023-06-17,36,36,VM35-39,65.41%,1217,1587,1596,1592.0
1015088,2023-07-01,30,30,SM30-34,58.00%,1338,0,1553,1552.0
1015088,2023-07-08,30,30,SM30-34,57.52%,1349,0,1553,1552.0
1812239,2023-07-08,47,47,VW45-49,52.12%,1865,1934,1953,1944.0
1015088,2023-07-22,30,30,SM30-34,59.55%,1303,0,1553,1552.0
1551071,2023-07-29,40,40,VM40-44,58.37%,1403,0,1643,1638.0
1812239,2023-08-26,47,47,VW45-49,46.40%,2095,1934,1953,1944.0
1812239,2023-09-02,47,47,VW45-49,48.19%,2017,1934,1953,1944.0
1551071,2023-09-16,40,40,VM40-44,62.76%,1305,0,1643,1638.0
1015088,2023-10-07,30,30,SM30-34,56.98%,1362,0,1553,1552.0
5692217,2023-10-07,48,48,VW45-49,54.43%,1804,1954,1975,1964.0
2038021,2023-10-21,36,36,VM35-39,65.41%,1217,1587,1596,1592.0
1014475,2023-10-28,61,61,VM60-64,48.60%,1998,1933,1949,1942.0
1015088,2023-11-11,30,30,SM30-34,55.35%,1402,0,1553,1552.0
1015088,2023-11-18,30,30,SM30-34,52.57%,1476,0,1553,1552.0
508066,2023-12-25,58,58,VW55-59,58.22%,1917,2217,2247,2232.0
600747,2023-12-25,42,42,VW40-44,44.95%,2069,1853,1866,1860.0
1015088,2024-01-01,30,30,SM30-34,54.61%,1421,0,1553,1552.0
2528702,2024-01-06,31,31,SW30-34,54.04%,1645,1777,1778,1778.0
1812239,2024-02-03,48,48,VW45-49,51.17%,1919,1954,1975,1964.0
1812239,2024-02-17,48,48,VW45-49,53.43%,1838,1954,1975,1964.0
1812239,2024-02-24,48,48,VW45-49,53.08%,1850,1954,1975,1964.0
2038021,2024-03-16,36,36,VM35-39,67.63%,1177,1587,1596,1592.0
1015088,2024-03-23,30,30,SM30-34,56.98%,1362,0,1553,1552.0
1812239,2024-03-23,48,48,VW45-49,53.25%,1844,1954,1975,1964.0
928783,2024-04-06,41,41,VW40-44,56.38%,1637,1841,1852,1846.0
1014475,2024-04-13,61,61,VM60-64,54.00%,1798,1933,1949,1942.0
1014475,2024-04-20,61,61,VM60-64,55.90%,1737,1933,1949,1942.0
1015088,2024-04-27,31,31,SM30-34,56.83%,1369,1554,1557,1556.0
1812239,2024-05-04,48,48,VW45-49,52.32%,1877,1954,1975,1964.0
140267,2024-05-04,55,55,VW55-59,55.98%,1915,0,2157,2144.0
1015088,2024-05-11,31,31,SM30-34,57.21%,1360,1554,1557,1556.0
128162,2024-05-25,63,63,VW60-64,52.68%,2274,2379,2413,2396.0
1014475,2024-06-22,61,61,VM60-64,52.94%,1834,1933,1949,1942.0
508066,2024-08-10,59,59,VW55-59,60.70%,1865,2248,3264,2264.0
764052,2024-09-14,51,51,VM50-54,72.58%,1229,1777,1790,1784.0
1015088,2024-09-28,31,31,SM30-34,58.81%,1323,1554,1557,1556.0
1014475,2017-06-24,54,54,VM50-54,52.20%,1751,1821,2828,1828.0
3584259,2017-06-24,56,56,VW55-59,44.64%,2433,2158,2186,2172.0
1145839,2017-06-24,42,42,VW40-44,29.64%,3138,1853,1866,1860.0
780737,2017-07-01,43,43,VM40-44,77.59%,1080,1669,1681,1676.0
215996,2017-07-01,51,51,VM50-54,76.04%,1173,1777,1790,1784.0
572070,2017-07-01,48,48,VM45-49,46.11%,1889,1735,1748,1742.0
3584259,2017-07-01,56,56,VW55-59,45.92%,2365,2158,2186,2172.0
3584259,2017-07-08,53,53,VW50-54,44.89%,2328,2076,2102,2090.0
928783,2017-07-15,34,34,SW30-34,57.98%,1542,1786,2788,1788.0
1556711,2017-07-15,33,33,SW30-34,48.72%,1831,1782,1785,1784.0
3584259,2017-07-15,53,53,VW50-54,44.28%,2360,2076,2102,2090.0
600747,2017-07-22,35,35,VW35-39,50.03%,1793,0,1796,1794.0
3584259,2017-07-22,53,53,VW50-54,43.04%,2428,2076,2102,2090.0
3584259,2017-07-29,53,53,VW50-54,43.69%,2392,2076,2102,2090.0
928783,2017-08-05,34,34,SW30-34,58.32%,1533,1786,2788,1788.0
1145839,2017-08-05,42,42,VW40-44,41.28%,2253,1853,1866,1860.0
3584259,2017-08-05,53,53,VW50-54,44.95%,2325,2076,2102,2090.0
928783,2017-08-12,34,34,SW30-34,58.20%,1536,1786,2788,1788.0
1296162,2017-08-12,6,6,JW10,63.11%,1857,2299,2397,2344.0
3584259,2017-08-12,53,53,VW50-54,43.80%,2386,2076,2102,2090.0
1145839,2017-08-12,42,42,VW40-44,34.96%,2660,1853,1866,1860.0
508066,2017-08-12,52,52,VW50-54,38.09%,2707,2049,2075,2062.0
3584259,2017-08-19,53,53,VW50-54,45.89%,2277,2076,2102,2090.0
1145839,2017-08-26,42,42,VW40-44,41.28%,2253,1853,1866,1860.0
1668098,2017-08-26,38,38,VW35-39,28.20%,3220,1811,1819,1816.0
1668098,2017-09-02,38,38,VW35-39,29.39%,3089,1811,1819,1816.0
1668098,2017-09-09,38,38,VW35-39,28.43%,3194,1811,1819,1816.0
125003,2017-09-23,57,57,VW55-59,53.63%,2053,2187,2216,2202.0
3584259,2017-09-23,53,53,VW50-54,43.96%,2377,2076,2102,2090.0
3584259,2017-09-30,53,53,VW50-54,45.53%,2295,2076,2102,2090.0
3584259,2017-10-07,53,53,VW50-54,46.08%,2268,2076,2102,2090.0
3584259,2017-10-14,53,53,VW50-54,46.28%,2258,2076,2102,2090.0
3584259,2017-10-21,53,53,VW50-54,47.67%,2192,2076,2102,2090.0
74670,2017-10-21,52,52,VW50-54,46.13%,2235,2049,2075,2062.0
1145839,2017-10-21,42,42,VW40-44,37.80%,2460,1853,1866,1860.0
3584259,2017-10-28,53,53,VW50-54,48.36%,2161,2076,2102,2090.0
1138623,2017-11-11,44,44,VM40-44,53.18%,1587,1682,2688,1688.0
1145839,2017-11-11,42,42,VW40-44,40.58%,2292,1853,1866,1860.0
3584259,2017-11-18,53,53,VW50-54,48.99%,2133,2076,2102,2090.0
1145839,2017-11-18,42,42,VW40-44,41.50%,2241,1853,1866,1860.0
3584259,2017-12-09,54,54,VW50-54,47.04%,2249,2103,3116,2116.0
1145839,2017-12-09,42,42,VW40-44,39.83%,2335,1853,1866,1860.0
3584259,2017-12-16,54,54,VW50-54,48.03%,2203,2103,3116,2116.0
1145839,2017-12-16,42,42,VW40-44,39.14%,2376,1853,1866,1860.0
1145839,2017-12-23,42,42,VW40-44,41.93%,2218,1853,1866,1860.0
1145839,2017-12-25,42,42,VW40-44,40.59%,2291,1853,1866,1860.0
3584259,2017-12-30,54,54,VW50-54,44.87%,2358,2103,3116,2116.0
928783,2018-01-01,35,35,VW35-39,49.59%,1809,0,1796,1794.0
3584259,2018-01-06,54,54,VW50-54,47.19%,2242,2103,3116,2116.0
3584259,2018-01-13,54,54,VW50-54,49.00%,2159,2103,3116,2116.0
1145839,2018-01-20,42,42,VW40-44,37.87%,2456,1853,1866,1860.0
1145839,2018-01-27,42,42,VW40-44,44.39%,2095,1853,1866,1860.0
3212568,2018-01-27,47,47,VW45-49,45.53%,2135,1934,1953,1944.0
1515931,2018-02-03,44,44,VW40-44,47.13%,2003,1881,2888,1888.0
3212568,2018-02-03,47,47,VW45-49,46.04%,2111,1934,1953,1944.0
1145839,2018-02-03,42,42,VW40-44,40.72%,2284,1853,1866,1860.0
1145839,2018-02-17,42,42,VW40-44,44.31%,2099,1853,1866,1860.0
3212568,2018-02-24,47,47,VW45-49,46.71%,2081,1934,1953,1944.0
1145839,2018-03-10,42,42,VW40-44,43.02%,2162,1853,1866,1860.0
3212568,2018-03-10,47,47,VW45-49,44.65%,2177,1934,1953,1944.0
3584259,2018-03-10,54,54,VW50-54,46.20%,2290,2103,3116,2116.0
1201558,2018-03-10,49,49,VW45-49,34.23%,2904,1976,2988,1988.0
3584259,2018-03-17,54,54,VW50-54,47.23%,2240,2103,3116,2116.0
3212568,2018-03-24,47,47,VW45-49,47.58%,2043,1934,1953,1944.0
3584259,2018-03-24,54,54,VW50-54,49.16%,2152,2103,3116,2116.0
3584259,2018-03-31,54,54,VW50-54,48.03%,2203,2103,3116,2116.0
1145839,2018-03-31,42,42,VW40-44,32.54%,2858,1853,1866,1860.0
1145839,2018-04-07,43,43,VW40-44,42.38%,2211,1867,1880,1874.0
3212568,2018-04-14,47,47,VW45-49,45.36%,2143,1934,1953,1944.0
1145839,2018-04-14,43,43,VW40-44,43.70%,2144,1867,1880,1874.0
3584259,2018-04-14,54,54,VW50-54,48.33%,2189,2103,3116,2116.0
3428907,2018-04-21,10,10,JW10,61.80%,1657,0,2077,2048.0
1145839,2018-04-21,43,43,VW40-44,41.96%,2233,1867,1880,1874.0
864630,2018-04-28,61,61,VM60-64,54.95%,1767,1933,1949,1942.0
3584259,2018-04-28,54,54,VW50-54,49.10%,2155,2103,3116,2116.0
3212568,2018-05-05,47,47,VW45-49,47.23%,2058,1934,1953,1944.0
3212568,2018-05-12,37,37,VW35-39,45.70%,1976,1803,1810,1806.0
3584259,2018-05-12,54,54,VW50-54,49.23%,2149,2103,3116,2116.0
3212568,2018-05-19,37,37,VW35-39,48.81%,1850,1803,1810,1806.0
3584259,2018-05-19,54,54,VW50-54,50.53%,2094,2103,3116,2116.0
1145839,2018-05-19,43,43,VW40-44,40.08%,2338,1867,1880,1874.0
3584259,2018-05-26,54,54,VW50-54,49.95%,2118,2103,3116,2116.0
3212568,2018-06-02,37,37,VW35-39,47.28%,1910,1803,1810,1806.0
3584259,2018-06-02,54,54,VW50-54,48.96%,2161,2103,3116,2116.0
3212568,2018-06-09,37,37,VW35-39,47.88%,1886,1803,1810,1806.0
3584259,2018-06-09,54,54,VW50-54,50.62%,2090,2103,3116,2116.0
1145839,2018-06-16,43,43,VW40-44,45.89%,2042,1867,1880,1874.0
3212568,2018-06-23,37,37,VW35-39,48.13%,1876,1803,1810,1806.0
3584259,2018-06-23,54,54,VW50-54,51.23%,2065,2103,3116,2116.0
3584259,2018-06-30,54,54,VW50-54,50.38%,2100,2103,3116,2116.0
3212568,2018-06-30,37,37,VW35-39,41.37%,2183,1803,1810,1806.0
1949590,2018-06-30,56,56,VW55-59,42.21%,2573,2158,2186,2172.0
3584259,2018-07-07,54,54,VW50-54,48.53%,2180,2103,3116,2116.0
3584259,2018-07-14,54,54,VW50-54,52.58%,2012,2103,3116,2116.0
1949590,2018-07-14,56,56,VW55-59,43.68%,2486,2158,2186,2172.0
1949590,2018-07-21,56,56,VW55-59,47.34%,2294,2158,2186,2172.0
3584259,2018-07-28,54,54,VW50-54,50.87%,2080,2103,3116,2116.0
1145839,2018-07-28,43,43,VW40-44,43.54%,2152,1867,1880,1874.0
3584259,2018-08-04,54,54,VW50-54,51.19%,2067,2103,3116,2116.0
3584259,2018-08-11,54,54,VW50-54,51.84%,2041,2103,3116,2116.0
1949590,2018-08-11,57,57,VW55-59,44.85%,2455,2187,2216,2202.0
3584259,2018-08-18,54,54,VW50-54,52.90%,2000,2103,3116,2116.0
3584259,2018-08-25,54,54,VW50-54,52.12%,2030,2103,3116,2116.0
1145839,2018-08-25,43,43,VW40-44,43.56%,2151,1867,1880,1874.0
3584259,2018-09-01,54,54,VW50-54,50.07%,2113,2103,3116,2116.0
1949590,2018-09-01,57,57,VW55-59,47.58%,2314,2187,2216,2202.0
1145839,2018-09-08,43,43,VW40-44,44.66%,2098,1867,1880,1874.0
1949590,2018-09-08,57,57,VW55-59,48.74%,2259,2187,2216,2202.0
3212568,2018-09-22,38,38,VW35-39,48.71%,1864,1811,1819,1816.0
3584259,2018-09-22,54,54,VW50-54,51.06%,2072,2103,3116,2116.0
3584259,2018-09-29,54,54,VW50-54,51.48%,2055,2103,3116,2116.0
1145839,2018-09-29,43,43,VW40-44,42.30%,2215,1867,1880,1874.0
1812239,2018-10-06,43,43,VW40-44,54.57%,1717,1867,1880,1874.0
3212568,2018-10-06,38,38,VW35-39,49.40%,1838,1811,1819,1816.0
1949590,2018-10-06,57,57,VW55-59,55.78%,1974,2187,2216,2202.0
3584259,2018-10-06,54,54,VW50-54,51.11%,2070,2103,3116,2116.0
1949590,2018-10-13,57,57,VW55-59,49.06%,2244,2187,2216,2202.0
3212568,2018-10-20,38,38,VW35-39,50.70%,1791,1811,1819,1816.0
3584259,2018-10-20,54,54,VW50-54,52.25%,2025,2103,3116,2116.0
1145839,2018-10-20,43,43,VW40-44,41.87%,2238,1867,1880,1874.0
3212568,2018-10-27,38,38,VW35-39,49.89%,1820,1811,1819,1816.0
3584259,2018-10-27,54,54,VW50-54,52.12%,2030,2103,3116,2116.0
3212568,2018-11-10,38,38,VW35-39,49.08%,1850,1811,1819,1816.0
3584259,2018-11-10,54,54,VW50-54,51.31%,2062,2103,3116,2116.0
1949590,2018-11-10,57,57,VW55-59,49.89%,2207,2187,2216,2202.0
3584259,2018-11-17,54,54,VW50-54,50.96%,2076,2103,3116,2116.0
1145839,2018-11-17,43,43,VW40-44,43.08%,2175,1867,1880,1874.0
3584259,2018-11-24,55,55,VW55-59,53.07%,2020,0,2157,2144.0
1949590,2018-11-24,57,57,VW55-59,51.86%,2123,2187,2216,2202.0
3584259,2018-12-01,55,55,VW55-59,52.96%,2024,0,2157,2144.0
1949590,2018-12-01,57,57,VW55-59,48.42%,2274,2187,2216,2202.0
1145839,2018-12-01,43,43,VW40-44,28.20%,3323,1867,1880,1874.0
1624624,2018-12-08,34,34,SM30-34,48.73%,1615,1570,2574,1574.0
3584259,2018-12-08,55,55,VW55-59,52.57%,2039,0,2157,2144.0
1949590,2018-12-08,57,57,VW55-59,50.74%,2170,2187,2216,2202.0
3584259,2018-12-15,55,55,VW55-59,53.28%,2012,0,2157,2144.0
1949590,2018-12-22,57,57,VW55-59,51.26%,2148,2187,2216,2202.0
1145839,2018-12-22,43,43,VW40-44,42.15%,2223,1867,1880,1874.0
1949590,2018-12-25,57,57,VW55-59,49.98%,2203,2187,2216,2202.0
3584259,2018-12-29,55,55,VW55-59,54.17%,1979,0,2157,2144.0
1949590,2018-12-29,57,57,VW55-59,53.45%,2060,2187,2216,2202.0
1145839,2018-12-29,43,43,VW40-44,43.44%,2157,1867,1880,1874.0
1145839,2019-01-01,43,43,VW40-44,44.85%,2089,1867,1880,1874.0
3584259,2019-01-05,55,55,VW55-59,53.68%,1997,0,2157,2144.0
1949590,2019-01-05,57,57,VW55-59,53.03%,2076,2187,2216,2202.0
2528702,2019-01-12,25,29,SW25-29,52.24%,1700,0,2776,1776.0
3584259,2019-01-12,55,55,VW55-59,54.17%,1979,0,2157,2144.0
3584259,2019-01-19,55,55,VW55-59,53.07%,2020,0,2157,2144.0
1145839,2019-01-19,43,43,VW40-44,40.93%,2289,1867,1880,1874.0
3584259,2019-01-26,55,55,VW55-59,53.49%,2004,0,2157,2144.0
1949590,2019-01-26,57,57,VW55-59,51.00%,2159,2187,2216,2202.0
1145839,2019-02-02,43,43,VW40-44,43.97%,2131,1867,1880,1874.0
3584259,2019-02-16,55,55,VW55-59,54.58%,1964,0,2157,2144.0
1949590,2019-02-16,57,57,VW55-59,53.16%,2071,2187,2216,2202.0
3584259,2019-02-23,55,55,VW55-59,53.23%,2014,0,2157,2144.0
5445130,2019-02-23,64,64,VW60-64,52.66%,2309,2414,3432,2432.0
5445159,2019-02-23,62,62,VM60-64,28.24%,3467,1950,1966,1958.0
5445130,2019-03-02,64,64,VW60-64,50.23%,2421,2414,3432,2432.0
5445159,2019-03-02,62,62,VM60-64,32.73%,2991,1950,1966,1958.0
3584259,2019-03-09,55,55,VW55-59,52.22%,2053,0,2157,2144.0
5445130,2019-03-09,65,65,VW65-69,53.19%,2322,0,2488,2470.0
5445159,2019-03-09,62,62,VM60-64,34.77%,2816,1950,1966,1958.0
3584259,2019-03-16,55,55,VW55-59,52.11%,2057,0,2157,2144.0
3584259,2019-03-23,55,55,VW55-59,53.23%,2014,0,2157,2144.0
1949590,2019-03-23,56,56,VW55-59,49.50%,2194,2158,2186,2172.0
5445130,2019-03-23,60,60,VW60-64,50.95%,2253,0,2311,2296.0
5445159,2019-03-23,61,61,VM60-64,35.94%,2702,1933,1949,1942.0
3584259,2019-03-30,55,55,VW55-59,53.76%,1994,0,2157,2144.0
5445130,2019-03-30,60,60,VW60-64,50.84%,2258,0,2311,2296.0
5445159,2019-03-30,61,61,VM60-64,37.06%,2620,1933,1949,1942.0
3584259,2019-04-06,55,55,VW55-59,54.72%,1959,0,2157,2144.0
5445130,2019-04-06,60,60,VW60-64,46.09%,2491,0,2311,2296.0
5445159,2019-04-06,61,61,VM60-64,38.50%,2522,1933,1949,1942.0
3584259,2019-04-20,55,55,VW55-59,53.63%,1999,0,2157,2144.0
5445130,2019-04-20,60,60,VW60-64,51.11%,2246,0,2311,2296.0
5445159,2019-04-20,61,61,VM60-64,39.99%,2428,1933,1949,1942.0
1812239,2019-05-04,43,43,VW40-44,50.68%,1849,1867,1880,1874.0
3584259,2019-05-04,55,55,VW55-59,52.78%,2031,0,2157,2144.0
5445159,2019-05-04,61,61,VM60-64,45.85%,2118,1933,1949,1942.0
5445130,2019-05-04,60,60,VW60-64,53.30%,2154,0,2311,2296.0
1424991,2019-05-11,62,62,VM60-64,51.69%,1894,1950,1966,1958.0
3584259,2019-05-11,55,55,VW55-59,53.33%,2010,0,2157,2144.0
614195,2019-05-18,57,57,VW55-59,43.35%,2540,2187,2216,2202.0
1424991,2019-05-25,62,62,VM60-64,51.45%,1903,1950,1966,1958.0
3584259,2019-05-25,55,55,VW55-59,51.86%,2067,0,2157,2144.0
864630,2019-05-25,62,62,VM60-64,40.45%,2420,1950,1966,1958.0
3584259,2019-06-01,55,55,VW55-59,51.61%,2077,0,2157,2144.0
3584259,2019-06-08,55,55,VW55-59,53.10%,2019,0,2157,2144.0
3584259,2019-06-15,55,55,VW55-59,52.06%,2059,0,2157,2144.0
2528702,2019-06-22,25,29,SW25-29,50.51%,1758,0,2776,1776.0
3584259,2019-06-22,55,55,VW55-59,53.52%,2003,0,2157,2144.0
5445130,2019-06-22,60,60,VW60-64,51.11%,2246,0,2311,2296.0
5445159,2019-06-22,61,61,VM60-64,30.48%,3186,1933,1949,1942.0
3584259,2019-06-29,55,55,VW55-59,52.24%,2052,0,2157,2144.0
5445130,2019-06-29,60,60,VW60-64,51.14%,2245,0,2311,2296.0
5445159,2019-06-29,61,61,VM60-64,33.96%,2859,1933,1949,1942.0
3584259,2019-07-06,55,55,VW55-59,53.31%,2011,0,2157,2144.0
3584259,2019-07-20,55,55,VW55-59,52.94%,2025,0,2157,2144.0
5445159,2019-07-20,61,61,VM60-64,46.80%,2075,1933,1949,1942.0
5445130,2019-07-20,60,60,VW60-64,49.72%,2309,0,2311,2296.0
864630,2019-08-03,62,62,VM60-64,52.80%,1854,1950,1966,1958.0
5445159,2019-08-03,61,61,VM60-64,47.93%,2026,1933,1949,1942.0
3584259,2019-08-03,55,55,VW55-59,52.37%,2047,0,2157,2144.0
5445130,2019-08-03,60,60,VW60-64,50.62%,2268,0,2311,2296.0
5445159,2019-08-10,61,61,VM60-64,49.07%,1979,1933,1949,1942.0
3584259,2019-08-10,55,55,VW55-59,52.47%,2043,0,2157,2144.0
5445130,2019-08-10,60,60,VW60-64,51.67%,2222,0,2311,2296.0
5445159,2019-08-17,61,61,VM60-64,49.24%,1972,1933,1949,1942.0
3584259,2019-08-17,55,55,VW55-59,52.39%,2046,0,2157,2144.0
5445130,2019-08-17,60,60,VW60-64,52.42%,2190,0,2311,2296.0
3584259,2019-08-24,55,55,VW55-59,52.27%,2051,0,2157,2144.0
3584259,2019-08-31,55,55,VW55-59,52.78%,2031,0,2157,2144.0
5445159,2019-09-07,61,61,VM60-64,49.09%,1978,1933,1949,1942.0
3584259,2019-09-07,55,55,VW55-59,53.23%,2014,0,2157,2144.0
5445130,2019-09-07,60,60,VW60-64,49.38%,2325,0,2311,2296.0
864630,2019-09-14,62,62,VM60-64,54.63%,1792,1950,1966,1958.0
5445159,2019-09-14,61,61,VM60-64,49.36%,1967,1933,1949,1942.0
3584259,2019-09-14,55,55,VW55-59,52.29%,2050,0,2157,2144.0
5445130,2019-09-14,60,60,VW60-64,52.06%,2205,0,2311,2296.0
1649546,2019-09-21,59,59,VM55-59,57.85%,1649,1900,2908,1908.0
864630,2019-09-21,62,62,VM60-64,56.46%,1734,1950,1966,1958.0
3584259,2019-09-21,55,55,VW55-59,51.59%,2078,0,2157,2144.0
864630,2019-09-28,62,62,VM60-64,56.49%,1733,1950,1966,1958.0
614195,2019-09-28,58,58,VW55-59,57.61%,1937,2217,2247,2232.0
5012495,2019-10-12,45,45,VM45-49,38.93%,2186,0,1707,1702.0
5445159,2019-10-19,61,61,VM60-64,47.23%,2056,1933,1949,1942.0
3584259,2019-10-19,55,55,VW55-59,50.88%,2107,0,2157,2144.0
5445130,2019-10-19,60,60,VW60-64,46.46%,2471,0,2311,2296.0
3584259,2019-10-26,55,55,VW55-59,51.71%,2073,0,2157,2144.0
1015088,2019-11-09,25,28,SM25-29,55.36%,1398,0,1548,1548.0
5445159,2019-11-09,61,61,VM60-64,49.69%,1954,1933,1949,1942.0
5445130,2019-11-09,60,60,VW60-64,50.15%,2289,0,2311,2296.0
5445159,2019-11-30,62,62,VM60-64,51.42%,1904,1950,1966,1958.0
3584259,2019-11-30,56,56,VW55-59,50.65%,2144,2158,2186,2172.0
3584259,2019-12-07,56,56,VW55-59,51.44%,2111,2158,2186,2172.0
3584259,2019-12-14,56,56,VW55-59,50.89%,2134,2158,2186,2172.0
5445130,2019-12-14,60,60,VW60-64,48.91%,2347,0,2311,2296.0
5445159,2019-12-14,62,62,VM60-64,27.28%,3589,1950,1966,1958.0
5445130,2019-12-25,60,60,VW60-64,49.29%,2329,0,2311,2296.0
373054,2020-01-01,49,49,VM45-49,60.43%,1453,1749,2756,1756.0
2528702,2020-01-01,25,29,SW25-29,55.50%,1600,0,2776,1776.0
769960,2020-01-01,34,34,SW30-34,54.05%,1654,1786,2788,1788.0
5445159,2020-01-04,62,62,VM60-64,48.73%,2009,1950,1966,1958.0
3584259,2020-01-04,56,56,VW55-59,50.91%,2133,2158,2186,2172.0
5445130,2020-01-04,60,60,VW60-64,50.31%,2282,0,2311,2296.0
5445130,2020-01-11,60,60,VW60-64,52.09%,2204,0,2311,2296.0
5445159,2020-01-11,62,62,VM60-64,27.80%,3522,1950,1966,1958.0
5445159,2020-01-18,62,62,VM60-64,50.13%,1953,1950,1966,1958.0
3584259,2020-01-18,56,56,VW55-59,52.49%,2069,2158,2186,2172.0
5445130,2020-01-18,60,60,VW60-64,52.30%,2195,0,2311,2296.0
5445159,2020-01-25,62,62,VM60-64,50.54%,1937,1950,1966,1958.0
3584259,2020-01-25,56,56,VW55-59,51.67%,2102,2158,2186,2172.0
5445130,2020-01-25,60,60,VW60-64,50.93%,2254,0,2311,2296.0
3584259,2020-02-01,56,56,VW55-59,51.08%,2126,2158,2186,2172.0
5445130,2020-02-01,60,60,VW60-64,51.48%,2230,0,2311,2296.0
5445159,2020-02-15,62,62,VM60-64,48.68%,2011,1950,1966,1958.0
3584259,2020-02-15,56,56,VW55-59,50.77%,2139,2158,2186,2172.0
5445159,2020-02-22,62,62,VM60-64,49.44%,1980,1950,1966,1958.0
3584259,2020-02-22,56,56,VW55-59,52.41%,2072,2158,2186,2172.0
5445130,2020-02-22,60,60,VW60-64,49.08%,2339,0,2311,2296.0
3584259,2020-02-29,56,56,VW55-59,52.31%,2076,2158,2186,2172.0
5445159,2020-03-07,62,62,VM60-64,50.52%,1938,1950,1966,1958.0
5445130,2020-03-07,61,61,VW60-64,50.06%,2325,2312,2344,2328.0
5445159,2020-03-14,62,62,VM60-64,50.80%,1927,1950,1966,1958.0
3584259,2020-03-14,56,56,VW55-59,52.98%,2050,2158,2186,2172.0
3584259,2021-07-24,57,57,VW55-59,46.20%,2383,2187,2216,2202.0
3584259,2021-08-07,57,57,VW55-59,47.38%,2324,2187,2216,2202.0
3584259,2021-08-28,57,57,VW55-59,48.50%,2270,2187,2216,2202.0
3584259,2021-09-18,57,57,VW55-59,46.03%,2392,2187,2216,2202.0
3584259,2021-10-23,57,57,VW55-59,47.93%,2297,2187,2216,2202.0
3584259,2021-11-13,57,57,VW55-59,46.99%,2343,2187,2216,2202.0
3584259,2021-11-27,58,58,VW55-59,48.40%,2306,2217,2247,2232.0
3584259,2021-12-18,58,58,VW55-59,48.40%,2306,2217,2247,2232.0
5445159,2022-01-01,64,64,VM60-64,45.75%,2179,1985,2994,1994.0
5445130,2022-01-01,62,62,VW60-64,36.77%,3212,2345,2378,2362.0
5445159,2022-01-08,64,64,VM60-64,46.07%,2164,1985,2994,1994.0
3584259,2022-01-08,58,58,VW55-59,47.41%,2354,2217,2247,2232.0
1348937,2022-01-08,52,52,VM50-54,35.67%,2520,1791,1805,1798.0
5445130,2022-01-08,62,62,VW60-64,43.89%,2691,2345,2378,2362.0
864630,2022-01-15,64,64,VM60-64,52.28%,1907,1985,2994,1994.0
1348937,2022-01-15,52,52,VM50-54,45.87%,1960,1791,1805,1798.0
5445159,2022-01-15,64,64,VM60-64,47.27%,2109,1985,2994,1994.0
3584259,2022-01-15,58,58,VW55-59,47.61%,2344,2217,2247,2232.0
5445130,2022-01-15,62,62,VW60-64,44.47%,2656,2345,2378,2362.0
5445159,2022-01-22,64,64,VM60-64,48.19%,2069,1985,2994,1994.0
3584259,2022-01-22,58,58,VW55-59,46.95%,2377,2217,2247,2232.0
1348937,2022-02-05,52,52,VM50-54,47.34%,1899,1791,1805,1798.0
5445159,2022-02-05,64,64,VM60-64,48.26%,2066,1985,2994,1994.0
5445130,2022-02-05,62,62,VW60-64,46.51%,2539,2345,2378,2362.0
5445159,2022-02-12,64,64,VM60-64,48.85%,2041,1985,2994,1994.0
3584259,2022-02-12,58,58,VW55-59,47.75%,2337,2217,2247,2232.0
5445130,2022-02-12,62,62,VW60-64,46.28%,2552,2345,2378,2362.0
5445159,2022-02-19,64,64,VM60-64,48.59%,2052,1985,2994,1994.0
3655979,2022-02-26,63,63,VM60-64,72.70%,1359,1967,1984,1976.0
1348937,2022-02-26,52,52,VM50-54,46.39%,1938,1791,1805,1798.0
3584259,2022-02-26,58,58,VW55-59,48.10%,2320,2217,2247,2232.0
3584259,2022-03-05,58,58,VW55-59,47.01%,2374,2217,2247,2232.0
5445159,2022-03-12,64,64,VM60-64,47.52%,2098,1985,2994,1994.0
3584259,2022-03-12,58,58,VW55-59,47.27%,2361,2217,2247,2232.0
5445130,2022-03-12,63,63,VW60-64,45.12%,2655,2379,2413,2396.0
5445159,2022-03-19,64,64,VM60-64,47.75%,2088,1985,2994,1994.0
5445159,2022-03-26,64,64,VM60-64,49.45%,2016,1985,2994,1994.0
3584259,2022-03-26,58,58,VW55-59,46.95%,2377,2217,2247,2232.0
5445159,2022-04-02,64,64,VM60-64,49.63%,2009,1985,2994,1994.0
3584259,2022-04-02,58,58,VW55-59,48.37%,2307,2217,2247,2232.0
5445159,2022-04-09,64,64,VM60-64,49.53%,2013,1985,2994,1994.0
5445159,2022-04-23,64,64,VM60-64,48.23%,2067,1985,2994,1994.0
5445159,2022-05-07,64,64,VM60-64,47.75%,2088,1985,2994,1994.0
5445159,2022-05-14,64,64,VM60-64,48.35%,2062,1985,2994,1994.0
5445159,2022-05-21,64,64,VM60-64,48.87%,2040,1985,2994,1994.0
864630,2022-06-04,65,65,VM65-69,57.06%,1763,0,2021,2012.0
5445159,2022-06-04,64,64,VM60-64,48.56%,2053,1985,2994,1994.0
5445159,2022-06-11,64,64,VM60-64,48.66%,2049,1985,2994,1994.0
864630,2022-06-25,65,65,VM65-69,61.60%,1633,0,2021,2012.0
5445159,2022-06-25,64,64,VM60-64,48.14%,2071,1985,2994,1994.0
5445159,2022-07-02,64,64,VM60-64,47.52%,2098,1985,2994,1994.0
864630,2022-07-23,65,65,VM65-69,57.29%,1756,0,2021,2012.0
1949590,2022-08-20,60,60,VW60-64,49.98%,2297,0,2311,2296.0
764052,2022-10-29,49,49,VM45-49,70.30%,1249,1749,2756,1756.0
5445159,2023-01-01,65,65,VM65-69,43.31%,2323,0,2021,2012.0
1348937,2023-01-14,53,53,VM50-54,45.95%,1974,1806,1820,1814.0
1348937,2023-01-21,53,53,VM50-54,47.12%,1925,1806,1820,1814.0
1348937,2023-01-28,53,53,VM50-54,47.86%,1895,1806,1820,1814.0
5445159,2023-01-28,65,65,VM65-69,31.14%,3231,0,2021,2012.0
5445159,2023-02-04,65,65,VM65-69,45.29%,2221,0,2021,2012.0
5445130,2023-02-04,63,63,VW60-64,42.18%,2840,2379,2413,2396.0
5445159,2023-02-11,65,65,VM65-69,45.50%,2211,0,2021,2012.0
5445159,2023-02-18,65,65,VM65-69,45.98%,2188,0,2021,2012.0
5445159,2023-02-25,65,65,VM65-69,46.92%,2144,0,2021,2012.0
5445130,2023-02-25,63,63,VW60-64,39.58%,3027,2379,2413,2396.0
5445159,2023-03-04,65,65,VM65-69,46.32%,2172,0,2021,2012.0
5445130,2023-03-04,63,63,VW60-64,41.93%,2857,2379,2413,2396.0
5445159,2023-03-25,65,65,VM65-69,47.34%,2125,0,2021,2012.0
5445159,2023-04-01,65,65,VM65-69,47.34%,2125,0,2021,2012.0
5445159,2023-05-20,65,65,VM65-69,42.84%,2348,0,2021,2012.0
5445159,2023-05-27,65,65,VM65-69,45.96%,2189,0,2021,2012.0
5445159,2023-06-03,65,65,VM65-69,45.44%,2214,0,2021,2012.0
5445159,2023-07-01,65,65,VM65-69,44.75%,2248,0,2021,2012.0
5445159,2023-07-08,65,65,VM65-69,43.89%,2292,0,2021,2012.0
5445159,2023-07-15,65,65,VM65-69,46.66%,2156,0,2021,2012.0
5445159,2023-07-22,65,65,VM65-69,46.32%,2172,0,2021,2012.0
5445159,2023-08-12,65,65,VM65-69,45.96%,2189,0,2021,2012.0
5445159,2023-08-26,65,65,VM65-69,46.25%,2175,0,2021,2012.0
5445159,2023-09-02,65,65,VM65-69,47.30%,2127,0,2021,2012.0
5445159,2023-10-07,65,65,VM65-69,43.74%,2300,0,2021,2012.0
3655979,2023-12-25,65,65,VM65-69,68.72%,1464,0,2021,2012.0
5445159,2023-12-25,66,66,VM65-69,43.61%,2330,2022,2040,2032.0
2528702,2023-12-30,31,31,SW30-34,47.87%,1857,1777,1778,1778.0
5445159,2024-01-01,66,66,VM65-69,45.32%,2242,2022,2040,2032.0
5445159,2024-01-06,66,66,VM65-69,45.48%,2234,2022,2040,2032.0
5445159,2024-02-03,66,66,VM65-69,44.96%,2260,2022,2040,2032.0
5445159,2024-02-10,66,66,VM65-69,45.72%,2222,2022,2040,2032.0
3655979,2024-02-17,65,65,VM65-69,72.74%,1383,0,2021,2012.0
5445159,2024-02-17,66,66,VM65-69,44.35%,2291,2022,2040,2032.0
4300140,2024-02-24,20,24,SW20-24,49.50%,1794,0,2776,1776.0
5445159,2024-03-09,66,66,VM65-69,44.92%,2262,2022,2040,2032.0
5445159,2024-03-16,66,66,VM65-69,46.61%,2180,2022,2040,2032.0
3380581,2024-04-13,31,31,SW30-34,56.91%,1562,1777,1778,1778.0
1348937,2024-04-20,54,54,VM50-54,46.51%,1965,1821,2828,1828.0
1348937,2024-05-04,54,54,VM50-54,48.85%,1871,1821,2828,1828.0
864630,2024-08-10,67,67,VM65-69,58.07%,1765,2041,2059,2050.0
3584259,2024-08-24,60,60,VW60-64,42.96%,2672,0,2311,2296.0
3584259,2024-08-31,60,60,VW60-64,47.03%,2441,0,2311,2296.0
3584259,2024-09-07,60,60,VW60-64,46.12%,2489,0,2311,2296.0
3584259,2024-09-14,60,60,VW60-64,47.69%,2407,0,2311,2296.0
3584259,2024-09-21,60,60,VW60-64,47.56%,2414,0,2311,2296.0
905173,2015-10-10,12,12,JM11-14,52.13%,1711,1763,1810,1784.0
1348937,2015-10-10,46,46,VM45-49,48.31%,1774,1708,1720,1714.0
1188855,2015-10-10,55,55,VM55-59,50.33%,1832,0,1851,1844.0
74670,2015-10-10,50,50,VW50-54,53.85%,1868,0,2023,2012.0
125003,2015-10-10,55,55,VW55-59,56.13%,1910,0,2157,2144.0
1441233,2015-10-10,40,40,VW40-44,47.49%,1933,0,1840,1836.0
1684429,2015-10-10,37,37,VW35-39,37.58%,2403,1803,1810,1806.0
1296162,2015-10-10,5,5,JW10,47.06%,2603,2398,2465,2450.0
1292590,2015-10-17,14,14,JM11-14,57.35%,1484,0,1721,1702.0
1186569,2015-10-17,25,28,SM25-29,51.63%,1499,0,1548,1548.0
1684429,2015-10-17,37,37,VW35-39,57.01%,1584,1803,1810,1806.0
1348937,2015-10-17,46,46,VM45-49,49.51%,1731,1708,1720,1714.0
1441233,2015-10-17,40,40,VW40-44,49.33%,1861,0,1840,1836.0
1090866,2015-10-24,13,13,JM11-14,72.32%,1203,1722,1762,1740.0
1292590,2015-10-24,14,14,JM11-14,55.15%,1543,0,1721,1702.0
1415290,2015-10-24,38,38,VM35-39,41.05%,1966,1608,1619,1614.0
1415290,2015-10-31,38,38,VM35-39,55.66%,1450,1608,1619,1614.0
1649546,2015-10-31,55,55,VM55-59,62.17%,1483,0,1851,1844.0
1186569,2015-10-31,25,28,SM25-29,51.50%,1503,0,1548,1548.0
1594344,2015-10-31,57,57,VM55-59,61.15%,1534,1868,1883,1876.0
1348937,2015-10-31,46,46,VM45-49,49.97%,1715,1708,1720,1714.0
1441233,2015-10-31,40,40,VW40-44,46.29%,1983,0,1840,1836.0
992966,2015-10-31,51,51,VW50-54,46.21%,2203,2024,2048,2036.0
1090866,2015-11-07,13,13,JM11-14,64.93%,1340,1722,1762,1740.0
1292590,2015-11-07,14,14,JM11-14,55.15%,1543,0,1721,1702.0
1627386,2015-11-07,13,13,JM11-14,53.94%,1613,1722,1762,1740.0
905173,2015-11-07,12,12,JM11-14,46.87%,1903,1763,1810,1784.0
992966,2015-11-07,51,51,VW50-54,50.75%,2006,2024,2048,2036.0
1627393,2015-11-07,6,6,JM10,35.42%,3168,2191,2308,2244.0
992966,2015-11-14,51,51,VW50-54,52.64%,1934,2024,2048,2036.0
1292590,2015-11-21,14,14,JM11-14,57.42%,1482,0,1721,1702.0
992966,2015-11-21,51,51,VW50-54,48.99%,2078,2024,2048,2036.0
1271451,2015-11-28,16,16,JM15-17,71.42%,1151,1633,1657,1644.0
215996,2015-11-28,50,50,VM50-54,74.12%,1194,0,1776,1770.0
1684429,2015-11-28,37,37,VW35-39,53.88%,1676,1803,1810,1806.0
1348937,2015-11-28,46,46,VM45-49,48.25%,1776,1708,1720,1714.0
1090866,2015-12-05,13,13,JM11-14,68.99%,1261,1722,1762,1740.0
1292590,2015-12-05,14,14,JM11-14,57.85%,1471,0,1721,1702.0
1591779,2015-12-05,25,28,SM25-29,38.60%,2005,0,1548,1548.0
1090866,2015-12-12,13,13,JM11-14,71.55%,1216,1722,1762,1740.0
1292590,2015-12-12,14,14,JM11-14,59.93%,1420,0,1721,1702.0
1684429,2015-12-12,37,37,VW35-39,53.94%,1674,1803,1810,1806.0
1090866,2015-12-19,13,13,JM11-14,71.43%,1218,1722,1762,1740.0
1292590,2015-12-19,14,14,JM11-14,57.31%,1485,0,1721,1702.0
992966,2015-12-19,51,51,VW50-54,50.12%,2031,2024,2048,2036.0
1591779,2015-12-19,25,28,SM25-29,37.50%,2064,0,1548,1548.0
992966,2016-01-02,51,51,VW50-54,50.70%,2008,2024,2048,2036.0
1090866,2016-01-09,13,13,JM11-14,65.46%,1329,1722,1762,1740.0
1292590,2016-01-09,14,14,JM11-14,58.41%,1457,0,1721,1702.0
1415290,2016-01-09,38,38,VM35-39,47.95%,1683,1608,1619,1614.0
1684429,2016-01-09,37,37,VW35-39,51.75%,1745,1803,1810,1806.0
1591779,2016-01-09,25,28,SM25-29,40.15%,1928,0,1548,1548.0
1675506,2016-01-09,13,13,JM11-14,44.43%,1958,1722,1762,1740.0
1194424,2016-01-16,55,55,VM55-59,72.48%,1272,0,1851,1844.0
1617183,2016-01-16,33,33,SM30-34,60.14%,1302,1563,1569,1566.0
1292590,2016-01-16,14,14,JM11-14,60.01%,1418,0,1721,1702.0
1415290,2016-01-16,38,38,VM35-39,56.79%,1421,1608,1619,1614.0
1684429,2016-01-16,37,37,VW35-39,54.20%,1666,1803,1810,1806.0
1675506,2016-01-16,13,13,JM11-14,45.96%,1893,1722,1762,1740.0
1617183,2016-01-23,33,33,SM30-34,60.46%,1295,1563,1569,1566.0
1684429,2016-01-23,37,37,VW35-39,55.57%,1625,1803,1810,1806.0
1684429,2016-01-30,37,37,VW35-39,54.63%,1653,1803,1810,1806.0
1090866,2016-02-06,13,13,JM11-14,69.05%,1260,1722,1762,1740.0
1415290,2016-02-06,38,38,VM35-39,56.04%,1440,1608,1619,1614.0
1090866,2016-02-13,13,13,JM11-14,74.94%,1161,1722,1762,1740.0
1090866,2016-02-20,13,13,JM11-14,68.83%,1264,1722,1762,1740.0
1292590,2016-02-27,14,14,JM11-14,59.59%,1428,0,1721,1702.0
1684429,2016-02-27,37,37,VW35-39,54.46%,1658,1803,1810,1806.0
1090866,2016-03-05,13,13,JM11-14,70.10%,1241,1722,1762,1740.0
1090866,2016-03-12,14,14,JM11-14,71.94%,1183,0,1721,1702.0
1292590,2016-03-12,14,14,JM11-14,63.37%,1343,0,1721,1702.0
1684429,2016-03-12,37,37,VW35-39,30.49%,2962,1803,1810,1806.0
1292590,2016-03-19,14,14,JM11-14,62.30%,1366,0,1721,1702.0
1675506,2016-03-19,13,13,JM11-14,48.74%,1785,1722,1762,1740.0
1684429,2016-03-26,37,37,VW35-39,54.56%,1655,1803,1810,1806.0
1292590,2016-04-02,14,14,JM11-14,59.68%,1426,0,1721,1702.0
1090866,2016-04-09,14,14,JM11-14,67.81%,1255,0,1721,1702.0
1415290,2016-04-09,38,38,VM35-39,46.92%,1720,1608,1619,1614.0
1090866,2016-04-16,14,14,JM11-14,61.89%,1375,0,1721,1702.0
1292590,2016-04-16,14,14,JM11-14,61.62%,1381,0,1721,1702.0
1684429,2016-04-16,37,37,VW35-39,57.30%,1576,1803,1810,1806.0
1617183,2016-04-23,33,33,SM30-34,61.95%,1264,1563,1569,1566.0
1292590,2016-04-23,14,14,JM11-14,62.16%,1369,0,1721,1702.0
1684429,2016-04-23,37,37,VW35-39,58.67%,1539,1803,1810,1806.0
1292590,2016-04-30,14,14,JM11-14,62.30%,1366,0,1721,1702.0
1684429,2016-04-30,37,37,VW35-39,59.37%,1521,1803,1810,1806.0
1090866,2016-05-07,14,14,JM11-14,72.61%,1172,0,1721,1702.0
1090866,2016-05-14,14,14,JM11-14,66.28%,1284,0,1721,1702.0
1292590,2016-05-14,14,14,JM11-14,64.67%,1316,0,1721,1702.0
1292590,2016-05-21,14,14,JM11-14,60.48%,1407,0,1721,1702.0
1415290,2016-05-21,38,38,VM35-39,56.67%,1424,1608,1619,1614.0
1705569,2016-05-21,47,47,VW45-49,40.79%,2383,1934,1953,1944.0
1684429,2016-05-21,38,38,VW35-39,31.38%,2894,1811,1819,1816.0
1090866,2016-06-04,14,14,JM11-14,63.60%,1338,0,1721,1702.0
1684429,2016-06-11,38,38,VW35-39,39.10%,2322,1811,1819,1816.0
1090866,2016-06-18,14,14,JM11-14,72.00%,1182,0,1721,1702.0
1684429,2016-06-18,38,38,VW35-39,62.84%,1445,1811,1819,1816.0
1415290,2016-06-25,38,38,VM35-39,56.79%,1421,1608,1619,1614.0
905173,2016-06-25,13,13,JM11-14,45.12%,1928,1722,1762,1740.0
1090866,2016-07-09,14,14,JM11-14,68.41%,1244,0,1721,1702.0
1090866,2016-07-30,14,14,JM11-14,73.17%,1163,0,1721,1702.0
1684429,2016-07-30,38,38,VW35-39,63.59%,1428,1811,1819,1816.0
1606273,2016-08-13,12,12,JM11-14,56.17%,1588,1763,1810,1784.0
1684429,2016-08-27,38,38,VW35-39,62.45%,1454,1811,1819,1816.0
1591779,2016-08-27,29,29,SM25-29,37.48%,2068,1549,2500,1550.0
1090866,2016-09-10,14,14,JM11-14,69.19%,1230,0,1721,1702.0
1090866,2016-09-17,14,14,JM11-14,70.04%,1215,0,1721,1702.0
1551071,2016-10-01,33,33,SM30-34,59.14%,1324,1563,1569,1566.0
1415290,2016-10-08,38,38,VM35-39,56.79%,1421,1608,1619,1614.0
1684429,2016-10-08,38,38,VW35-39,31.73%,2862,1811,1819,1816.0
1090866,2016-10-15,14,14,JM11-14,69.30%,1228,0,1721,1702.0
1684429,2016-10-22,38,38,VW35-39,61.27%,1482,1811,1819,1816.0
1606273,2016-10-22,12,12,JM11-14,55.47%,1608,1763,1810,1784.0
1684429,2016-10-29,38,38,VW35-39,61.02%,1488,1811,1819,1816.0
1090866,2016-11-12,14,14,JM11-14,72.30%,1177,0,1721,1702.0
1684429,2016-11-26,38,38,VW35-39,60.53%,1500,1811,1819,1816.0
928783,2016-12-10,34,34,SW30-34,60.12%,1487,1786,2788,1788.0
572070,2016-12-10,47,47,VM45-49,48.03%,1799,1721,1734,1728.0
928783,2016-12-17,34,34,SW30-34,61.32%,1458,1786,2788,1788.0
1415290,2016-12-17,39,39,VM35-39,54.93%,1480,1620,2626,1626.0
928783,2016-12-24,34,34,SW30-34,62.47%,1431,1786,2788,1788.0
1186569,2016-12-24,25,28,SM25-29,42.53%,1820,0,1548,1548.0
928783,2016-12-31,34,34,SW30-34,59.21%,1510,1786,2788,1788.0
1684429,2016-12-31,38,38,VW35-39,46.88%,1937,1811,1819,1816.0
1296162,2017-01-07,6,6,JW10,65.62%,1786,2299,2397,2344.0
1415290,2017-01-21,39,39,VM35-39,57.46%,1415,1620,2626,1626.0
905175,2017-01-21,11,11,JM11-14,63.01%,1457,1811,2836,1836.0
1090866,2017-01-28,14,14,JM11-14,69.41%,1226,0,1721,1702.0
1684429,2017-01-28,38,38,VW35-39,33.97%,2673,1811,1819,1816.0
1090866,2017-02-04,14,14,JM11-14,70.56%,1206,0,1721,1702.0
1684429,2017-02-11,38,38,VW35-39,58.96%,1540,1811,1819,1816.0
1684429,2017-02-25,38,38,VW35-39,59.70%,1521,1811,1819,1816.0
1415290,2017-03-04,39,39,VM35-39,56.11%,1449,1620,2626,1626.0
1684429,2017-03-11,38,38,VW35-39,61.85%,1468,1811,1819,1816.0
928783,2017-03-11,34,34,SW30-34,59.68%,1498,1786,2788,1788.0
1415290,2017-03-18,39,39,VM35-39,53.56%,1518,1620,2626,1626.0
928783,2017-04-01,34,34,SW30-34,58.47%,1529,1786,2788,1788.0
1415290,2017-04-15,39,39,VM35-39,55.84%,1456,1620,2626,1626.0
1415290,2017-05-27,39,39,VM35-39,56.50%,1439,1620,2626,1626.0
1606273,2017-05-27,13,13,JM11-14,58.78%,1480,1722,1762,1740.0
3525738,2017-05-27,25,29,SW25-29,43.72%,2031,0,2776,1776.0
3525738,2017-06-03,25,29,SW25-29,44.92%,1977,0,2776,1776.0
905175,2017-06-10,11,11,JM11-14,67.45%,1361,1811,2836,1836.0
3525738,2017-06-10,30,30,SW30-34,45.35%,1958,0,1776,1776.0
3525738,2017-06-17,30,30,SW30-34,40.22%,2208,0,1776,1776.0
3525738,2017-06-24,30,30,SW30-34,47.01%,1889,0,1776,1776.0
1090866,2017-07-08,15,15,JM15-17,59.43%,1405,1658,2670,1670.0
905173,2017-07-08,14,14,JM11-14,46.28%,1839,0,1721,1702.0
1617183,2017-07-15,34,34,SM30-34,62.41%,1261,1570,2574,1574.0
600747,2017-07-15,35,35,VW35-39,50.45%,1778,0,1796,1794.0
3525738,2017-07-15,30,30,SW30-34,48.05%,1848,0,1776,1776.0
3525738,2017-07-22,20,24,SW20-24,48.03%,1849,0,2776,1776.0
508066,2017-07-29,52,52,VW50-54,42.29%,2438,2049,2075,2062.0
1684429,2017-07-29,39,39,VW35-39,32.56%,2801,1820,2824,1824.0
3525738,2017-08-05,20,24,SW20-24,43.83%,2026,0,2776,1776.0
3525738,2017-08-12,20,24,SW20-24,45.89%,1935,0,2776,1776.0
3525738,2017-08-19,20,24,SW20-24,46.91%,1893,0,2776,1776.0
3525738,2017-08-26,20,24,SW20-24,48.08%,1847,0,2776,1776.0
3525738,2017-09-02,20,24,SW20-24,47.08%,1886,0,2776,1776.0
125003,2017-09-02,57,57,VW55-59,55.66%,1978,2187,2216,2202.0
905173,2017-09-16,14,14,JM11-14,48.82%,1743,0,1721,1702.0
3525738,2017-09-16,20,24,SW20-24,47.59%,1866,0,2776,1776.0
3525738,2017-09-23,20,24,SW20-24,50.17%,1770,0,2776,1776.0
905173,2017-09-23,14,14,JM11-14,46.25%,1840,0,1721,1702.0
3525738,2017-09-30,20,24,SW20-24,50.37%,1763,0,2776,1776.0
3525738,2017-10-07,20,24,SW20-24,47.90%,1854,0,2776,1776.0
3525738,2017-10-14,20,24,SW20-24,50.37%,1763,0,2776,1776.0
1090866,2017-10-21,15,15,JM15-17,66.48%,1256,1658,2670,1670.0
3525738,2017-10-21,20,24,SW20-24,51.03%,1740,0,2776,1776.0
3525738,2017-10-28,20,24,SW20-24,52.79%,1682,0,2776,1776.0
1415290,2017-11-04,40,40,VM40-44,55.56%,1474,0,1643,1638.0
3525738,2017-11-04,20,24,SW20-24,52.05%,1706,0,2776,1776.0
905175,2017-11-11,12,12,JM11-14,63.67%,1401,1763,1810,1784.0
905173,2017-11-11,15,15,JM15-17,50.79%,1644,1658,2670,1670.0
3525738,2017-11-11,20,24,SW20-24,51.72%,1717,0,2776,1776.0
3525738,2017-11-18,20,24,SW20-24,51.69%,1718,0,2776,1776.0
3525738,2017-11-25,20,24,SW20-24,50.11%,1772,0,2776,1776.0
1296162,2017-11-25,6,6,JW10,35.59%,3293,2299,2397,2344.0
905173,2017-12-02,15,15,JM15-17,50.15%,1665,1658,2670,1670.0
1296162,2017-12-02,6,6,JW10,66.21%,1770,2299,2397,2344.0
3525738,2017-12-02,20,24,SW20-24,48.98%,1813,0,2776,1776.0
905173,2017-12-09,15,15,JM15-17,49.15%,1699,1658,2670,1670.0
3525738,2017-12-09,20,24,SW20-24,50.95%,1743,0,2776,1776.0
1138623,2017-12-16,44,44,VM40-44,52.55%,1606,1682,2688,1688.0
905173,2017-12-16,15,15,JM15-17,49.09%,1701,1658,2670,1670.0
1194424,2017-12-23,57,57,VM55-59,74.03%,1267,1868,1883,1876.0
1606273,2017-12-30,13,13,JM11-14,44.64%,1949,1722,1762,1740.0
3525738,2017-12-30,20,24,SW20-24,43.38%,2047,0,2776,1776.0
1296162,2018-01-06,6,6,JW10,68.02%,1723,2299,2397,2344.0
905173,2018-01-06,15,15,JM15-17,47.82%,1746,1658,2670,1670.0
3525738,2018-01-06,20,24,SW20-24,47.74%,1860,0,2776,1776.0
905173,2018-01-13,15,15,JM15-17,46.78%,1785,1658,2670,1670.0
3525738,2018-01-13,20,24,SW20-24,47.72%,1861,0,2776,1776.0
905175,2018-01-20,12,12,JM11-14,63.26%,1410,1763,1810,1784.0
905173,2018-01-20,15,15,JM15-17,45.88%,1820,1658,2670,1670.0
3525738,2018-01-20,20,24,SW20-24,46.91%,1893,0,2776,1776.0
1617183,2018-01-27,35,35,VM35-39,63.13%,1253,0,1586,1582.0
905173,2018-01-27,15,15,JM15-17,48.46%,1723,1658,2670,1670.0
3525738,2018-01-27,20,24,SW20-24,48.79%,1820,0,2776,1776.0
905173,2018-02-03,15,15,JM15-17,48.43%,1724,1658,2670,1670.0
3525738,2018-02-03,20,24,SW20-24,48.71%,1823,0,2776,1776.0
3525738,2018-02-10,20,24,SW20-24,49.39%,1798,0,2776,1776.0
905175,2018-02-17,12,12,JM11-14,51.56%,1730,1763,1810,1784.0
3525738,2018-02-17,20,24,SW20-24,51.27%,1732,0,2776,1776.0
905173,2018-02-17,15,15,JM15-17,48.18%,1733,1658,2670,1670.0
905173,2018-03-10,15,15,JM15-17,47.47%,1759,1658,2670,1670.0
3525738,2018-03-17,20,24,SW20-24,44.85%,1980,0,2776,1776.0
3525738,2018-03-24,20,24,SW20-24,50.20%,1769,0,2776,1776.0
3525738,2018-03-31,20,24,SW20-24,49.58%,1791,0,2776,1776.0
3525738,2018-04-07,20,24,SW20-24,50.63%,1754,0,2776,1776.0
3525738,2018-04-14,20,24,SW20-24,50.80%,1748,0,2776,1776.0
905173,2018-04-14,15,15,JM15-17,45.70%,1827,1658,2670,1670.0
3525738,2018-04-21,20,24,SW20-24,51.01%,1741,0,2776,1776.0
3525738,2018-04-28,20,24,SW20-24,53.98%,1645,0,2776,1776.0
905173,2018-04-28,15,15,JM15-17,47.61%,1754,1658,2670,1670.0
3525738,2018-05-05,20,24,SW20-24,54.68%,1624,0,2776,1776.0
3525738,2018-05-19,20,24,SW20-24,54.68%,1624,0,2776,1776.0
3525738,2018-06-16,20,24,SW20-24,53.92%,1647,0,2776,1776.0
3525738,2018-06-23,20,24,SW20-24,55.53%,1599,0,2776,1776.0
3525738,2018-06-30,20,24,SW20-24,54.25%,1637,0,2776,1776.0
905175,2018-07-07,12,12,JM11-14,58.49%,1525,1763,1810,1784.0
3525738,2018-07-07,20,24,SW20-24,51.48%,1725,0,2776,1776.0
905173,2018-07-07,15,15,JM15-17,47.93%,1742,1658,2670,1670.0
3525738,2018-07-21,20,24,SW20-24,54.75%,1622,0,2776,1776.0
1415290,2018-07-28,40,40,VM40-44,54.24%,1510,0,1643,1638.0
3525738,2018-07-28,20,24,SW20-24,52.45%,1693,0,2776,1776.0
3525738,2018-08-11,20,24,SW20-24,52.39%,1695,0,2776,1776.0
1296162,2018-08-18,7,7,JW10,69.46%,1621,2214,2298,2252.0
3525738,2018-08-18,20,24,SW20-24,54.51%,1629,0,2776,1776.0
3525738,2018-08-25,20,24,SW20-24,52.83%,1681,0,2776,1776.0
905175,2018-08-25,12,12,JM11-14,51.47%,1733,1763,1810,1784.0
905173,2018-08-25,15,15,JM15-17,45.98%,1816,1658,2670,1670.0
3525738,2018-09-01,20,24,SW20-24,53.27%,1667,0,2776,1776.0
1606273,2018-09-08,14,14,JM11-14,55.12%,1544,0,1721,1702.0
3525738,2018-09-08,20,24,SW20-24,55.74%,1593,0,2776,1776.0
3525738,2018-09-15,20,24,SW20-24,54.81%,1620,0,2776,1776.0
3525738,2018-09-22,20,24,SW20-24,55.92%,1588,0,2776,1776.0
905173,2018-09-22,15,15,JM15-17,47.47%,1759,1658,2670,1670.0
3525738,2018-09-29,20,24,SW20-24,55.47%,1601,0,2776,1776.0
3525738,2018-10-13,20,24,SW20-24,55.43%,1602,0,2776,1776.0
905173,2018-10-13,15,15,JM15-17,50.27%,1661,1658,2670,1670.0
3525738,2018-10-20,20,24,SW20-24,55.19%,1609,0,2776,1776.0
905173,2018-10-20,15,15,JM15-17,48.10%,1736,1658,2670,1670.0
3525738,2018-10-27,20,24,SW20-24,55.29%,1606,0,2776,1776.0
3525738,2018-11-17,20,24,SW20-24,54.28%,1636,0,2776,1776.0
905173,2018-11-17,16,16,JM15-17,46.28%,1776,1633,1657,1644.0
3525738,2018-11-24,20,24,SW20-24,53.14%,1671,0,2776,1776.0
3525738,2018-12-01,20,24,SW20-24,52.79%,1682,0,2776,1776.0
905175,2018-12-01,13,13,JM11-14,48.66%,1788,1722,1762,1740.0
1186569,2018-12-08,30,30,SM30-34,46.66%,1663,0,1553,1552.0
3525738,2018-12-08,20,24,SW20-24,51.96%,1709,0,2776,1776.0
1606273,2018-12-22,14,14,JM11-14,58.25%,1461,0,1721,1702.0
3525738,2018-12-22,20,24,SW20-24,52.08%,1705,0,2776,1776.0
3525738,2018-12-29,20,24,SW20-24,53.53%,1659,0,2776,1776.0
3525738,2019-01-05,20,24,SW20-24,52.98%,1676,0,2776,1776.0
3525738,2019-01-12,20,24,SW20-24,52.89%,1679,0,2776,1776.0
3525738,2019-01-19,20,24,SW20-24,53.82%,1650,0,2776,1776.0
3525738,2019-01-26,20,24,SW20-24,52.61%,1688,0,2776,1776.0
3525738,2019-02-02,20,24,SW20-24,51.51%,1724,0,2776,1776.0
3525738,2019-02-09,20,24,SW20-24,51.63%,1720,0,2776,1776.0
3525738,2019-02-16,20,24,SW20-24,54.28%,1636,0,2776,1776.0
3525738,2019-02-23,20,24,SW20-24,53.75%,1652,0,2776,1776.0
3525738,2019-03-02,20,24,SW20-24,51.78%,1715,0,2776,1776.0
3525738,2019-03-09,20,24,SW20-24,47.82%,1857,0,2776,1776.0
905173,2019-03-09,16,16,JM15-17,42.50%,1934,1633,1657,1644.0
3525738,2019-03-16,20,24,SW20-24,45.33%,1959,0,2776,1776.0
3525738,2019-03-30,20,24,SW20-24,51.90%,1711,0,2776,1776.0
905173,2019-03-30,16,16,JM15-17,43.75%,1879,1633,1657,1644.0
3525738,2019-04-06,20,24,SW20-24,52.79%,1682,0,2776,1776.0
3525738,2019-04-13,20,24,SW20-24,53.30%,1666,0,2776,1776.0
1296162,2019-04-13,8,8,JW10,64.09%,1696,2141,2213,2174.0
905173,2019-04-27,16,16,JM15-17,45.16%,1820,1633,1657,1644.0
1090866,2019-05-04,17,17,JM15-17,69.11%,1172,0,1632,1620.0
1348937,2019-05-04,49,49,VM45-49,48.32%,1817,1749,2756,1756.0
1348937,2019-05-11,49,49,VM45-49,51.23%,1714,1749,2756,1756.0
3525738,2019-05-11,20,24,SW20-24,49.58%,1791,0,2776,1776.0
1348937,2019-05-18,49,49,VM45-49,51.50%,1705,1749,2756,1756.0
1675506,2019-06-15,16,16,JM15-17,40.65%,2022,1633,1657,1644.0
1415290,2019-06-22,41,41,VM40-44,51.89%,1590,1644,1655,1650.0
992966,2019-06-22,54,54,VW50-54,50.29%,2104,2103,3116,2116.0
3525738,2019-06-29,20,24,SW20-24,47.61%,1865,0,2776,1776.0
905173,2019-06-29,16,16,JM15-17,41.92%,1961,1633,1657,1644.0
3525738,2019-07-06,20,24,SW20-24,49.01%,1812,0,2776,1776.0
992966,2019-07-06,54,54,VW50-54,49.91%,2120,2103,3116,2116.0
3525738,2019-07-13,20,24,SW20-24,50.95%,1743,0,2776,1776.0
1296162,2019-07-13,8,8,JW10,61.76%,1760,2141,2213,2174.0
3525738,2019-07-20,20,24,SW20-24,49.64%,1789,0,2776,1776.0
3525738,2019-07-27,20,24,SW20-24,51.51%,1724,0,2776,1776.0
3525738,2019-08-10,20,24,SW20-24,48.84%,1818,0,2776,1776.0
3525738,2019-08-17,20,24,SW20-24,50.83%,1747,0,2776,1776.0
1296162,2019-08-17,8,8,JW10,33.37%,3257,2141,2213,2174.0
3525738,2019-08-24,20,24,SW20-24,51.90%,1711,0,2776,1776.0
3525738,2019-08-31,20,24,SW20-24,51.51%,1724,0,2776,1776.0
3525738,2019-09-07,20,24,SW20-24,52.86%,1680,0,2776,1776.0
905175,2019-09-14,14,14,JM11-14,51.08%,1666,0,1721,1702.0
3525738,2019-09-14,20,24,SW20-24,52.83%,1681,0,2776,1776.0
3525738,2019-09-21,20,24,SW20-24,52.05%,1706,0,2776,1776.0
1296162,2019-09-21,8,8,JW10,49.14%,2212,2141,2213,2174.0
3525738,2019-09-28,20,24,SW20-24,52.14%,1703,0,2776,1776.0
3525738,2019-10-05,20,24,SW20-24,53.01%,1675,0,2776,1776.0
3525738,2019-10-12,20,24,SW20-24,52.42%,1694,0,2776,1776.0
3525738,2019-10-19,20,24,SW20-24,50.95%,1743,0,2776,1776.0
3525738,2019-10-26,20,24,SW20-24,51.57%,1722,0,2776,1776.0
1296162,2019-10-26,8,8,JW10,61.90%,1756,2141,2213,2174.0
905175,2019-11-02,14,14,JM11-14,55.40%,1536,0,1721,1702.0
3525738,2019-11-02,20,24,SW20-24,49.80%,1783,0,2776,1776.0
1090866,2019-11-09,17,17,JM15-17,69.47%,1166,0,1632,1620.0
905175,2019-11-09,14,14,JM11-14,55.69%,1528,0,1721,1702.0
3525738,2019-11-09,20,24,SW20-24,51.96%,1709,0,2776,1776.0
905175,2019-11-30,14,14,JM11-14,50.44%,1687,0,1721,1702.0
3525738,2019-12-07,20,24,SW20-24,48.03%,1849,0,2776,1776.0
905175,2019-12-14,14,14,JM11-14,57.27%,1486,0,1721,1702.0
3525738,2019-12-21,20,24,SW20-24,46.96%,1891,0,2776,1776.0
3525738,2019-12-28,20,24,SW20-24,48.71%,1823,0,2776,1776.0
3525738,2020-01-11,20,24,SW20-24,50.54%,1757,0,2776,1776.0
1296162,2020-01-11,8,8,JW10,57.64%,1886,2141,2213,2174.0
125003,2020-01-11,60,60,VW60-64,52.71%,2178,0,2311,2296.0
3525738,2020-01-18,20,24,SW20-24,48.90%,1816,0,2776,1776.0
3525738,2020-01-25,20,24,SW20-24,50.74%,1750,0,2776,1776.0
614195,2020-01-25,58,58,VW55-59,47.55%,2347,2217,2247,2232.0
3525738,2020-02-01,20,24,SW20-24,50.48%,1759,0,2776,1776.0
3525738,2020-02-08,20,24,SW20-24,51.24%,1733,0,2776,1776.0
3525738,2020-02-15,20,24,SW20-24,50.00%,1776,0,2776,1776.0
3525738,2020-02-22,20,24,SW20-24,48.98%,1813,0,2776,1776.0
3525738,2020-03-07,20,24,SW20-24,51.01%,1741,0,2776,1776.0
3525738,2021-08-07,20,24,SW20-24,47.03%,1888,0,2776,1776.0
1296162,2021-08-21,10,10,JW10,60.38%,1696,0,2077,2048.0
3525738,2021-08-21,20,24,SW20-24,46.15%,1924,0,2776,1776.0
3525738,2021-08-28,20,24,SW20-24,46.35%,1916,0,2776,1776.0
1296162,2021-09-04,10,10,JW10,38.05%,2691,0,2077,2048.0
1296162,2021-09-11,10,10,JW10,59.40%,1724,0,2077,2048.0
3525738,2021-09-18,20,24,SW20-24,43.81%,2027,0,2776,1776.0
905175,2021-10-09,16,16,JM15-17,63.57%,1293,1633,1657,1644.0
3525738,2021-10-09,20,24,SW20-24,41.75%,2127,0,2776,1776.0
1684429,2021-10-16,43,43,VW40-44,45.13%,2076,1867,1880,1874.0
3525738,2021-10-30,20,24,SW20-24,42.75%,2077,0,2776,1776.0
3525738,2021-11-20,20,24,SW20-24,44.20%,2009,0,2776,1776.0
1606273,2021-12-04,17,17,JM15-17,58.57%,1383,0,1632,1620.0
1752380,2021-12-11,54,54,VM50-54,57.16%,1599,1821,2828,1828.0
1090866,2021-12-18,19,19,SM18-19,52.73%,1500,0,1591,1582.0
1752380,2021-12-25,54,54,VM50-54,56.35%,1622,1821,2828,1828.0
1296162,2022-01-08,10,10,JW10,30.17%,3394,0,2077,2048.0
1752380,2022-01-15,54,54,VM50-54,60.21%,1518,1821,2828,1828.0
1296162,2022-02-05,10,10,JW10,49.04%,2088,0,2077,2048.0
169141,2022-02-05,59,59,VW55-59,49.48%,2288,2248,3264,2264.0
1296162,2022-02-12,10,10,JW10,49.37%,2074,0,2077,2048.0
1296162,2022-02-26,10,10,JW10,48.81%,2098,0,2077,2048.0
1296162,2022-03-26,11,11,JW11-14,43.87%,2275,1976,2996,1996.0
1090866,2022-05-21,20,20,SM20-24,63.94%,1223,1560,2564,1564.0
1090866,2023-06-10,21,21,SM20-24,65.24%,1191,1552,1559,1554.0
1617183,2023-07-29,40,40,VM40-44,56.84%,1441,0,1643,1638.0
1090866,2024-01-01,21,21,SM20-24,61.23%,1269,1552,1559,1554.0
905175,2024-03-09,18,18,SM18-19,45.98%,1740,1592,2600,1600.0
905175,2024-03-23,18,18,SM18-19,38.44%,2081,1592,2600,1600.0
1090866,2024-08-24,22,24,SM20-24,53.20%,1455,0,1551,1548.0
1138623,2018-03-31,44,44,VM40-44,46.55%,1813,1682,2688,1688.0
215996,2018-04-14,52,52,VM50-54,77.30%,1163,1791,1805,1798.0
600747,2018-04-14,36,36,VW35-39,54.41%,1654,1797,1802,1800.0
600747,2018-04-21,36,36,VW35-39,52.36%,1719,1797,1802,1800.0
572070,2018-04-21,49,49,VM45-49,48.80%,1799,1749,2756,1756.0
600747,2018-04-28,36,36,VW35-39,54.95%,1638,1797,1802,1800.0
2390247,2018-04-28,43,43,VM40-44,50.09%,1673,1669,1681,1676.0
600747,2018-05-05,36,36,VW35-39,51.72%,1740,1797,1802,1800.0
2390247,2018-05-05,43,43,VM40-44,45.18%,1855,1669,1681,1676.0
770951,2018-05-19,44,44,VM40-44,67.74%,1246,1682,2688,1688.0
2390247,2018-05-19,43,43,VM40-44,50.48%,1660,1669,1681,1676.0
2390247,2018-05-26,43,43,VM40-44,51.70%,1621,1669,1681,1676.0
769960,2018-06-02,33,33,SW30-34,54.86%,1626,1782,1785,1784.0
614195,2018-06-23,56,56,VW55-59,48.01%,2262,2158,2186,2172.0
2390247,2018-06-30,43,43,VM40-44,49.18%,1704,1669,1681,1676.0
600747,2018-06-30,36,36,VW35-39,45.97%,1958,1797,1802,1800.0
1145839,2018-06-30,43,43,VW40-44,33.66%,2784,1867,1880,1874.0
1296162,2018-07-14,7,7,JW10,59.89%,1880,2214,2298,2252.0
600747,2018-07-28,36,36,VW35-39,56.07%,1605,1797,1802,1800.0
360902,2018-08-18,56,56,VM55-59,58.86%,1580,1852,1867,1860.0
2390247,2018-09-01,43,43,VM40-44,49.53%,1692,1669,1681,1676.0
600747,2018-09-01,36,36,VW35-39,48.15%,1869,1797,1802,1800.0
572070,2018-09-01,49,49,VM45-49,44.66%,1966,1749,2756,1756.0
360902,2018-09-08,56,56,VM55-59,63.05%,1475,1852,1867,1860.0
572070,2018-09-08,49,49,VM45-49,49.24%,1783,1749,2756,1756.0
2390247,2018-09-15,43,43,VM40-44,50.33%,1665,1669,1681,1676.0
572070,2018-09-15,49,49,VM45-49,43.23%,2031,1749,2756,1756.0
4933662,2018-09-15,43,43,VW40-44,37.81%,2478,1867,1880,1874.0
2390247,2018-09-22,43,43,VM40-44,53.65%,1562,1669,1681,1676.0
572070,2018-09-22,49,49,VM45-49,49.19%,1785,1749,2756,1756.0
4933662,2018-09-22,43,43,VW40-44,41.41%,2263,1867,1880,1874.0
600747,2018-09-29,36,36,VW35-39,50.42%,1785,1797,1802,1800.0
572070,2018-09-29,49,49,VM45-49,48.62%,1806,1749,2756,1756.0
2390247,2018-10-06,43,43,VM40-44,53.96%,1553,1669,1681,1676.0
4933662,2018-10-06,43,43,VW40-44,56.21%,1667,1867,1880,1874.0
572070,2018-10-06,49,49,VM45-49,47.95%,1831,1749,2756,1756.0
598715,2018-10-06,54,54,VM50-54,43.75%,2089,1821,2828,1828.0
769960,2018-10-13,33,33,SW30-34,57.66%,1547,1782,1785,1784.0
600747,2018-10-20,36,36,VW35-39,51.14%,1760,1797,1802,1800.0
572070,2018-10-20,49,49,VM45-49,44.46%,1975,1749,2756,1756.0
572070,2018-10-27,49,49,VM45-49,48.08%,1826,1749,2756,1756.0
572070,2018-11-03,49,49,VM45-49,49.41%,1777,1749,2756,1756.0
2390247,2018-11-10,43,43,VM40-44,51.99%,1612,1669,1681,1676.0
572070,2018-11-10,49,49,VM45-49,49.05%,1790,1749,2756,1756.0
4933662,2018-11-10,43,43,VW40-44,44.51%,2105,1867,1880,1874.0
2390247,2018-11-17,43,43,VM40-44,51.92%,1614,1669,1681,1676.0
1624624,2018-11-17,34,34,SM30-34,46.21%,1703,1570,2574,1574.0
572070,2018-11-17,49,49,VM45-49,48.14%,1824,1749,2756,1756.0
4933662,2018-11-17,43,43,VW40-44,50.90%,1841,1867,1880,1874.0
600747,2018-11-24,36,36,VW35-39,50.28%,1790,1797,1802,1800.0
572070,2018-11-24,49,49,VM45-49,47.77%,1838,1749,2756,1756.0
769960,2018-12-01,33,33,SW30-34,60.89%,1465,1782,1785,1784.0
2390247,2018-12-01,43,43,VM40-44,50.03%,1675,1669,1681,1676.0
572070,2018-12-01,49,49,VM45-49,49.80%,1763,1749,2756,1756.0
600747,2018-12-01,36,36,VW35-39,45.82%,1964,1797,1802,1800.0
572070,2018-12-08,49,49,VM45-49,47.72%,1840,1749,2756,1756.0
4933662,2018-12-08,43,43,VW40-44,43.32%,2163,1867,1880,1874.0
2390247,2018-12-15,43,43,VM40-44,51.25%,1635,1669,1681,1676.0
572070,2018-12-15,49,49,VM45-49,47.49%,1849,1749,2756,1756.0
4933662,2018-12-22,43,43,VW40-44,51.34%,1825,1867,1880,1874.0
572070,2018-12-22,49,49,VM45-49,46.90%,1872,1749,2756,1756.0
600747,2018-12-25,37,37,VW35-39,50.96%,1772,1803,1810,1806.0
769960,2018-12-29,30,30,SW30-34,Unknown,1476,0,1776,0.0
2390247,2018-12-29,44,44,VM40-44,50.03%,1687,1682,2688,1688.0
572070,2018-12-29,49,49,VM45-49,48.97%,1793,1749,2756,1756.0
2923559,2019-01-01,51,51,VM50-54,64.83%,1376,1777,1790,1784.0
1752380,2019-01-01,51,51,VM50-54,59.07%,1510,1777,1790,1784.0
2390247,2019-01-01,44,44,VM40-44,48.62%,1736,1682,2688,1688.0
614195,2019-01-01,55,55,VW55-59,Unknown,1986,0,2157,0.0
1145839,2019-01-01,43,43,VW40-44,44.07%,2126,1867,1880,1874.0
2390247,2019-01-05,40,40,VM40-44,Unknown,1727,0,1643,0.0
2923559,2019-01-05,50,50,VM50-54,Unknown,1788,0,1776,0.0
4933662,2019-01-05,40,40,VW40-44,Unknown,1801,0,1840,0.0
572070,2019-01-05,49,49,VM45-49,48.62%,1806,1749,2756,1756.0
600747,2019-01-05,37,37,VW35-39,45.91%,1967,1803,1810,1806.0
572070,2019-01-12,49,49,VM45-49,48.62%,1806,1749,2756,1756.0
600747,2019-01-12,37,37,VW35-39,49.10%,1839,1803,1810,1806.0
4933662,2019-01-12,43,43,VW40-44,43.24%,2167,1867,1880,1874.0
572070,2019-01-19,49,49,VM45-49,46.43%,1891,1749,2756,1756.0
2390247,2019-01-26,44,44,VM40-44,50.75%,1663,1682,2688,1688.0
572070,2019-01-26,49,49,VM45-49,50.29%,1746,1749,2756,1756.0
600747,2019-01-26,37,37,VW35-39,48.57%,1859,1803,1810,1806.0
600747,2019-02-02,37,37,VW35-39,47.33%,1908,1803,1810,1806.0
572070,2019-02-02,49,49,VM45-49,45.92%,1912,1749,2756,1756.0
600747,2019-02-09,37,37,VW35-39,51.39%,1757,1803,1810,1806.0
572070,2019-02-09,49,49,VM45-49,40.20%,2184,1749,2756,1756.0
2390247,2019-02-16,44,44,VM40-44,52.88%,1596,1682,2688,1688.0
769960,2019-02-16,33,33,SW30-34,53.06%,1681,1782,1785,1784.0
572070,2019-02-16,49,49,VM45-49,47.00%,1868,1749,2756,1756.0
600747,2019-02-23,37,37,VW35-39,56.83%,1589,1803,1810,1806.0
2390247,2019-02-23,44,44,VM40-44,48.67%,1734,1682,2688,1688.0
572070,2019-02-23,49,49,VM45-49,46.33%,1895,1749,2756,1756.0
572070,2019-03-02,50,50,VM50-54,48.73%,1816,0,1776,1770.0
2390247,2019-03-09,44,44,VM40-44,23.45%,3599,1682,2688,1688.0
572070,2019-03-09,50,50,VM50-54,24.59%,3599,0,1776,1770.0
2390247,2019-03-23,44,44,VM40-44,50.18%,1682,1682,2688,1688.0
572070,2019-03-23,50,50,VM50-54,51.07%,1733,0,1776,1770.0
600747,2019-03-23,37,37,VW35-39,51.51%,1753,1803,1810,1806.0
572070,2019-03-30,50,50,VM50-54,50.20%,1763,0,1776,1770.0
600747,2019-03-30,37,37,VW35-39,44.01%,2052,1803,1810,1806.0
572070,2019-04-06,50,50,VM50-54,51.24%,1727,0,1776,1770.0
2390247,2019-04-13,44,44,VM40-44,50.87%,1659,1682,2688,1688.0
600747,2019-04-13,37,37,VW35-39,53.97%,1673,1803,1810,1806.0
572070,2019-04-13,50,50,VM50-54,50.17%,1764,0,1776,1770.0
600747,2019-04-20,37,37,VW35-39,50.84%,1776,1803,1810,1806.0
572070,2019-04-20,50,50,VM50-54,49.78%,1778,0,1776,1770.0
2390247,2019-04-27,44,44,VM40-44,53.25%,1585,1682,2688,1688.0
572070,2019-04-27,50,50,VM50-54,47.33%,1870,0,1776,1770.0
572070,2019-05-04,50,50,VM50-54,50.92%,1738,0,1776,1770.0
572070,2019-05-11,50,50,VM50-54,49.52%,1787,0,1776,1770.0
600747,2019-05-18,37,37,VW35-39,51.45%,1755,1803,1810,1806.0
2390247,2019-05-25,44,44,VM40-44,54.07%,1561,1682,2688,1688.0
572070,2019-05-25,50,50,VM50-54,47.73%,1854,0,1776,1770.0
600747,2019-06-01,37,37,VW35-39,51.63%,1749,1803,1810,1806.0
572070,2019-06-01,50,50,VM50-54,49.36%,1793,0,1776,1770.0
1014475,2019-06-01,56,56,VM55-59,49.49%,1879,1852,1867,1860.0
600747,2019-06-08,37,37,VW35-39,55.40%,1630,1803,1810,1806.0
572070,2019-06-08,50,50,VM50-54,47.92%,1847,0,1776,1770.0
600747,2019-06-15,37,37,VW35-39,58.11%,1554,1803,1810,1806.0
1624624,2019-06-15,34,34,SM30-34,48.76%,1614,1570,2574,1574.0
572070,2019-06-15,50,50,VM50-54,49.44%,1790,0,1776,1770.0
2390247,2019-06-22,44,44,VM40-44,53.15%,1588,1682,2688,1688.0
600747,2019-06-22,37,37,VW35-39,50.90%,1774,1803,1810,1806.0
572070,2019-06-22,50,50,VM50-54,46.12%,1919,0,1776,1770.0
2390247,2019-06-29,44,44,VM40-44,45.16%,1869,1682,2688,1688.0
2390247,2019-07-06,44,44,VM40-44,48.31%,1747,1682,2688,1688.0
572070,2019-07-06,50,50,VM50-54,44.45%,1991,0,1776,1770.0
600747,2019-07-13,37,37,VW35-39,41.06%,2199,1803,1810,1806.0
1794504,2019-07-20,31,31,SM30-34,49.65%,1567,1554,1557,1556.0
572070,2019-07-20,50,50,VM50-54,48.63%,1820,0,1776,1770.0
572070,2019-07-27,50,50,VM50-54,45.20%,1958,0,1776,1770.0
572070,2019-08-03,50,50,VM50-54,46.97%,1884,0,1776,1770.0
572070,2019-08-10,50,50,VM50-54,48.02%,1843,0,1776,1770.0
508066,2019-08-17,54,54,VW50-54,63.54%,1665,2103,3116,2116.0
2390247,2019-08-17,44,44,VM40-44,49.50%,1705,1682,2688,1688.0
600747,2019-08-17,37,37,VW35-39,47.48%,1902,1803,1810,1806.0
572070,2019-08-17,50,50,VM50-54,46.34%,1910,0,1776,1770.0
572070,2019-08-24,50,50,VM50-54,47.00%,1883,0,1776,1770.0
2390247,2019-08-31,44,44,VM40-44,51.03%,1654,1682,2688,1688.0
572070,2019-08-31,50,50,VM50-54,47.61%,1859,0,1776,1770.0
600747,2019-08-31,37,37,VW35-39,45.29%,1994,1803,1810,1806.0
74670,2019-08-31,54,54,VW50-54,44.12%,2398,2103,3116,2116.0
572070,2019-09-07,50,50,VM50-54,47.92%,1847,0,1776,1770.0
572070,2019-09-14,50,50,VM50-54,48.60%,1821,0,1776,1770.0
4933662,2019-09-14,44,44,VW40-44,45.67%,2067,1881,2888,1888.0
572070,2019-09-21,50,50,VM50-54,47.56%,1861,0,1776,1770.0
4933662,2019-09-28,44,44,VW40-44,56.26%,1678,1881,2888,1888.0
2390247,2019-09-28,44,44,VM40-44,49.01%,1722,1682,2688,1688.0
572070,2019-09-28,50,50,VM50-54,46.78%,1892,0,1776,1770.0
600747,2019-09-28,37,37,VW35-39,45.54%,1983,1803,1810,1806.0
769960,2019-10-05,34,34,SW30-34,56.33%,1587,1786,2788,1788.0
600747,2019-10-05,37,37,VW35-39,52.71%,1713,1803,1810,1806.0
572070,2019-10-05,50,50,VM50-54,47.63%,1858,0,1776,1770.0
600747,2019-10-12,37,37,VW35-39,51.10%,1767,1803,1810,1806.0
572070,2019-10-12,50,50,VM50-54,48.65%,1819,0,1776,1770.0
4933662,2019-10-19,44,44,VW40-44,29.20%,3233,1881,2888,1888.0
572070,2019-10-26,50,50,VM50-54,44.95%,1969,0,1776,1770.0
600747,2019-10-26,37,37,VW35-39,45.70%,1976,1803,1810,1806.0
572070,2019-11-09,50,50,VM50-54,47.50%,1863,0,1776,1770.0
600747,2019-11-23,37,37,VW35-39,49.72%,1816,1803,1810,1806.0
572070,2019-11-23,50,50,VM50-54,45.45%,1947,0,1776,1770.0
600747,2019-11-30,37,37,VW35-39,46.07%,1960,1803,1810,1806.0
572070,2019-11-30,50,50,VM50-54,44.88%,1972,0,1776,1770.0
614195,2019-11-30,58,58,VW55-59,53.81%,2074,2217,2247,2232.0
125003,2019-11-30,60,60,VW60-64,52.49%,2187,0,2311,2296.0
4933662,2019-11-30,44,44,VW40-44,31.52%,2995,1881,2888,1888.0
572070,2019-12-07,50,50,VM50-54,47.15%,1877,0,1776,1770.0
572070,2019-12-14,50,50,VM50-54,46.00%,1924,0,1776,1770.0
572070,2019-12-25,50,50,VM50-54,45.78%,1933,0,1776,1770.0
600747,2019-12-25,38,38,VW35-39,46.54%,1951,1811,1819,1816.0
769960,2019-12-28,34,34,SW30-34,58.36%,1532,1786,2788,1788.0
572070,2019-12-28,50,50,VM50-54,47.12%,1878,0,1776,1770.0
600747,2019-12-28,38,38,VW35-39,47.61%,1907,1811,1819,1816.0
373054,2020-01-01,49,49,VM45-49,59.40%,1478,1749,2756,1756.0
600747,2020-01-01,38,38,VW35-39,45.72%,1986,1811,1819,1816.0
614195,2020-01-01,58,58,VW55-59,51.10%,2184,2217,2247,2232.0
572070,2020-01-04,50,50,VM50-54,46.29%,1912,0,1776,1770.0
572070,2020-01-11,50,50,VM50-54,47.02%,1882,0,1776,1770.0
2390247,2020-01-18,45,45,VM45-49,49.56%,1717,0,1707,1702.0
572070,2020-01-18,50,50,VM50-54,47.00%,1883,0,1776,1770.0
600747,2020-01-18,38,38,VW35-39,44.91%,2022,1811,1819,1816.0
572070,2020-01-25,50,50,VM50-54,46.09%,1920,0,1776,1770.0
769960,2020-02-08,34,34,SW30-34,64.18%,1393,1786,2788,1788.0
572070,2020-02-22,50,50,VM50-54,40.92%,2163,0,1776,1770.0
572070,2020-02-29,50,50,VM50-54,43.47%,2036,0,1776,1770.0
600747,2020-02-29,38,38,VW35-39,40.86%,2222,1811,1819,1816.0
600747,2020-03-07,38,38,VW35-39,49.03%,1852,1811,1819,1816.0
572070,2020-03-07,51,51,VM50-54,43.24%,2063,1777,1790,1784.0
2390247,2020-03-14,45,45,VM45-49,47.60%,1788,0,1707,1702.0
572070,2020-03-14,51,51,VM50-54,44.38%,2010,1777,1790,1784.0
572070,2021-07-24,52,52,VM50-54,43.62%,2061,1791,1805,1798.0
2390247,2021-07-31,46,46,VM45-49,54.52%,1572,1708,1720,1714.0
572070,2021-07-31,52,52,VM50-54,45.38%,1981,1791,1805,1798.0
572070,2021-08-07,52,52,VM50-54,44.95%,2000,1791,1805,1798.0
600747,2021-08-14,39,39,VW35-39,59.14%,1542,1820,2824,1824.0
572070,2021-08-14,52,52,VM50-54,42.95%,2093,1791,1805,1798.0
572070,2021-08-21,52,52,VM50-54,42.97%,2092,1791,1805,1798.0
572070,2021-09-04,52,52,VM50-54,45.77%,1964,1791,1805,1798.0
572070,2021-09-11,52,52,VM50-54,46.90%,1917,1791,1805,1798.0
764052,2021-09-18,48,48,VM45-49,68.64%,1269,1735,1748,1742.0
4933662,2021-09-18,46,46,VW45-49,58.84%,1635,1915,1933,1924.0
572070,2021-09-18,52,52,VM50-54,44.88%,2003,1791,1805,1798.0
600747,2021-09-25,39,39,VW35-39,59.92%,1522,1820,2824,1824.0
769960,2021-10-02,36,36,VW35-39,61.14%,1472,1797,1802,1800.0
2390247,2021-10-02,46,46,VM45-49,55.76%,1537,1708,1720,1714.0
600747,2021-10-02,39,39,VW35-39,50.75%,1797,1820,2824,1824.0
2390247,2021-10-09,46,46,VM45-49,57.48%,1491,1708,1720,1714.0
572070,2021-10-09,52,52,VM50-54,46.39%,1938,1791,1805,1798.0
600747,2021-10-16,39,39,VW35-39,57.94%,1574,1820,2824,1824.0
572070,2021-11-06,52,52,VM50-54,42.81%,2100,1791,1805,1798.0
600747,2021-11-13,39,39,VW35-39,56.65%,1610,1820,2824,1824.0
4933662,2021-11-13,46,46,VW45-49,30.39%,3166,1915,1933,1924.0
600747,2021-11-20,39,39,VW35-39,52.66%,1732,1820,2824,1824.0
600747,2021-11-27,39,39,VW35-39,51.04%,1787,1820,2824,1824.0
572070,2021-12-04,52,52,VM50-54,44.77%,2008,1791,1805,1798.0
600747,2021-12-11,39,39,VW35-39,55.95%,1630,1820,2824,1824.0
572070,2021-12-11,52,52,VM50-54,45.80%,1963,1791,1805,1798.0
572070,2021-12-25,52,52,VM50-54,43.60%,2062,1791,1805,1798.0
376625,2022-01-01,41,41,VW40-44,59.02%,1564,1841,1852,1846.0
600747,2022-01-01,40,40,VW40-44,52.97%,1733,0,1840,1836.0
600747,2022-01-08,40,40,VW40-44,54.45%,1686,0,1840,1836.0
572070,2022-01-08,52,52,VM50-54,44.24%,2032,1791,1805,1798.0
769960,2022-01-15,36,36,VW35-39,62.11%,1449,1797,1802,1800.0
600747,2022-01-15,40,40,VW40-44,52.52%,1748,0,1840,1836.0
572070,2022-01-22,52,52,VM50-54,43.54%,2065,1791,1805,1798.0
600747,2022-01-29,40,40,VW40-44,51.26%,1791,0,1840,1836.0
806554,2022-02-05,44,44,VW40-44,65.56%,1440,1881,2888,1888.0
572070,2022-02-05,52,52,VM50-54,44.20%,2034,1791,1805,1798.0
769960,2022-02-12,36,36,VW35-39,65.65%,1371,1797,1802,1800.0
2390247,2022-02-12,47,47,VM45-49,52.81%,1636,1721,1734,1728.0
572070,2022-02-12,52,52,VM50-54,44.22%,2033,1791,1805,1798.0
614195,2022-02-19,60,60,VW60-64,40.58%,2829,0,2311,2296.0
572070,2022-03-05,53,53,VM50-54,42.92%,2113,1806,1820,1814.0
600747,2022-03-12,40,40,VW40-44,47.69%,1925,0,1840,1836.0
2390247,2022-03-19,47,47,VM45-49,54.86%,1575,1721,1734,1728.0
600747,2022-03-19,40,40,VW40-44,58.25%,1576,0,1840,1836.0
572070,2022-03-19,53,53,VM50-54,45.33%,2001,1806,1820,1814.0
600747,2022-03-26,40,40,VW40-44,51.52%,1782,0,1840,1836.0
572070,2022-03-26,53,53,VM50-54,46.68%,1943,1806,1820,1814.0
572070,2022-04-02,53,53,VM50-54,45.58%,1990,1806,1820,1814.0
572070,2022-04-09,53,53,VM50-54,46.92%,1933,1806,1820,1814.0
572070,2022-04-16,53,53,VM50-54,44.46%,2040,1806,1820,1814.0
572070,2022-04-23,53,53,VM50-54,45.37%,1999,1806,1820,1814.0
2528702,2022-04-30,25,29,SW25-29,54.58%,1627,0,2776,1776.0
600747,2022-04-30,40,40,VW40-44,51.78%,1773,0,1840,1836.0
572070,2022-04-30,53,53,VM50-54,47.07%,1927,1806,1820,1814.0
600747,2022-05-07,40,40,VW40-44,53.25%,1724,0,1840,1836.0
572070,2022-05-14,53,53,VM50-54,43.82%,2070,1806,1820,1814.0
600747,2022-05-21,40,40,VW40-44,62.83%,1461,0,1840,1836.0
4933662,2022-05-21,47,47,VW45-49,58.13%,1672,1934,1953,1944.0
572070,2022-05-28,53,53,VM50-54,43.84%,2069,1806,1820,1814.0
2390247,2022-06-11,47,47,VM45-49,53.50%,1615,1721,1734,1728.0
572070,2022-06-11,53,53,VM50-54,44.46%,2040,1806,1820,1814.0
600747,2022-06-25,40,40,VW40-44,51.52%,1782,0,1840,1836.0
600747,2022-07-02,40,40,VW40-44,39.50%,2324,0,1840,1836.0
600747,2022-07-09,40,40,VW40-44,58.88%,1559,0,1840,1836.0
600747,2022-07-23,40,40,VW40-44,61.65%,1489,0,1840,1836.0
572070,2022-07-30,53,53,VM50-54,41.62%,2179,1806,1820,1814.0
572070,2022-08-06,53,53,VM50-54,41.86%,2167,1806,1820,1814.0
614195,2022-09-10,61,61,VW60-64,36.68%,3173,2312,2344,2328.0
2390247,2022-09-17,47,47,VM45-49,53.93%,1602,1721,1734,1728.0
572070,2022-09-17,53,53,VM50-54,42.78%,2120,1806,1820,1814.0
572070,2022-09-24,53,53,VM50-54,45.10%,2011,1806,1820,1814.0
600747,2022-10-01,40,40,VW40-44,60.36%,1521,0,1840,1836.0
572070,2022-10-01,53,53,VM50-54,43.90%,2066,1806,1820,1814.0
572070,2022-10-08,53,53,VM50-54,43.44%,2088,1806,1820,1814.0
600747,2022-10-08,40,40,VW40-44,43.14%,2128,0,1840,1836.0
572070,2022-10-15,53,53,VM50-54,44.88%,2021,1806,1820,1814.0
572070,2022-10-22,53,53,VM50-54,44.53%,2037,1806,1820,1814.0
600747,2022-10-29,40,40,VW40-44,51.34%,1788,0,1840,1836.0
600747,2022-11-05,40,40,VW40-44,38.88%,2361,0,1840,1836.0
600747,2022-11-12,40,40,VW40-44,42.98%,2136,0,1840,1836.0
2390247,2022-11-19,47,47,VM45-49,54.37%,1589,1721,1734,1728.0
600747,2022-12-10,40,40,VW40-44,54.26%,1692,0,1840,1836.0
600747,2022-12-24,41,41,VW40-44,55.67%,1658,1841,1852,1846.0
600747,2022-12-31,41,41,VW40-44,51.62%,1788,1841,1852,1846.0
572070,2023-01-07,53,53,VM50-54,40.67%,2230,1806,1820,1814.0
572070,2023-01-14,53,53,VM50-54,39.99%,2268,1806,1820,1814.0
600747,2023-01-28,41,41,VW40-44,51.51%,1792,1841,1852,1846.0
600747,2023-02-04,41,41,VW40-44,61.70%,1496,1841,1852,1846.0
600747,2023-03-11,41,41,VW40-44,59.13%,1561,1841,1852,1846.0
2390247,2023-03-11,48,48,VM45-49,54.85%,1588,1735,1748,1742.0
600747,2023-03-18,41,41,VW40-44,52.12%,1771,1841,1852,1846.0
600747,2023-03-25,41,41,VW40-44,51.42%,1795,1841,1852,1846.0
949684,2023-04-15,53,53,VM50-54,60.23%,1506,1806,1820,1814.0
600747,2023-04-15,41,41,VW40-44,53.69%,1719,1841,1852,1846.0
600747,2023-05-13,41,41,VW40-44,44.72%,2064,1841,1852,1846.0
600747,2023-05-20,41,41,VW40-44,63.66%,1450,1841,1852,1846.0
2390247,2023-05-27,48,48,VM45-49,54.61%,1595,1735,1748,1742.0
2390247,2023-06-10,48,48,VM45-49,55.48%,1570,1735,1748,1742.0
2390247,2023-06-24,48,48,VM45-49,54.10%,1610,1735,1748,1742.0
600747,2023-07-08,41,41,VW40-44,62.15%,1485,1841,1852,1846.0
2390247,2023-07-08,48,48,VM45-49,53.70%,1622,1735,1748,1742.0
600747,2023-07-15,41,41,VW40-44,60.41%,1528,1841,1852,1846.0
769960,2023-07-22,38,38,VW35-39,41.88%,2168,1811,1819,1816.0
600747,2023-07-29,41,41,VW40-44,51.74%,1784,1841,1852,1846.0
2390247,2023-08-12,48,48,VM45-49,55.98%,1556,1735,1748,1742.0
1551071,2023-09-02,40,40,VM40-44,60.94%,1344,0,1643,1638.0
128162,2023-09-02,63,63,VW60-64,50.83%,2357,2379,2413,2396.0
600747,2023-09-16,41,41,VW40-44,61.21%,1508,1841,1852,1846.0
2390247,2023-09-23,48,48,VM45-49,53.63%,1624,1735,1748,1742.0
600747,2023-10-07,41,41,VW40-44,57.90%,1594,1841,1852,1846.0
2390247,2023-10-21,48,48,VM45-49,52.85%,1648,1735,1748,1742.0
600747,2023-10-28,41,41,VW40-44,44.31%,2083,1841,1852,1846.0
600747,2023-11-04,41,41,VW40-44,52.77%,1749,1841,1852,1846.0
600747,2023-11-18,41,41,VW40-44,58.31%,1583,1841,1852,1846.0
600747,2023-11-25,41,41,VW40-44,51.36%,1797,1841,1852,1846.0
2390247,2023-12-02,48,48,VM45-49,52.38%,1663,1735,1748,1742.0
600747,2023-12-02,41,41,VW40-44,52.12%,1771,1841,1852,1846.0
600747,2023-12-23,40,40,VW40-44,Unknown,1692,0,1840,0.0
600747,2023-12-30,42,42,VW40-44,51.87%,1793,1853,1866,1860.0
600747,2024-01-13,42,42,VW40-44,51.32%,1812,1853,1866,1860.0
600747,2024-02-03,42,42,VW40-44,54.93%,1693,1853,1866,1860.0
600747,2024-02-10,42,42,VW40-44,51.07%,1821,1853,1866,1860.0
600747,2024-03-02,42,42,VW40-44,55.82%,1666,1853,1866,1860.0
600747,2024-03-23,42,42,VW40-44,56.99%,1632,1853,1866,1860.0
600747,2024-03-30,42,42,VW40-44,51.67%,1800,1853,1866,1860.0
600747,2024-04-27,42,42,VW40-44,52.34%,1777,1853,1866,1860.0
600747,2024-05-11,42,42,VW40-44,63.27%,1470,1853,1866,1860.0
2390247,2024-05-11,49,49,VM45-49,55.36%,1586,1749,2756,1756.0
2390247,2024-05-18,49,49,VM45-49,57.12%,1537,1749,2756,1756.0
2390247,2024-05-25,49,49,VM45-49,56.50%,1554,1749,2756,1756.0
2390247,2024-06-01,49,49,VM45-49,57.39%,1530,1749,2756,1756.0
600747,2024-06-08,42,42,VW40-44,60.74%,1531,1853,1866,1860.0
2390247,2024-06-08,49,49,VM45-49,56.39%,1557,1749,2756,1756.0
600747,2024-06-22,42,42,VW40-44,55.62%,1672,1853,1866,1860.0
2390247,2024-06-29,49,49,VM45-49,58.18%,1509,1749,2756,1756.0
600747,2024-06-29,42,42,VW40-44,52.19%,1782,1853,1866,1860.0
600747,2024-07-20,42,42,VW40-44,59.73%,1557,1853,1866,1860.0
2390247,2024-07-20,49,49,VM45-49,54.37%,1615,1749,2756,1756.0
600747,2024-07-27,42,42,VW40-44,51.98%,1789,1853,1866,1860.0
600747,2024-08-24,42,42,VW40-44,58.09%,1601,1853,1866,1860.0
2390247,2024-08-31,49,49,VM45-49,54.47%,1612,1749,2756,1756.0
2390247,2024-09-14,49,49,VM45-49,55.46%,1583,1749,2756,1756.0
600747,2024-09-14,42,42,VW40-44,44.69%,2081,1853,1866,1860.0
5692217,2024-09-21,49,49,VW45-49,57.46%,1730,1976,2988,1988.0
600747,2024-09-21,42,42,VW40-44,53.66%,1733,1853,1866,1860.0
600747,2024-10-05,42,42,VW40-44,52.04%,1787,1853,1866,1860.0
2038021,2019-05-25,32,32,SM30-34,62.20%,1254,1558,1562,1560.0
780737,2015-02-07,41,41,VM40-44,73.40%,1124,1644,1655,1650.0
537430,2015-02-07,41,41,VW40-44,71.72%,1287,1841,1852,1846.0
764052,2015-02-07,41,41,VM40-44,61.75%,1336,1644,1655,1650.0
589721,2015-02-07,48,48,VM45-49,63.81%,1365,1735,1748,1742.0
806554,2015-02-07,37,37,VW35-39,64.87%,1392,1803,1810,1806.0
360902,2015-02-07,52,52,VM50-54,56.43%,1593,1791,1805,1798.0
464972,2015-02-07,32,32,SW30-34,47.95%,1856,1779,1781,1780.0
74670,2015-02-07,49,49,VW45-49,49.18%,2021,1976,2988,1988.0
125003,2015-02-07,55,55,VW55-59,52.52%,2041,0,2157,2144.0
764052,2015-02-14,41,41,VM40-44,61.07%,1351,1644,1655,1650.0
589721,2015-02-14,48,48,VM45-49,63.86%,1364,1735,1748,1742.0
806554,2015-02-14,35,35,VW35-39,Unknown,1432,0,1796,0.0
572070,2015-02-14,45,45,VM45-49,44.70%,1904,0,1707,1702.0
764052,2015-02-21,41,41,VM40-44,62.26%,1325,1644,1655,1650.0
589721,2015-02-21,48,48,VM45-49,62.89%,1385,1735,1748,1742.0
589721,2015-02-28,48,48,VM45-49,61.29%,1421,1735,1748,1742.0
806554,2015-02-28,37,37,VW35-39,62.02%,1456,1803,1810,1806.0
764052,2015-03-07,41,41,VM40-44,62.83%,1313,1644,1655,1650.0
806554,2015-03-07,37,37,VW35-39,66.01%,1368,1803,1810,1806.0
537430,2015-03-07,41,41,VW40-44,63.31%,1458,1841,1852,1846.0
537430,2015-03-21,40,40,VW40-44,Unknown,1220,0,1840,0.0
764052,2015-03-21,42,42,VM40-44,62.48%,1330,1656,1668,1662.0
1551071,2015-03-28,32,32,SM30-34,43.45%,1795,1558,1562,1560.0
1297783,2015-03-28,52,52,VM50-54,47.34%,1899,1791,1805,1798.0
806554,2015-04-04,38,38,VW35-39,56.68%,1602,1811,1819,1816.0
764052,2015-04-11,42,42,VM40-44,64.07%,1297,1656,1668,1662.0
1551071,2015-04-11,32,32,SM30-34,45.09%,1730,1558,1562,1560.0
806554,2015-04-18,38,38,VW35-39,62.58%,1451,1811,1819,1816.0
764052,2015-04-25,42,42,VM40-44,55.96%,1485,1656,1668,1662.0
376625,2015-04-25,34,34,SW30-34,55.81%,1602,1786,2788,1788.0
764052,2015-05-02,42,42,VM40-44,64.37%,1291,1656,1668,1662.0
806554,2015-05-02,38,38,VW35-39,64.72%,1403,1811,1819,1816.0
376625,2015-05-02,34,34,SW30-34,62.00%,1442,1786,2788,1788.0
1551071,2015-05-02,32,32,SM30-34,50.06%,1558,1558,1562,1560.0
537430,2015-05-02,41,41,VW40-44,56.98%,1620,1841,1852,1846.0
523,2015-05-09,51,51,VM50-54,61.05%,1461,1777,1790,1784.0
376625,2015-05-09,34,34,SW30-34,54.28%,1647,1786,2788,1788.0
1628924,2015-05-09,39,39,VW35-39,52.75%,1729,1820,2824,1824.0
780737,2015-05-16,41,41,VM40-44,72.75%,1134,1644,1655,1650.0
764052,2015-05-16,42,42,VM40-44,64.77%,1283,1656,1668,1662.0
376625,2015-05-16,34,34,SW30-34,63.45%,1409,1786,2788,1788.0
764052,2015-05-23,42,42,VM40-44,64.32%,1292,1656,1668,1662.0
1628924,2015-05-23,39,39,VW35-39,54.12%,1685,1820,2824,1824.0
589721,2015-06-06,48,48,VM45-49,63.58%,1370,1735,1748,1742.0
1551071,2015-06-06,32,32,SM30-34,50.29%,1551,1558,1562,1560.0
764052,2015-06-27,42,42,VM40-44,64.77%,1283,1656,1668,1662.0
1551071,2015-06-27,32,32,SM30-34,48.93%,1594,1558,1562,1560.0
376625,2015-07-04,34,34,SW30-34,62.78%,1424,1786,2788,1788.0
1551071,2015-07-04,32,32,SM30-34,47.85%,1630,1558,1562,1560.0
1551071,2015-07-11,32,32,SM30-34,49.06%,1590,1558,1562,1560.0
1551071,2015-07-25,32,32,SM30-34,47.42%,1645,1558,1562,1560.0
806554,2015-08-01,35,35,VW35-39,Unknown,1463,0,1796,0.0
1551071,2015-08-08,32,32,SM30-34,46.93%,1662,1558,1562,1560.0
806554,2015-08-15,35,35,VW35-39,Unknown,1488,0,1796,0.0
1551071,2015-08-15,32,32,SM30-34,48.90%,1595,1558,1562,1560.0
806554,2015-08-22,35,35,VW35-39,Unknown,1563,0,1796,0.0
764052,2015-08-29,42,42,VM40-44,62.62%,1327,1656,1668,1662.0
1551071,2015-08-29,32,32,SM30-34,49.21%,1585,1558,1562,1560.0
376625,2015-09-05,30,30,SW30-34,Unknown,1461,0,1776,0.0
1551071,2015-09-05,32,32,SM30-34,50.58%,1542,1558,1562,1560.0
1297783,2015-09-05,53,53,VM50-54,52.25%,1736,1806,1820,1814.0
376625,2015-09-19,34,34,SW30-34,63.36%,1411,1786,2788,1788.0
1916309,2015-09-26,30,30,SM30-34,34.66%,2239,0,1553,1552.0
1916309,2015-10-03,30,30,SM30-34,44.17%,1757,0,1553,1552.0
376625,2015-10-10,35,35,VW35-39,63.75%,1407,0,1796,1794.0
1551071,2015-10-17,32,32,SM30-34,45.14%,1728,1558,1562,1560.0
806554,2015-10-24,38,38,VW35-39,61.31%,1481,1811,1819,1816.0
1551071,2015-10-24,32,32,SM30-34,46.90%,1663,1558,1562,1560.0
1916309,2015-10-24,31,31,SM30-34,43.83%,1775,1554,1557,1556.0
1551071,2015-10-31,32,32,SM30-34,48.72%,1601,1558,1562,1560.0
1916309,2015-10-31,29,29,SM25-29,44.64%,1736,1549,2500,1550.0
1297783,2015-10-31,53,53,VM50-54,51.86%,1749,1806,1820,1814.0
1916309,2015-11-07,29,29,SM25-29,40.39%,1919,1549,2500,1550.0
764052,2015-11-14,42,42,VM40-44,64.17%,1295,1656,1668,1662.0
376625,2015-11-14,35,35,VW35-39,64.03%,1401,0,1796,1794.0
1076027,2015-11-14,42,42,VM40-44,50.15%,1657,1656,1668,1662.0
764052,2015-11-21,42,42,VM40-44,64.22%,1294,1656,1668,1662.0
764052,2015-11-28,42,42,VM40-44,64.77%,1283,1656,1668,1662.0
2038021,2015-11-28,25,28,SM25-29,44.28%,1748,0,1548,1548.0
764052,2015-12-05,42,42,VM40-44,64.37%,1291,1656,1668,1662.0
764052,2015-12-12,42,42,VM40-44,65.69%,1265,1656,1668,1662.0
2038021,2015-12-12,25,28,SM25-29,56.29%,1375,0,1548,1548.0
2038021,2015-12-26,25,28,SM25-29,54.85%,1411,0,1548,1548.0
806554,2016-01-02,38,38,VW35-39,63.01%,1441,1811,1819,1816.0
764052,2016-01-09,40,40,VM40-44,Unknown,1231,0,1643,0.0
2038021,2016-01-09,29,29,SM25-29,55.72%,1391,1549,2500,1550.0
806554,2016-01-09,35,35,VW35-39,Unknown,1458,0,1796,0.0
1297783,2016-01-09,53,53,VM50-54,43.52%,2084,1806,1820,1814.0
764052,2016-01-16,42,42,VM40-44,66.69%,1246,1656,1668,1662.0
2038021,2016-01-16,29,29,SM25-29,57.32%,1352,1549,2500,1550.0
356941,2016-01-16,49,49,VW45-49,51.00%,1949,1976,2988,1988.0
2038021,2016-01-23,29,29,SM25-29,57.71%,1343,1549,2500,1550.0
764052,2016-01-23,42,42,VM40-44,50.30%,1652,1656,1668,1662.0
2038021,2016-01-30,29,29,SM25-29,58.40%,1327,1549,2500,1550.0
806554,2016-01-30,38,38,VW35-39,57.91%,1568,1811,1819,1816.0
1201558,2016-01-30,47,47,VW45-49,32.84%,2960,1934,1953,1944.0
2038021,2016-02-06,29,29,SM25-29,58.53%,1324,1549,2500,1550.0
764052,2016-02-13,42,42,VM40-44,63.97%,1299,1656,1668,1662.0
2038021,2016-02-13,29,29,SM25-29,59.48%,1303,1549,2500,1550.0
806554,2016-02-13,38,38,VW35-39,62.15%,1461,1811,1819,1816.0
2038021,2016-02-20,25,28,SM25-29,59.17%,1308,0,1548,1548.0
764052,2016-02-27,42,42,VM40-44,64.57%,1287,1656,1668,1662.0
2038021,2016-02-27,25,28,SM25-29,59.54%,1300,0,1548,1548.0
373054,2016-02-27,46,46,VM45-49,38.04%,2253,1708,1720,1714.0
2038021,2016-03-05,25,28,SM25-29,59.95%,1291,0,1548,1548.0
2038021,2016-03-12,25,28,SM25-29,61.67%,1255,0,1548,1548.0
764052,2016-03-12,43,43,VM40-44,65.88%,1272,1669,1681,1676.0
2038021,2016-03-19,25,28,SM25-29,61.72%,1254,0,1548,1548.0
764052,2016-03-26,43,43,VM40-44,62.68%,1337,1669,1681,1676.0
2038021,2016-04-02,25,28,SM25-29,61.58%,1257,0,1548,1548.0
2038021,2016-04-16,25,28,SM25-29,61.09%,1267,0,1548,1548.0
764052,2016-04-16,43,43,VM40-44,64.12%,1307,1669,1681,1676.0
806554,2016-04-16,39,39,VW35-39,56.37%,1618,1820,2824,1824.0
2038021,2016-05-07,29,29,SM25-29,62.10%,1248,1549,2500,1550.0
764052,2016-05-07,43,43,VM40-44,61.57%,1361,1669,1681,1676.0
1551071,2016-05-07,33,33,SM30-34,45.34%,1727,1563,1569,1566.0
2038021,2016-05-14,29,29,SM25-29,61.90%,1252,1549,2500,1550.0
764052,2016-05-14,43,43,VM40-44,60.11%,1394,1669,1681,1676.0
1551071,2016-05-14,33,33,SM30-34,46.66%,1678,1563,1569,1566.0
2038021,2016-05-21,29,29,SM25-29,62.65%,1237,1549,2500,1550.0
764052,2016-05-21,43,43,VM40-44,61.17%,1370,1669,1681,1676.0
1551071,2016-05-21,33,33,SM30-34,48.63%,1610,1563,1569,1566.0
1551071,2016-05-28,33,33,SM30-34,50.71%,1544,1563,1569,1566.0
2038021,2016-06-11,29,29,SM25-29,62.35%,1243,1549,2500,1550.0
764052,2016-06-25,43,43,VM40-44,64.26%,1304,1669,1681,1676.0
2038021,2016-07-02,29,29,SM25-29,61.90%,1252,1549,2500,1550.0
764052,2016-07-09,43,43,VM40-44,66.25%,1265,1669,1681,1676.0
2038021,2016-07-09,29,29,SM25-29,60.64%,1278,1549,2500,1550.0
2038021,2016-07-16,29,29,SM25-29,61.65%,1257,1549,2500,1550.0
2038021,2016-07-23,29,29,SM25-29,61.56%,1259,1549,2500,1550.0
376625,2016-07-23,35,35,VW35-39,60.90%,1473,0,1796,1794.0
2652631,2016-07-23,41,41,VM40-44,34.38%,2400,1644,1655,1650.0
764052,2016-07-30,43,43,VM40-44,65.73%,1275,1669,1681,1676.0
1628924,2016-07-30,12,12,JW11-14,51.89%,1883,1936,1975,1954.0
2652631,2016-07-30,41,41,VM40-44,35.41%,2330,1644,1655,1650.0
1551071,2016-08-06,33,33,SM30-34,52.66%,1487,1563,1569,1566.0
1628924,2016-08-06,12,12,JW11-14,53.13%,1839,1936,1975,1954.0
2652631,2016-08-06,41,41,VM40-44,37.64%,2192,1644,1655,1650.0
1628924,2016-08-13,12,12,JW11-14,48.34%,2021,1936,1975,1954.0
2038021,2016-09-10,29,29,SM25-29,57.07%,1358,1549,2500,1550.0
1628924,2016-09-10,12,12,JW11-14,47.87%,2041,1936,1975,1954.0
2038021,2016-09-17,29,29,SM25-29,57.36%,1351,1549,2500,1550.0
1551071,2016-09-24,33,33,SM30-34,55.93%,1400,1563,1569,1566.0
2038021,2016-10-01,29,29,SM25-29,59.48%,1303,1549,2500,1550.0
1916309,2016-10-01,29,29,SM25-29,34.68%,2235,1549,2500,1550.0
2038021,2016-10-22,29,29,SM25-29,57.32%,1352,1549,2500,1550.0
2652631,2016-10-22,41,41,VM40-44,35.09%,2351,1644,1655,1650.0
373054,2016-10-29,46,46,VM45-49,64.73%,1324,1708,1720,1714.0
2038021,2016-10-29,29,29,SM25-29,58.49%,1325,1549,2500,1550.0
806554,2016-10-29,39,39,VW35-39,53.18%,1715,1820,2824,1824.0
572070,2016-10-29,47,47,VM45-49,46.55%,1856,1721,1734,1728.0
2038021,2016-11-05,29,29,SM25-29,58.18%,1332,1549,2500,1550.0
2038021,2016-11-12,29,29,SM25-29,59.43%,1304,1549,2500,1550.0
2038021,2016-11-26,29,29,SM25-29,58.67%,1321,1549,2500,1550.0
2038021,2016-12-17,29,29,SM25-29,58.71%,1320,1549,2500,1550.0
764052,2016-12-24,43,43,VM40-44,62.30%,1345,1669,1681,1676.0
572070,2016-12-24,47,47,VM45-49,45.38%,1904,1721,1734,1728.0
2652631,2016-12-24,41,41,VM40-44,34.42%,2397,1644,1655,1650.0
764052,2016-12-31,43,43,VM40-44,63.10%,1328,1669,1681,1676.0
2038021,2016-12-31,29,29,SM25-29,57.62%,1345,1549,2500,1550.0
2038021,2017-01-14,29,29,SM25-29,57.28%,1353,1549,2500,1550.0
764052,2017-01-21,43,43,VM40-44,64.12%,1307,1669,1681,1676.0
2038021,2017-01-21,29,29,SM25-29,58.80%,1318,1549,2500,1550.0
2038021,2017-01-28,29,29,SM25-29,58.76%,1319,1549,2500,1550.0
764052,2017-02-04,43,43,VM40-44,65.78%,1274,1669,1681,1676.0
806554,2017-02-04,39,39,VW35-39,58.54%,1558,1820,2824,1824.0
572070,2017-02-04,47,47,VM45-49,44.51%,1941,1721,1734,1728.0
764052,2017-02-11,43,43,VM40-44,63.73%,1315,1669,1681,1676.0
2038021,2017-02-11,29,29,SM25-29,57.75%,1342,1549,2500,1550.0
2038021,2017-02-25,29,29,SM25-29,59.62%,1300,1549,2500,1550.0
2038021,2017-03-04,29,29,SM25-29,59.66%,1299,1549,2500,1550.0
572070,2017-03-04,48,48,VM45-49,41.73%,2087,1735,1748,1742.0
523,2017-03-11,53,53,VM50-54,66.01%,1374,1806,1820,1814.0
1076027,2017-03-11,43,43,VM40-44,47.91%,1749,1669,1681,1676.0
2038021,2017-03-18,29,29,SM25-29,59.52%,1302,1549,2500,1550.0
1551071,2017-03-18,34,34,SM30-34,58.30%,1350,1570,2574,1574.0
523,2017-03-18,53,53,VM50-54,66.45%,1365,1806,1820,1814.0
589721,2017-03-18,50,50,VM50-54,54.80%,1615,0,1776,1770.0
2038021,2017-03-25,29,29,SM25-29,59.48%,1303,1549,2500,1550.0
2038021,2017-04-01,29,29,SM25-29,60.74%,1276,1549,2500,1550.0
2038021,2017-04-08,29,29,SM25-29,60.64%,1278,1549,2500,1550.0
523,2017-04-08,53,53,VM50-54,63.92%,1419,1806,1820,1814.0
2038021,2017-04-15,29,29,SM25-29,61.22%,1266,1549,2500,1550.0
2038021,2017-04-22,30,30,SM30-34,61.59%,1260,0,1553,1552.0
2038021,2017-04-29,30,30,SM30-34,61.39%,1264,0,1553,1552.0
764052,2017-04-29,44,44,VM40-44,66.35%,1272,1682,2688,1688.0
2038021,2017-05-06,30,30,SM30-34,60.25%,1288,0,1553,1552.0
2038021,2017-05-13,30,30,SM30-34,61.20%,1268,0,1553,1552.0
764052,2017-05-20,44,44,VM40-44,64.23%,1314,1682,2688,1688.0
2038021,2017-05-27,30,30,SM30-34,60.11%,1291,0,1553,1552.0
764052,2017-06-10,44,44,VM40-44,62.56%,1349,1682,2688,1688.0
2038021,2017-06-17,30,30,SM30-34,60.02%,1293,0,1553,1552.0
2038021,2017-07-01,30,30,SM30-34,59.19%,1311,0,1553,1552.0
764052,2017-07-01,44,44,VM40-44,61.38%,1375,1682,2688,1688.0
764052,2017-07-08,44,44,VM40-44,67.47%,1251,1682,2688,1688.0
764052,2017-07-15,44,44,VM40-44,67.52%,1250,1682,2688,1688.0
2038021,2017-07-22,30,30,SM30-34,58.92%,1317,0,1553,1552.0
2038021,2017-07-29,30,30,SM30-34,59.60%,1302,0,1553,1552.0
2038021,2017-08-05,30,30,SM30-34,59.42%,1306,0,1553,1552.0
2038021,2017-08-12,30,30,SM30-34,58.83%,1319,0,1553,1552.0
2038021,2017-08-19,30,30,SM30-34,60.44%,1284,0,1553,1552.0
480802,2017-08-19,57,57,VM55-59,40.94%,2291,1868,1883,1876.0
2038021,2017-09-02,30,30,SM30-34,59.60%,1302,0,1553,1552.0
523,2017-09-02,53,53,VM50-54,69.50%,1305,1806,1820,1814.0
764052,2017-09-02,44,44,VM40-44,62.94%,1341,1682,2688,1688.0
2038021,2017-09-09,30,30,SM30-34,59.92%,1295,0,1553,1552.0
589721,2017-09-09,50,50,VM50-54,66.89%,1323,0,1776,1770.0
523,2017-09-16,53,53,VM50-54,70.53%,1286,1806,1820,1814.0
2038021,2017-09-16,30,30,SM30-34,59.28%,1309,0,1553,1552.0
2038021,2017-09-23,30,30,SM30-34,60.39%,1285,0,1553,1552.0
2038021,2017-09-30,30,30,SM30-34,60.11%,1291,0,1553,1552.0
764052,2017-09-30,44,44,VM40-44,65.12%,1296,1682,2688,1688.0
806554,2017-09-30,40,40,VW40-44,38.65%,2375,0,1840,1836.0
2038021,2017-10-07,30,30,SM30-34,60.77%,1277,0,1553,1552.0
2038021,2017-10-14,30,30,SM30-34,62.23%,1247,0,1553,1552.0
764052,2017-10-14,44,44,VM40-44,65.48%,1289,1682,2688,1688.0
600747,2017-10-14,35,35,VW35-39,46.55%,1927,0,1796,1794.0
2038021,2017-10-21,30,30,SM30-34,61.83%,1255,0,1553,1552.0
480802,2017-10-21,57,57,VM55-59,43.39%,2162,1868,1883,1876.0
2038021,2017-10-28,30,30,SM30-34,61.01%,1272,0,1553,1552.0
480802,2017-10-28,57,57,VM55-59,43.59%,2152,1868,1883,1876.0
2038021,2017-11-04,30,30,SM30-34,60.86%,1275,0,1553,1552.0
1297783,2017-11-04,55,55,VM55-59,56.67%,1627,0,1851,1844.0
480802,2017-11-04,57,57,VM55-59,40.85%,2296,1868,1883,1876.0
480802,2017-11-11,58,58,VM55-59,43.74%,2163,1884,1899,1892.0
2038021,2017-11-18,30,30,SM30-34,60.58%,1281,0,1553,1552.0
2038021,2017-11-25,30,30,SM30-34,60.48%,1283,0,1553,1552.0
764052,2017-12-02,44,44,VM40-44,65.68%,1285,1682,2688,1688.0
2038021,2017-12-09,30,30,SM30-34,60.44%,1284,0,1553,1552.0
2038021,2017-12-16,30,30,SM30-34,59.88%,1296,0,1553,1552.0
598715,2017-12-16,54,54,VM50-54,54.47%,1678,1821,2828,1828.0
2038021,2017-12-23,30,30,SM30-34,59.97%,1294,0,1553,1552.0
2038021,2018-01-13,30,30,SM30-34,59.33%,1308,0,1553,1552.0
2038021,2018-01-20,30,30,SM30-34,54.84%,1415,0,1553,1552.0
376625,2018-01-20,37,37,VW35-39,61.10%,1478,1803,1810,1806.0
2652631,2018-01-20,42,42,VM40-44,31.66%,2625,1656,1668,1662.0
764052,2018-01-27,44,44,VM40-44,65.94%,1280,1682,2688,1688.0
589721,2018-01-27,51,51,VM50-54,61.14%,1459,1777,1790,1784.0
806554,2018-01-27,40,40,VW40-44,36.79%,2495,0,1840,1836.0
2038021,2018-02-03,30,30,SM30-34,58.79%,1320,0,1553,1552.0
589721,2018-02-03,51,51,VM50-54,65.73%,1357,1777,1790,1784.0
2038021,2018-02-17,30,30,SM30-34,59.83%,1297,0,1553,1552.0
2652631,2018-02-24,12,12,JW11-14,38.94%,2509,1936,1975,1954.0
1138623,2018-03-03,44,44,VM40-44,30.52%,2765,1682,2688,1688.0
2038021,2018-03-10,30,30,SM30-34,57.27%,1355,0,1553,1552.0
360902,2018-03-10,55,55,VM55-59,59.72%,1544,0,1851,1844.0
2038021,2018-03-24,30,30,SM30-34,58.00%,1338,0,1553,1552.0
806554,2018-03-24,41,41,VW40-44,53.76%,1717,1841,1852,1846.0
2038021,2018-03-31,30,30,SM30-34,57.40%,1352,0,1553,1552.0
2038021,2018-04-14,30,30,SM30-34,56.64%,1370,0,1553,1552.0
2038021,2018-04-28,31,31,SM30-34,60.50%,1286,1554,1557,1556.0
2038021,2018-05-05,31,31,SM30-34,60.26%,1291,1554,1557,1556.0
2038021,2018-05-12,31,31,SM30-34,58.19%,1337,1554,1557,1556.0
3529055,2018-05-12,14,14,JM11-14,53.83%,1581,0,1721,1702.0
2038021,2018-05-26,31,31,SM30-34,60.45%,1287,1554,1557,1556.0
589721,2018-05-26,51,51,VM50-54,66.67%,1338,1777,1790,1784.0
1551071,2018-06-02,35,35,VM35-39,49.72%,1591,0,1586,1582.0
2038021,2018-06-09,31,31,SM30-34,60.73%,1281,1554,1557,1556.0
480802,2018-06-09,58,58,VM55-59,47.04%,2011,1884,1899,1892.0
480802,2018-06-16,58,58,VM55-59,46.56%,2032,1884,1899,1892.0
2038021,2018-06-23,31,31,SM30-34,60.40%,1288,1554,1557,1556.0
480802,2018-06-23,58,58,VM55-59,48.74%,1941,1884,1899,1892.0
764052,2018-06-30,45,45,VM45-49,65.87%,1292,0,1707,1702.0
2038021,2018-07-07,31,31,SM30-34,60.03%,1296,1554,1557,1556.0
480802,2018-07-07,58,58,VM55-59,44.27%,2137,1884,1899,1892.0
764052,2018-07-21,45,45,VM45-49,67.01%,1270,0,1707,1702.0
2038021,2018-07-21,31,31,SM30-34,59.39%,1310,1554,1557,1556.0
480802,2018-07-21,58,58,VM55-59,46.69%,2026,1884,1899,1892.0
2038021,2018-07-28,31,31,SM30-34,58.89%,1321,1554,1557,1556.0
480802,2018-07-28,58,58,VM55-59,46.58%,2031,1884,1899,1892.0
764052,2018-08-11,45,45,VM45-49,66.02%,1289,0,1707,1702.0
2038021,2018-08-11,31,31,SM30-34,59.71%,1303,1554,1557,1556.0
2038021,2018-08-18,31,31,SM30-34,60.50%,1286,1554,1557,1556.0
480802,2018-08-18,58,58,VM55-59,45.31%,2088,1884,1899,1892.0
2038021,2018-08-25,31,31,SM30-34,59.53%,1307,1554,1557,1556.0
2038021,2018-09-01,31,31,SM30-34,59.16%,1315,1554,1557,1556.0
480802,2018-09-01,58,58,VM55-59,45.63%,2073,1884,1899,1892.0
614195,2018-09-08,57,57,VW55-59,48.70%,2261,2187,2216,2202.0
2038021,2018-11-03,31,31,SM30-34,62.34%,1248,1554,1557,1556.0
2038021,2018-11-10,31,31,SM30-34,60.54%,1285,1554,1557,1556.0
2038021,2018-11-24,31,31,SM30-34,61.55%,1264,1554,1557,1556.0
2038021,2018-12-08,31,31,SM30-34,60.22%,1292,1554,1557,1556.0
2038021,2018-12-15,31,31,SM30-34,61.26%,1270,1554,1557,1556.0
1015088,2018-12-15,25,28,SM25-29,49.21%,1573,0,1548,1548.0
1624624,2018-12-15,34,34,SM30-34,46.43%,1695,1570,2574,1574.0
2038021,2018-12-22,31,31,SM30-34,58.15%,1338,1554,1557,1556.0
1015088,2018-12-22,25,28,SM25-29,48.96%,1581,0,1548,1548.0
2038021,2018-12-29,31,31,SM30-34,57.50%,1353,1554,1557,1556.0
2038021,2019-01-01,31,31,SM30-34,60.26%,1291,1554,1557,1556.0
1015088,2019-01-01,25,28,SM25-29,48.77%,1587,0,1548,1548.0
1624624,2019-01-01,34,34,SM30-34,46.43%,1695,1570,2574,1574.0
764052,2019-01-05,45,45,VM45-49,64.96%,1310,0,1707,1702.0
2038021,2019-01-19,31,31,SM30-34,57.54%,1352,1554,1557,1556.0
1015088,2019-01-19,25,28,SM25-29,52.47%,1475,0,1548,1548.0
2038021,2019-01-26,31,31,SM30-34,58.10%,1339,1554,1557,1556.0
1015088,2019-01-26,25,28,SM25-29,52.33%,1479,0,1548,1548.0
2038021,2019-02-02,31,31,SM30-34,56.95%,1366,1554,1557,1556.0
2038021,2019-02-09,31,31,SM30-34,58.23%,1336,1554,1557,1556.0
769960,2019-02-09,33,33,SW30-34,58.57%,1523,1782,1785,1784.0
806554,2019-02-09,41,41,VW40-44,60.05%,1537,1841,1852,1846.0
1624624,2019-02-09,34,34,SM30-34,46.68%,1686,1570,2574,1574.0
376625,2019-02-16,38,38,VW35-39,63.54%,1429,1811,1819,1816.0
2038021,2019-02-23,31,31,SM30-34,59.75%,1302,1554,1557,1556.0
2038021,2019-03-02,31,31,SM30-34,59.21%,1314,1554,1557,1556.0
2038021,2019-03-16,31,31,SM30-34,57.93%,1343,1554,1557,1556.0
376625,2019-03-16,38,38,VW35-39,62.45%,1454,1811,1819,1816.0
2038021,2019-03-23,31,31,SM30-34,59.71%,1303,1554,1557,1556.0
376625,2019-03-23,38,38,VW35-39,60.82%,1493,1811,1819,1816.0
2038021,2019-03-30,31,31,SM30-34,60.40%,1288,1554,1557,1556.0
376625,2019-03-30,38,38,VW35-39,62.88%,1444,1811,1819,1816.0
2038021,2019-04-06,31,31,SM30-34,60.78%,1280,1554,1557,1556.0
2038021,2019-04-13,31,31,SM30-34,61.21%,1271,1554,1557,1556.0
1752380,2019-04-20,51,51,VM50-54,40.79%,2187,1777,1790,1784.0
2038021,2019-04-27,32,32,SM30-34,61.08%,1277,1558,1562,1560.0
1624624,2019-04-27,34,34,SM30-34,48.13%,1635,1570,2574,1574.0
764052,2019-05-04,46,46,VM45-49,67.91%,1262,1708,1720,1714.0
2038021,2019-05-04,32,32,SM30-34,61.42%,1270,1558,1562,1560.0
770951,2019-05-04,45,45,VM45-49,64.13%,1327,0,1707,1702.0
1624624,2019-05-04,34,34,SM30-34,48.37%,1627,1570,2574,1574.0
2038021,2019-05-11,32,32,SM30-34,61.61%,1266,1558,1562,1560.0
1624624,2019-05-11,34,34,SM30-34,48.02%,1639,1570,2574,1574.0
2038021,2019-05-18,32,32,SM30-34,62.00%,1258,1558,1562,1560.0
2038021,2019-06-01,32,32,SM30-34,61.42%,1270,1558,1562,1560.0
2038021,2019-06-08,32,32,SM30-34,60.89%,1281,1558,1562,1560.0
2038021,2019-06-22,32,32,SM30-34,61.76%,1263,1558,1562,1560.0
1551071,2019-07-06,36,36,VM35-39,53.00%,1502,1587,1596,1592.0
1624624,2019-07-13,34,34,SM30-34,46.85%,1680,1570,2574,1574.0
2038021,2019-07-27,32,32,SM30-34,59.36%,1314,1558,1562,1560.0
1551071,2019-07-27,36,36,VM35-39,52.23%,1524,1587,1596,1592.0
2038021,2019-08-03,32,32,SM30-34,59.86%,1303,1558,1562,1560.0
2038021,2019-08-10,32,32,SM30-34,59.77%,1305,1558,1562,1560.0
373054,2019-08-10,49,49,VM45-49,64.32%,1365,1749,2756,1756.0
1551071,2019-08-10,36,36,VM35-39,56.21%,1416,1587,1596,1592.0
1624624,2019-08-10,34,34,SM30-34,47.50%,1657,1570,2574,1574.0
2038021,2019-08-17,32,32,SM30-34,59.09%,1320,1558,1562,1560.0
764052,2019-08-24,46,46,VM45-49,66.28%,1293,1708,1720,1714.0
2038021,2019-08-24,32,32,SM30-34,59.77%,1305,1558,1562,1560.0
2038021,2019-08-31,32,32,SM30-34,60.09%,1298,1558,1562,1560.0
1015088,2019-08-31,25,28,SM25-29,54.85%,1411,0,1548,1548.0
215996,2019-09-07,53,53,VM50-54,77.65%,1168,1806,1820,1814.0
2038021,2019-09-07,32,32,SM30-34,61.27%,1273,1558,1562,1560.0
2038021,2019-09-14,32,32,SM30-34,61.32%,1272,1558,1562,1560.0
1015088,2019-09-14,25,28,SM25-29,53.60%,1444,0,1548,1548.0
2038021,2019-09-21,32,32,SM30-34,57.10%,1366,1558,1562,1560.0
2038021,2019-09-28,32,32,SM30-34,59.82%,1304,1558,1562,1560.0
2038021,2019-10-05,32,32,SM30-34,60.65%,1286,1558,1562,1560.0
508066,2019-10-05,54,54,VW50-54,60.87%,1738,2103,3116,2116.0
2038021,2019-10-12,32,32,SM30-34,61.08%,1277,1558,1562,1560.0
764052,2019-10-12,46,46,VM45-49,65.22%,1314,1708,1720,1714.0
806554,2019-10-12,42,42,VW40-44,54.01%,1722,1853,1866,1860.0
2038021,2019-10-19,32,32,SM30-34,60.70%,1285,1558,1562,1560.0
2038021,2019-10-26,32,32,SM30-34,59.18%,1318,1558,1562,1560.0
2038021,2019-11-02,32,32,SM30-34,60.99%,1279,1558,1562,1560.0
2038021,2019-11-09,32,32,SM30-34,59.82%,1304,1558,1562,1560.0
2038021,2019-11-16,32,32,SM30-34,61.47%,1269,1558,1562,1560.0
2038021,2019-11-23,32,32,SM30-34,60.61%,1287,1558,1562,1560.0
2038021,2019-11-30,32,32,SM30-34,59.95%,1301,1558,1562,1560.0
2038021,2019-12-14,32,32,SM30-34,57.06%,1367,1558,1562,1560.0
376625,2019-12-14,39,39,VW35-39,44.02%,2072,1820,2824,1824.0
2038021,2019-12-21,32,32,SM30-34,58.17%,1341,1558,1562,1560.0
2038021,2020-01-01,32,32,SM30-34,57.44%,1358,1558,1562,1560.0
1015088,2020-01-01,25,28,SM25-29,54.13%,1430,0,1548,1548.0
1752380,2020-01-04,52,52,VM50-54,54.92%,1637,1791,1805,1798.0
2038021,2020-01-11,32,32,SM30-34,58.82%,1326,1558,1562,1560.0
1015088,2020-01-11,25,28,SM25-29,55.44%,1396,0,1548,1548.0
3738636,2020-01-11,47,47,VW45-49,41.00%,2371,1934,1953,1944.0
2038021,2020-01-18,32,32,SM30-34,58.60%,1331,1558,1562,1560.0
2038021,2020-01-25,32,32,SM30-34,57.10%,1366,1558,1562,1560.0
1752380,2020-01-25,52,52,VM50-54,53.61%,1677,1791,1805,1798.0
2038021,2020-02-01,32,32,SM30-34,58.21%,1340,1558,1562,1560.0
2038021,2020-02-15,32,32,SM30-34,59.14%,1319,1558,1562,1560.0
2038021,2020-02-22,32,32,SM30-34,59.45%,1312,1558,1562,1560.0
2038021,2020-03-07,32,32,SM30-34,60.23%,1295,1558,1562,1560.0
2038021,2020-03-14,32,32,SM30-34,59.18%,1318,1558,1562,1560.0
2038021,2021-07-24,34,34,SM30-34,58.38%,1348,1570,2574,1574.0
2038021,2021-07-31,34,34,SM30-34,59.62%,1320,1570,2574,1574.0
2038021,2021-08-07,34,34,SM30-34,59.98%,1312,1570,2574,1574.0
2038021,2021-08-21,34,34,SM30-34,60.21%,1307,1570,2574,1574.0
764052,2021-08-21,48,48,VM45-49,65.54%,1329,1735,1748,1742.0
1752380,2021-08-21,54,54,VM50-54,55.49%,1647,1821,2828,1828.0
2038021,2021-08-28,34,34,SM30-34,59.67%,1319,1570,2574,1574.0
1752380,2021-08-28,54,54,VM50-54,59.16%,1545,1821,2828,1828.0
764052,2021-09-11,48,48,VM45-49,66.85%,1303,1735,1748,1742.0
2038021,2021-09-11,34,34,SM30-34,59.49%,1323,1570,2574,1574.0
764052,2021-09-25,48,48,VM45-49,66.64%,1307,1735,1748,1742.0
2038021,2021-10-02,34,34,SM30-34,57.87%,1360,1570,2574,1574.0
2038021,2021-10-09,34,34,SM30-34,59.58%,1321,1570,2574,1574.0
2038021,2021-10-16,34,34,SM30-34,58.69%,1341,1570,2574,1574.0
2038021,2021-10-23,34,34,SM30-34,59.85%,1315,1570,2574,1574.0
2038021,2021-10-30,34,34,SM30-34,60.08%,1310,1570,2574,1574.0
2038021,2021-11-06,34,34,SM30-34,60.45%,1302,1570,2574,1574.0
2038021,2021-11-13,34,34,SM30-34,60.82%,1294,1570,2574,1574.0
2038021,2021-11-20,34,34,SM30-34,61.25%,1285,1570,2574,1574.0
2038021,2021-12-04,34,34,SM30-34,58.17%,1353,1570,2574,1574.0
764052,2021-12-11,48,48,VM45-49,66.85%,1303,1735,1748,1742.0
2038021,2021-12-11,34,34,SM30-34,59.53%,1322,1570,2574,1574.0
2038021,2021-12-18,34,34,SM30-34,58.38%,1348,1570,2574,1574.0
2038021,2022-01-01,34,34,SM30-34,58.51%,1345,1570,2574,1574.0
2038021,2022-01-08,34,34,SM30-34,59.44%,1324,1570,2574,1574.0
764052,2022-01-08,48,48,VM45-49,64.23%,1356,1735,1748,1742.0
2038021,2022-01-15,34,34,SM30-34,59.58%,1321,1570,2574,1574.0
2038021,2022-01-22,34,34,SM30-34,61.25%,1285,1570,2574,1574.0
2038021,2022-01-29,34,34,SM30-34,60.96%,1291,1570,2574,1574.0
2038021,2022-02-12,34,34,SM30-34,59.98%,1312,1570,2574,1574.0
1015088,2022-02-12,25,28,SM25-29,51.60%,1500,0,1548,1548.0
2038021,2022-02-26,34,34,SM30-34,60.17%,1308,1570,2574,1574.0
2038021,2022-03-05,34,34,SM30-34,59.31%,1327,1570,2574,1574.0
2038021,2022-03-12,34,34,SM30-34,60.35%,1304,1570,2574,1574.0
2038021,2022-03-19,34,34,SM30-34,61.34%,1283,1570,2574,1574.0
2038021,2022-03-26,34,34,SM30-34,62.07%,1268,1570,2574,1574.0
2038021,2022-04-02,34,34,SM30-34,61.15%,1287,1570,2574,1574.0
953402,2022-04-02,62,62,VW60-64,60.47%,1953,2345,2378,2362.0
2038021,2022-04-09,34,34,SM30-34,62.02%,1269,1570,2574,1574.0
2038021,2022-04-23,35,35,VM35-39,60.85%,1300,0,1586,1582.0
1752380,2022-04-23,54,54,VM50-54,56.84%,1608,1821,2828,1828.0
2038021,2022-05-07,35,35,VM35-39,61.32%,1290,0,1586,1582.0
1551071,2022-05-07,39,39,VM35-39,50.62%,1606,1620,2626,1626.0
2038021,2022-05-14,35,35,VM35-39,59.92%,1320,0,1586,1582.0
1015088,2022-05-21,29,29,SM25-29,52.29%,1482,1549,2500,1550.0
1551071,2022-05-21,39,39,VM35-39,48.83%,1665,1620,2626,1626.0
1551071,2022-05-28,39,39,VM35-39,51.00%,1594,1620,2626,1626.0
2038021,2022-06-18,35,35,VM35-39,55.12%,1435,0,1586,1582.0
953402,2022-06-25,62,62,VW60-64,61.93%,1907,2345,2378,2362.0
2038021,2022-07-02,35,35,VM35-39,58.85%,1344,0,1586,1582.0
764052,2022-07-09,49,49,VM45-49,63.21%,1389,1749,2756,1756.0
764052,2022-07-16,49,49,VM45-49,67.59%,1299,1749,2756,1756.0
2038021,2022-07-16,35,35,VM35-39,58.81%,1345,0,1586,1582.0
1624624,2022-07-16,37,37,VM35-39,50.86%,1575,1597,1607,1602.0
953402,2022-07-16,62,62,VW60-64,62.65%,1885,2345,2378,2362.0
2038021,2022-07-23,35,35,VM35-39,59.88%,1321,0,1586,1582.0
2038021,2022-07-30,35,35,VM35-39,60.66%,1304,0,1586,1582.0
2038021,2022-08-06,35,35,VM35-39,60.34%,1311,0,1586,1582.0
2038021,2022-08-13,35,35,VM35-39,59.83%,1322,0,1586,1582.0
2038021,2022-08-20,35,35,VM35-39,61.41%,1288,0,1586,1582.0
2038021,2022-09-10,35,35,VM35-39,61.37%,1289,0,1586,1582.0
2038021,2022-09-17,35,35,VM35-39,61.41%,1288,0,1586,1582.0
2038021,2022-09-24,35,35,VM35-39,62.78%,1260,0,1586,1582.0
2038021,2022-10-01,35,35,VM35-39,61.32%,1290,0,1586,1582.0
2038021,2022-10-08,35,35,VM35-39,62.68%,1262,0,1586,1582.0
2038021,2022-10-22,35,35,VM35-39,63.08%,1254,0,1586,1582.0
2038021,2022-10-29,35,35,VM35-39,62.63%,1263,0,1586,1582.0
953402,2022-10-29,62,62,VW60-64,59.98%,1969,2345,2378,2362.0
2038021,2022-11-05,35,35,VM35-39,62.58%,1264,0,1586,1582.0
764052,2022-11-05,49,49,VM45-49,68.54%,1281,1749,2756,1756.0
2038021,2022-11-26,35,35,VM35-39,60.24%,1313,0,1586,1582.0
2038021,2022-12-03,35,35,VM35-39,60.80%,1301,0,1586,1582.0
2038021,2022-12-10,35,35,VM35-39,60.43%,1309,0,1586,1582.0
2038021,2022-12-24,35,35,VM35-39,60.66%,1304,0,1586,1582.0
764052,2022-12-24,49,49,VM45-49,67.02%,1310,1749,2756,1756.0
2038021,2022-12-31,35,35,VM35-39,59.43%,1331,0,1586,1582.0
764052,2022-12-31,49,49,VM45-49,65.28%,1345,1749,2756,1756.0
2038021,2023-01-07,35,35,VM35-39,60.20%,1314,0,1586,1582.0
2038021,2023-01-14,35,35,VM35-39,59.47%,1330,0,1586,1582.0
2038021,2023-01-21,35,35,VM35-39,61.03%,1296,0,1586,1582.0
2038021,2023-01-28,35,35,VM35-39,60.85%,1300,0,1586,1582.0
2038021,2023-02-18,35,35,VM35-39,62.09%,1274,0,1586,1582.0
2038021,2023-02-25,35,35,VM35-39,62.53%,1265,0,1586,1582.0
2038021,2023-03-04,35,35,VM35-39,63.48%,1246,0,1586,1582.0
1076027,2023-03-04,49,49,VM45-49,50.66%,1733,1749,2756,1756.0
2038021,2023-03-11,35,35,VM35-39,63.08%,1254,0,1586,1582.0
2038021,2023-03-18,35,35,VM35-39,62.38%,1268,0,1586,1582.0
2038021,2023-03-25,35,35,VM35-39,62.73%,1261,0,1586,1582.0
600747,2023-04-01,41,41,VW40-44,52.92%,1744,1841,1852,1846.0
2038021,2023-04-08,35,35,VM35-39,62.58%,1264,0,1586,1582.0
2038021,2023-04-15,35,35,VM35-39,61.51%,1286,0,1586,1582.0
764052,2023-04-22,50,50,VM50-54,67.87%,1304,0,1776,1770.0
764052,2023-05-27,50,50,VM50-54,64.88%,1364,0,1776,1770.0
2038021,2023-06-10,36,36,VM35-39,61.51%,1294,1587,1596,1592.0
2038021,2023-06-24,36,36,VM35-39,62.58%,1272,1587,1596,1592.0
2038021,2023-07-01,36,36,VM35-39,62.68%,1270,1587,1596,1592.0
2038021,2023-07-08,36,36,VM35-39,62.68%,1270,1587,1596,1592.0
2038021,2023-07-15,36,36,VM35-39,63.68%,1250,1587,1596,1592.0
764052,2023-07-22,50,50,VM50-54,69.58%,1272,0,1776,1770.0
764052,2023-08-05,50,50,VM50-54,66.94%,1322,0,1776,1770.0
2038021,2023-09-23,36,36,VM35-39,61.75%,1289,1587,1596,1592.0
1551071,2023-09-23,40,40,VM40-44,61.21%,1338,0,1643,1638.0
2038021,2023-09-30,36,36,VM35-39,63.38%,1256,1587,1596,1592.0
4300140,2023-09-30,20,24,SW20-24,62.32%,1425,0,2776,1776.0
2038021,2023-10-14,36,36,VM35-39,63.94%,1245,1587,1596,1592.0
2038021,2023-11-04,36,36,VM35-39,63.38%,1256,1587,1596,1592.0
2038021,2023-11-11,36,36,VM35-39,64.66%,1231,1587,1596,1592.0
764052,2023-11-11,50,50,VM50-54,64.69%,1368,0,1776,1770.0
2038021,2023-11-18,36,36,VM35-39,64.56%,1233,1587,1596,1592.0
2038021,2023-11-25,36,36,VM35-39,64.82%,1228,1587,1596,1592.0
2038021,2023-12-02,36,36,VM35-39,64.77%,1229,1587,1596,1592.0
1752380,2023-12-02,56,56,VM55-59,59.77%,1556,1852,1867,1860.0
2038021,2023-12-09,36,36,VM35-39,63.88%,1246,1587,1596,1592.0
2038021,2023-12-16,36,36,VM35-39,64.87%,1227,1587,1596,1592.0
2038021,2023-12-23,36,36,VM35-39,65.35%,1218,1587,1596,1592.0
2038021,2023-12-30,36,36,VM35-39,65.35%,1218,1587,1596,1592.0
376625,2023-12-30,43,43,VW40-44,48.83%,1919,1867,1880,1874.0
2038021,2024-01-13,36,36,VM35-39,65.25%,1220,1587,1596,1592.0
2038021,2024-01-20,36,36,VM35-39,64.93%,1226,1587,1596,1592.0
1015088,2024-01-20,30,30,SM30-34,49.74%,1560,0,1553,1552.0
2038021,2024-01-27,36,36,VM35-39,65.35%,1218,1587,1596,1592.0
2038021,2024-02-10,36,36,VM35-39,57.89%,1375,1587,1596,1592.0
764052,2024-02-17,50,50,VM50-54,67.45%,1312,0,1776,1770.0
2038021,2024-02-17,36,36,VM35-39,55.98%,1422,1587,1596,1592.0
2038021,2024-03-09,36,36,VM35-39,64.19%,1240,1587,1596,1592.0
2038021,2024-03-23,36,36,VM35-39,65.25%,1220,1587,1596,1592.0
2038021,2024-03-30,36,36,VM35-39,64.51%,1234,1587,1596,1592.0
764052,2024-04-20,51,51,VM50-54,67.73%,1317,1777,1790,1784.0
1015088,2024-04-20,31,31,SM30-34,53.14%,1464,1554,1557,1556.0
1752380,2024-04-20,56,56,VM55-59,59.24%,1570,1852,1867,1860.0
2038021,2024-04-27,37,37,VM35-39,65.71%,1219,1597,1607,1602.0
764052,2024-04-27,51,51,VM50-54,61.26%,1456,1777,1790,1784.0
2038021,2024-05-04,37,37,VM35-39,65.44%,1224,1597,1607,1602.0
3251252,2024-05-04,22,24,SM20-24,36.49%,2121,0,1551,1548.0
2038021,2024-05-11,37,37,VM35-39,65.98%,1214,1597,1607,1602.0
2038021,2024-05-18,37,37,VM35-39,66.25%,1209,1597,1607,1602.0
2038021,2024-05-25,37,37,VM35-39,66.36%,1207,1597,1607,1602.0
1752380,2024-05-25,56,56,VM55-59,57.87%,1607,1852,1867,1860.0
2038021,2024-06-08,37,37,VM35-39,66.31%,1208,1597,1607,1602.0
2038021,2024-06-15,37,37,VM35-39,63.62%,1259,1597,1607,1602.0
2038021,2024-06-29,37,37,VM35-39,64.54%,1241,1597,1607,1602.0
2038021,2024-07-13,37,37,VM35-39,66.14%,1211,1597,1607,1602.0
1015088,2024-07-20,31,31,SM30-34,54.22%,1435,1554,1557,1556.0
128162,2024-07-20,63,63,VW60-64,48.42%,2474,2379,2413,2396.0
2038021,2024-07-27,37,37,VM35-39,65.98%,1214,1597,1607,1602.0
2038021,2024-08-10,37,37,VM35-39,65.39%,1225,1597,1607,1602.0
1752380,2024-08-10,57,57,VM55-59,59.40%,1579,1868,1883,1876.0
3380581,2024-08-10,31,31,SW30-34,52.17%,1704,1777,1778,1778.0
2038021,2024-09-07,37,37,VM35-39,64.18%,1248,1597,1607,1602.0
5692217,2024-09-07,49,49,VW45-49,54.35%,1829,1976,2988,1988.0
764052,2024-09-28,51,51,VM50-54,67.63%,1319,1777,1790,1784.0
140267,2015-05-02,46,46,VW45-49,59.71%,1611,1915,1933,1924.0
125003,2015-05-02,55,55,VW55-59,55.92%,1917,0,2157,2144.0
508066,2015-05-02,49,49,VW45-49,35.42%,2806,1976,2988,1988.0
508066,2015-05-16,48,48,VW45-49,60.80%,1615,1954,1975,1964.0
140267,2015-05-23,46,46,VW45-49,48.20%,1996,1915,1933,1924.0
508066,2015-05-30,49,49,VW45-49,61.21%,1624,1976,2988,1988.0
140267,2015-06-06,46,46,VW45-49,60.77%,1583,1915,1933,1924.0
508066,2015-06-06,49,49,VW45-49,62.71%,1585,1976,2988,1988.0
377646,2015-06-13,35,35,VM35-39,55.70%,1420,0,1586,1582.0
508066,2015-06-13,49,49,VW45-49,63.07%,1576,1976,2988,1988.0
169141,2015-06-13,52,52,VW50-54,50.96%,2023,2049,2075,2062.0
508066,2015-06-27,49,49,VW45-49,61.85%,1607,1976,2988,1988.0
508066,2015-07-04,50,50,VW50-54,61.95%,1624,0,2023,2012.0
508066,2015-07-11,50,50,VW50-54,64.65%,1556,0,2023,2012.0
169141,2015-07-11,52,52,VW50-54,49.90%,2066,2049,2075,2062.0
377646,2015-07-18,35,35,VM35-39,57.40%,1378,0,1586,1582.0
508066,2015-07-18,50,50,VW50-54,65.58%,1534,0,2023,2012.0
377646,2015-08-08,35,35,VM35-39,57.99%,1364,0,1586,1582.0
508066,2015-08-08,50,50,VW50-54,61.49%,1636,0,2023,2012.0
1591779,2015-08-08,25,28,SM25-29,40.54%,1909,0,1548,1548.0
508066,2015-08-15,50,50,VW50-54,65.54%,1535,0,2023,2012.0
1591779,2015-08-15,25,28,SM25-29,39.51%,1959,0,1548,1548.0
508066,2015-08-22,50,50,VW50-54,65.54%,1535,0,2023,2012.0
74670,2015-08-22,50,50,VW50-54,52.07%,1932,0,2023,2012.0
508066,2015-08-29,50,50,VW50-54,66.27%,1518,0,2023,2012.0
140267,2015-08-29,47,47,VW45-49,59.89%,1623,1934,1953,1944.0
140751,2015-08-29,54,54,VW50-54,56.34%,1878,2103,3116,2116.0
1591779,2015-08-29,25,28,SM25-29,38.32%,2020,0,1548,1548.0
508066,2015-09-05,50,50,VW50-54,67.61%,1488,0,2023,2012.0
1591779,2015-09-05,25,28,SM25-29,40.04%,1933,0,1548,1548.0
1903974,2015-09-19,43,43,VW40-44,58.56%,1600,1867,1880,1874.0
508066,2015-09-26,50,50,VW50-54,66.18%,1520,0,2023,2012.0
508066,2015-10-03,50,50,VW50-54,66.45%,1514,0,2023,2012.0
1591779,2015-10-03,25,28,SM25-29,42.48%,1822,0,1548,1548.0
508066,2015-10-10,50,50,VW50-54,63.71%,1579,0,2023,2012.0
1591779,2015-10-10,25,28,SM25-29,43.43%,1782,0,1548,1548.0
508066,2015-10-17,50,50,VW50-54,66.14%,1521,0,2023,2012.0
508066,2015-10-24,50,50,VW50-54,64.82%,1552,0,2023,2012.0
377646,2015-10-31,35,35,VM35-39,54.51%,1451,0,1586,1582.0
508066,2015-10-31,50,50,VW50-54,63.31%,1589,0,2023,2012.0
1591779,2015-10-31,25,28,SM25-29,43.29%,1788,0,1548,1548.0
128162,2015-10-31,55,55,VW55-59,55.63%,1927,0,2157,2144.0
508066,2015-11-07,50,50,VW50-54,62.80%,1602,0,2023,2012.0
1197698,2015-11-14,50,50,VM50-54,57.99%,1526,0,1776,1770.0
508066,2015-11-14,50,50,VW50-54,61.68%,1631,0,2023,2012.0
508066,2015-11-21,50,50,VW50-54,59.56%,1689,0,2023,2012.0
165257,2015-11-21,49,49,VW45-49,50.87%,1954,1976,2988,1988.0
508066,2015-11-28,50,50,VW50-54,63.15%,1593,0,2023,2012.0
508066,2015-12-05,50,50,VW50-54,64.24%,1566,0,2023,2012.0
508066,2015-12-12,50,50,VW50-54,56.84%,1770,0,2023,2012.0
508066,2015-12-26,50,50,VW50-54,56.77%,1772,0,2023,2012.0
508066,2016-01-02,50,50,VW50-54,60.24%,1670,0,2023,2012.0
1591779,2016-01-02,25,28,SM25-29,39.45%,1962,0,1548,1548.0
508066,2016-01-09,50,50,VW50-54,61.57%,1634,0,2023,2012.0
508066,2016-01-16,50,50,VW50-54,63.07%,1595,0,2023,2012.0
598715,2016-01-23,52,52,VM50-54,66.05%,1361,1791,1805,1798.0
508066,2016-01-23,50,50,VW50-54,62.72%,1604,0,2023,2012.0
377646,2016-01-30,36,36,VM35-39,55.63%,1431,1587,1596,1592.0
508066,2016-01-30,50,50,VW50-54,62.88%,1600,0,2023,2012.0
508066,2016-02-06,50,50,VW50-54,63.39%,1587,0,2023,2012.0
508066,2016-02-13,50,50,VW50-54,48.32%,2082,0,2023,2012.0
508066,2016-02-20,50,50,VW50-54,63.19%,1592,0,2023,2012.0
508066,2016-02-27,50,50,VW50-54,61.19%,1644,0,2023,2012.0
508066,2016-03-05,50,50,VW50-54,62.72%,1604,0,2023,2012.0
2305995,2016-03-12,18,18,SM18-19,64.78%,1235,1592,2600,1600.0
508066,2016-03-12,50,50,VW50-54,63.83%,1576,0,2023,2012.0
508066,2016-03-19,50,50,VW50-54,62.45%,1611,0,2023,2012.0
508066,2016-03-26,50,50,VW50-54,56.90%,1768,0,2023,2012.0
508066,2016-04-09,50,50,VW50-54,61.08%,1647,0,2023,2012.0
508066,2016-04-16,50,50,VW50-54,60.31%,1668,0,2023,2012.0
508066,2016-04-23,50,50,VW50-54,62.72%,1604,0,2023,2012.0
1591779,2016-04-23,29,29,SM25-29,37.39%,2073,1549,2500,1550.0
128162,2016-04-23,55,55,VW55-59,47.04%,2279,0,2157,2144.0
377646,2016-04-30,36,36,VM35-39,56.70%,1404,1587,1596,1592.0
508066,2016-04-30,50,50,VW50-54,62.25%,1616,0,2023,2012.0
508066,2016-05-07,50,50,VW50-54,61.83%,1627,0,2023,2012.0
169141,2016-05-07,53,53,VW50-54,47.26%,2211,2076,2102,2090.0
377646,2016-05-14,36,36,VM35-39,58.06%,1371,1587,1596,1592.0
508066,2016-05-14,50,50,VW50-54,65.92%,1526,0,2023,2012.0
377646,2016-05-21,36,36,VM35-39,56.90%,1399,1587,1596,1592.0
508066,2016-05-21,51,51,VW50-54,66.67%,1527,2024,2048,2036.0
508066,2016-06-04,51,51,VW50-54,66.36%,1534,2024,2048,2036.0
640896,2016-06-04,47,47,VM45-49,32.20%,2683,1721,1734,1728.0
508066,2016-06-11,51,51,VW50-54,62.49%,1629,2024,2048,2036.0
128162,2016-06-11,55,55,VW55-59,49.13%,2182,0,2157,2144.0
508066,2016-06-18,51,51,VW50-54,66.02%,1542,2024,2048,2036.0
508066,2016-06-25,51,51,VW50-54,63.43%,1605,2024,2048,2036.0
128162,2016-06-25,55,55,VW55-59,50.05%,2142,0,2157,2144.0
2305995,2016-07-02,18,18,SM18-19,60.51%,1322,1592,2600,1600.0
508066,2016-07-02,51,51,VW50-54,65.89%,1545,2024,2048,2036.0
1591779,2016-07-02,29,29,SM25-29,38.54%,2011,1549,2500,1550.0
508066,2016-07-16,51,51,VW50-54,64.27%,1584,2024,2048,2036.0
377646,2016-07-30,36,36,VM35-39,56.29%,1414,1587,1596,1592.0
508066,2016-07-30,51,51,VW50-54,61.18%,1664,2024,2048,2036.0
128162,2016-07-30,55,55,VW55-59,51.81%,2069,0,2157,2144.0
377646,2016-08-06,36,36,VM35-39,56.94%,1398,1587,1596,1592.0
508066,2016-08-06,51,51,VW50-54,62.84%,1620,2024,2048,2036.0
128162,2016-08-06,55,55,VW55-59,52.81%,2030,0,2157,2144.0
2305995,2016-08-13,19,19,SM18-19,65.00%,1217,0,1591,1582.0
377646,2016-08-13,36,36,VM35-39,56.53%,1408,1587,1596,1592.0
508066,2016-08-13,51,51,VW50-54,65.76%,1548,2024,2048,2036.0
2305995,2016-08-20,19,19,SM18-19,62.98%,1256,0,1591,1582.0
2305995,2016-08-27,18,18,SM18-19,67.17%,1191,1592,2600,1600.0
508066,2016-08-27,51,51,VW50-54,63.94%,1592,2024,2048,2036.0
2645539,2016-08-27,12,12,JM11-14,45.88%,1944,1763,1810,1784.0
2305995,2016-09-03,18,18,SM18-19,66.78%,1198,1592,2600,1600.0
377646,2016-09-03,36,36,VM35-39,56.33%,1413,1587,1596,1592.0
508066,2016-09-03,51,51,VW50-54,67.33%,1512,2024,2048,2036.0
128162,2016-09-03,56,56,VW55-59,44.11%,2462,2158,2186,2172.0
2305995,2016-09-10,18,18,SM18-19,67.57%,1184,1592,2600,1600.0
128162,2016-09-10,56,56,VW55-59,53.87%,2016,2158,2186,2172.0
2305995,2016-09-17,18,18,SM18-19,68.91%,1161,1592,2600,1600.0
508066,2016-09-17,51,51,VW50-54,63.78%,1596,2024,2048,2036.0
2305995,2016-09-24,18,18,SM18-19,68.79%,1163,1592,2600,1600.0
508066,2016-09-24,51,51,VW50-54,66.71%,1526,2024,2048,2036.0
2305995,2016-10-01,18,18,SM18-19,68.49%,1168,1592,2600,1600.0
508066,2016-10-01,51,51,VW50-54,66.19%,1538,2024,2048,2036.0
128162,2016-10-01,56,56,VW55-59,51.74%,2099,2158,2186,2172.0
508066,2016-10-08,51,51,VW50-54,66.93%,1521,2024,2048,2036.0
508066,2016-10-29,51,51,VW50-54,54.58%,1865,2024,2048,2036.0
128162,2016-10-29,56,56,VW55-59,56.01%,1939,2158,2186,2172.0
128162,2016-11-05,56,56,VW55-59,55.81%,1946,2158,2186,2172.0
508066,2016-11-26,51,51,VW50-54,51.60%,1973,2024,2048,2036.0
508066,2016-12-03,51,51,VW50-54,57.87%,1759,2024,2048,2036.0
508066,2016-12-10,51,51,VW50-54,62.42%,1631,2024,2048,2036.0
128162,2016-12-10,56,56,VW55-59,50.77%,2139,2158,2186,2172.0
508066,2016-12-17,51,51,VW50-54,61.36%,1659,2024,2048,2036.0
128162,2016-12-17,56,56,VW55-59,51.18%,2122,2158,2186,2172.0
508066,2016-12-24,51,51,VW50-54,59.22%,1719,2024,2048,2036.0
128162,2016-12-24,56,56,VW55-59,57.10%,1902,2158,2186,2172.0
508066,2016-12-31,51,51,VW50-54,61.47%,1656,2024,2048,2036.0
508066,2017-01-07,51,51,VW50-54,64.96%,1567,2024,2048,2036.0
1138623,2017-01-07,44,44,VM40-44,53.69%,1572,1682,2688,1688.0
128162,2017-01-07,56,56,VW55-59,58.11%,1869,2158,2186,2172.0
128162,2017-01-14,56,56,VW55-59,54.46%,1994,2158,2186,2172.0
377646,2017-01-21,36,36,VM35-39,57.39%,1387,1587,1596,1592.0
508066,2017-01-28,51,51,VW50-54,64.19%,1586,2024,2048,2036.0
140267,2017-01-28,48,48,VW45-49,56.73%,1731,1954,1975,1964.0
1296162,2017-01-28,5,5,JW10,69.52%,1762,2398,2465,2450.0
128724,2017-01-28,59,59,VW55-59,61.39%,1844,2248,3264,2264.0
508066,2017-02-04,51,51,VW50-54,63.23%,1610,2024,2048,2036.0
508066,2017-02-11,51,51,VW50-54,63.39%,1606,2024,2048,2036.0
128162,2017-02-11,56,56,VW55-59,50.12%,2167,2158,2186,2172.0
508066,2017-02-18,51,51,VW50-54,65.68%,1550,2024,2048,2036.0
128724,2017-02-18,59,59,VW55-59,65.66%,1724,2248,3264,2264.0
140267,2017-02-25,48,48,VW45-49,59.70%,1645,1954,1975,1964.0
128162,2017-03-25,56,56,VW55-59,55.84%,1945,2158,2186,2172.0
508066,2017-04-01,51,51,VW50-54,59.32%,1716,2024,2048,2036.0
128162,2017-04-08,56,56,VW55-59,52.46%,2070,2158,2186,2172.0
572070,2017-04-15,48,48,VM45-49,50.88%,1712,1735,1748,1742.0
128724,2017-04-15,59,59,VW55-59,60.15%,1882,2248,3264,2264.0
128162,2017-04-22,56,56,VW55-59,56.42%,1925,2158,2186,2172.0
3421295,2017-04-22,22,24,SM20-24,30.92%,2503,0,1551,1548.0
377646,2017-04-29,37,37,VM35-39,58.17%,1377,1597,1607,1602.0
128724,2017-04-29,59,59,VW55-59,60.70%,1865,2248,3264,2264.0
128162,2017-04-29,56,56,VW55-59,51.74%,2099,2158,2186,2172.0
128162,2017-05-06,56,56,VW55-59,51.30%,2117,2158,2186,2172.0
3421295,2017-05-06,20,24,SW20-24,32.40%,2741,0,2776,1776.0
377646,2017-05-13,37,37,VM35-39,57.92%,1383,1597,1607,1602.0
128724,2017-05-13,59,59,VW55-59,63.56%,1781,2248,3264,2264.0
128162,2017-05-13,56,56,VW55-59,49.01%,2216,2158,2186,2172.0
128724,2017-05-27,59,59,VW55-59,61.39%,1844,2248,3264,2264.0
377646,2017-06-03,37,37,VM35-39,58.81%,1362,1597,1607,1602.0
128724,2017-06-03,59,59,VW55-59,63.63%,1779,2248,3264,2264.0
128162,2017-06-03,56,56,VW55-59,58.17%,1867,2158,2186,2172.0
377646,2017-06-10,37,37,VM35-39,58.25%,1375,1597,1607,1602.0
128724,2017-06-17,59,59,VW55-59,59.11%,1915,2248,3264,2264.0
3421295,2017-06-17,20,24,SW20-24,33.18%,2676,0,2776,1776.0
128724,2017-06-24,59,59,VW55-59,66.01%,1715,2248,3264,2264.0
2305995,2017-07-08,19,19,SM18-19,62.68%,1262,0,1591,1582.0
2305995,2017-07-15,19,19,SM18-19,65.37%,1210,0,1591,1582.0
377646,2017-07-15,37,37,VM35-39,55.94%,1432,1597,1607,1602.0
3421295,2017-07-22,20,24,SW20-24,35.63%,2492,0,2776,1776.0
508066,2017-07-22,52,52,VW50-54,33.57%,3071,2049,2075,2062.0
128724,2017-07-29,59,59,VW55-59,63.49%,1783,2248,3264,2264.0
128162,2017-07-29,56,56,VW55-59,48.01%,2262,2158,2186,2172.0
2305995,2017-08-12,19,19,SM18-19,65.00%,1217,0,1591,1582.0
128724,2017-08-12,59,59,VW55-59,62.16%,1821,2248,3264,2264.0
2305995,2017-08-19,19,19,SM18-19,66.14%,1196,0,1591,1582.0
128724,2017-08-19,59,59,VW55-59,62.30%,1817,2248,3264,2264.0
3421295,2017-08-19,20,24,SW20-24,35.51%,2501,0,2776,1776.0
508066,2017-08-19,52,52,VW50-54,35.56%,2899,2049,2075,2062.0
2305995,2017-08-26,19,19,SM18-19,64.05%,1235,0,1591,1582.0
2305995,2017-09-09,19,19,SM18-19,66.19%,1195,0,1591,1582.0
377646,2017-09-09,37,37,VM35-39,58.17%,1377,1597,1607,1602.0
2305995,2017-09-16,19,19,SM18-19,66.98%,1181,0,1591,1582.0
508066,2017-09-16,52,52,VW50-54,32.96%,3128,2049,2075,2062.0
2305995,2017-09-23,19,19,SM18-19,64.47%,1227,0,1591,1582.0
508066,2017-09-23,52,52,VW50-54,58.08%,1775,2049,2075,2062.0
128724,2017-09-23,59,59,VW55-59,62.30%,1817,2248,3264,2264.0
508066,2017-09-30,52,52,VW50-54,35.80%,2880,2049,2075,2062.0
508066,2017-10-07,52,52,VW50-54,59.77%,1725,2049,2075,2062.0
508066,2017-10-14,52,52,VW50-54,41.01%,2514,2049,2075,2062.0
377646,2017-10-21,37,37,VM35-39,56.33%,1422,1597,1607,1602.0
508066,2017-10-21,52,52,VW50-54,57.25%,1801,2049,2075,2062.0
377646,2017-10-28,37,37,VM35-39,56.09%,1428,1597,1607,1602.0
508066,2017-10-28,52,52,VW50-54,54.46%,1893,2049,2075,2062.0
377646,2017-11-04,37,37,VM35-39,55.70%,1438,1597,1607,1602.0
140267,2017-11-04,49,49,VW45-49,47.61%,2088,1976,2988,1988.0
140751,2017-11-04,56,56,VW55-59,51.94%,2091,2158,2186,2172.0
1296162,2017-11-11,6,6,JW10,66.67%,1758,2299,2397,2344.0
508066,2017-11-11,52,52,VW50-54,39.23%,2628,2049,2075,2062.0
508066,2017-12-02,52,52,VW50-54,52.60%,1960,2049,2075,2062.0
508066,2017-12-16,52,52,VW50-54,36.65%,2813,2049,2075,2062.0
508066,2017-12-23,52,52,VW50-54,35.08%,2939,2049,2075,2062.0
508066,2017-12-30,52,52,VW50-54,51.22%,2013,2049,2075,2062.0
128162,2017-12-30,57,57,VW55-59,52.78%,2086,2187,2216,2202.0
128724,2018-01-06,60,60,VW60-64,60.20%,1907,0,2311,2296.0
508066,2018-01-06,52,52,VW50-54,53.23%,1937,2049,2075,2062.0
128162,2018-01-06,57,57,VW55-59,48.98%,2248,2187,2216,2202.0
128162,2018-01-13,57,57,VW55-59,49.57%,2221,2187,2216,2202.0
508066,2018-01-20,52,52,VW50-54,56.87%,1813,2049,2075,2062.0
377646,2018-01-27,37,37,VM35-39,55.32%,1448,1597,1607,1602.0
508066,2018-01-27,52,52,VW50-54,58.75%,1755,2049,2075,2062.0
128162,2018-01-27,57,57,VW55-59,53.21%,2069,2187,2216,2202.0
128724,2018-02-03,60,60,VW60-64,49.55%,2317,0,2311,2296.0
508066,2018-02-03,52,52,VW50-54,27.64%,3730,2049,2075,2062.0
128724,2018-02-10,60,60,VW60-64,60.20%,1907,0,2311,2296.0
128724,2018-02-17,60,60,VW60-64,55.89%,2054,0,2311,2296.0
128724,2018-02-24,60,60,VW60-64,58.30%,1969,0,2311,2296.0
128162,2018-02-24,57,57,VW55-59,53.97%,2040,2187,2216,2202.0
508066,2018-03-10,52,52,VW50-54,55.25%,1866,2049,2075,2062.0
508066,2018-03-24,52,52,VW50-54,46.78%,2204,2049,2075,2062.0
128724,2018-03-31,60,60,VW60-64,60.55%,1896,0,2311,2296.0
508066,2018-03-31,52,52,VW50-54,32.52%,3170,2049,2075,2062.0
508066,2018-04-07,52,52,VW50-54,37.02%,2785,2049,2075,2062.0
508066,2018-04-14,52,52,VW50-54,54.21%,1902,2049,2075,2062.0
377646,2018-04-28,38,38,VM35-39,55.96%,1442,1608,1619,1614.0
508066,2018-04-28,52,52,VW50-54,60.26%,1711,2049,2075,2062.0
128724,2018-04-28,60,60,VW60-64,62.87%,1826,0,2311,2296.0
377646,2018-05-05,38,38,VM35-39,57.97%,1392,1608,1619,1614.0
508066,2018-05-05,52,52,VW50-54,55.85%,1846,2049,2075,2062.0
128724,2018-05-05,60,60,VW60-64,59.73%,1922,0,2311,2296.0
128724,2018-05-12,60,60,VW60-64,61.55%,1865,0,2311,2296.0
128724,2018-05-19,60,60,VW60-64,62.66%,1832,0,2311,2296.0
128724,2018-05-26,60,60,VW60-64,62.22%,1845,0,2311,2296.0
128724,2018-06-02,60,60,VW60-64,64.35%,1784,0,2311,2296.0
508066,2018-06-02,53,53,VW50-54,52.59%,1987,2076,2102,2090.0
377646,2018-06-09,38,38,VM35-39,57.68%,1399,1608,1619,1614.0
2305995,2018-07-14,20,20,SM20-24,51.96%,1505,1560,2564,1564.0
140267,2018-07-28,50,50,VW50-54,57.98%,1735,0,2023,2012.0
508066,2018-07-28,53,53,VW50-54,46.40%,2252,2076,2102,2090.0
2305995,2018-08-11,20,20,SM20-24,61.48%,1272,1560,2564,1564.0
215996,2018-08-18,52,52,VM50-54,78.17%,1150,1791,1805,1798.0
2305995,2018-08-18,20,20,SM20-24,62.86%,1244,1560,2564,1564.0
1138623,2018-08-18,45,45,VM45-49,47.46%,1793,0,1707,1702.0
128724,2018-08-18,60,60,VW60-64,59.95%,1915,0,2311,2296.0
2305995,2018-08-25,20,20,SM20-24,63.58%,1230,1560,2564,1564.0
508066,2018-08-25,53,53,VW50-54,52.94%,1974,2076,2102,2090.0
2305995,2018-09-01,20,20,SM20-24,64.10%,1220,1560,2564,1564.0
2305995,2018-09-08,20,20,SM20-24,63.47%,1232,1560,2564,1564.0
2807742,2018-09-08,11,11,JW11-14,74.04%,1348,1976,2996,1996.0
508066,2018-09-08,53,53,VW50-54,55.67%,1877,2076,2102,2090.0
508066,2018-09-15,53,53,VW50-54,44.89%,2328,2076,2102,2090.0
508066,2018-10-06,53,53,VW50-54,56.79%,1840,2076,2102,2090.0
377646,2018-10-27,38,38,VM35-39,55.62%,1451,1608,1619,1614.0
508066,2018-10-27,53,53,VW50-54,60.06%,1740,2076,2102,2090.0
2807742,2018-11-17,11,11,JW11-14,73.65%,1355,1976,2996,1996.0
508066,2018-12-15,53,53,VW50-54,46.99%,2224,2076,2102,2090.0
508066,2018-12-22,53,53,VW50-54,52.02%,2009,2076,2102,2090.0
2305995,2018-12-29,21,21,SM20-24,62.41%,1245,1552,1559,1554.0
508066,2018-12-29,53,53,VW50-54,49.29%,2120,2076,2102,2090.0
2305995,2019-01-01,21,21,SM20-24,63.69%,1220,1552,1559,1554.0
508066,2019-01-01,53,53,VW50-54,57.39%,1821,2076,2102,2090.0
1138623,2019-01-01,45,45,VM45-49,45.19%,1883,0,1707,1702.0
128724,2019-01-01,61,61,VW60-64,60.12%,1936,2312,2344,2328.0
140267,2019-01-12,50,50,VW50-54,56.96%,1766,0,2023,2012.0
508066,2019-01-12,53,53,VW50-54,58.71%,1780,2076,2102,2090.0
492000,2019-01-19,50,50,VW50-54,59.04%,1704,0,2023,2012.0
508066,2019-02-09,53,53,VW50-54,58.58%,1784,2076,2102,2090.0
600747,2019-02-16,37,37,VW35-39,52.08%,1734,1803,1810,1806.0
508066,2019-02-16,53,53,VW50-54,60.09%,1739,2076,2102,2090.0
128724,2019-02-16,61,61,VW60-64,56.04%,2077,2312,2344,2328.0
128724,2019-02-23,61,61,VW60-64,58.11%,2003,2312,2344,2328.0
508066,2019-02-23,53,53,VW50-54,50.02%,2089,2076,2102,2090.0
508066,2019-03-02,53,53,VW50-54,62.80%,1664,2076,2102,2090.0
128724,2019-03-02,61,61,VW60-64,62.28%,1869,2312,2344,2328.0
508066,2019-03-09,53,53,VW50-54,63.37%,1649,2076,2102,2090.0
508066,2019-03-16,53,53,VW50-54,63.64%,1642,2076,2102,2090.0
140267,2019-03-23,50,50,VW50-54,56.30%,1787,0,2023,2012.0
508066,2019-03-23,53,53,VW50-54,53.78%,1943,2076,2102,2090.0
508066,2019-03-30,53,53,VW50-54,63.49%,1646,2076,2102,2090.0
1138623,2019-03-30,45,45,VM45-49,37.99%,2240,0,1707,1702.0
508066,2019-04-06,53,53,VW50-54,62.43%,1674,2076,2102,2090.0
140267,2019-04-06,50,50,VW50-54,51.43%,1956,0,2023,2012.0
140751,2019-04-06,57,57,VW55-59,55.00%,2002,2187,2216,2202.0
508066,2019-04-13,53,53,VW50-54,64.95%,1609,2076,2102,2090.0
5692217,2019-04-20,44,44,VW40-44,50.35%,1875,1881,2888,1888.0
508066,2019-04-20,53,53,VW50-54,52.70%,1983,2076,2102,2090.0
5692217,2019-04-27,44,44,VW40-44,52.30%,1805,1881,2888,1888.0
508066,2019-05-04,53,53,VW50-54,64.11%,1630,2076,2102,2090.0
5692217,2019-05-04,44,44,VW40-44,50.86%,1856,1881,2888,1888.0
508066,2019-05-11,53,53,VW50-54,65.81%,1588,2076,2102,2090.0
5692217,2019-05-11,44,44,VW40-44,52.10%,1812,1881,2888,1888.0
508066,2019-05-18,53,53,VW50-54,65.64%,1592,2076,2102,2090.0
5692217,2019-05-18,44,44,VW40-44,52.13%,1811,1881,2888,1888.0
128724,2019-05-18,61,61,VW60-64,63.75%,1826,2312,2344,2328.0
128724,2019-05-25,61,61,VW60-64,64.49%,1805,2312,2344,2328.0
5692217,2019-05-25,44,44,VW40-44,51.95%,1817,1881,2888,1888.0
508066,2019-06-01,54,54,VW50-54,59.51%,1778,2103,3116,2116.0
128724,2019-06-01,61,61,VW60-64,65.06%,1789,2312,2344,2328.0
5692217,2019-06-01,44,44,VW40-44,51.67%,1827,1881,2888,1888.0
140267,2019-06-08,50,50,VW50-54,58.42%,1722,0,2023,2012.0
128724,2019-06-08,61,61,VW60-64,64.34%,1809,2312,2344,2328.0
5692217,2019-06-08,44,44,VW40-44,51.36%,1838,1881,2888,1888.0
128724,2019-06-15,61,61,VW60-64,66.48%,1751,2312,2344,2328.0
5692217,2019-06-15,44,44,VW40-44,50.75%,1860,1881,2888,1888.0
128724,2019-06-22,61,61,VW60-64,65.17%,1786,2312,2344,2328.0
5692217,2019-06-29,44,44,VW40-44,51.93%,1818,1881,2888,1888.0
508066,2019-06-29,54,54,VW50-54,54.54%,1940,2103,3116,2116.0
5692217,2019-07-13,44,44,VW40-44,52.47%,1799,1881,2888,1888.0
508066,2019-07-20,54,54,VW50-54,61.84%,1711,2103,3116,2116.0
5692217,2019-07-20,44,44,VW40-44,49.22%,1918,1881,2888,1888.0
377646,2019-08-03,39,39,VM35-39,56.58%,1437,1620,2626,1626.0
128724,2019-08-17,61,61,VW60-64,62.35%,1867,2312,2344,2328.0
5692217,2019-08-17,44,44,VW40-44,49.50%,1907,1881,2888,1888.0
508066,2019-08-24,54,54,VW50-54,61.69%,1715,2103,3116,2116.0
5692217,2019-08-24,44,44,VW40-44,48.91%,1930,1881,2888,1888.0
377646,2019-08-31,39,39,VM35-39,56.62%,1436,1620,2626,1626.0
508066,2019-08-31,54,54,VW50-54,65.63%,1612,2103,3116,2116.0
5692217,2019-08-31,44,44,VW40-44,49.79%,1896,1881,2888,1888.0
128162,2019-08-31,59,59,VW55-59,51.71%,2189,2248,3264,2264.0
128724,2019-09-07,61,61,VW60-64,63.54%,1832,2312,2344,2328.0
128724,2019-09-21,61,61,VW60-64,62.72%,1856,2312,2344,2328.0
128724,2019-09-28,61,61,VW60-64,65.65%,1773,2312,2344,2328.0
614195,2019-10-05,58,58,VW55-59,48.67%,2293,2217,2247,2232.0
508066,2019-10-12,54,54,VW50-54,64.71%,1635,2103,3116,2116.0
5692217,2019-10-12,45,45,VW45-49,50.58%,1884,0,1914,1906.0
508066,2019-10-19,54,54,VW50-54,64.99%,1628,2103,3116,2116.0
128724,2019-10-19,61,61,VW60-64,67.21%,1732,2312,2344,2328.0
5692217,2019-10-19,44,44,VW40-44,50.48%,1870,1881,2888,1888.0
5692217,2019-10-26,45,45,VW45-49,51.68%,1844,0,1914,1906.0
5692217,2019-11-02,45,45,VW45-49,51.82%,1839,0,1914,1906.0
508066,2019-11-02,54,54,VW50-54,52.25%,2025,2103,3116,2116.0
128724,2019-11-09,62,62,VW60-64,66.54%,1775,2345,2378,2362.0
5692217,2019-11-09,45,45,VW45-49,52.97%,1799,0,1914,1906.0
5692217,2019-11-16,45,45,VW45-49,54.93%,1735,0,1914,1906.0
128162,2019-11-16,59,59,VW55-59,52.29%,2165,2248,3264,2264.0
5692217,2019-11-30,45,45,VW45-49,55.76%,1709,0,1914,1906.0
508066,2019-11-30,54,54,VW50-54,57.34%,1845,2103,3116,2116.0
140267,2019-12-07,51,51,VW50-54,58.91%,1728,2024,2048,2036.0
508066,2019-12-07,54,54,VW50-54,60.22%,1757,2103,3116,2116.0
128724,2019-12-14,62,62,VW60-64,63.87%,1849,2345,2378,2362.0
5692217,2019-12-21,45,45,VW45-49,52.68%,1809,0,1914,1906.0
508066,2019-12-21,54,54,VW50-54,56.58%,1870,2103,3116,2116.0
128162,2019-12-21,59,59,VW55-59,52.72%,2147,2248,3264,2264.0
5692217,2019-12-28,45,45,VW45-49,56.76%,1679,0,1914,1906.0
140267,2019-12-28,51,51,VW50-54,56.62%,1798,2024,2048,2036.0
508066,2019-12-28,54,54,VW50-54,56.37%,1877,2103,3116,2116.0
5692217,2020-01-01,45,45,VW45-49,55.50%,1717,0,1914,1906.0
508066,2020-01-01,54,54,VW50-54,59.14%,1789,2103,3116,2116.0
128724,2020-01-01,62,62,VW60-64,63.91%,1848,2345,2378,2362.0
5692217,2020-01-04,45,45,VW45-49,57.79%,1649,0,1914,1906.0
508066,2020-01-04,54,54,VW50-54,62.57%,1691,2103,3116,2116.0
508066,2020-01-11,54,54,VW50-54,61.62%,1717,2103,3116,2116.0
5692217,2020-01-11,45,45,VW45-49,47.04%,2026,0,1914,1906.0
377646,2020-01-18,39,39,VM35-39,51.10%,1591,1620,2626,1626.0
5692217,2020-01-18,45,45,VW45-49,56.03%,1701,0,1914,1906.0
508066,2020-01-18,54,54,VW50-54,57.22%,1849,2103,3116,2116.0
5692217,2020-01-25,45,45,VW45-49,58.79%,1621,0,1914,1906.0
128724,2020-01-25,62,62,VW60-64,65.36%,1807,2345,2378,2362.0
508066,2020-01-25,54,54,VW50-54,52.48%,2016,2103,3116,2116.0
5692217,2020-02-01,45,45,VW45-49,53.06%,1796,0,1914,1906.0
5692217,2020-02-08,45,45,VW45-49,57.58%,1655,0,1914,1906.0
5692217,2020-02-15,45,45,VW45-49,56.73%,1680,0,1914,1906.0
128724,2020-02-15,62,62,VW60-64,65.36%,1807,2345,2378,2362.0
508066,2020-02-29,54,54,VW50-54,55.19%,1917,2103,3116,2116.0
5692217,2020-03-07,45,45,VW45-49,57.10%,1669,0,1914,1906.0
508066,2020-03-07,54,54,VW50-54,61.76%,1713,2103,3116,2116.0
128162,2020-03-14,59,59,VW55-59,55.35%,2045,2248,3264,2264.0
5692217,2021-07-24,46,46,VW45-49,54.01%,1781,1915,1933,1924.0
508066,2021-07-24,56,56,VW55-59,59.25%,1833,2158,2186,2172.0
2305995,2021-07-31,22,24,SM20-24,68.92%,1123,0,1551,1548.0
508066,2021-07-31,56,56,VW55-59,61.18%,1775,2158,2186,2172.0
2305995,2021-08-07,22,24,SM20-24,68.37%,1132,0,1551,1548.0
5692217,2021-08-07,46,46,VW45-49,54.97%,1750,1915,1933,1924.0
508066,2021-08-07,56,56,VW55-59,61.60%,1763,2158,2186,2172.0
2305995,2021-08-14,22,24,SM20-24,68.50%,1130,0,1551,1548.0
5692217,2021-08-14,46,46,VW45-49,54.14%,1777,1915,1933,1924.0
5692217,2021-09-04,46,46,VW45-49,48.59%,1980,1915,1933,1924.0
508066,2021-09-11,56,56,VW55-59,60.81%,1786,2158,2186,2172.0
5692217,2021-09-11,46,46,VW45-49,50.71%,1897,1915,1933,1924.0
5692217,2021-09-25,46,46,VW45-49,48.91%,1967,1915,1933,1924.0
508066,2021-10-02,56,56,VW55-59,61.53%,1765,2158,2186,2172.0
508066,2021-10-09,56,56,VW55-59,38.27%,2838,2158,2186,2172.0
5692217,2021-10-16,46,46,VW45-49,53.92%,1784,1915,1933,1924.0
5692217,2021-10-23,47,47,VW45-49,53.23%,1826,1934,1953,1944.0
508066,2021-10-23,56,56,VW55-59,57.28%,1896,2158,2186,2172.0
508066,2021-11-06,56,56,VW55-59,60.57%,1793,2158,2186,2172.0
5692217,2021-11-13,47,47,VW45-49,54.88%,1771,1934,1953,1944.0
5692217,2021-11-20,47,47,VW45-49,44.08%,2205,1934,1953,1944.0
508066,2021-11-20,56,56,VW55-59,48.85%,2223,2158,2186,2172.0
508066,2021-11-27,56,56,VW55-59,62.56%,1736,2158,2186,2172.0
5692217,2021-11-27,47,47,VW45-49,55.61%,1748,1934,1953,1944.0
5692217,2021-12-04,47,47,VW45-49,55.04%,1766,1934,1953,1944.0
508066,2021-12-04,56,56,VW55-59,57.86%,1877,2158,2186,2172.0
5692217,2021-12-18,47,47,VW45-49,56.12%,1732,1934,1953,1944.0
5692217,2022-01-08,47,47,VW45-49,55.32%,1757,1934,1953,1944.0
5692217,2022-01-15,47,47,VW45-49,55.67%,1746,1934,1953,1944.0
5692217,2022-01-22,47,47,VW45-49,56.35%,1725,1934,1953,1944.0
508066,2022-01-29,56,56,VW55-59,64.49%,1684,2158,2186,2172.0
5692217,2022-01-29,47,47,VW45-49,55.16%,1762,1934,1953,1944.0
5692217,2022-02-05,47,47,VW45-49,56.12%,1732,1934,1953,1944.0
508066,2022-02-26,56,56,VW55-59,56.47%,1923,2158,2186,2172.0
5692217,2022-03-05,47,47,VW45-49,56.28%,1727,1934,1953,1944.0
5692217,2022-03-19,47,47,VW45-49,56.51%,1720,1934,1953,1944.0
508066,2022-03-19,56,56,VW55-59,57.43%,1891,2158,2186,2172.0
5692217,2022-03-26,47,47,VW45-49,54.12%,1796,1934,1953,1944.0
508066,2022-03-26,56,56,VW55-59,55.72%,1949,2158,2186,2172.0
5692217,2022-04-02,47,47,VW45-49,56.45%,1722,1934,1953,1944.0
508066,2022-04-09,56,56,VW55-59,48.55%,2237,2158,2186,2172.0
2305995,2022-04-16,22,24,SM20-24,70.11%,1104,0,1551,1548.0
5692217,2022-04-16,47,47,VW45-49,55.13%,1763,1934,1953,1944.0
508066,2022-05-28,57,57,VW55-59,55.97%,1967,2187,2216,2202.0
5692217,2022-06-18,47,47,VW45-49,54.09%,1797,1934,1953,1944.0
508066,2022-07-02,57,57,VW55-59,62.06%,1774,2187,2216,2202.0
2305995,2022-07-09,22,24,SM20-24,72.81%,1063,0,1551,1548.0
5692217,2022-07-09,47,47,VW45-49,56.41%,1723,1934,1953,1944.0
140267,2013-01-12,44,44,VW40-44,52.80%,1788,1881,2888,1888.0
74670,2013-01-12,49,49,VW45-49,41.24%,2410,1976,2988,1988.0
458254,2013-03-16,13,13,JM11-14,51.33%,1695,1722,1762,1740.0
458254,2013-03-30,13,13,JM11-14,56.02%,1553,1722,1762,1740.0
458254,2013-04-06,13,13,JM11-14,61.14%,1423,1722,1762,1740.0
508066,2013-04-27,46,46,VW45-49,43.97%,2188,1915,1933,1924.0
508066,2013-05-11,46,46,VW45-49,46.90%,2051,1915,1933,1924.0
508066,2013-05-18,46,46,VW45-49,47.39%,2030,1915,1933,1924.0
508066,2013-05-25,47,47,VW45-49,47.76%,2035,1934,1953,1944.0
508066,2013-06-01,47,47,VW45-49,50.00%,1944,1934,1953,1944.0
508066,2013-06-08,47,47,VW45-49,52.20%,1862,1934,1953,1944.0
549570,2013-06-08,38,38,VW35-39,44.37%,2044,1811,1819,1814.0
508066,2013-06-15,47,47,VW45-49,51.62%,1883,1934,1953,1944.0
458254,2013-06-22,13,13,JM11-14,57.58%,1511,1722,1762,1740.0
458254,2013-06-29,13,13,JM11-14,57.35%,1517,1722,1762,1740.0
508066,2013-06-29,47,47,VW45-49,51.59%,1884,1934,1953,1944.0
458254,2013-07-06,13,13,JM11-14,58.94%,1476,1722,1762,1740.0
508066,2013-07-06,47,47,VW45-49,54.79%,1774,1934,1953,1944.0
458254,2013-07-13,13,13,JM11-14,58.86%,1478,1722,1762,1740.0
508066,2013-07-13,47,47,VW45-49,54.70%,1777,1934,1953,1944.0
125003,2013-07-13,53,53,VW50-54,55.09%,1897,2076,2102,2090.0
165257,2013-07-13,47,47,VW45-49,48.77%,1993,1934,1953,1944.0
508066,2013-07-20,47,47,VW45-49,55.16%,1762,1934,1953,1944.0
165257,2013-07-20,47,47,VW45-49,49.09%,1980,1934,1953,1944.0
508066,2013-07-27,47,47,VW45-49,56.25%,1728,1934,1953,1944.0
508066,2013-08-03,47,47,VW45-49,56.25%,1728,1934,1953,1944.0
165257,2013-08-03,47,47,VW45-49,46.55%,2088,1934,1953,1944.0
508066,2013-08-10,47,47,VW45-49,56.78%,1712,1934,1953,1944.0
508066,2013-08-17,47,47,VW45-49,56.94%,1707,1934,1953,1944.0
549570,2013-08-17,37,37,VW35-39,43.79%,2062,1803,1810,1806.0
640896,2013-08-31,44,44,VM40-44,55.86%,1511,1682,2688,1688.0
508066,2013-08-31,47,47,VW45-49,57.69%,1685,1934,1953,1944.0
508066,2013-09-07,47,47,VW45-49,58.17%,1671,1934,1953,1944.0
640896,2013-09-14,44,44,VM40-44,57.22%,1475,1682,2688,1688.0
458254,2013-09-14,13,13,JM11-14,56.97%,1527,1722,1762,1740.0
458254,2013-09-21,13,13,JM11-14,55.95%,1555,1722,1762,1740.0
508066,2013-09-21,47,47,VW45-49,58.17%,1671,1934,1953,1944.0
508066,2013-10-05,47,47,VW45-49,57.69%,1685,1934,1953,1944.0
508066,2013-10-12,47,47,VW45-49,57.04%,1704,1934,1953,1944.0
458254,2013-10-26,13,13,JM11-14,54.37%,1600,1722,1762,1740.0
508066,2013-10-26,47,47,VW45-49,44.20%,2199,1934,1953,1944.0
508066,2013-11-02,47,47,VW45-49,53.09%,1831,1934,1953,1944.0
165257,2013-11-02,47,47,VW45-49,44.59%,2180,1934,1953,1944.0
458254,2013-11-09,13,13,JM11-14,55.66%,1563,1722,1762,1740.0
508066,2013-11-23,47,47,VW45-49,44.57%,2181,1934,1953,1944.0
640896,2013-11-30,44,44,VM40-44,61.07%,1382,1682,2688,1688.0
458254,2013-11-30,13,13,JM11-14,57.65%,1509,1722,1762,1740.0
508066,2013-11-30,47,47,VW45-49,45.85%,2120,1934,1953,1944.0
508066,2013-12-07,47,47,VW45-49,46.40%,2095,1934,1953,1944.0
508066,2013-12-14,47,47,VW45-49,51.87%,1874,1934,1953,1944.0
458254,2013-12-21,13,13,JM11-14,56.31%,1545,1722,1762,1740.0
640896,2013-12-28,44,44,VM40-44,61.25%,1378,1682,2688,1688.0
458254,2013-12-28,13,13,JM11-14,53.77%,1618,1722,1762,1740.0
508066,2013-12-28,47,47,VW45-49,49.52%,1963,1934,1953,1944.0
640896,2014-01-01,44,44,VM40-44,59.82%,1411,1682,2688,1688.0
508066,2014-01-01,47,47,VW45-49,48.26%,2014,1934,1953,1944.0
458254,2014-01-04,14,14,JM11-14,54.41%,1564,0,1721,1702.0
508066,2014-01-11,47,47,VW45-49,48.00%,2025,1934,1953,1944.0
549570,2014-01-11,38,38,VW35-39,39.15%,2319,1811,1819,1816.0
640896,2014-01-11,44,44,VM40-44,30.78%,2742,1682,2688,1688.0
640896,2014-01-18,44,44,VM40-44,59.31%,1423,1682,2688,1688.0
458254,2014-01-18,14,14,JM11-14,54.45%,1563,0,1721,1702.0
508066,2014-01-18,47,47,VW45-49,45.31%,2145,1934,1953,1944.0
508066,2014-01-25,47,47,VW45-49,49.62%,1959,1934,1953,1944.0
508066,2014-02-01,47,47,VW45-49,48.48%,2005,1934,1953,1944.0
508066,2014-03-08,47,47,VW45-49,51.46%,1889,1934,1953,1944.0
508066,2014-03-15,47,47,VW45-49,53.67%,1811,1934,1953,1944.0
508066,2014-03-22,47,47,VW45-49,55.29%,1758,1934,1953,1944.0
508066,2014-03-29,47,47,VW45-49,56.51%,1720,1934,1953,1944.0
508066,2014-04-05,47,47,VW45-49,55.67%,1746,1934,1953,1944.0
458254,2014-04-19,14,14,JM11-14,54.73%,1555,0,1721,1702.0
508066,2014-04-19,47,47,VW45-49,55.26%,1759,1934,1953,1944.0
508066,2014-04-26,47,47,VW45-49,53.35%,1822,1934,1953,1944.0
508066,2014-05-03,47,47,VW45-49,55.26%,1759,1934,1953,1944.0
128724,2014-05-17,56,56,VW55-59,62.38%,1741,2158,2186,2172.0
508066,2014-05-24,48,48,VW45-49,53.11%,1849,1954,1975,1964.0
458254,2014-05-31,14,14,JM11-14,53.69%,1585,0,1721,1702.0
508066,2014-05-31,48,48,VW45-49,52.43%,1873,1954,1975,1964.0
458254,2014-06-07,14,14,JM11-14,53.35%,1595,0,1721,1702.0
508066,2014-06-07,48,48,VW45-49,55.20%,1779,1954,1975,1964.0
572070,2014-06-07,45,45,VM45-49,41.57%,2047,0,1707,1702.0
458254,2014-06-14,14,14,JM11-14,58.33%,1459,0,1721,1702.0
128724,2014-06-14,56,56,VW55-59,60.30%,1801,2158,2186,2172.0
458254,2014-06-21,14,14,JM11-14,60.01%,1418,0,1721,1702.0
508066,2014-06-21,48,48,VW45-49,55.92%,1756,1954,1975,1964.0
128724,2014-06-21,56,56,VW55-59,57.49%,1889,2158,2186,2172.0
508066,2014-06-28,48,48,VW45-49,56.57%,1736,1954,1975,1964.0
508066,2014-07-05,48,48,VW45-49,56.93%,1725,1954,1975,1964.0
1071062,2014-07-05,50,50,VW50-54,57.32%,1755,0,2023,2012.0
508066,2014-07-12,48,48,VW45-49,56.99%,1723,1954,1975,1964.0
508066,2014-07-19,48,48,VW45-49,56.96%,1724,1954,1975,1964.0
508066,2014-07-26,48,48,VW45-49,58.28%,1685,1954,1975,1964.0
508066,2014-08-02,48,48,VW45-49,59.34%,1655,1954,1975,1964.0
508066,2014-08-09,48,48,VW45-49,58.66%,1674,1954,1975,1964.0
508066,2014-08-16,48,48,VW45-49,59.16%,1660,1954,1975,1964.0
508066,2014-08-30,48,48,VW45-49,59.55%,1649,1954,1975,1964.0
508066,2014-09-06,48,48,VW45-49,59.55%,1649,1954,1975,1964.0
1071062,2014-09-13,51,51,VW50-54,57.71%,1764,2024,2048,2036.0
508066,2014-09-20,48,48,VW45-49,58.70%,1673,1954,1975,1964.0
508066,2014-10-04,48,48,VW45-49,60.43%,1625,1954,1975,1964.0
508066,2014-10-11,48,48,VW45-49,58.45%,1680,1954,1975,1964.0
508066,2014-10-18,48,48,VW45-49,59.05%,1663,1954,1975,1964.0
508066,2014-10-25,48,48,VW45-49,57.97%,1694,1954,1975,1964.0
508066,2014-11-01,48,48,VW45-49,57.70%,1702,1954,1975,1964.0
508066,2014-11-08,48,48,VW45-49,57.76%,1700,1954,1975,1964.0
508066,2014-11-15,48,48,VW45-49,56.80%,1729,1954,1975,1964.0
508066,2014-11-22,48,48,VW45-49,57.06%,1721,1954,1975,1964.0
508066,2014-11-29,48,48,VW45-49,56.63%,1734,1954,1975,1964.0
508066,2014-12-06,48,48,VW45-49,54.65%,1797,1954,1975,1964.0
508066,2014-12-13,48,48,VW45-49,57.13%,1719,1954,1975,1964.0
508066,2014-12-20,48,48,VW45-49,55.67%,1764,1954,1975,1964.0
508066,2014-12-27,48,48,VW45-49,51.71%,1899,1954,1975,1964.0
508066,2015-01-01,48,48,VW45-49,54.31%,1808,1954,1975,1964.0
508066,2015-01-03,48,48,VW45-49,53.25%,1844,1954,1975,1964.0
508066,2015-01-10,48,48,VW45-49,54.59%,1799,1954,1975,1964.0
508066,2015-01-17,48,48,VW45-49,54.46%,1803,1954,1975,1964.0
508066,2015-01-24,48,48,VW45-49,54.59%,1799,1954,1975,1964.0
508066,2015-01-31,48,48,VW45-49,56.40%,1741,1954,1975,1964.0
508066,2015-02-07,48,48,VW45-49,58.07%,1691,1954,1975,1964.0
508066,2015-02-14,48,48,VW45-49,55.54%,1768,1954,1975,1964.0
508066,2015-02-21,48,48,VW45-49,53.87%,1823,1954,1975,1964.0
508066,2015-02-28,48,48,VW45-49,53.69%,1829,1954,1975,1964.0
508066,2015-03-07,48,48,VW45-49,56.93%,1725,1954,1975,1964.0
508066,2015-03-14,48,48,VW45-49,59.34%,1655,1954,1975,1964.0
508066,2015-03-21,48,48,VW45-49,57.16%,1718,1954,1975,1964.0
508066,2015-03-28,48,48,VW45-49,58.70%,1673,1954,1975,1964.0
508066,2015-04-04,48,48,VW45-49,58.84%,1669,1954,1975,1964.0
508066,2015-04-11,48,48,VW45-49,60.43%,1625,1954,1975,1964.0
508066,2015-04-25,48,48,VW45-49,60.10%,1634,1954,1975,1964.0
508066,2015-05-23,49,49,VW45-49,44.96%,2211,1976,2988,1988.0
128724,2015-06-20,57,57,VW55-59,60.07%,1833,2187,2216,2202.0
508066,2015-07-25,50,50,VW50-54,62.06%,1621,0,2023,2012.0
128724,2015-07-25,57,57,VW55-59,50.09%,2198,2187,2216,2202.0
1591779,2015-09-19,25,28,SM25-29,39.01%,1984,0,1548,1548.0
508066,2016-01-01,50,50,VW50-54,54.23%,1855,0,2023,2012.0
128724,2016-05-21,58,58,VW55-59,57.53%,1940,2217,2247,2232.0
458254,2016-05-28,16,16,JM15-17,58.76%,1399,1633,1657,1644.0
128724,2016-05-28,58,58,VW55-59,58.71%,1901,2217,2247,2232.0
140267,2016-07-16,47,47,VW45-49,50.15%,1938,1934,1953,1944.0
508066,2016-07-23,51,51,VW50-54,61.85%,1646,2024,2048,2036.0
640896,2016-07-23,46,46,VM45-49,42.40%,2021,1708,1720,1714.0
140267,2016-10-08,48,48,VW45-49,53.40%,1839,1954,1975,1964.0
1903974,2016-12-31,44,44,VW40-44,58.89%,1603,1881,2888,1888.0
508066,2017-01-21,51,51,VW50-54,59.01%,1725,2024,2048,2036.0
640896,2017-04-01,46,46,VM45-49,34.03%,2518,1708,1720,1714.0
1071062,2017-04-08,53,53,VW50-54,56.18%,1860,2076,2102,2090.0
1071062,2017-04-15,53,53,VW50-54,58.06%,1800,2076,2102,2090.0
1071062,2017-04-29,53,53,VW50-54,57.67%,1812,2076,2102,2090.0
1903974,2017-05-13,44,44,VW40-44,58.78%,1606,1881,2888,1888.0
1071062,2017-05-13,53,53,VW50-54,58.61%,1783,2076,2102,2090.0
1071062,2017-05-27,53,53,VW50-54,57.32%,1823,2076,2102,2090.0
1071062,2017-06-10,53,53,VW50-54,56.30%,1856,2076,2102,2090.0
1071062,2017-07-01,53,53,VW50-54,58.54%,1785,2076,2102,2090.0
1071062,2017-07-08,53,53,VW50-54,56.86%,1838,2076,2102,2090.0
1071062,2017-07-15,53,53,VW50-54,58.41%,1789,2076,2102,2090.0
1071062,2017-07-22,53,53,VW50-54,58.45%,1788,2076,2102,2090.0
1071062,2017-07-29,53,53,VW50-54,59.17%,1766,2076,2102,2090.0
640896,2017-07-29,47,47,VM45-49,38.01%,2273,1721,1734,1728.0
1071062,2017-08-12,53,53,VW50-54,58.48%,1787,2076,2102,2090.0
1071062,2017-08-19,54,54,VW50-54,61.37%,1724,2103,3116,2116.0
1071062,2017-09-09,54,54,VW50-54,61.12%,1731,2103,3116,2116.0
1071062,2017-09-16,54,54,VW50-54,61.76%,1713,2103,3116,2116.0
1071062,2017-09-30,54,54,VW50-54,60.46%,1750,2103,3116,2116.0
1071062,2017-10-21,54,54,VW50-54,59.47%,1779,2103,3116,2116.0
1071062,2017-10-28,54,54,VW50-54,61.23%,1728,2103,3116,2116.0
1138623,2017-11-18,44,44,VM40-44,48.96%,1724,1682,2688,1688.0
508066,2017-11-18,52,52,VW50-54,53.25%,1936,2049,2075,2062.0
508066,2017-11-25,52,52,VW50-54,48.96%,2106,2049,2075,2062.0
508066,2018-01-01,52,52,VW50-54,48.31%,2134,2049,2075,2062.0
1903974,2018-02-24,45,45,VW45-49,59.41%,1604,0,1914,1906.0
215996,2018-03-03,52,52,VM50-54,73.99%,1215,1791,1805,1798.0
640896,2018-03-10,47,47,VM45-49,53.93%,1602,1721,1734,1728.0
1903974,2018-03-17,43,43,VW40-44,56.28%,1665,1867,1880,1874.0
1903974,2018-03-31,43,43,VW40-44,56.62%,1655,1867,1880,1874.0
1903974,2018-04-28,43,43,VW40-44,57.91%,1618,1867,1880,1874.0
1903974,2018-05-12,43,43,VW40-44,60.69%,1544,1867,1880,1874.0
508066,2018-05-26,53,53,VW50-54,55.82%,1872,2076,2102,2090.0
1296162,2018-06-02,7,7,JW10,62.31%,1807,2214,2298,2252.0
1071062,2018-06-02,54,54,VW50-54,57.53%,1839,2103,3116,2116.0
1903974,2018-06-02,43,43,VW40-44,46.34%,2022,1867,1880,1874.0
1071062,2018-06-16,54,54,VW50-54,59.81%,1769,2103,3116,2116.0
1071062,2018-06-30,54,54,VW50-54,58.61%,1805,2103,3116,2116.0
1903974,2018-07-21,44,44,VW40-44,59.75%,1580,1881,2888,1888.0
1071062,2018-07-28,54,54,VW50-54,59.01%,1793,2103,3116,2116.0
1071062,2018-08-18,55,55,VW55-59,60.91%,1760,0,2157,2144.0
1071062,2018-09-01,55,55,VW55-59,60.29%,1778,0,2157,2144.0
508066,2018-09-22,53,53,VW50-54,56.36%,1854,2076,2102,2090.0
1903974,2018-10-06,44,44,VW40-44,57.28%,1648,1881,2888,1888.0
1071062,2018-10-27,53,53,VW50-54,58.02%,1801,2076,2102,2090.0
1071062,2018-11-03,53,53,VW50-54,59.99%,1742,2076,2102,2090.0
2305995,2019-01-01,21,21,SM20-24,60.19%,1291,1552,1559,1554.0
508066,2019-01-01,53,53,VW50-54,53.23%,1963,2076,2102,2090.0
128724,2019-01-01,61,61,VW60-64,51.92%,2242,2312,2344,2328.0
508066,2019-01-19,53,53,VW50-54,54.91%,1903,2076,2102,2090.0
1903974,2019-01-26,44,44,VW40-44,56.12%,1682,1881,2888,1888.0
1903974,2019-02-23,44,44,VW40-44,57.11%,1653,1881,2888,1888.0
1903974,2019-03-16,44,44,VW40-44,56.87%,1660,1881,2888,1888.0
600747,2019-03-16,37,37,VW35-39,45.91%,1967,1803,1810,1806.0
1071062,2019-04-06,53,53,VW50-54,57.29%,1824,2076,2102,2090.0
1071062,2019-04-20,53,53,VW50-54,58.97%,1772,2076,2102,2090.0
128724,2019-04-20,61,61,VW60-64,62.95%,1849,2312,2344,2328.0
1071062,2019-05-04,53,53,VW50-54,58.48%,1787,2076,2102,2090.0
1071062,2019-05-18,53,53,VW50-54,57.23%,1826,2076,2102,2090.0
508066,2019-06-15,54,54,VW50-54,59.77%,1770,2103,3116,2116.0
1071062,2019-06-15,53,53,VW50-54,55.29%,1890,2076,2102,2090.0
1071062,2019-07-13,53,53,VW50-54,56.98%,1834,2076,2102,2090.0
1071062,2019-08-03,53,53,VW50-54,56.27%,1857,2076,2102,2090.0
1071062,2019-08-10,53,53,VW50-54,57.86%,1806,2076,2102,2090.0
1071062,2019-08-17,54,54,VW50-54,57.13%,1852,2103,3116,2116.0
1071062,2019-09-07,54,54,VW50-54,59.01%,1793,2103,3116,2116.0
1071062,2019-09-21,54,54,VW50-54,59.17%,1788,2103,3116,2116.0
5692217,2019-12-07,45,45,VW45-49,50.80%,1876,0,1914,1906.0
1903974,2019-12-28,45,45,VW45-49,54.99%,1733,0,1914,1906.0
508066,2020-01-01,54,54,VW50-54,51.31%,2062,2103,3116,2116.0
614195,2020-03-07,58,58,VW55-59,50.38%,2215,2217,2247,2232.0
5692217,2021-08-28,46,46,VW45-49,52.54%,1831,1915,1933,1924.0
508066,2021-08-28,56,56,VW55-59,56.15%,1934,2158,2186,2172.0
1071062,2021-09-18,56,56,VW55-59,52.74%,2059,2158,2186,2172.0
1071062,2021-09-25,56,56,VW55-59,52.49%,2069,2158,2186,2172.0
1071062,2021-10-02,56,56,VW55-59,52.98%,2050,2158,2186,2172.0
1071062,2021-10-16,56,56,VW55-59,55.04%,1973,2158,2186,2172.0
1071062,2021-10-23,56,56,VW55-59,51.49%,2109,2158,2186,2172.0
1071062,2021-10-30,56,56,VW55-59,54.63%,1988,2158,2186,2172.0
1071062,2021-11-06,56,56,VW55-59,55.30%,1964,2158,2186,2172.0
1071062,2021-11-13,56,56,VW55-59,54.63%,1988,2158,2186,2172.0
1071062,2021-11-20,56,56,VW55-59,55.78%,1947,2158,2186,2172.0
1071062,2021-12-04,56,56,VW55-59,55.04%,1973,2158,2186,2172.0
1071062,2021-12-11,56,56,VW55-59,57.31%,1895,2158,2186,2172.0
1071062,2021-12-18,56,56,VW55-59,55.64%,1952,2158,2186,2172.0
2305995,2022-01-01,22,24,SM20-24,57.55%,1345,0,1551,1548.0
508066,2022-01-01,56,56,VW55-59,56.80%,1912,2158,2186,2172.0
1903974,2022-01-08,47,47,VW45-49,54.76%,1775,1934,1953,1944.0
1071062,2022-01-22,56,56,VW55-59,52.85%,2055,2158,2186,2172.0
1071062,2022-01-29,56,56,VW55-59,54.16%,2005,2158,2186,2172.0
1071062,2022-03-19,56,56,VW55-59,55.58%,1954,2158,2186,2172.0
1071062,2022-03-26,56,56,VW55-59,58.48%,1857,2158,2186,2172.0
1071062,2022-04-02,56,56,VW55-59,58.89%,1844,2158,2186,2172.0
1071062,2022-04-16,56,56,VW55-59,59.18%,1835,2158,2186,2172.0
1071062,2022-04-23,56,56,VW55-59,59.87%,1814,2158,2186,2172.0
1071062,2022-04-30,56,56,VW55-59,60.87%,1784,2158,2186,2172.0
5692217,2022-04-30,47,47,VW45-49,54.45%,1785,1934,1953,1944.0
1071062,2022-05-07,56,56,VW55-59,59.38%,1829,2158,2186,2172.0
1071062,2022-05-28,56,56,VW55-59,58.45%,1858,2158,2186,2172.0
508066,2022-06-04,57,57,VW55-59,57.49%,1915,2187,2216,2202.0
1071062,2022-06-11,56,56,VW55-59,57.92%,1875,2158,2186,2172.0
1071062,2022-06-18,56,56,VW55-59,56.71%,1915,2158,2186,2172.0
1071062,2022-07-09,56,56,VW55-59,58.01%,1872,2158,2186,2172.0
1071062,2022-07-30,56,56,VW55-59,56.18%,1933,2158,2186,2172.0
1071062,2022-08-27,57,57,VW55-59,57.34%,1920,2187,2216,2202.0
1071062,2022-09-03,57,57,VW55-59,58.35%,1887,2187,2216,2202.0
614195,2013-08-31,52,52,VW50-54,59.15%,1743,2049,2075,2062.0
572070,2013-08-31,44,44,VM40-44,44.21%,1909,1682,2688,1688.0
125003,2013-08-31,53,53,VW50-54,38.33%,2726,2076,2102,2090.0
614195,2013-09-07,52,52,VW50-54,60.54%,1703,2049,2075,2062.0
614195,2013-09-21,52,52,VW50-54,62.75%,1643,2049,2075,2062.0
614195,2013-09-28,52,52,VW50-54,64.36%,1602,2049,2075,2062.0
614195,2013-10-12,52,52,VW50-54,63.10%,1634,2049,2075,2062.0
614195,2013-10-26,52,52,VW50-54,64.76%,1592,2049,2075,2062.0
600747,2013-10-26,31,31,SW30-34,52.39%,1697,1777,1778,1778.0
614195,2013-11-02,52,52,VW50-54,59.60%,1730,2049,2075,2062.0
614195,2013-11-09,52,52,VW50-54,57.73%,1786,2049,2075,2062.0
614195,2013-11-23,52,52,VW50-54,55.07%,1872,2049,2075,2062.0
614195,2013-11-30,52,52,VW50-54,57.92%,1780,2049,2075,2062.0
614195,2013-12-07,52,52,VW50-54,57.92%,1780,2049,2075,2062.0
614195,2013-12-21,52,52,VW50-54,59.66%,1728,2049,2075,2062.0
614195,2013-12-25,52,52,VW50-54,59.56%,1731,2049,2075,2062.0
614195,2013-12-28,52,52,VW50-54,59.98%,1719,2049,2075,2062.0
614195,2014-01-04,52,52,VW50-54,59.80%,1724,2049,2075,2062.0
614195,2014-01-11,52,52,VW50-54,60.01%,1718,2049,2075,2062.0
614195,2014-01-18,52,52,VW50-54,59.56%,1731,2049,2075,2062.0
614195,2014-01-25,52,52,VW50-54,59.84%,1723,2049,2075,2062.0
614195,2014-02-01,52,52,VW50-54,60.61%,1701,2049,2075,2062.0
614195,2014-02-08,52,52,VW50-54,60.33%,1709,2049,2075,2062.0
614195,2014-02-22,52,52,VW50-54,61.26%,1683,2049,2075,2062.0
600747,2014-03-01,32,32,SW30-34,34.64%,2569,1779,1781,1780.0
614195,2014-03-08,52,52,VW50-54,62.71%,1644,2049,2075,2062.0
614195,2014-03-15,52,52,VW50-54,63.29%,1629,2049,2075,2062.0
614195,2014-03-29,52,52,VW50-54,63.37%,1627,2049,2075,2062.0
614195,2014-04-05,52,52,VW50-54,60.22%,1712,2049,2075,2062.0
614195,2014-04-12,52,52,VW50-54,60.33%,1709,2049,2075,2062.0
949684,2014-04-19,44,44,VM40-44,75.36%,1120,1682,2688,1688.0
614195,2014-04-26,52,52,VW50-54,61.30%,1682,2049,2075,2062.0
614195,2014-05-10,52,52,VW50-54,62.30%,1655,2049,2075,2062.0
614195,2014-05-17,52,52,VW50-54,64.68%,1594,2049,2075,2062.0
614195,2014-05-24,52,52,VW50-54,46.78%,2204,2049,2075,2062.0
614195,2014-05-31,52,52,VW50-54,64.08%,1609,2049,2075,2062.0
614195,2014-06-07,52,52,VW50-54,59.73%,1726,2049,2075,2062.0
614195,2014-06-14,52,52,VW50-54,62.03%,1662,2049,2075,2062.0
724290,2014-06-21,46,46,VM45-49,53.26%,1609,1708,1720,1714.0
614195,2014-06-21,52,52,VW50-54,61.08%,1688,2049,2075,2062.0
614195,2014-06-28,52,52,VW50-54,63.80%,1616,2049,2075,2062.0
614195,2014-07-05,52,52,VW50-54,58.65%,1758,2049,2075,2062.0
614195,2014-07-12,52,52,VW50-54,59.63%,1729,2049,2075,2062.0
600747,2014-07-12,32,32,SW30-34,49.69%,1791,1779,1781,1780.0
614195,2014-07-26,52,52,VW50-54,51.52%,2001,2049,2075,2062.0
614195,2014-08-09,53,53,VW50-54,53.34%,1959,2076,2102,2090.0
614195,2014-08-16,53,53,VW50-54,52.04%,2008,2076,2102,2090.0
600747,2014-08-23,32,32,SW30-34,50.94%,1747,1779,1781,1780.0
614195,2014-08-23,53,53,VW50-54,53.76%,1944,2076,2102,2090.0
267361,2014-08-30,53,53,VW50-54,55.53%,1882,2076,2102,2090.0
614195,2014-08-30,53,53,VW50-54,50.22%,2081,2076,2102,2090.0
614195,2014-09-13,53,53,VW50-54,55.91%,1869,2076,2102,2090.0
614195,2014-09-20,53,53,VW50-54,58.94%,1773,2076,2102,2090.0
614195,2014-09-27,53,53,VW50-54,60.16%,1737,2076,2102,2090.0
614195,2014-10-04,53,53,VW50-54,60.97%,1714,2076,2102,2090.0
1227651,2014-10-04,46,46,VW45-49,39.27%,2450,1915,1933,1924.0
614195,2014-10-11,53,53,VW50-54,59.58%,1754,2076,2102,2090.0
614195,2014-10-18,53,53,VW50-54,56.86%,1838,2076,2102,2090.0
600747,2014-11-01,32,32,SW30-34,49.12%,1812,1779,1781,1780.0
614195,2014-11-01,53,53,VW50-54,54.03%,1934,2076,2102,2090.0
614195,2014-11-08,53,53,VW50-54,55.44%,1885,2076,2102,2090.0
614195,2014-11-22,53,53,VW50-54,58.48%,1787,2076,2102,2090.0
600747,2014-11-22,32,32,SW30-34,49.69%,1791,1779,1781,1780.0
1227651,2014-11-22,44,44,VW40-44,35.26%,2677,1881,2888,1888.0
614195,2014-11-29,53,53,VW50-54,57.86%,1806,2076,2102,2090.0
600747,2014-11-29,32,32,SW30-34,49.04%,1815,1779,1781,1780.0
614195,2014-12-06,53,53,VW50-54,58.94%,1773,2076,2102,2090.0
614195,2014-12-13,53,53,VW50-54,59.11%,1768,2076,2102,2090.0
614195,2014-12-20,53,53,VW50-54,54.80%,1907,2076,2102,2090.0
600747,2014-12-25,33,33,SW30-34,48.64%,1834,1782,1785,1784.0
614195,2014-12-25,53,53,VW50-54,55.03%,1899,2076,2102,2090.0
614195,2014-12-27,53,53,VW50-54,43.08%,2426,2076,2102,2090.0
492000,2015-01-01,46,46,VW45-49,61.94%,1553,1915,1933,1924.0
508021,2015-01-01,50,50,VM50-54,52.77%,1677,0,1776,1770.0
614195,2015-01-01,53,53,VW50-54,58.31%,1792,2076,2102,2090.0
614195,2015-01-03,53,53,VW50-54,59.24%,1764,2076,2102,2090.0
614195,2015-01-10,53,53,VW50-54,58.41%,1789,2076,2102,2090.0
1227651,2015-01-10,44,44,VW40-44,26.23%,3599,1881,2888,1888.0
614195,2015-01-17,53,53,VW50-54,58.48%,1787,2076,2102,2090.0
972186,2015-01-24,51,51,VM50-54,63.94%,1395,1777,1790,1784.0
614195,2015-01-24,53,53,VW50-54,58.38%,1790,2076,2102,2090.0
614195,2015-02-07,53,53,VW50-54,59.11%,1768,2076,2102,2090.0
614195,2015-02-14,53,53,VW50-54,59.27%,1763,2076,2102,2090.0
614195,2015-02-21,53,53,VW50-54,58.64%,1782,2076,2102,2090.0
614195,2015-02-28,53,53,VW50-54,61.87%,1689,2076,2102,2090.0
614195,2015-04-04,53,53,VW50-54,59.61%,1753,2076,2102,2090.0
600747,2015-04-11,33,33,SW30-34,52.50%,1699,1782,1785,1784.0
614195,2015-04-11,53,53,VW50-54,57.58%,1815,2076,2102,2090.0
600747,2015-04-18,33,33,SW30-34,54.03%,1651,1782,1785,1784.0
614195,2015-04-18,53,53,VW50-54,57.70%,1811,2076,2102,2090.0
614195,2015-05-02,53,53,VW50-54,56.52%,1849,2076,2102,2090.0
614195,2015-05-09,53,53,VW50-54,55.32%,1889,2076,2102,2090.0
614195,2015-05-16,53,53,VW50-54,57.04%,1832,2076,2102,2090.0
614195,2015-05-23,53,53,VW50-54,63.49%,1646,2076,2102,2090.0
614195,2015-05-30,53,53,VW50-54,55.47%,1884,2076,2102,2090.0
972186,2015-06-06,51,51,VM50-54,66.72%,1337,1777,1790,1784.0
972186,2015-06-13,51,51,VM50-54,68.93%,1294,1777,1790,1784.0
614195,2015-06-13,53,53,VW50-54,55.76%,1874,2076,2102,2090.0
972186,2015-06-20,51,51,VM50-54,70.85%,1259,1777,1790,1784.0
614195,2015-06-20,53,53,VW50-54,46.47%,2249,2076,2102,2090.0
614195,2015-06-27,53,53,VW50-54,34.78%,3005,2076,2102,2090.0
508021,2015-07-04,50,50,VM50-54,56.48%,1567,0,1776,1770.0
492000,2015-07-04,47,47,VW45-49,61.36%,1584,1934,1953,1944.0
614195,2015-07-04,53,53,VW50-54,59.48%,1757,2076,2102,2090.0
614195,2015-07-11,53,53,VW50-54,61.22%,1707,2076,2102,2090.0
614195,2015-07-18,53,53,VW50-54,60.54%,1726,2076,2102,2090.0
614195,2015-07-25,53,53,VW50-54,62.09%,1683,2076,2102,2090.0
614195,2015-08-01,54,54,VW50-54,62.05%,1705,2103,3116,2116.0
614195,2015-08-08,54,54,VW50-54,62.31%,1698,2103,3116,2116.0
74670,2015-08-08,50,50,VW50-54,51.17%,1966,0,2023,2012.0
1029873,2015-08-15,8,8,JM10,60.41%,1690,2003,2089,2042.0
949684,2015-08-22,46,46,VM45-49,77.35%,1108,1708,1720,1714.0
614195,2015-08-22,54,54,VW50-54,61.40%,1723,2103,3116,2116.0
614195,2015-08-29,54,54,VW50-54,59.94%,1765,2103,3116,2116.0
614195,2015-09-05,54,54,VW50-54,62.02%,1706,2103,3116,2116.0
523,2015-09-26,51,51,VM50-54,73.60%,1212,1777,1790,1784.0
614195,2015-09-26,54,54,VW50-54,60.08%,1761,2103,3116,2116.0
523,2015-10-03,51,51,VM50-54,73.17%,1219,1777,1790,1784.0
614195,2015-10-03,54,54,VW50-54,61.58%,1718,2103,3116,2116.0
614195,2015-10-10,54,54,VW50-54,63.47%,1667,2103,3116,2116.0
523,2015-10-17,52,52,VM50-54,73.09%,1230,1791,1805,1798.0
614195,2015-10-17,54,54,VW50-54,61.80%,1712,2103,3116,2116.0
523,2015-10-24,52,52,VM50-54,73.03%,1231,1791,1805,1798.0
523,2015-10-31,52,52,VM50-54,73.27%,1227,1791,1805,1798.0
614195,2015-10-31,54,54,VW50-54,57.97%,1825,2103,3116,2116.0
614195,2015-11-07,54,54,VW50-54,61.94%,1708,2103,3116,2116.0
614195,2015-11-21,54,54,VW50-54,59.88%,1767,2103,3116,2116.0
770951,2015-11-28,41,41,VM40-44,66.59%,1239,1644,1655,1650.0
589721,2015-11-28,49,49,VM45-49,70.18%,1251,1749,2756,1756.0
360902,2015-11-28,53,53,VM50-54,60.87%,1490,1806,1820,1814.0
614195,2015-11-28,54,54,VW50-54,61.40%,1723,2103,3116,2116.0
614195,2015-12-05,54,54,VW50-54,59.74%,1771,2103,3116,2116.0
614195,2015-12-12,54,54,VW50-54,61.48%,1721,2103,3116,2116.0
614195,2015-12-19,54,54,VW50-54,63.35%,1670,2103,3116,2116.0
614195,2015-12-25,54,54,VW50-54,60.84%,1739,2103,3116,2116.0
614195,2016-01-01,54,54,VW50-54,61.33%,1725,2103,3116,2116.0
572070,2016-01-01,46,46,VM45-49,44.40%,1930,1708,1720,1714.0
614195,2016-01-02,54,54,VW50-54,62.24%,1700,2103,3116,2116.0
614195,2016-01-16,54,54,VW50-54,61.12%,1731,2103,3116,2116.0
614195,2016-01-23,54,54,VW50-54,62.27%,1699,2103,3116,2116.0
614195,2016-01-30,54,54,VW50-54,34.35%,3080,2103,3116,2116.0
614195,2016-02-06,54,54,VW50-54,62.49%,1693,2103,3116,2116.0
614195,2016-02-13,54,54,VW50-54,64.99%,1628,2103,3116,2116.0
614195,2016-02-27,54,54,VW50-54,63.43%,1668,2103,3116,2116.0
614195,2016-03-12,54,54,VW50-54,37.10%,2852,2103,3116,2116.0
614195,2016-03-19,54,54,VW50-54,60.91%,1737,2103,3116,2116.0
614195,2016-04-02,54,54,VW50-54,61.26%,1727,2103,3116,2116.0
614195,2016-04-09,54,54,VW50-54,59.47%,1779,2103,3116,2116.0
614195,2016-04-16,54,54,VW50-54,61.23%,1728,2103,3116,2116.0
614195,2016-04-30,54,54,VW50-54,62.90%,1682,2103,3116,2116.0
614195,2016-05-07,54,54,VW50-54,60.15%,1759,2103,3116,2116.0
600747,2016-05-07,34,34,SW30-34,46.35%,1929,1786,2788,1788.0
614195,2016-05-14,54,54,VW50-54,63.32%,1671,2103,3116,2116.0
614195,2016-05-21,54,54,VW50-54,64.36%,1644,2103,3116,2116.0
600747,2016-05-21,34,34,SW30-34,48.69%,1836,1786,2788,1788.0
1882503,2016-05-28,57,57,VW55-59,52.11%,2113,2187,2216,2202.0
614195,2016-05-28,54,54,VW50-54,33.87%,3124,2103,3116,2116.0
614195,2016-06-04,54,54,VW50-54,64.55%,1639,2103,3116,2116.0
614195,2016-06-18,54,54,VW50-54,57.69%,1834,2103,3116,2116.0
614195,2016-06-25,54,54,VW50-54,61.05%,1733,2103,3116,2116.0
614195,2016-07-02,54,54,VW50-54,60.94%,1736,2103,3116,2116.0
1063855,2016-07-02,45,45,VM45-49,42.70%,1993,0,1707,1702.0
614195,2016-07-23,54,54,VW50-54,52.12%,2030,2103,3116,2116.0
614195,2016-07-30,55,55,VW55-59,59.89%,1790,0,2157,2144.0
600747,2016-07-30,34,34,SW30-34,31.37%,2850,1786,2788,1788.0
614195,2016-08-13,55,55,VW55-59,56.51%,1897,0,2157,2144.0
1997252,2016-08-20,41,41,VM40-44,73.27%,1126,1644,1655,1650.0
600747,2016-08-20,34,34,SW30-34,51.35%,1741,1786,2788,1788.0
614195,2016-08-27,55,55,VW55-59,61.26%,1750,0,2157,2144.0
600747,2016-08-27,34,34,SW30-34,48.75%,1834,1786,2788,1788.0
614195,2016-09-03,55,55,VW55-59,62.36%,1719,0,2157,2144.0
1646899,2016-09-03,45,45,VW45-49,49.35%,1931,0,1914,1906.0
614195,2016-09-10,55,55,VW55-59,62.80%,1707,0,2157,2144.0
1882503,2016-09-10,58,58,VW55-59,52.89%,2110,2217,2247,2232.0
1646899,2016-09-17,45,45,VW45-49,49.79%,1914,0,1914,1906.0
614195,2016-09-24,55,55,VW55-59,59.65%,1797,0,2157,2144.0
640896,2016-10-08,46,46,VM45-49,56.87%,1507,1708,1720,1714.0
614195,2016-10-08,55,55,VW55-59,62.14%,1725,0,2157,2144.0
1063855,2016-10-08,45,45,VM45-49,38.44%,2214,0,1707,1702.0
614195,2016-10-15,55,55,VW55-59,65.17%,1645,0,2157,2144.0
614195,2016-10-22,55,55,VW55-59,64.19%,1670,0,2157,2144.0
600747,2016-11-05,34,34,SW30-34,50.31%,1777,1786,2788,1788.0
614195,2016-11-12,55,55,VW55-59,64.00%,1675,0,2157,2144.0
1882503,2016-11-12,58,58,VW55-59,54.41%,2051,2217,2247,2232.0
614195,2016-11-19,55,55,VW55-59,65.09%,1647,0,2157,2144.0
614195,2016-11-26,55,55,VW55-59,64.50%,1662,0,2157,2144.0
1997252,2016-12-03,42,42,VM40-44,75.00%,1108,1656,1668,1662.0
614195,2016-12-03,55,55,VW55-59,65.93%,1626,0,2157,2144.0
600747,2016-12-03,34,34,SW30-34,50.80%,1760,1786,2788,1788.0
614195,2016-12-17,55,55,VW55-59,66.79%,1605,0,2157,2144.0
1296162,2016-12-17,6,6,JW10,58.37%,2008,2299,2397,2344.0
614195,2016-12-24,55,55,VW55-59,64.93%,1651,0,2157,2144.0
614195,2016-12-25,55,55,VW55-59,62.69%,1710,0,2157,2144.0
614195,2016-12-31,55,55,VW55-59,61.93%,1731,0,2157,2144.0
1684429,2017-01-01,38,38,VW35-39,57.65%,1575,1811,1819,1816.0
492000,2017-01-01,48,48,VW45-49,58.35%,1683,1954,1975,1964.0
508021,2017-01-01,52,52,VM50-54,53.42%,1683,1791,1805,1798.0
614195,2017-01-01,55,55,VW55-59,62.73%,1709,0,2157,2144.0
614195,2017-01-14,55,55,VW55-59,61.54%,1742,0,2157,2144.0
614195,2017-01-21,55,55,VW55-59,61.33%,1748,0,2157,2144.0
600747,2017-01-21,35,35,VW35-39,51.11%,1755,0,1796,1794.0
614195,2017-01-28,55,55,VW55-59,64.19%,1670,0,2157,2144.0
614195,2017-02-04,55,55,VW55-59,34.79%,3081,0,2157,2144.0
614195,2017-02-11,55,55,VW55-59,65.53%,1636,0,2157,2144.0
2390247,2017-02-11,42,42,VM40-44,45.31%,1834,1656,1668,1662.0
614195,2017-02-25,55,55,VW55-59,65.61%,1634,0,2157,2144.0
600747,2017-02-25,35,35,VW35-39,51.55%,1740,0,1796,1794.0
1309884,2017-03-04,14,14,JM11-14,64.86%,1312,0,1721,1702.0
614195,2017-03-04,55,55,VW55-59,62.62%,1712,0,2157,2144.0
600747,2017-03-04,35,35,VW35-39,50.22%,1786,0,1796,1794.0
614195,2017-03-18,55,55,VW55-59,63.51%,1688,0,2157,2144.0
614195,2017-03-25,55,55,VW55-59,65.21%,1644,0,2157,2144.0
1882503,2017-03-25,58,58,VW55-59,52.10%,2142,2217,2247,2232.0
614195,2017-04-01,55,55,VW55-59,64.31%,1667,0,2157,2144.0
614195,2017-04-08,55,55,VW55-59,62.33%,1720,0,2157,2144.0
1651066,2017-04-15,40,40,VW40-44,44.91%,2044,0,1840,1836.0
614195,2017-04-29,55,55,VW55-59,60.70%,1766,0,2157,2144.0
600747,2017-05-06,35,35,VW35-39,54.30%,1652,0,1796,1794.0
614195,2017-05-06,55,55,VW55-59,53.65%,1998,0,2157,2144.0
614195,2017-05-13,55,55,VW55-59,58.04%,1847,0,2157,2144.0
2390247,2017-05-20,42,42,VM40-44,51.74%,1606,1656,1668,1662.0
614195,2017-05-20,55,55,VW55-59,59.42%,1804,0,2157,2144.0
614195,2017-06-03,55,55,VW55-59,55.46%,1933,0,2157,2144.0
614195,2017-06-10,55,55,VW55-59,61.40%,1746,0,2157,2144.0
600747,2017-06-24,35,35,VW35-39,54.43%,1648,0,1796,1794.0
614195,2017-06-24,55,55,VW55-59,33.54%,3196,0,2157,2144.0
614195,2017-07-01,55,55,VW55-59,60.06%,1785,0,2157,2144.0
1651066,2017-07-01,40,40,VW40-44,46.20%,1987,0,1840,1836.0
1882503,2017-07-01,58,58,VW55-59,53.60%,2082,2217,2247,2232.0
614195,2017-07-29,56,56,VW55-59,48.55%,2237,2158,2186,2172.0
614195,2017-08-12,56,56,VW55-59,55.95%,1941,2158,2186,2172.0
2390247,2017-08-26,42,42,VM40-44,50.67%,1640,1656,1668,1662.0
600747,2017-09-02,35,35,VW35-39,55.71%,1610,0,1796,1794.0
2390247,2017-09-09,42,42,VM40-44,51.01%,1629,1656,1668,1662.0
614195,2017-09-09,56,56,VW55-59,62.74%,1731,2158,2186,2172.0
614195,2017-09-16,56,56,VW55-59,63.77%,1703,2158,2186,2172.0
614195,2017-09-23,56,56,VW55-59,64.64%,1680,2158,2186,2172.0
600747,2017-09-30,35,35,VW35-39,57.13%,1570,0,1796,1794.0
614195,2017-09-30,56,56,VW55-59,64.91%,1673,2158,2186,2172.0
614195,2017-10-07,56,56,VW55-59,64.37%,1687,2158,2186,2172.0
614195,2017-10-21,56,56,VW55-59,62.23%,1745,2158,2186,2172.0
614195,2017-11-04,56,56,VW55-59,59.83%,1815,2158,2186,2172.0
600747,2017-11-11,35,35,VW35-39,54.73%,1639,0,1796,1794.0
614195,2017-11-11,56,56,VW55-59,34.43%,3154,2158,2186,2172.0
614195,2017-11-25,56,56,VW55-59,30.18%,3599,2158,2186,2172.0
614195,2017-12-02,56,56,VW55-59,61.67%,1761,2158,2186,2172.0
614195,2017-12-16,56,56,VW55-59,59.57%,1823,2158,2186,2172.0
1138623,2017-12-23,44,44,VM40-44,51.37%,1643,1682,2688,1688.0
614195,2017-12-23,56,56,VW55-59,30.78%,3528,2158,2186,2172.0
614195,2017-12-25,56,56,VW55-59,34.95%,3107,2158,2186,2172.0
614195,2017-12-30,56,56,VW55-59,34.05%,3189,2158,2186,2172.0
614195,2018-01-01,56,56,VW55-59,52.90%,2053,2158,2186,2172.0
614195,2018-01-06,56,56,VW55-59,41.32%,2628,2158,2186,2172.0
614195,2018-01-13,56,56,VW55-59,57.49%,1889,2158,2186,2172.0
614195,2018-01-20,56,56,VW55-59,59.05%,1839,2158,2186,2172.0
600747,2018-01-27,36,36,VW35-39,49.89%,1804,1797,1802,1800.0
614195,2018-01-27,56,56,VW55-59,41.72%,2603,2158,2186,2172.0
614195,2018-02-03,56,56,VW55-59,61.18%,1775,2158,2186,2172.0
2390247,2018-02-10,43,43,VM40-44,48.50%,1728,1669,1681,1676.0
614195,2018-02-10,56,56,VW55-59,42.52%,2554,2158,2186,2172.0
614195,2018-02-17,56,56,VW55-59,59.90%,1813,2158,2186,2172.0
614195,2018-02-24,56,56,VW55-59,45.73%,2375,2158,2186,2172.0
949684,2018-03-24,48,48,VM45-49,74.64%,1167,1735,1748,1742.0
1882503,2018-04-21,59,59,VW55-59,54.34%,2083,2248,3264,2264.0
614195,2018-04-21,56,56,VW55-59,36.73%,2957,2158,2186,2172.0
128162,2018-05-05,57,57,VW55-59,46.20%,2383,2187,2216,2202.0
614195,2018-05-12,56,56,VW55-59,45.12%,2407,2158,2186,2172.0
614195,2018-05-19,56,56,VW55-59,49.66%,2187,2158,2186,2172.0
1882503,2018-05-26,59,59,VW55-59,51.18%,2212,2248,3264,2264.0
614195,2018-05-26,56,56,VW55-59,47.20%,2301,2158,2186,2172.0
2390247,2018-06-09,43,43,VM40-44,51.63%,1623,1669,1681,1676.0
614195,2018-06-09,56,56,VW55-59,55.75%,1948,2158,2186,2172.0
1882503,2018-06-09,59,59,VW55-59,55.82%,2028,2248,3264,2264.0
614195,2018-06-16,56,56,VW55-59,56.59%,1919,2158,2186,2172.0
949684,2018-06-23,49,49,VM45-49,77.77%,1129,1749,2756,1756.0
598715,2018-06-23,54,54,VM50-54,44.39%,2059,1821,2828,1828.0
614195,2018-06-30,56,56,VW55-59,50.12%,2167,2158,2186,2172.0
949684,2018-07-14,49,49,VM45-49,78.46%,1119,1749,2756,1756.0
614195,2018-08-04,57,57,VW55-59,44.29%,2486,2187,2216,2202.0
614195,2018-08-25,57,57,VW55-59,43.81%,2513,2187,2216,2202.0
614195,2018-09-01,57,57,VW55-59,58.35%,1887,2187,2216,2202.0
360902,2018-09-22,56,56,VM55-59,64.40%,1444,1852,1867,1860.0
949684,2018-09-29,49,49,VM45-49,81.60%,1076,1749,2756,1756.0
614195,2018-09-29,57,57,VW55-59,43.52%,2530,2187,2216,2202.0
614195,2018-10-06,57,57,VW55-59,57.76%,1906,2187,2216,2202.0
614195,2018-10-20,57,57,VW55-59,55.49%,1984,2187,2216,2202.0
614195,2018-10-27,57,57,VW55-59,59.45%,1852,2187,2216,2202.0
614195,2018-11-10,57,57,VW55-59,59.80%,1841,2187,2216,2202.0
614195,2018-12-01,57,57,VW55-59,59.84%,1840,2187,2216,2202.0
614195,2018-12-08,57,57,VW55-59,48.31%,2279,2187,2216,2202.0
614195,2018-12-15,57,57,VW55-59,55.00%,2002,2187,2216,2202.0
614195,2018-12-25,57,57,VW55-59,51.21%,2150,2187,2216,2202.0
614195,2019-01-01,57,57,VW55-59,57.58%,1912,2187,2216,2202.0
1945581,2019-01-05,45,45,VW45-49,59.60%,1599,0,1914,1906.0
1063855,2019-01-05,48,48,VM45-49,36.37%,2395,1735,1748,1742.0
614195,2019-01-12,57,57,VW55-59,57.76%,1906,2187,2216,2202.0
598715,2019-01-19,55,55,VM55-59,51.83%,1779,0,1851,1844.0
614195,2019-01-19,57,57,VW55-59,59.74%,1843,2187,2216,2202.0
614195,2019-02-02,57,57,VW55-59,50.14%,2196,2187,2216,2202.0
598715,2019-02-02,55,55,VM55-59,39.32%,2345,0,1851,1844.0
614195,2019-02-09,57,57,VW55-59,38.39%,2868,2187,2216,2202.0
1949590,2019-02-23,56,56,VW55-59,54.46%,1994,2158,2186,2172.0
5012495,2019-02-23,45,45,VM45-49,38.35%,2219,0,1707,1702.0
614195,2019-03-02,57,57,VW55-59,56.12%,1962,2187,2216,2202.0
614195,2019-03-16,57,57,VW55-59,56.78%,1939,2187,2216,2202.0
949684,2019-03-23,49,49,VM45-49,77.84%,1128,1749,2756,1756.0
492000,2019-03-23,50,50,VW50-54,61.23%,1643,0,2023,2012.0
614195,2019-03-23,57,57,VW55-59,60.69%,1814,2187,2216,2202.0
614195,2019-04-06,57,57,VW55-59,63.42%,1736,2187,2216,2202.0
614195,2019-04-13,57,57,VW55-59,61.82%,1781,2187,2216,2202.0
614195,2019-04-27,57,57,VW55-59,59.26%,1858,2187,2216,2202.0
1882503,2019-04-27,60,60,VW60-64,54.25%,2116,0,2311,2296.0
614195,2019-05-11,57,57,VW55-59,27.50%,4003,2187,2216,2202.0
614195,2019-05-25,57,57,VW55-59,58.59%,1879,2187,2216,2202.0
128162,2019-05-25,58,58,VW55-59,52.15%,2140,2217,2247,2232.0
614195,2019-06-01,57,57,VW55-59,27.82%,3958,2187,2216,2202.0
614195,2019-06-08,57,57,VW55-59,62.27%,1768,2187,2216,2202.0
614195,2019-06-22,57,57,VW55-59,57.34%,1920,2187,2216,2202.0
2528702,2019-06-29,25,29,SW25-29,57.03%,1557,0,2776,1776.0
614195,2019-06-29,57,57,VW55-59,50.05%,2200,2187,2216,2202.0
949684,2019-07-06,50,50,VM50-54,60.62%,1460,0,1776,1770.0
949684,2019-07-20,50,50,VM50-54,72.84%,1215,0,1776,1770.0
6005299,2019-07-20,55,55,VW55-59,47.20%,2271,0,2157,2144.0
949684,2019-07-27,50,50,VM50-54,64.18%,1379,0,1776,1770.0
6005299,2019-08-03,53,53,VW50-54,44.83%,2331,2076,2102,2090.0
614195,2019-08-10,58,58,VW55-59,56.42%,1978,2217,2247,2232.0
769960,2019-08-31,34,34,SW30-34,41.22%,2169,1786,2788,1788.0
2807742,2019-09-07,12,12,JW11-14,74.81%,1306,1936,1975,1954.0
949684,2019-09-28,50,50,VM50-54,62.99%,1405,0,1776,1770.0
614195,2019-10-12,58,58,VW55-59,58.03%,1923,2217,2247,2232.0
614195,2019-10-26,58,58,VW55-59,35.94%,3105,2217,2247,2232.0
614195,2019-11-02,58,58,VW55-59,45.31%,2463,2217,2247,2232.0
949684,2019-11-09,50,50,VM50-54,57.69%,1534,0,1776,1770.0
949684,2019-11-16,50,50,VM50-54,68.45%,1293,0,1776,1770.0
949684,2019-11-23,50,50,VM50-54,67.51%,1311,0,1776,1770.0
614195,2019-11-23,58,58,VW55-59,50.09%,2228,2217,2247,2232.0
614195,2019-12-07,58,58,VW55-59,52.77%,2115,2217,2247,2232.0
949684,2019-12-14,50,50,VM50-54,66.69%,1327,0,1776,1770.0
949684,2019-12-21,50,50,VM50-54,71.03%,1246,0,1776,1770.0
614195,2019-12-25,58,58,VW55-59,52.62%,2121,2217,2247,2232.0
949684,2019-12-28,50,50,VM50-54,70.24%,1260,0,1776,1770.0
1752380,2020-01-01,52,52,VM50-54,61.45%,1463,1791,1805,1798.0
600747,2020-01-01,38,38,VW35-39,49.67%,1828,1811,1819,1816.0
614195,2020-01-01,58,58,VW55-59,55.80%,2000,2217,2247,2232.0
949684,2020-01-18,50,50,VM50-54,68.18%,1298,0,1776,1770.0
614195,2020-01-18,58,58,VW55-59,57.91%,1927,2217,2247,2232.0
949684,2020-02-01,50,50,VM50-54,66.69%,1327,0,1776,1770.0
614195,2021-07-24,59,59,VW55-59,48.94%,2313,2248,3264,2264.0
614195,2021-07-31,60,60,VW60-64,50.93%,2254,0,2311,2296.0
949684,2021-08-14,52,52,VM50-54,68.99%,1303,1791,1805,1798.0
949684,2021-08-21,52,52,VM50-54,71.52%,1257,1791,1805,1798.0
764052,2021-08-28,48,48,VM45-49,69.46%,1254,1735,1748,1742.0
949684,2021-08-28,52,52,VM50-54,70.34%,1278,1791,1805,1798.0
614195,2021-08-28,60,60,VW60-64,35.72%,3214,0,2311,2296.0
949684,2021-09-04,52,52,VM50-54,70.02%,1284,1791,1805,1798.0
614195,2021-09-04,60,60,VW60-64,41.38%,2774,0,2311,2296.0
614195,2021-09-18,60,60,VW60-64,39.75%,2888,0,2311,2296.0
614195,2021-09-25,60,60,VW60-64,40.44%,2839,0,2311,2296.0
949684,2021-10-02,52,52,VM50-54,78.31%,1148,1791,1805,1798.0
949684,2021-10-09,52,52,VM50-54,66.74%,1347,1791,1805,1798.0
614195,2021-10-09,60,60,VW60-64,42.19%,2721,0,2311,2296.0
949684,2021-10-16,52,52,VM50-54,72.50%,1240,1791,1805,1798.0
508066,2021-10-16,56,56,VW55-59,59.87%,1814,2158,2186,2172.0
614195,2021-10-16,60,60,VW60-64,50.04%,2294,0,2311,2296.0
598715,2021-10-30,58,58,VM55-59,47.54%,1990,1884,1899,1892.0
614195,2021-11-06,60,60,VW60-64,42.61%,2694,0,2311,2296.0
949684,2021-11-13,52,52,VM50-54,71.07%,1265,1791,1805,1798.0
614195,2021-11-13,60,60,VW60-64,44.14%,2601,0,2311,2296.0
949684,2021-11-20,52,52,VM50-54,58.53%,1536,1791,1805,1798.0
614195,2021-11-27,60,60,VW60-64,47.05%,2440,0,2311,2296.0
614195,2021-12-04,60,60,VW60-64,43.93%,2613,0,2311,2296.0
949684,2021-12-11,52,52,VM50-54,65.10%,1381,1791,1805,1798.0
614195,2021-12-11,60,60,VW60-64,45.11%,2545,0,2311,2296.0
614195,2021-12-18,60,60,VW60-64,32.00%,3587,0,2311,2296.0
949684,2021-12-25,52,52,VM50-54,67.59%,1330,1791,1805,1798.0
614195,2021-12-25,60,60,VW60-64,33.55%,3422,0,2311,2296.0
949684,2022-01-01,52,52,VM50-54,62.74%,1433,1791,1805,1798.0
614195,2022-01-01,60,60,VW60-64,33.86%,3390,0,2311,2296.0
614195,2022-01-08,60,60,VW60-64,37.58%,3055,0,2311,2296.0
215996,2022-01-15,56,56,VM55-59,67.25%,1383,1852,1867,1860.0
614195,2022-01-15,60,60,VW60-64,32.20%,3565,0,2311,2296.0
949684,2022-01-22,52,52,VM50-54,65.19%,1379,1791,1805,1798.0
614195,2022-01-22,60,60,VW60-64,41.27%,2782,0,2311,2296.0
614195,2022-01-29,60,60,VW60-64,40.67%,2823,0,2311,2296.0
949684,2022-02-05,52,52,VM50-54,70.07%,1283,1791,1805,1798.0
614195,2022-02-05,60,60,VW60-64,42.28%,2715,0,2311,2296.0
614195,2022-02-12,60,60,VW60-64,45.43%,2527,0,2311,2296.0
614195,2022-03-12,60,60,VW60-64,42.71%,2688,0,2311,2296.0
949684,2022-03-26,52,52,VM50-54,71.98%,1249,1791,1805,1798.0
614195,2022-04-09,60,60,VW60-64,34.40%,3337,0,2311,2296.0
949684,2022-04-23,52,52,VM50-54,79.28%,1134,1791,1805,1798.0
614195,2022-04-23,60,60,VW60-64,38.56%,2977,0,2311,2296.0
949684,2022-05-21,53,53,VM50-54,71.19%,1274,1806,1820,1814.0
614195,2022-05-21,60,60,VW60-64,38.10%,3013,0,2311,2296.0
949684,2022-05-28,53,53,VM50-54,72.91%,1244,1806,1820,1814.0
949684,2022-06-04,53,53,VM50-54,72.33%,1254,1806,1820,1814.0
949684,2022-06-11,53,53,VM50-54,73.56%,1233,1806,1820,1814.0
614195,2022-06-11,60,60,VW60-64,37.19%,3087,0,2311,2296.0
949684,2022-06-18,53,53,VM50-54,69.93%,1297,1806,1820,1814.0
614195,2022-06-25,60,60,VW60-64,38.61%,2973,0,2311,2296.0
949684,2022-07-02,53,53,VM50-54,69.56%,1304,1806,1820,1814.0
949684,2022-07-23,53,53,VM50-54,72.85%,1245,1806,1820,1814.0
128162,2022-07-23,61,61,VW60-64,49.64%,2345,2312,2344,2328.0
128162,2022-07-30,61,61,VW60-64,50.48%,2306,2312,2344,2328.0
128162,2022-08-06,61,61,VW60-64,52.17%,2231,2312,2344,2328.0
122015,2022-08-13,59,59,VW55-59,69.41%,1631,2248,3264,2264.0
128162,2022-08-13,62,62,VW60-64,49.68%,2377,2345,2378,2362.0
949684,2022-08-20,53,53,VM50-54,81.35%,1115,1806,1820,1814.0
128162,2022-08-27,62,62,VW60-64,52.54%,2248,2345,2378,2362.0
614195,2022-09-17,61,61,VW60-64,33.54%,3470,2312,2344,2328.0
128162,2022-09-24,62,62,VW60-64,47.83%,2469,2345,2378,2362.0
614195,2022-09-24,61,61,VW60-64,34.52%,3372,2312,2344,2328.0
949684,2022-10-15,53,53,VM50-54,79.28%,1144,1806,1820,1814.0
4300140,2022-10-22,22,24,SM20-24,56.50%,1370,0,1551,1548.0
949684,2022-10-22,53,53,VM50-54,65.82%,1378,1806,1820,1814.0
128162,2022-10-22,62,62,VW60-64,53.29%,2216,2345,2378,2362.0
949684,2022-10-29,53,53,VM50-54,70.15%,1293,1806,1820,1814.0
128162,2022-10-29,62,62,VW60-64,52.68%,2242,2345,2378,2362.0
128162,2022-11-12,62,62,VW60-64,52.23%,2261,2345,2378,2362.0
128162,2022-12-03,62,62,VW60-64,55.24%,2138,2345,2378,2362.0
614195,2022-12-31,61,61,VW60-64,33.30%,3495,2312,2344,2328.0
128162,2023-01-01,62,62,VW60-64,50.41%,2343,2345,2378,2362.0
949684,2023-01-14,53,53,VM50-54,65.68%,1381,1806,1820,1814.0
1646899,2023-01-14,52,52,VW50-54,49.62%,2078,2049,2075,2062.0
949684,2023-01-21,53,53,VM50-54,63.74%,1423,1806,1820,1814.0
1015088,2023-01-28,29,29,SM25-29,55.16%,1405,1549,2500,1550.0
949684,2023-02-18,53,53,VM50-54,67.59%,1342,1806,1820,1814.0
128162,2023-03-04,62,62,VW60-64,53.61%,2203,2345,2378,2362.0
949684,2023-03-18,53,53,VM50-54,65.77%,1379,1806,1820,1814.0
949684,2023-04-08,53,53,VM50-54,70.04%,1295,1806,1820,1814.0
949684,2023-04-29,53,53,VM50-54,73.03%,1242,1806,1820,1814.0
614195,2023-05-06,61,61,VW60-64,43.58%,2671,2312,2344,2328.0
949684,2023-06-03,54,54,VM50-54,74.80%,1222,1821,2828,1828.0
949684,2023-06-17,54,54,VM50-54,79.76%,1146,1821,2828,1828.0
1015088,2023-06-24,30,30,SM30-34,56.81%,1366,0,1553,1552.0
3738636,2023-07-01,50,50,VW50-54,36.48%,2758,0,2023,2012.0
128162,2023-07-08,62,62,VW60-64,49.19%,2401,2345,2378,2362.0
949684,2023-07-15,54,54,VM50-54,71.24%,1283,1821,2828,1828.0
8286970,2023-07-15,53,53,VM50-54,54.15%,1675,1806,1820,1814.0
949684,2023-07-22,54,54,VM50-54,79.48%,1150,1821,2828,1828.0
949684,2023-07-29,54,54,VM50-54,72.54%,1260,1821,2828,1828.0
949684,2023-08-05,54,54,VM50-54,73.41%,1245,1821,2828,1828.0
949684,2023-08-12,54,54,VM50-54,63.92%,1430,1821,2828,1828.0
128162,2023-08-12,63,63,VW60-64,47.81%,2506,2379,2413,2396.0
2528702,2023-08-19,30,30,SW30-34,57.96%,1532,0,1776,1776.0
949684,2023-09-09,54,54,VM50-54,71.29%,1282,1821,2828,1828.0
949684,2023-10-07,54,54,VM50-54,71.63%,1276,1821,2828,1828.0
949684,2023-11-11,54,54,VM50-54,67.01%,1364,1821,2828,1828.0
949684,2023-11-18,54,54,VM50-54,60.29%,1516,1821,2828,1828.0
8286970,2023-11-25,53,53,VM50-54,57.41%,1580,1806,1820,1814.0
614195,2023-11-25,62,62,VW60-64,46.28%,2552,2345,2378,2362.0
949684,2023-12-02,54,54,VM50-54,75.54%,1210,1821,2828,1828.0
614195,2023-12-02,62,62,VW60-64,47.76%,2473,2345,2378,2362.0
949684,2023-12-09,54,54,VM50-54,59.74%,1530,1821,2828,1828.0
614195,2023-12-09,62,62,VW60-64,48.84%,2418,2345,2378,2362.0
614195,2023-12-16,62,62,VW60-64,33.93%,3481,2345,2378,2362.0
949684,2023-12-23,54,54,VM50-54,63.25%,1445,1821,2828,1828.0
614195,2023-12-23,62,62,VW60-64,49.54%,2384,2345,2378,2362.0
614195,2023-12-25,62,62,VW60-64,52.77%,2238,2345,2378,2362.0
949684,2023-12-30,54,54,VM50-54,75.66%,1208,1821,2828,1828.0
614195,2023-12-30,62,62,VW60-64,52.79%,2237,2345,2378,2362.0
614195,2024-01-01,62,62,VW60-64,52.23%,2261,2345,2378,2362.0
128162,2024-01-01,63,63,VW60-64,50.68%,2364,2379,2413,2396.0
949684,2024-01-06,54,54,VM50-54,69.09%,1323,1821,2828,1828.0
600747,2024-01-06,42,42,VW40-44,43.64%,2131,1853,1866,1860.0
614195,2024-01-13,62,62,VW60-64,52.10%,2267,2345,2378,2362.0
128162,2024-01-13,63,63,VW60-64,51.62%,2321,2379,2413,2396.0
614195,2024-01-20,62,62,VW60-64,53.80%,2195,2345,2378,2362.0
614195,2024-01-27,62,62,VW60-64,53.88%,2192,2345,2378,2362.0
614195,2024-02-03,62,62,VW60-64,53.88%,2192,2345,2378,2362.0
128162,2024-02-10,63,63,VW60-64,53.43%,2242,2379,2413,2396.0
614195,2024-02-10,62,62,VW60-64,52.28%,2259,2345,2378,2362.0
1945581,2024-02-17,50,50,VW50-54,59.21%,1699,0,2023,2012.0
1063478,2024-03-23,50,50,VM50-54,80.16%,1104,0,1776,1770.0
2528702,2024-03-30,31,31,SW30-34,61.23%,1452,1777,1778,1778.0
2528702,2024-04-20,31,31,SW30-34,63.00%,1411,1777,1778,1778.0
600747,2024-05-04,42,42,VW40-44,56.16%,1656,1853,1866,1860.0
949684,2024-05-18,55,55,VM55-59,75.51%,1221,0,1851,1844.0
949684,2024-06-15,55,55,VM55-59,67.84%,1359,0,1851,1844.0
949684,2024-06-22,55,55,VM55-59,63.63%,1449,0,1851,1844.0
128162,2024-06-29,63,63,VW60-64,50.46%,2374,2379,2413,2396.0
949684,2024-07-06,55,55,VM55-59,67.25%,1371,0,1851,1844.0
949684,2024-07-13,55,55,VM55-59,66.43%,1388,0,1851,1844.0
8286970,2024-07-27,53,53,VM50-54,51.30%,1768,1806,1820,1814.0
128162,2024-07-27,63,63,VW60-64,52.54%,2280,2379,2413,2396.0
949684,2024-08-03,55,55,VM55-59,68.50%,1346,0,1851,1844.0
508066,2024-08-03,59,59,VW55-59,61.76%,1833,2248,3264,2264.0
128162,2024-08-03,63,63,VW60-64,49.02%,2444,2379,2413,2396.0
949684,2024-08-31,55,55,VM55-59,77.09%,1196,0,1851,1844.0
128162,2024-08-31,64,64,VW60-64,52.39%,2321,2414,3432,2432.0
128162,2024-09-07,64,64,VW60-64,52.96%,2296,2414,3432,2432.0
2528702,2024-10-05,31,31,SW30-34,56.70%,1568,1777,1778,1778.0
267361,2024-10-05,63,63,VW60-64,44.13%,2715,2379,2413,2396.0
820431,2024-10-19,53,53,VW50-54,46.18%,2263,2076,2102,2090.0
3738636,2024-10-19,51,51,VW50-54,40.16%,2535,2024,2048,2036.0
1015088,2024-10-19,31,31,SM30-34,56.75%,1371,1554,1557,1556.0
3584259,2024-10-19,60,60,VW60-64,46.69%,2459,0,2311,2296.0
905175,2024-10-19,19,19,SM18-19,56.22%,1407,0,1591,1582.0
600747,2024-10-19,42,42,VW40-44,46.85%,1985,1853,1866,1860.0
2038021,2024-10-19,37,37,VM35-39,65.49%,1223,1597,1607,1602.0
764052,2016-10-22,43,43,VM40-44,60.20%,1392,1669,1681,1676.0
806554,2016-10-22,39,39,VW35-39,53.21%,1714,1820,2824,1824.0
572070,2016-10-22,47,47,VM45-49,41.74%,2070,1721,1734,1728.0
1651066,2016-10-22,39,39,VW35-39,39.33%,2319,1820,2824,1824.0
74670,2016-10-22,51,51,VW50-54,41.28%,2466,2024,2048,2036.0
1651066,2016-10-29,39,39,VW35-39,40.93%,2228,1820,2824,1824.0
373054,2016-11-05,46,46,VM45-49,57.71%,1485,1708,1720,1714.0
2923559,2016-11-05,49,49,VM45-49,57.95%,1515,1749,2756,1756.0
2923559,2016-11-19,49,49,VM45-49,58.34%,1505,1749,2756,1756.0
2923559,2016-11-26,49,49,VM45-49,60.18%,1459,1749,2756,1756.0
572070,2016-11-26,47,47,VM45-49,46.01%,1878,1721,1734,1728.0
1201558,2016-11-26,48,48,VW45-49,32.02%,3067,1954,1975,1964.0
373054,2016-12-03,46,46,VM45-49,57.17%,1499,1708,1720,1714.0
215996,2016-12-10,51,51,VM50-54,69.20%,1289,1777,1790,1784.0
1794504,2016-12-17,29,29,SM25-29,53.37%,1452,1549,2500,1550.0
360902,2017-01-07,54,54,VM50-54,54.60%,1674,1821,2828,1828.0
1651066,2017-01-07,40,40,VW40-44,40.80%,2250,0,1840,1836.0
2923559,2017-01-21,49,49,VM45-49,59.08%,1486,1749,2756,1756.0
572070,2017-01-21,47,47,VM45-49,41.42%,2086,1721,1734,1728.0
1651066,2017-01-21,40,40,VW40-44,42.03%,2184,0,1840,1836.0
373054,2017-01-28,47,47,VM45-49,56.99%,1516,1721,1734,1728.0
1651066,2017-02-04,40,40,VW40-44,42.56%,2157,0,1840,1836.0
360902,2017-02-11,54,54,VM50-54,57.88%,1579,1821,2828,1828.0
770951,2017-02-25,43,43,VM40-44,59.47%,1409,1669,1681,1676.0
1188855,2017-02-25,56,56,VM55-59,50.08%,1857,1852,1867,1860.0
572070,2017-02-25,47,47,VM45-49,43.61%,1981,1721,1734,1728.0
2923559,2017-03-04,50,50,VM50-54,58.80%,1505,0,1776,1770.0
2923559,2017-03-25,50,50,VM50-54,60.45%,1464,0,1776,1770.0
2923559,2017-04-01,50,50,VM50-54,60.62%,1460,0,1776,1770.0
1201558,2017-04-08,49,49,VW45-49,31.20%,3186,1976,2988,1988.0
360902,2017-04-22,54,54,VM50-54,58.74%,1556,1821,2828,1828.0
3529055,2017-05-20,15,15,JM15-17,50.67%,1648,1658,2670,1670.0
2923559,2017-05-27,50,50,VM50-54,57.99%,1526,0,1776,1770.0
2923559,2017-06-03,50,50,VM50-54,59.76%,1481,0,1776,1770.0
2923559,2017-06-10,50,50,VM50-54,59.28%,1493,0,1776,1770.0
3529055,2017-06-10,15,15,JM15-17,49.06%,1702,1658,2670,1670.0
2923559,2017-06-17,50,50,VM50-54,58.92%,1502,0,1776,1770.0
3529055,2017-06-17,13,13,JM11-14,49.24%,1767,1722,1762,1740.0
2923559,2017-06-24,50,50,VM50-54,58.84%,1504,0,1776,1770.0
3529055,2017-06-24,13,13,JM11-14,49.49%,1758,1722,1762,1740.0
2923559,2017-07-08,50,50,VM50-54,60.37%,1466,0,1776,1770.0
360902,2017-07-08,54,54,VM50-54,54.57%,1675,1821,2828,1828.0
3529055,2017-07-15,13,13,JM11-14,50.85%,1711,1722,1762,1740.0
125003,2017-07-22,57,57,VW55-59,52.73%,2088,2187,2216,2202.0
1916309,2017-08-05,30,30,SM30-34,40.76%,1904,0,1553,1552.0
508066,2017-08-26,52,52,VW50-54,45.99%,2242,2049,2075,2062.0
2923559,2017-09-09,50,50,VM50-54,59.44%,1489,0,1776,1770.0
360902,2017-09-16,55,55,VM55-59,56.60%,1629,0,1851,1844.0
3529055,2017-10-07,13,13,JM11-14,51.54%,1688,1722,1762,1740.0
2923559,2017-10-14,50,50,VM50-54,41.63%,2126,0,1776,1770.0
2923559,2017-10-21,50,50,VM50-54,61.16%,1447,0,1776,1770.0
360902,2017-10-21,55,55,VM55-59,56.91%,1620,0,1851,1844.0
3529055,2017-10-21,13,13,JM11-14,51.60%,1686,1722,1762,1740.0
1651066,2017-10-28,40,40,VW40-44,39.77%,2308,0,1840,1836.0
3529055,2017-11-11,13,13,JM11-14,52.16%,1668,1722,1762,1740.0
2923559,2017-11-11,50,50,VM50-54,49.83%,1776,0,1776,1770.0
2923559,2017-11-25,50,50,VM50-54,52.15%,1697,0,1776,1770.0
2923559,2017-12-09,50,50,VM50-54,40.01%,2212,0,1776,1770.0
2923559,2017-12-16,50,50,VM50-54,49.86%,1775,0,1776,1770.0
3529055,2017-12-16,13,13,JM11-14,48.63%,1789,1722,1762,1740.0
360902,2017-12-23,55,55,VM55-59,57.41%,1606,0,1851,1844.0
1794504,2017-12-23,29,29,SM25-29,44.36%,1747,1549,2500,1550.0
2923559,2017-12-23,50,50,VM50-54,48.49%,1825,0,1776,1770.0
2923559,2017-12-30,50,50,VM50-54,48.68%,1818,0,1776,1770.0
1752380,2018-01-27,50,50,VM50-54,52.74%,1678,0,1776,1770.0
572070,2018-01-27,48,48,VM45-49,41.54%,2097,1735,1748,1742.0
3529055,2018-02-03,13,13,JM11-14,49.10%,1772,1722,1762,1740.0
360902,2018-02-10,55,55,VM55-59,58.58%,1574,0,1851,1844.0
2923559,2018-02-10,51,51,VM50-54,47.32%,1885,1777,1790,1784.0
3529055,2018-02-17,14,14,JM11-14,48.24%,1764,0,1721,1702.0
360902,2018-02-24,55,55,VM55-59,57.30%,1609,0,1851,1844.0
2923559,2018-03-10,51,51,VM50-54,58.99%,1512,1777,1790,1784.0
3529055,2018-03-10,14,14,JM11-14,50.06%,1700,0,1721,1702.0
2923559,2018-03-17,51,51,VM50-54,50.62%,1762,1777,1790,1784.0
2923559,2018-03-24,51,51,VM50-54,50.17%,1778,1777,1790,1784.0
360902,2018-04-14,55,55,VM55-59,57.99%,1590,0,1851,1844.0
3529055,2018-04-14,14,14,JM11-14,47.92%,1776,0,1721,1702.0
589721,2018-04-21,51,51,VM50-54,59.79%,1492,1777,1790,1784.0
360902,2018-04-21,55,55,VM55-59,59.22%,1557,0,1851,1844.0
1138623,2018-04-21,44,44,VM40-44,43.17%,1955,1682,2688,1688.0
360902,2018-05-05,55,55,VM55-59,59.83%,1541,0,1851,1844.0
3529055,2018-05-05,14,14,JM11-14,49.56%,1717,0,1721,1702.0
2923559,2018-05-26,51,51,VM50-54,47.37%,1883,1777,1790,1784.0
2923559,2018-06-09,51,51,VM50-54,56.74%,1572,1777,1790,1784.0
3529055,2018-06-09,14,14,JM11-14,51.39%,1656,0,1721,1702.0
2923559,2018-06-16,51,51,VM50-54,61.14%,1459,1777,1790,1784.0
2923559,2018-06-23,51,51,VM50-54,53.45%,1669,1777,1790,1784.0
1705569,2018-07-07,49,49,VW45-49,35.68%,2786,1976,2988,1988.0
360902,2018-07-14,55,55,VM55-59,49.25%,1872,0,1851,1844.0
2923559,2018-09-01,51,51,VM50-54,50.34%,1772,1777,1790,1784.0
1705569,2018-09-22,49,49,VW45-49,30.70%,3238,1976,2988,1988.0
2923559,2018-09-29,51,51,VM50-54,36.14%,2468,1777,1790,1784.0
1705569,2018-09-29,50,50,VW50-54,38.28%,2628,0,2023,2012.0
537430,2018-10-06,45,45,VW45-49,67.49%,1412,0,1914,1906.0
1705569,2018-10-06,50,50,VW50-54,37.03%,2717,0,2023,2012.0
2923559,2018-11-03,51,51,VM50-54,42.04%,2122,1777,1790,1784.0
2923559,2018-11-10,51,51,VM50-54,44.11%,2022,1777,1790,1784.0
1624624,2018-11-24,34,34,SM30-34,43.17%,1823,1570,2574,1574.0
2923559,2018-12-01,51,51,VM50-54,45.23%,1972,1777,1790,1784.0
770951,2018-12-22,44,44,VM40-44,63.84%,1322,1682,2688,1688.0
360902,2018-12-22,56,56,VM55-59,56.71%,1640,1852,1867,1860.0
3529055,2018-12-22,14,14,JM11-14,40.35%,2109,0,1721,1702.0
360902,2018-12-25,56,56,VM55-59,54.20%,1716,1852,1867,1860.0
2923559,2018-12-29,51,51,VM50-54,58.57%,1523,1777,1790,1784.0
1705569,2018-12-29,50,50,VW50-54,31.36%,3208,0,2023,2012.0
806554,2019-01-12,41,41,VW40-44,58.68%,1573,1841,1852,1846.0
1752380,2019-02-16,51,51,VM50-54,56.17%,1588,1777,1790,1784.0
360902,2019-03-09,56,56,VM55-59,59.58%,1561,1852,1867,1860.0
1949590,2019-03-16,56,56,VW55-59,42.87%,2533,2158,2186,2172.0
3529055,2019-03-30,15,15,JM15-17,42.84%,1949,1658,2670,1670.0
1752380,2019-04-13,51,51,VM50-54,56.14%,1589,1777,1790,1784.0
3529055,2019-05-04,15,15,JM15-17,26.52%,3149,1658,2670,1670.0
373054,2019-05-25,49,49,VM45-49,54.94%,1598,1749,2756,1756.0
373054,2019-06-01,49,49,VM45-49,58.49%,1501,1749,2756,1756.0
614195,2019-06-15,57,57,VW55-59,47.09%,2338,2187,2216,2202.0
1705569,2019-06-22,50,50,VW50-54,28.11%,3579,0,2023,2012.0
360902,2019-06-29,56,56,VM55-59,50.13%,1855,1852,1867,1860.0
2923559,2019-08-17,52,52,VM50-54,51.73%,1738,1791,1805,1798.0
2923559,2019-08-24,52,52,VM50-54,41.64%,2159,1791,1805,1798.0
2923559,2019-08-31,52,52,VM50-54,56.93%,1579,1791,1805,1798.0
1551071,2019-08-31,36,36,VM35-39,46.85%,1699,1587,1596,1592.0
2923559,2019-09-07,52,52,VM50-54,58.49%,1537,1791,1805,1798.0
1624624,2019-09-07,34,34,SM30-34,46.08%,1708,1570,2574,1574.0
1705569,2019-09-07,50,50,VW50-54,37.95%,2651,0,2023,2012.0
360902,2019-09-21,57,57,VM55-59,52.85%,1775,1868,1883,1876.0
2923559,2019-09-28,52,52,VM50-54,53.26%,1688,1791,1805,1798.0
770951,2019-10-12,45,45,VM45-49,58.69%,1450,0,1707,1702.0
1624624,2019-11-09,35,35,VM35-39,46.64%,1696,0,1586,1582.0
2923559,2019-11-23,52,52,VM50-54,61.66%,1458,1791,1805,1798.0
2923559,2019-11-30,52,52,VM50-54,37.35%,2407,1791,1805,1798.0
360902,2019-12-14,57,57,VM55-59,55.01%,1705,1868,1883,1876.0
373054,2019-12-25,49,49,VM45-49,58.26%,1507,1749,2756,1756.0
1752380,2019-12-25,52,52,VM50-54,55.36%,1624,1791,1805,1798.0
769960,2020-01-04,34,34,SW30-34,50.80%,1760,1786,2788,1788.0
2923559,2020-01-11,52,52,VM50-54,50.68%,1774,1791,1805,1798.0
770951,2021-08-07,47,47,VM45-49,56.47%,1530,1721,1734,1728.0
764052,2021-09-04,48,48,VM45-49,64.47%,1351,1735,1748,1742.0
2923559,2021-09-04,54,54,VM50-54,41.06%,2226,1821,2828,1828.0
2923559,2021-09-11,54,54,VM50-54,43.11%,2120,1821,2828,1828.0
2923559,2021-09-18,54,54,VM50-54,39.35%,2323,1821,2828,1828.0
2923559,2021-10-02,54,54,VM50-54,51.49%,1775,1821,2828,1828.0
600747,2021-10-09,39,39,VW35-39,52.53%,1736,1820,2824,1824.0
2923559,2021-10-09,54,54,VM50-54,48.69%,1877,1821,2828,1828.0
2923559,2021-10-30,54,54,VM50-54,39.62%,2307,1821,2828,1828.0
2923559,2021-11-13,54,54,VM50-54,42.99%,2126,1821,2828,1828.0
2923559,2021-11-27,54,54,VM50-54,35.39%,2583,1821,2828,1828.0
360902,2022-02-12,59,59,VM55-59,50.74%,1880,1900,2908,1908.0
928783,2022-03-26,39,39,VW35-39,50.28%,1814,1820,2824,1824.0
928783,2022-04-16,39,39,VW35-39,51.24%,1780,1820,2824,1824.0
764052,2022-05-21,49,49,VM45-49,66.77%,1315,1749,2756,1756.0
764052,2022-06-04,49,49,VM45-49,64.56%,1360,1749,2756,1756.0
764052,2022-07-02,49,49,VM45-49,60.89%,1442,1749,2756,1756.0
2923559,2022-08-06,55,55,VM55-59,56.29%,1638,0,1851,1844.0
1556711,2023-01-28,39,39,VW35-39,57.69%,1581,1820,2824,1824.0
2923559,2023-01-28,55,55,VM55-59,39.66%,2325,0,1851,1844.0
2923559,2023-02-11,56,56,VM55-59,45.61%,2039,1852,1867,1860.0
2923559,2023-03-25,56,56,VM55-59,41.52%,2240,1852,1867,1860.0
2923559,2023-04-15,56,56,VM55-59,36.69%,2535,1852,1867,1860.0
2923559,2023-04-29,56,56,VM55-59,58.20%,1598,1852,1867,1860.0
2923559,2023-05-13,56,56,VM55-59,59.62%,1560,1852,1867,1860.0
2923559,2023-06-03,56,56,VM55-59,43.04%,2161,1852,1867,1860.0
2923559,2023-06-10,56,56,VM55-59,43.68%,2129,1852,1867,1860.0
1551071,2023-10-28,40,40,VM40-44,58.17%,1408,0,1643,1638.0
2923559,2023-11-04,56,56,VM55-59,46.31%,2008,1852,1867,1860.0
2923559,2023-11-18,56,56,VM55-59,57.41%,1620,1852,1867,1860.0
764052,2024-01-13,50,50,VM50-54,59.60%,1485,0,1776,1770.0
764052,2024-05-18,51,51,VM50-54,65.73%,1357,1777,1790,1784.0
764052,2024-06-15,51,51,VM50-54,66.67%,1338,1777,1790,1784.0
5692217,2024-06-15,49,49,VW45-49,52.21%,1904,1976,2988,1988.0
2038021,2024-07-06,37,37,VM35-39,61.85%,1295,1597,1607,1602.0
1014475,2024-07-13,61,61,VM60-64,48.09%,2019,1933,1949,1942.0
2923559,2024-09-21,57,57,VM55-59,62.70%,1496,1868,1883,1876.0
2923559,2024-09-28,57,57,VM55-59,59.94%,1565,1868,1883,1876.0
764052,2024-10-05,51,51,VM50-54,60.80%,1467,1777,1790,1784.0
74670,2017-08-05,52,52,VW50-54,47.23%,2183,2049,2075,2062.0
215996,2017-09-02,51,51,VM50-54,76.24%,1170,1777,1790,1784.0
600747,2017-09-09,35,35,VW35-39,52.06%,1723,0,1796,1794.0
572070,2017-09-16,48,48,VM45-49,48.52%,1795,1735,1748,1742.0
600747,2017-10-07,35,35,VW35-39,54.86%,1635,0,1796,1794.0
614195,2017-10-28,56,56,VW55-59,61.92%,1754,2158,2186,2172.0
1145839,2017-11-04,42,42,VW40-44,40.84%,2277,1853,1866,1860.0
3684879,2018-02-24,57,57,VM55-59,55.87%,1679,1868,1883,1876.0
1296162,2018-04-07,7,7,JW10,62.63%,1798,2214,2298,2252.0
1138623,2018-06-09,44,44,VM40-44,49.79%,1695,1682,2688,1688.0
4724979,2018-06-30,61,61,VM60-64,49.21%,1973,1933,1949,1942.0
4724979,2018-07-14,51,51,VM50-54,49.15%,1815,1777,1790,1784.0
4724979,2018-07-21,51,51,VM50-54,50.83%,1755,1777,1790,1784.0
4724979,2018-07-28,51,51,VM50-54,47.42%,1881,1777,1790,1784.0
4724979,2018-08-04,51,51,VM50-54,49.72%,1794,1777,1790,1784.0
4724979,2018-08-11,51,51,VM50-54,51.06%,1747,1777,1790,1784.0
4724979,2018-08-18,51,51,VM50-54,52.04%,1714,1777,1790,1784.0
4724979,2018-08-25,51,51,VM50-54,53.51%,1667,1777,1790,1784.0
4724979,2018-09-01,51,51,VM50-54,52.75%,1691,1777,1790,1784.0
4724979,2018-09-08,51,51,VM50-54,54.13%,1648,1777,1790,1784.0
4724979,2018-10-20,51,51,VM50-54,51.86%,1720,1777,1790,1784.0
3684879,2019-02-16,58,58,VM55-59,54.37%,1740,1884,1899,1892.0
3684879,2019-03-02,58,58,VM55-59,57.58%,1643,1884,1899,1892.0
3684879,2019-03-09,58,58,VM55-59,59.53%,1589,1884,1899,1892.0
3684879,2019-03-16,57,57,VM55-59,55.93%,1677,1868,1883,1876.0
3684879,2019-03-23,57,57,VM55-59,58.55%,1602,1868,1883,1876.0
3684879,2019-03-30,57,57,VM55-59,59.82%,1568,1868,1883,1876.0
3684879,2019-04-06,57,57,VM55-59,60.71%,1545,1868,1883,1876.0
3684879,2019-04-13,57,57,VM55-59,59.71%,1571,1868,1883,1876.0
3684879,2019-05-04,57,57,VM55-59,57.41%,1634,1868,1883,1876.0
598715,2019-05-11,55,55,VM55-59,60.74%,1518,0,1851,1844.0
3684879,2019-05-11,57,57,VM55-59,58.63%,1600,1868,1883,1876.0
3684879,2019-05-18,57,57,VM55-59,58.85%,1594,1868,1883,1876.0
3684879,2019-05-25,58,58,VM55-59,60.06%,1575,1884,1899,1892.0
4724979,2019-06-01,52,52,VM50-54,54.22%,1658,1791,1805,1798.0
4724979,2019-06-08,52,52,VM50-54,51.91%,1732,1791,1805,1798.0
3684879,2019-06-15,58,58,VM55-59,57.44%,1647,1884,1899,1892.0
3684879,2019-06-22,58,58,VM55-59,58.94%,1605,1884,1899,1892.0
4724979,2019-06-22,52,52,VM50-54,54.58%,1647,1791,1805,1798.0
4724979,2019-06-29,52,52,VM50-54,47.07%,1910,1791,1805,1798.0
4724979,2019-07-06,52,52,VM50-54,54.42%,1652,1791,1805,1798.0
4724979,2019-07-13,52,52,VM50-54,55.05%,1633,1791,1805,1798.0
3684879,2019-07-13,58,58,VM55-59,57.61%,1642,1884,1899,1892.0
3684879,2019-07-20,58,58,VM55-59,57.54%,1644,1884,1899,1892.0
4724979,2019-07-20,52,52,VM50-54,53.96%,1666,1791,1805,1798.0
4724979,2019-07-27,52,52,VM50-54,53.86%,1669,1791,1805,1798.0
4724979,2019-08-03,52,52,VM50-54,54.68%,1644,1791,1805,1798.0
3684879,2019-08-03,58,58,VM55-59,56.28%,1681,1884,1899,1892.0
3684879,2019-08-10,58,58,VM55-59,55.98%,1690,1884,1899,1892.0
4724979,2019-08-10,52,52,VM50-54,52.79%,1703,1791,1805,1798.0
3684879,2019-08-17,58,58,VM55-59,57.30%,1651,1884,1899,1892.0
4724979,2019-08-17,52,52,VM50-54,28.56%,3148,1791,1805,1798.0
373054,2019-08-24,49,49,VM45-49,67.38%,1303,1749,2756,1756.0
4724979,2019-08-24,52,52,VM50-54,53.99%,1665,1791,1805,1798.0
4724979,2019-08-31,52,52,VM50-54,55.84%,1610,1791,1805,1798.0
3684879,2019-09-07,58,58,VM55-59,56.11%,1686,1884,1899,1892.0
4724979,2019-09-14,52,52,VM50-54,54.42%,1652,1791,1805,1798.0
3684879,2019-09-21,58,58,VM55-59,57.47%,1646,1884,1899,1892.0
4724979,2019-09-21,52,52,VM50-54,53.67%,1675,1791,1805,1798.0
614195,2019-09-21,58,58,VW55-59,34.36%,3248,2217,2247,2232.0
4724979,2019-10-12,52,52,VM50-54,54.22%,1658,1791,1805,1798.0
4724979,2019-10-19,52,52,VM50-54,54.42%,1652,1791,1805,1798.0
4724979,2019-11-16,52,52,VM50-54,51.34%,1751,1791,1805,1798.0
125003,2019-11-16,59,59,VW55-59,53.12%,2131,2248,3264,2264.0
4724979,2019-11-23,52,52,VM50-54,50.85%,1768,1791,1805,1798.0
4724979,2019-11-30,52,52,VM50-54,50.48%,1781,1791,1805,1798.0
4724979,2019-12-07,52,52,VM50-54,52.33%,1718,1791,1805,1798.0
4724979,2019-12-21,52,52,VM50-54,47.92%,1876,1791,1805,1798.0
4724979,2019-12-28,52,52,VM50-54,50.68%,1774,1791,1805,1798.0
4724979,2020-01-01,53,53,VM50-54,49.56%,1830,1806,1820,1814.0
4724979,2020-01-04,53,53,VM50-54,50.98%,1779,1806,1820,1814.0
4724979,2020-01-11,53,53,VM50-54,49.73%,1824,1806,1820,1814.0
4724979,2020-01-18,53,53,VM50-54,50.59%,1793,1806,1820,1814.0
769960,2020-01-25,34,34,SW30-34,44.90%,1991,1786,2788,1788.0
4724979,2020-02-29,53,53,VM50-54,46.87%,1935,1806,1820,1814.0
4724979,2020-03-07,53,53,VM50-54,48.58%,1867,1806,1820,1814.0
4724979,2020-03-14,53,53,VM50-54,47.66%,1903,1806,1820,1814.0
4724979,2021-07-24,54,54,VM50-54,43.92%,2081,1821,2828,1828.0
4724979,2021-07-31,54,54,VM50-54,44.41%,2058,1821,2828,1828.0
4724979,2021-08-07,54,54,VM50-54,44.24%,2066,1821,2828,1828.0
928783,2022-04-23,39,39,VW35-39,56.23%,1622,1820,2824,1824.0
1551071,2022-06-11,39,39,VM35-39,53.91%,1508,1620,2626,1626.0
508066,2022-07-09,57,57,VW55-59,57.49%,1915,2187,2216,2202.0
2528702,2022-10-29,30,30,SW30-34,55.99%,1586,0,1776,1776.0
4724979,2023-06-03,56,56,VM55-59,45.08%,2063,1852,1867,1860.0
4724979,2023-06-17,56,56,VM55-59,48.92%,1901,1852,1867,1860.0
4724979,2023-06-24,56,56,VM55-59,47.79%,1946,1852,1867,1860.0
2528702,2023-07-01,30,30,SW30-34,52.79%,1682,0,1776,1776.0
4724979,2023-07-01,56,56,VM55-59,49.55%,1877,1852,1867,1860.0
4724979,2023-07-08,56,56,VM55-59,48.36%,1923,1852,1867,1860.0
4724979,2023-07-15,56,56,VM55-59,50.54%,1840,1852,1867,1860.0
4724979,2023-07-22,56,56,VM55-59,53.36%,1743,1852,1867,1860.0
4724979,2023-07-29,56,56,VM55-59,53.05%,1753,1852,1867,1860.0
4724979,2023-08-05,56,56,VM55-59,53.82%,1728,1852,1867,1860.0
4724979,2023-09-09,56,56,VM55-59,50.32%,1848,1852,1867,1860.0
4724979,2023-09-16,56,56,VM55-59,52.45%,1773,1852,1867,1860.0
1551071,2023-10-07,40,40,VM40-44,63.64%,1287,0,1643,1638.0
4724979,2023-10-28,56,56,VM55-59,52.45%,1773,1852,1867,1860.0
4724979,2023-11-04,56,56,VM55-59,49.39%,1883,1852,1867,1860.0
4724979,2023-11-11,56,56,VM55-59,50.63%,1837,1852,1867,1860.0
4724979,2023-11-18,56,56,VM55-59,50.65%,1836,1852,1867,1860.0
4724979,2023-11-25,56,56,VM55-59,52.96%,1756,1852,1867,1860.0
4724979,2023-12-02,56,56,VM55-59,52.87%,1759,1852,1867,1860.0
4724979,2023-12-23,56,56,VM55-59,51.21%,1816,1852,1867,1860.0
4724979,2023-12-30,57,57,VM55-59,53.14%,1765,1868,1883,1876.0
4724979,2024-01-01,57,57,VM55-59,51.79%,1811,1868,1883,1876.0
4724979,2024-01-06,57,57,VM55-59,53.11%,1766,1868,1883,1876.0
4724979,2024-01-13,57,57,VM55-59,54.35%,1726,1868,1883,1876.0
4724979,2024-01-20,57,57,VM55-59,53.08%,1767,1868,1883,1876.0
4724979,2024-02-03,57,57,VM55-59,52.58%,1784,1868,1883,1876.0
4724979,2024-02-10,57,57,VM55-59,51.31%,1828,1868,1883,1876.0
4724979,2024-03-09,57,57,VM55-59,50.81%,1846,1868,1883,1876.0
4724979,2024-03-23,57,57,VM55-59,50.08%,1873,1868,1883,1876.0
4724979,2024-03-30,57,57,VM55-59,50.62%,1853,1868,1883,1876.0
4724979,2024-04-06,57,57,VM55-59,50.40%,1861,1868,1883,1876.0
4724979,2024-04-13,57,57,VM55-59,50.62%,1853,1868,1883,1876.0
4724979,2024-04-20,57,57,VM55-59,51.28%,1829,1868,1883,1876.0
4724979,2024-05-04,57,57,VM55-59,52.61%,1783,1868,1883,1876.0
4724979,2024-05-11,57,57,VM55-59,52.52%,1786,1868,1883,1876.0
4724979,2024-05-25,57,57,VM55-59,53.48%,1754,1868,1883,1876.0
4724979,2024-06-08,57,57,VM55-59,54.44%,1723,1868,1883,1876.0
4724979,2024-06-15,57,57,VM55-59,53.02%,1769,1868,1883,1876.0
4724979,2024-06-29,57,57,VM55-59,54.82%,1711,1868,1883,1876.0
4724979,2024-07-13,57,57,VM55-59,56.17%,1670,1868,1883,1876.0
4724979,2024-07-20,57,57,VM55-59,53.97%,1738,1868,1883,1876.0
4724979,2024-07-27,57,57,VM55-59,55.47%,1691,1868,1883,1876.0
4724979,2024-08-03,57,57,VM55-59,56.24%,1668,1868,1883,1876.0
128162,2024-08-10,63,63,VW60-64,49.38%,2426,2379,2413,2396.0
4724979,2024-08-17,57,57,VM55-59,58.08%,1615,1868,1883,1876.0
4724979,2024-09-07,57,57,VM55-59,54.66%,1716,1868,1883,1876.0
4724979,2024-10-12,57,57,VM55-59,55.14%,1701,1868,1883,1876.0
4724979,2024-10-19,57,57,VM55-59,54.41%,1724,1868,1883,1876.0
360902,2012-10-13,50,50,VM50-54,65.46%,1352,0,1776,1770.0
356941,2012-10-13,46,46,VW45-49,57.09%,1685,1915,1933,1924.0
376625,2012-10-20,32,32,SW30-34,51.39%,1732,1779,1781,1780.0
360902,2012-10-27,50,50,VM50-54,66.64%,1328,0,1776,1770.0
356941,2012-10-27,46,46,VW45-49,57.54%,1672,1915,1933,1924.0
356941,2012-11-03,46,46,VW45-49,55.41%,1736,1915,1933,1924.0
376625,2012-11-10,32,32,SW30-34,54.50%,1633,1779,1781,1780.0
356941,2012-11-10,46,46,VW45-49,57.43%,1675,1915,1933,1924.0
376625,2012-11-17,32,32,SW30-34,54.80%,1624,1779,1781,1780.0
356941,2012-11-24,46,46,VW45-49,55.51%,1733,1915,1933,1924.0
356941,2012-12-01,46,46,VW45-49,57.09%,1685,1915,1933,1924.0
376625,2013-01-01,32,32,SW30-34,56.51%,1575,1779,1781,1780.0
376625,2013-01-05,32,32,SW30-34,60.34%,1475,1779,1781,1780.0
356941,2013-01-05,46,46,VW45-49,55.67%,1728,1915,1933,1924.0
376625,2013-01-12,32,32,SW30-34,59.53%,1495,1779,1781,1780.0
424485,2013-01-12,52,52,VW50-54,43.56%,2367,2049,2075,2062.0
376625,2013-01-26,32,32,SW30-34,60.46%,1472,1779,1781,1780.0
356941,2013-01-26,46,46,VW45-49,55.87%,1722,1915,1933,1924.0
376625,2013-02-02,32,32,SW30-34,62.63%,1421,1779,1781,1780.0
424485,2013-02-02,52,52,VW50-54,43.91%,2348,2049,2075,2062.0
376625,2013-02-09,32,32,SW30-34,63.57%,1400,1779,1781,1780.0
424485,2013-02-09,52,52,VW50-54,44.06%,2340,2049,2075,2062.0
376625,2013-03-02,32,32,SW30-34,61.81%,1440,1779,1781,1780.0
356941,2013-03-02,46,46,VW45-49,57.92%,1661,1915,1933,1924.0
356941,2013-03-09,46,46,VW45-49,58.52%,1644,1915,1933,1924.0
424485,2013-03-09,52,52,VW50-54,43.34%,2379,2049,2075,2062.0
356941,2013-04-06,46,46,VW45-49,58.27%,1651,1915,1933,1924.0
376625,2013-04-20,32,32,SW30-34,60.79%,1464,1779,1781,1780.0
424485,2013-04-27,53,53,VW50-54,38.14%,2740,2076,2102,2090.0
376625,2013-05-04,32,32,SW30-34,62.11%,1433,1779,1781,1780.0
356941,2013-05-04,46,46,VW45-49,59.09%,1628,1915,1933,1924.0
505025,2013-05-11,39,39,VM35-39,75.70%,1185,1620,2626,1794.0
376625,2013-05-11,32,32,SW30-34,62.85%,1416,1779,1781,1780.0
356941,2013-05-11,46,46,VW45-49,58.02%,1658,1915,1933,1924.0
356941,2013-05-18,46,46,VW45-49,59.05%,1629,1915,1933,1924.0
376625,2013-05-18,32,32,SW30-34,53.10%,1676,1779,1781,1780.0
537430,2013-05-25,39,39,VW35-39,65.47%,1393,1820,2824,1824.0
356941,2013-05-25,46,46,VW45-49,59.83%,1608,1915,1933,1924.0
537430,2013-06-01,39,39,VW35-39,68.26%,1336,1820,2824,1824.0
376625,2013-06-01,32,32,SW30-34,62.02%,1435,1779,1781,1780.0
356941,2013-06-01,46,46,VW45-49,57.30%,1679,1915,1933,1924.0
356941,2013-06-15,46,46,VW45-49,57.60%,1670,1915,1933,1924.0
356941,2013-06-22,46,46,VW45-49,56.39%,1706,1915,1933,1924.0
537430,2013-06-29,39,39,VW35-39,68.88%,1324,1820,2824,1824.0
360902,2013-06-29,50,50,VM50-54,63.62%,1391,0,1776,1770.0
376625,2013-06-29,32,32,SW30-34,61.63%,1444,1779,1781,1780.0
356941,2013-06-29,46,46,VW45-49,57.02%,1687,1915,1933,1924.0
576761,2013-06-29,42,42,VM40-44,43.28%,1920,1656,1668,1662.0
356941,2013-07-06,46,46,VW45-49,56.00%,1718,1915,1933,1924.0
537430,2013-07-13,39,39,VW35-39,68.42%,1333,1820,2824,1824.0
589721,2013-07-13,46,46,VM45-49,54.21%,1581,1708,1720,1714.0
356941,2013-07-13,46,46,VW45-49,56.09%,1715,1915,1933,1924.0
537430,2013-07-20,39,39,VW35-39,68.93%,1323,1820,2824,1824.0
376625,2013-07-20,32,32,SW30-34,65.49%,1359,1779,1781,1780.0
589721,2013-07-20,46,46,VM45-49,57.40%,1493,1708,1720,1714.0
356941,2013-07-20,47,47,VW45-49,58.52%,1661,1934,1953,1944.0
572070,2013-07-27,44,44,VM40-44,45.45%,1857,1682,2688,1688.0
424485,2013-07-27,53,53,VW50-54,46.38%,2253,2076,2102,2090.0
537430,2013-08-03,39,39,VW35-39,68.31%,1335,1820,2824,1824.0
376625,2013-08-03,32,32,SW30-34,60.46%,1472,1779,1781,1780.0
356941,2013-08-03,47,47,VW45-49,55.67%,1746,1934,1953,1944.0
572070,2013-08-03,44,44,VM40-44,45.35%,1861,1682,2688,1688.0
537430,2013-08-10,39,39,VW35-39,67.61%,1349,1820,2824,1824.0
356941,2013-08-10,47,47,VW45-49,59.67%,1629,1934,1953,1944.0
576761,2013-08-10,40,40,VM40-44,47.84%,1712,0,1643,1638.0
600747,2013-08-17,31,31,SW30-34,52.32%,1699,1777,1778,1778.0
572070,2013-08-17,44,44,VM40-44,45.94%,1837,1682,2688,1688.0
74670,2013-08-17,48,48,VW45-49,47.51%,2067,1954,1975,1964.0
537430,2013-08-24,39,39,VW35-39,68.37%,1334,1820,2824,1824.0
356941,2013-08-24,47,47,VW45-49,57.58%,1688,1934,1953,1944.0
572070,2013-08-24,44,44,VM40-44,46.40%,1819,1682,2688,1688.0
376625,2013-08-31,32,32,SW30-34,65.06%,1368,1779,1781,1780.0
356941,2013-08-31,47,47,VW45-49,55.23%,1760,1934,1953,1944.0
360902,2013-09-07,51,51,VM50-54,64.08%,1392,1777,1790,1784.0
589721,2013-09-07,46,46,VM45-49,59.10%,1450,1708,1720,1714.0
356941,2013-09-07,47,47,VW45-49,58.34%,1666,1934,1953,1944.0
572070,2013-09-07,44,44,VM40-44,47.05%,1794,1682,2688,1688.0
572070,2013-09-14,44,44,VM40-44,48.31%,1747,1682,2688,1688.0
356941,2013-09-14,47,47,VW45-49,38.04%,2555,1934,1953,1944.0
376625,2013-09-21,32,32,SW30-34,66.02%,1348,1779,1781,1780.0
356941,2013-09-21,47,47,VW45-49,58.62%,1658,1934,1953,1944.0
360902,2013-10-12,51,51,VM50-54,64.68%,1379,1777,1790,1784.0
589721,2013-10-12,46,46,VM45-49,60.95%,1406,1708,1720,1714.0
600747,2013-10-12,31,31,SW30-34,52.17%,1704,1777,1778,1778.0
356941,2013-10-12,47,47,VW45-49,32.36%,3004,1934,1953,1944.0
356941,2013-10-19,47,47,VW45-49,57.58%,1688,1934,1953,1944.0
356941,2013-10-26,47,47,VW45-49,55.13%,1763,1934,1953,1944.0
360902,2013-11-02,51,51,VM50-54,65.06%,1371,1777,1790,1784.0
356941,2013-11-02,47,47,VW45-49,58.80%,1653,1934,1953,1944.0
572070,2013-11-02,44,44,VM40-44,48.12%,1754,1682,2688,1688.0
537430,2013-11-09,40,40,VW40-44,70.08%,1310,0,1840,1836.0
572070,2013-11-09,44,44,VM40-44,47.68%,1770,1682,2688,1688.0
356941,2013-11-09,47,47,VW45-49,53.44%,1819,1934,1953,1944.0
373054,2013-11-23,43,43,VM40-44,54.42%,1540,1669,1681,1676.0
572070,2013-11-23,44,44,VM40-44,48.76%,1731,1682,2688,1688.0
373054,2013-11-30,43,43,VM40-44,68.19%,1229,1669,1681,1676.0
537430,2013-11-30,40,40,VW40-44,70.51%,1302,0,1840,1836.0
356941,2013-11-30,47,47,VW45-49,56.64%,1716,1934,1953,1944.0
572070,2013-11-30,44,44,VM40-44,48.01%,1758,1682,2688,1688.0
572070,2013-12-07,44,44,VM40-44,49.41%,1708,1682,2688,1688.0
764052,2013-12-14,40,40,VM40-44,66.16%,1238,0,1643,1638.0
572070,2013-12-14,44,44,VM40-44,49.50%,1705,1682,2688,1688.0
360902,2013-12-21,51,51,VM50-54,62.29%,1432,1777,1790,1784.0
356941,2013-12-21,47,47,VW45-49,48.07%,2022,1934,1953,1944.0
373054,2013-12-21,43,43,VM40-44,40.94%,2047,1669,1681,1676.0
356941,2013-12-28,47,47,VW45-49,57.72%,1684,1934,1953,1944.0
572070,2013-12-28,44,44,VM40-44,45.99%,1835,1682,2688,1688.0
780737,2014-01-01,40,40,VM40-44,74.73%,1096,0,1643,1638.0
537430,2014-01-01,40,40,VW40-44,67.45%,1361,0,1840,1836.0
589721,2014-01-01,47,47,VM45-49,59.14%,1461,1721,1734,1728.0
356941,2014-01-01,47,47,VW45-49,56.18%,1730,1934,1953,1944.0
572070,2014-01-01,44,44,VM40-44,43.87%,1924,1682,2688,1688.0
572070,2014-01-04,44,44,VM40-44,45.60%,1851,1682,2688,1688.0
572070,2014-01-11,44,44,VM40-44,46.10%,1831,1682,2688,1688.0
780737,2014-01-18,40,40,VM40-44,75.90%,1079,0,1643,1638.0
356941,2014-01-18,47,47,VW45-49,58.06%,1674,1934,1953,1944.0
810730,2014-01-18,39,39,VW35-39,56.86%,1692,1820,2824,1924.0
572070,2014-01-18,44,44,VM40-44,43.91%,1922,1682,2688,1688.0
780737,2014-01-25,40,40,VM40-44,77.12%,1062,0,1643,1638.0
376625,2014-01-25,33,33,SW30-34,65.01%,1372,1782,1785,1784.0
810730,2014-01-25,37,37,VW35-39,56.51%,1598,1803,1810,1806.0
806554,2014-01-25,36,36,VW35-39,53.13%,1694,1797,1802,1800.0
356941,2014-01-25,47,47,VW45-49,55.86%,1740,1934,1953,1944.0
572070,2014-01-25,44,44,VM40-44,45.70%,1847,1682,2688,1688.0
376625,2014-02-01,33,33,SW30-34,65.98%,1352,1782,1785,1784.0
810730,2014-02-01,37,37,VW35-39,55.84%,1617,1803,1810,1806.0
356941,2014-02-01,47,47,VW45-49,55.10%,1764,1934,1953,1944.0
125003,2014-02-01,54,54,VW50-54,52.95%,1998,2103,3116,2116.0
780737,2014-02-08,40,40,VM40-44,74.93%,1093,0,1643,1638.0
810730,2014-02-08,37,37,VW35-39,54.89%,1645,1803,1810,1806.0
572070,2014-02-08,44,44,VM40-44,46.86%,1801,1682,2688,1688.0
356941,2014-02-08,47,47,VW45-49,52.54%,1850,1934,1953,1944.0
854636,2014-02-15,29,29,SM25-29,54.19%,1541,1549,2500,1670.0
810730,2014-02-15,37,37,VW35-39,52.32%,1726,1803,1810,1806.0
806554,2014-02-15,36,36,VW35-39,50.34%,1788,1797,1802,1800.0
854636,2014-02-22,25,28,SM25-29,51.06%,1516,0,1548,1548.0
806554,2014-02-22,36,36,VW35-39,57.36%,1569,1797,1802,1800.0
810730,2014-02-22,37,37,VW35-39,57.22%,1578,1803,1810,1806.0
356941,2014-02-22,47,47,VW45-49,57.96%,1677,1934,1953,1944.0
780737,2014-03-01,40,40,VM40-44,75.41%,1086,0,1643,1638.0
854636,2014-03-01,25,28,SM25-29,52.40%,1477,0,1548,1548.0
806554,2014-03-01,36,36,VW35-39,60.61%,1485,1797,1802,1800.0
810730,2014-03-01,37,37,VW35-39,57.30%,1576,1803,1810,1806.0
572070,2014-03-01,44,44,VM40-44,44.61%,1892,1682,2688,1688.0
780737,2014-03-08,40,40,VM40-44,77.56%,1056,0,1643,1638.0
537430,2014-03-08,40,40,VW40-44,72.45%,1267,0,1840,1836.0
376625,2014-03-08,33,33,SW30-34,67.52%,1321,1782,1785,1784.0
810730,2014-03-08,37,37,VW35-39,60.16%,1501,1803,1810,1806.0
806554,2014-03-08,36,36,VW35-39,59.06%,1524,1797,1802,1800.0
356941,2014-03-08,47,47,VW45-49,55.80%,1742,1934,1953,1944.0
572070,2014-03-08,45,45,VM45-49,47.02%,1810,0,1707,1702.0
780737,2014-03-15,40,40,VM40-44,77.78%,1053,0,1643,1638.0
810730,2014-03-15,37,37,VW35-39,61.81%,1461,1803,1810,1806.0
806554,2014-03-15,36,36,VW35-39,59.96%,1501,1797,1802,1800.0
572070,2014-03-15,45,45,VM45-49,48.02%,1772,0,1707,1702.0
810730,2014-03-22,37,37,VW35-39,60.28%,1498,1803,1810,1806.0
810730,2014-03-29,37,37,VW35-39,59.10%,1528,1803,1810,1806.0
572070,2014-03-29,45,45,VM45-49,49.53%,1718,0,1707,1702.0
356941,2014-03-29,47,47,VW45-49,53.11%,1830,1934,1953,1944.0
810730,2014-04-05,37,37,VW35-39,61.39%,1471,1803,1810,1806.0
806554,2014-04-05,37,37,VW35-39,61.01%,1480,1803,1810,1806.0
356941,2014-04-05,47,47,VW45-49,59.82%,1625,1934,1953,1944.0
806554,2014-04-12,37,37,VW35-39,62.93%,1435,1803,1810,1806.0
810730,2014-04-12,37,37,VW35-39,58.87%,1534,1803,1810,1806.0
356941,2014-04-12,47,47,VW45-49,58.70%,1656,1934,1953,1944.0
806554,2014-04-19,37,37,VW35-39,59.80%,1510,1803,1810,1806.0
810730,2014-04-19,37,37,VW35-39,58.60%,1541,1803,1810,1806.0
356941,2014-04-19,47,47,VW45-49,58.55%,1660,1934,1953,1944.0
780737,2014-04-26,40,40,VM40-44,75.69%,1082,0,1643,1638.0
806554,2014-04-26,37,37,VW35-39,59.49%,1518,1803,1810,1806.0
810730,2014-04-26,37,37,VW35-39,56.94%,1586,1803,1810,1806.0
764052,2014-05-03,41,41,VM40-44,69.50%,1187,1644,1655,1650.0
806554,2014-05-03,37,37,VW35-39,60.04%,1504,1803,1810,1806.0
810730,2014-05-10,37,37,VW35-39,57.66%,1566,1803,1810,1806.0
806554,2014-05-10,37,37,VW35-39,38.30%,2358,1803,1810,1806.0
806554,2014-05-17,37,37,VW35-39,62.53%,1444,1803,1810,1806.0
806554,2014-05-24,37,37,VW35-39,58.15%,1553,1803,1810,1806.0
537430,2014-05-31,40,40,VW40-44,73.09%,1256,0,1840,1836.0
806554,2014-05-31,37,37,VW35-39,59.88%,1508,1803,1810,1806.0
356941,2014-05-31,47,47,VW45-49,55.54%,1750,1934,1953,1944.0
140267,2014-06-07,45,45,VW45-49,38.30%,2488,0,1914,1906.0
537430,2014-06-14,40,40,VW40-44,73.62%,1247,0,1840,1836.0
376625,2014-06-14,33,33,SW30-34,68.88%,1295,1782,1785,1784.0
589721,2014-06-14,47,47,VM45-49,64.62%,1337,1721,1734,1728.0
360902,2014-06-14,51,51,VM50-54,64.68%,1379,1777,1790,1784.0
810730,2014-06-14,37,37,VW35-39,60.36%,1496,1803,1810,1806.0
356941,2014-06-14,47,47,VW45-49,51.56%,1885,1934,1953,1944.0
356941,2014-06-28,47,47,VW45-49,53.06%,1832,1934,1953,1944.0
806554,2014-07-05,37,37,VW35-39,61.01%,1480,1803,1810,1806.0
780737,2014-07-12,40,40,VM40-44,77.63%,1055,0,1643,1638.0
764052,2014-07-12,41,41,VM40-44,69.15%,1193,1644,1655,1650.0
806554,2014-07-12,37,37,VW35-39,64.27%,1405,1803,1810,1806.0
806554,2014-07-19,37,37,VW35-39,67.54%,1337,1803,1810,1806.0
480802,2014-07-19,54,54,VM50-54,61.88%,1477,1821,2828,1828.0
572070,2014-07-19,45,45,VM45-49,43.64%,1950,0,1707,1702.0
356941,2014-07-19,48,48,VW45-49,49.80%,1972,1954,1975,1964.0
806554,2014-07-26,37,37,VW35-39,60.44%,1494,1803,1810,1806.0
356941,2014-07-26,48,48,VW45-49,55.11%,1782,1954,1975,1964.0
806554,2014-08-09,37,37,VW35-39,62.62%,1442,1803,1810,1806.0
806554,2014-08-16,37,37,VW35-39,63.77%,1416,1803,1810,1806.0
356941,2014-08-16,48,48,VW45-49,58.77%,1671,1954,1975,1964.0
780737,2014-08-30,40,40,VM40-44,77.26%,1060,0,1643,1638.0
806554,2014-08-30,37,37,VW35-39,56.26%,1605,1803,1810,1806.0
376625,2014-08-30,33,33,SW30-34,55.13%,1618,1782,1785,1784.0
764052,2014-09-13,41,41,VM40-44,65.84%,1253,1644,1655,1650.0
537430,2014-09-13,40,40,VW40-44,71.61%,1282,0,1840,1836.0
140267,2014-09-13,46,46,VW45-49,60.77%,1583,1915,1933,1924.0
537430,2014-09-20,40,40,VW40-44,72.11%,1273,0,1840,1836.0
537430,2014-10-04,41,41,VW40-44,71.44%,1292,1841,1852,1846.0
356941,2014-10-04,48,48,VW45-49,54.46%,1803,1954,1975,1964.0
806554,2014-10-11,37,37,VW35-39,62.10%,1454,1803,1810,1806.0
356941,2014-10-11,48,48,VW45-49,59.48%,1651,1954,1975,1964.0
373054,2014-10-11,44,44,VM40-44,49.73%,1697,1682,2688,1688.0
806554,2014-10-25,37,37,VW35-39,57.41%,1573,1803,1810,1806.0
537430,2014-11-01,41,41,VW40-44,73.37%,1258,1841,1852,1846.0
505025,2014-11-08,37,37,VM35-39,67.88%,1180,1597,1607,1602.0
537430,2014-11-08,41,41,VW40-44,72.96%,1265,1841,1852,1846.0
140267,2014-11-15,46,46,VW45-49,62.55%,1538,1915,1933,1924.0
537430,2014-11-22,41,41,VW40-44,73.20%,1261,1841,1852,1846.0
589721,2014-11-22,48,48,VM45-49,67.05%,1299,1735,1748,1742.0
356941,2014-11-22,48,48,VW45-49,58.42%,1681,1954,1975,1964.0
1297783,2014-11-22,52,52,VM50-54,52.54%,1711,1791,1805,1798.0
1297783,2014-11-29,52,52,VM50-54,55.02%,1634,1791,1805,1798.0
356941,2014-12-13,48,48,VW45-49,55.51%,1769,1954,1975,1964.0
356941,2014-12-20,48,48,VW45-49,49.70%,1976,1954,1975,1964.0
780737,2015-01-01,41,41,VM40-44,79.10%,1043,1644,1655,1650.0
928783,2015-01-01,32,32,SW30-34,64.45%,1381,1779,1781,1780.0
376625,2015-01-01,34,34,SW30-34,60.36%,1481,1786,2788,1788.0
356941,2015-01-01,48,48,VW45-49,54.46%,1803,1954,1975,1964.0
806554,2015-01-10,37,37,VW35-39,58.15%,1553,1803,1810,1806.0
537430,2015-01-17,41,41,VW40-44,71.33%,1294,1841,1852,1846.0
806554,2015-01-24,37,37,VW35-39,63.19%,1429,1803,1810,1806.0
376625,2015-02-07,34,34,SW30-34,68.66%,1302,1786,2788,1788.0
600747,2015-02-21,33,33,SW30-34,51.35%,1737,1782,1785,1784.0
600747,2015-03-07,33,33,SW30-34,53.16%,1678,1782,1785,1784.0
356941,2015-03-14,48,48,VW45-49,52.40%,1874,1954,1975,1964.0
537430,2015-03-28,41,41,VW40-44,73.49%,1256,1841,1852,1846.0
356941,2015-04-04,48,48,VW45-49,42.06%,2335,1954,1975,1964.0
806554,2015-04-11,38,38,VW35-39,67.31%,1349,1811,1819,1816.0
356941,2015-04-11,48,48,VW45-49,55.73%,1762,1954,1975,1964.0
806554,2015-04-25,38,38,VW35-39,68.68%,1322,1811,1819,1816.0
1551071,2015-04-25,32,32,SM30-34,50.75%,1537,1558,1562,1560.0
356941,2015-04-25,48,48,VW45-49,41.17%,2385,1954,1975,1964.0
600747,2015-05-02,33,33,SW30-34,52.84%,1688,1782,1785,1784.0
1551071,2015-05-16,32,32,SM30-34,51.55%,1513,1558,1562,1560.0
356941,2015-05-16,48,48,VW45-49,57.66%,1703,1954,1975,1964.0
1551071,2015-06-20,32,32,SM30-34,50.39%,1548,1558,1562,1560.0
356941,2015-07-11,48,48,VW45-49,49.67%,1977,1954,1975,1964.0
537430,2015-07-18,41,41,VW40-44,71.00%,1300,1841,1852,1846.0
1806735,2015-08-01,15,15,JM15-17,64.98%,1285,1658,2670,1670.0
537430,2015-08-01,41,41,VW40-44,71.55%,1290,1841,1852,1846.0
356941,2015-08-01,49,49,VW45-49,56.38%,1763,1976,2988,1988.0
1551071,2015-08-22,32,32,SM30-34,50.75%,1537,1558,1562,1560.0
356941,2015-09-05,49,49,VW45-49,56.41%,1762,1976,2988,1988.0
780737,2015-09-19,41,41,VM40-44,79.10%,1043,1644,1655,1650.0
356941,2015-10-03,49,49,VW45-49,57.06%,1742,1976,2988,1988.0
1977081,2015-10-24,52,52,VM50-54,47.29%,1901,1791,1805,1798.0
376625,2015-11-07,35,35,VW35-39,68.01%,1319,0,1796,1794.0
1977081,2015-11-14,46,46,VM45-49,48.25%,1776,1708,1720,1714.0
376625,2015-11-21,35,35,VW35-39,66.35%,1352,0,1796,1794.0
1551071,2015-11-28,32,32,SM30-34,49.74%,1568,1558,1562,1560.0
1977081,2015-11-28,46,46,VM45-49,52.61%,1629,1708,1720,1714.0
1551071,2015-12-05,32,32,SM30-34,52.24%,1493,1558,1562,1560.0
1977081,2015-12-05,46,46,VM45-49,53.83%,1592,1708,1720,1714.0
1977081,2015-12-12,46,46,VM45-49,54.94%,1560,1708,1720,1714.0
356941,2015-12-12,49,49,VW45-49,52.70%,1886,1976,2988,1988.0
1551071,2015-12-19,32,32,SM30-34,52.85%,1476,1558,1562,1560.0
356941,2015-12-19,49,49,VW45-49,46.93%,2118,1976,2988,1988.0
928783,2016-01-01,33,33,SW30-34,67.27%,1326,1782,1785,1784.0
1188855,2016-01-01,55,55,VM55-59,44.82%,2057,0,1851,1844.0
356941,2016-01-09,49,49,VW45-49,51.48%,1931,1976,2988,1988.0
1752380,2016-01-23,48,48,VM45-49,63.02%,1382,1735,1748,1742.0
537430,2016-01-23,42,42,VW40-44,66.76%,1393,1853,1866,1860.0
1977081,2016-01-23,46,46,VM45-49,55.87%,1534,1708,1720,1714.0
1201558,2016-01-23,47,47,VW45-49,37.36%,2602,1934,1953,1944.0
537430,2016-01-30,42,42,VW40-44,67.64%,1375,1853,1866,1860.0
1977081,2016-01-30,46,46,VM45-49,56.20%,1525,1708,1720,1714.0
356941,2016-01-30,49,49,VW45-49,55.44%,1793,1976,2988,1988.0
1806735,2016-02-06,11,11,JM11-14,68.82%,1334,1811,2836,1836.0
1752380,2016-02-06,48,48,VM45-49,61.38%,1419,1735,1748,1742.0
1806735,2016-02-13,11,11,JM11-14,71.27%,1288,1811,2836,1836.0
537430,2016-02-13,42,42,VW40-44,66.81%,1392,1853,1866,1860.0
2225632,2016-02-13,56,56,VW55-59,47.76%,2274,2158,2186,2172.0
537430,2016-02-20,42,42,VW40-44,69.56%,1337,1853,1866,1860.0
806554,2016-02-20,38,38,VW35-39,67.76%,1340,1811,1819,1816.0
1551071,2016-02-20,33,33,SM30-34,51.96%,1507,1563,1569,1566.0
537430,2016-02-27,42,42,VW40-44,69.51%,1338,1853,1866,1860.0
953402,2016-02-27,56,56,VW55-59,62.20%,1746,2158,2186,2172.0
2225632,2016-02-27,56,56,VW55-59,48.31%,2248,2158,2186,2172.0
537430,2016-03-05,42,42,VW40-44,70.29%,1323,1853,1866,1860.0
953402,2016-03-05,56,56,VW55-59,64.07%,1695,2158,2186,2172.0
2225632,2016-03-05,56,56,VW55-59,49.36%,2200,2158,2186,2172.0
376625,2016-03-12,35,35,VW35-39,70.19%,1278,0,1796,1794.0
1806735,2016-03-12,11,11,JM11-14,71.11%,1291,1811,2836,1836.0
537430,2016-03-12,42,42,VW40-44,71.26%,1305,1853,1866,1860.0
1977081,2016-03-12,46,46,VM45-49,57.71%,1485,1708,1720,1714.0
356941,2016-03-12,49,49,VW45-49,56.09%,1772,1976,2988,1988.0
2225632,2016-03-12,56,56,VW55-59,51.74%,2099,2158,2186,2172.0
2225632,2016-03-19,56,56,VW55-59,51.27%,2118,2158,2186,2172.0
356941,2016-03-26,49,49,VW45-49,52.82%,1882,1976,2988,1988.0
537430,2016-04-02,42,42,VW40-44,70.72%,1315,1853,1866,1860.0
1977081,2016-04-02,46,46,VM45-49,57.56%,1489,1708,1720,1714.0
2225632,2016-04-02,56,56,VW55-59,48.99%,2217,2158,2186,2172.0
780737,2016-04-09,42,42,VM40-44,74.80%,1111,1656,1668,1662.0
537430,2016-04-09,42,42,VW40-44,70.14%,1326,1853,1866,1860.0
356941,2016-04-09,49,49,VW45-49,54.74%,1816,1976,2988,1988.0
1651066,2016-04-16,39,39,VW35-39,43.33%,2105,1820,2824,1824.0
537430,2016-04-23,42,42,VW40-44,71.16%,1307,1853,1866,1860.0
2225632,2016-04-23,56,56,VW55-59,48.61%,2234,2158,2186,2172.0
1651066,2016-04-30,39,39,VW35-39,44.44%,2052,1820,2824,1824.0
505025,2016-05-07,38,38,VM35-39,68.22%,1183,1608,1619,1614.0
1977081,2016-05-07,46,46,VM45-49,53.13%,1613,1708,1720,1714.0
806554,2016-05-14,39,39,VW35-39,64.18%,1421,1820,2824,1824.0
356941,2016-05-14,49,49,VW45-49,55.25%,1799,1976,2988,1988.0
1705569,2016-05-14,47,47,VW45-49,41.61%,2336,1934,1953,1944.0
537430,2016-05-28,42,42,VW40-44,71.43%,1302,1853,1866,1860.0
356941,2016-05-28,49,49,VW45-49,52.82%,1882,1976,2988,1988.0
764052,2016-06-04,43,43,VM40-44,66.72%,1256,1669,1681,1676.0
356941,2016-06-04,49,49,VW45-49,53.88%,1845,1976,2988,1988.0
2225632,2016-06-04,56,56,VW55-59,50.54%,2149,2158,2186,2172.0
1752380,2016-06-11,48,48,VM45-49,59.33%,1468,1735,1748,1742.0
2225632,2016-06-11,56,56,VW55-59,51.13%,2124,2158,2186,2172.0
537430,2016-06-18,42,42,VW40-44,71.37%,1303,1853,1866,1860.0
537430,2016-06-25,42,42,VW40-44,71.43%,1302,1853,1866,1860.0
1594344,2016-06-25,57,57,VM55-59,63.25%,1483,1868,1883,1876.0
2225632,2016-06-25,56,56,VW55-59,52.57%,2066,2158,2186,2172.0
537430,2016-07-02,42,42,VW40-44,71.21%,1306,1853,1866,1860.0
2225632,2016-07-09,56,56,VW55-59,52.82%,2056,2158,2186,2172.0
376625,2016-07-16,35,35,VW35-39,44.04%,2037,0,1796,1794.0
2225632,2016-07-16,56,56,VW55-59,49.86%,2178,2158,2186,2172.0
537430,2016-07-30,42,42,VW40-44,71.98%,1292,1853,1866,1860.0
1752380,2016-07-30,49,49,VM45-49,61.18%,1435,1749,2756,1756.0
537430,2016-08-06,42,42,VW40-44,70.19%,1325,1853,1866,1860.0
1752380,2016-08-06,49,49,VM45-49,60.93%,1441,1749,2756,1756.0
600747,2016-08-06,34,34,SW30-34,47.73%,1873,1786,2788,1788.0
356941,2016-08-06,50,50,VW50-54,52.29%,1924,0,2023,2012.0
537430,2016-08-13,42,42,VW40-44,70.40%,1321,1853,1866,1860.0
356941,2016-08-20,50,50,VW50-54,53.65%,1875,0,2023,2012.0
1794504,2016-09-03,29,29,SM25-29,56.49%,1372,1549,2500,1550.0
2225632,2016-09-03,57,57,VW55-59,48.48%,2271,2187,2216,2202.0
764052,2016-09-10,43,43,VM40-44,66.72%,1256,1669,1681,1676.0
1916309,2016-09-10,29,29,SM25-29,46.94%,1651,1549,2500,1550.0
806554,2016-09-24,39,39,VW35-39,42.09%,2167,1820,2824,1824.0
2225632,2016-10-08,57,57,VW55-59,55.24%,1993,2187,2216,2202.0
1551071,2016-10-15,33,33,SM30-34,59.36%,1319,1563,1569,1566.0
1651066,2016-10-15,39,39,VW35-39,46.89%,1945,1820,2824,1824.0
1551071,2016-10-22,33,33,SM30-34,60.32%,1298,1563,1569,1566.0
942561,2016-11-05,55,55,VM55-59,57.20%,1612,0,1851,1844.0
2225632,2016-11-05,57,57,VW55-59,53.16%,2071,2187,2216,2202.0
942561,2016-11-12,55,55,VM55-59,57.77%,1596,0,1851,1844.0
2225632,2016-11-12,57,57,VW55-59,50.93%,2162,2187,2216,2202.0
942561,2016-11-19,55,55,VM55-59,56.74%,1625,0,1851,1844.0
356941,2016-11-19,50,50,VW50-54,54.53%,1845,0,2023,2012.0
942561,2016-11-26,55,55,VM55-59,58.84%,1567,0,1851,1844.0
2225632,2016-11-26,57,57,VW55-59,55.30%,1991,2187,2216,2202.0
2225632,2016-12-03,57,57,VW55-59,54.97%,2003,2187,2216,2202.0
376625,2016-12-31,36,36,VW35-39,50.06%,1798,1797,1802,1800.0
1752380,2017-01-07,49,49,VM45-49,49.94%,1758,1749,2756,1756.0
2225632,2017-01-07,57,57,VW55-59,50.85%,2165,2187,2216,2202.0
1977081,2017-01-21,47,47,VM45-49,56.69%,1524,1721,1734,1728.0
2225632,2017-01-21,57,57,VW55-59,54.45%,2022,2187,2216,2202.0
1651066,2017-01-28,40,40,VW40-44,45.83%,2003,0,1840,1836.0
780737,2017-02-04,43,43,VM40-44,80.50%,1041,1669,1681,1676.0
1752380,2017-02-04,49,49,VM45-49,58.61%,1498,1749,2756,1756.0
942561,2017-02-04,55,55,VM55-59,54.59%,1689,0,1851,1844.0
1752380,2017-02-11,49,49,VM45-49,57.61%,1524,1749,2756,1756.0
1752380,2017-02-18,49,49,VM45-49,61.53%,1427,1749,2756,1756.0
2225632,2017-02-18,57,57,VW55-59,34.27%,3213,2187,2216,2202.0
942561,2017-02-25,55,55,VM55-59,56.56%,1630,0,1851,1844.0
3251252,2017-02-25,46,46,VM45-49,48.07%,1783,1708,1720,1714.0
356941,2017-02-25,50,50,VW50-54,52.81%,1905,0,2023,2012.0
3251252,2017-03-04,16,16,JM15-17,47.51%,1730,1633,1657,1644.0
2225632,2017-03-04,57,57,VW55-59,47.87%,2300,2187,2216,2202.0
3251252,2017-03-11,16,16,JM15-17,51.21%,1605,1633,1657,1644.0
2225632,2017-03-11,57,57,VW55-59,53.19%,2070,2187,2216,2202.0
3251252,2017-03-18,16,16,JM15-17,47.16%,1743,1633,1657,1644.0
1551071,2017-03-25,34,34,SM30-34,59.31%,1327,1570,2574,1574.0
3251252,2017-03-25,16,16,JM15-17,47.11%,1745,1633,1657,1644.0
2225632,2017-03-25,57,57,VW55-59,50.90%,2163,2187,2216,2202.0
1977081,2017-04-01,47,47,VM45-49,57.72%,1497,1721,1734,1728.0
2225632,2017-04-01,57,57,VW55-59,51.02%,2158,2187,2216,2202.0
2225632,2017-04-08,57,57,VW55-59,49.59%,2220,2187,2216,2202.0
3251252,2017-04-15,16,16,JM15-17,46.63%,1763,1633,1657,1644.0
2225632,2017-04-15,57,57,VW55-59,53.84%,2045,2187,2216,2202.0
3251252,2017-04-22,16,16,JM15-17,50.21%,1637,1633,1657,1644.0
2225632,2017-04-22,57,57,VW55-59,42.43%,2595,2187,2216,2202.0
1752380,2017-04-29,49,49,VM45-49,60.05%,1462,1749,2756,1756.0
3251252,2017-04-29,16,16,JM15-17,54.33%,1513,1633,1657,1644.0
356941,2017-04-29,50,50,VW50-54,55.86%,1801,0,2023,2012.0
2225632,2017-04-29,57,57,VW55-59,52.91%,2081,2187,2216,2202.0
3251252,2017-05-06,16,16,JM15-17,44.80%,1835,1633,1657,1644.0
356941,2017-05-06,50,50,VW50-54,53.54%,1879,0,2023,2012.0
780737,2017-05-13,43,43,VM40-44,81.20%,1032,1669,1681,1676.0
3251252,2017-05-13,16,16,JM15-17,54.01%,1522,1633,1657,1644.0
2225632,2017-05-13,57,57,VW55-59,55.58%,1981,2187,2216,2202.0
1752380,2017-05-20,49,49,VM45-49,60.72%,1446,1749,2756,1756.0
3251252,2017-05-20,16,16,JM15-17,54.01%,1522,1633,1657,1644.0
2225632,2017-05-20,57,57,VW55-59,52.91%,2081,2187,2216,2202.0
3251252,2017-05-27,16,16,JM15-17,49.49%,1661,1633,1657,1644.0
2225632,2017-05-27,57,57,VW55-59,54.69%,2013,2187,2216,2202.0
3251252,2017-06-03,16,16,JM15-17,50.74%,1620,1633,1657,1644.0
2225632,2017-06-03,57,57,VW55-59,55.00%,2002,2187,2216,2202.0
3251252,2017-06-10,16,16,JM15-17,55.32%,1486,1633,1657,1644.0
2225632,2017-06-10,57,57,VW55-59,52.60%,2093,2187,2216,2202.0
600747,2017-06-17,35,35,VW35-39,53.08%,1690,0,1796,1794.0
3251252,2017-06-17,16,16,JM15-17,47.93%,1715,1633,1657,1644.0
2225632,2017-06-17,57,57,VW55-59,52.40%,2101,2187,2216,2202.0
3251252,2017-06-24,16,16,JM15-17,54.01%,1522,1633,1657,1644.0
3251252,2017-07-01,17,17,JM15-17,50.40%,1607,0,1632,1620.0
2225632,2017-07-01,57,57,VW55-59,51.42%,2141,2187,2216,2202.0
2225632,2017-07-08,57,57,VW55-59,46.83%,2351,2187,2216,2202.0
3251252,2017-07-15,17,17,JM15-17,48.13%,1683,0,1632,1620.0
356941,2017-07-15,50,50,VW50-54,50.45%,1994,0,2023,2012.0
3251252,2017-07-22,17,17,JM15-17,54.77%,1479,0,1632,1620.0
2225632,2017-07-22,57,57,VW55-59,51.98%,2118,2187,2216,2202.0
3251252,2017-07-29,17,17,JM15-17,49.27%,1644,0,1632,1620.0
1916309,2017-07-29,30,30,SM30-34,42.90%,1809,0,1553,1552.0
3251252,2017-08-05,17,17,JM15-17,51.04%,1587,0,1632,1620.0
2225632,2017-08-05,57,57,VW55-59,53.52%,2057,2187,2216,2202.0
1752380,2017-08-19,50,50,VM50-54,60.25%,1469,0,1776,1770.0
3251252,2017-08-19,17,17,JM15-17,50.75%,1596,0,1632,1620.0
1752380,2017-09-02,50,50,VM50-54,62.86%,1408,0,1776,1770.0
3251252,2017-09-02,17,17,JM15-17,52.84%,1533,0,1632,1620.0
2225632,2017-09-02,58,58,VW55-59,52.42%,2129,2217,2247,2232.0
1752380,2017-09-09,50,50,VM50-54,62.77%,1410,0,1776,1770.0
3251252,2017-09-09,17,17,JM15-17,56.52%,1433,0,1632,1620.0
2225632,2017-09-09,58,58,VW55-59,53.78%,2075,2217,2247,2232.0
764052,2017-09-16,44,44,VM40-44,68.40%,1234,1682,2688,1688.0
3251252,2017-09-16,17,17,JM15-17,49.33%,1642,0,1632,1620.0
2225632,2017-09-16,58,58,VW55-59,54.36%,2053,2217,2247,2232.0
2225632,2017-09-23,58,58,VW55-59,54.17%,2060,2217,2247,2232.0
3251252,2017-09-30,17,17,JM15-17,47.90%,1691,0,1632,1620.0
2225632,2017-09-30,58,58,VW55-59,54.89%,2033,2217,2247,2232.0
3251252,2017-10-07,17,17,JM15-17,56.45%,1435,0,1632,1620.0
2225632,2017-10-07,58,58,VW55-59,47.07%,2371,2217,2247,2232.0
3251252,2017-10-14,17,17,JM15-17,57.77%,1402,0,1632,1620.0
3945517,2017-10-14,13,13,JW11-14,51.98%,1843,1902,1935,1916.0
2225632,2017-10-14,58,58,VW55-59,51.40%,2171,2217,2247,2232.0
3883877,2017-10-14,49,49,VW45-49,45.43%,2188,1976,2988,1988.0
3251252,2017-10-21,17,17,JM15-17,47.70%,1698,0,1632,1620.0
3945517,2017-10-21,11,11,JW11-14,54.77%,1822,1976,2996,1996.0
2225632,2017-10-21,58,58,VW55-59,53.99%,2067,2217,2247,2232.0
3251252,2017-10-28,17,17,JM15-17,51.33%,1578,0,1632,1620.0
600747,2017-10-28,35,35,VW35-39,53.08%,1690,0,1796,1794.0
3945517,2017-10-28,11,11,JW11-14,53.43%,1868,1976,2996,1996.0
3883877,2017-10-28,49,49,VW45-49,47.70%,2084,1976,2988,1988.0
3251252,2017-11-04,17,17,JM15-17,59.04%,1372,0,1632,1620.0
3945517,2017-11-04,11,11,JW11-14,58.33%,1711,1976,2996,1996.0
2225632,2017-11-04,58,58,VW55-59,52.69%,2118,2217,2247,2232.0
3251252,2017-11-11,17,17,JM15-17,54.58%,1484,0,1632,1620.0
3945517,2017-11-11,11,11,JW11-14,57.42%,1738,1976,2996,1996.0
2225632,2017-11-11,58,58,VW55-59,56.65%,1970,2217,2247,2232.0
3883877,2017-11-11,49,49,VW45-49,49.77%,1997,1976,2988,1988.0
3251252,2017-11-18,17,17,JM15-17,58.78%,1378,0,1632,1620.0
3945517,2017-11-18,11,11,JW11-14,53.86%,1853,1976,2996,1996.0
2225632,2017-11-18,58,58,VW55-59,51.74%,2157,2217,2247,2232.0
3945517,2017-11-25,11,11,JW11-14,59.44%,1679,1976,2996,1996.0
3251252,2017-11-25,17,17,JM15-17,47.23%,1715,0,1632,1620.0
2225632,2017-11-25,58,58,VW55-59,53.07%,2103,2217,2247,2232.0
3945517,2017-12-02,11,11,JW11-14,58.64%,1702,1976,2996,1996.0
2225632,2017-12-02,58,58,VW55-59,42.43%,2630,2217,2247,2232.0
3251252,2017-12-09,17,17,JM15-17,51.69%,1567,0,1632,1620.0
2225632,2017-12-09,58,58,VW55-59,50.50%,2210,2217,2247,2232.0
3251252,2017-12-16,17,17,JM15-17,43.48%,1863,0,1632,1620.0
2225632,2017-12-16,58,58,VW55-59,52.52%,2125,2217,2247,2232.0
3251252,2017-12-23,17,17,JM15-17,53.36%,1518,0,1632,1620.0
2225632,2017-12-23,58,58,VW55-59,51.15%,2182,2217,2247,2232.0
3251252,2017-12-30,17,17,JM15-17,52.22%,1551,0,1632,1620.0
1752380,2017-12-30,50,50,VM50-54,56.91%,1555,0,1776,1770.0
2225632,2017-12-30,58,58,VW55-59,52.92%,2109,2217,2247,2232.0
376625,2018-01-06,37,37,VW35-39,66.54%,1357,1803,1810,1806.0
1752380,2018-01-06,50,50,VM50-54,59.24%,1494,0,1776,1770.0
3251252,2018-01-06,17,17,JM15-17,46.44%,1744,0,1632,1620.0
356941,2018-01-06,51,51,VW50-54,48.20%,2112,2024,2048,2036.0
3251252,2018-01-13,17,17,JM15-17,56.21%,1441,0,1632,1620.0
1752380,2018-01-13,50,50,VM50-54,59.80%,1480,0,1776,1770.0
356941,2018-01-13,51,51,VW50-54,52.26%,1948,2024,2048,2036.0
1752380,2018-01-20,50,50,VM50-54,61.59%,1437,0,1776,1770.0
3883877,2018-01-20,50,50,VW50-54,45.17%,2227,0,2023,2012.0
2225632,2018-01-20,58,58,VW55-59,38.66%,2887,2217,2247,2232.0
356941,2018-01-27,51,51,VW50-54,52.58%,1936,2024,2048,2036.0
3883877,2018-01-27,47,47,VW45-49,46.33%,2098,1934,1953,1944.0
1752380,2018-02-03,50,50,VM50-54,62.28%,1421,0,1776,1770.0
360902,2018-02-03,55,55,VM55-59,64.61%,1427,0,1851,1844.0
376625,2018-02-03,37,37,VW35-39,61.68%,1464,1803,1810,1806.0
953402,2018-02-03,58,58,VW55-59,65.23%,1711,2217,2247,2232.0
1296162,2018-02-03,6,6,JW10,63.97%,1832,2299,2397,2344.0
3883877,2018-02-03,47,47,VW45-49,48.26%,2014,1934,1953,1944.0
3251252,2018-02-10,17,17,JM15-17,53.47%,1515,0,1632,1620.0
1594344,2018-02-10,59,59,VM55-59,60.38%,1580,1900,2908,1908.0
953402,2018-02-10,58,58,VW55-59,63.99%,1744,2217,2247,2232.0
1752380,2018-02-10,50,50,VM50-54,43.38%,2040,0,1776,1770.0
1752380,2018-02-17,50,50,VM50-54,62.81%,1409,0,1776,1770.0
3251252,2018-02-17,17,17,JM15-17,52.53%,1542,0,1632,1620.0
953402,2018-02-17,58,58,VW55-59,66.11%,1688,2217,2247,2232.0
3883877,2018-02-17,47,47,VW45-49,47.12%,2063,1934,1953,1944.0
2225632,2018-02-17,58,58,VW55-59,50.43%,2213,2217,2247,2232.0
356941,2018-02-17,51,51,VW50-54,32.43%,3139,2024,2048,2036.0
1752380,2018-02-24,50,50,VM50-54,61.03%,1450,0,1776,1770.0
1594344,2018-02-24,59,59,VM55-59,60.00%,1590,1900,2908,1908.0
3251252,2018-02-24,17,17,JM15-17,50.22%,1613,0,1632,1620.0
953402,2018-02-24,58,58,VW55-59,62.91%,1774,2217,2247,2232.0
3883877,2018-02-24,47,47,VW45-49,47.81%,2033,1934,1953,1944.0
2225632,2018-02-24,58,58,VW55-59,50.68%,2202,2217,2247,2232.0
1752380,2018-03-10,50,50,VM50-54,63.17%,1401,0,1776,1770.0
3251252,2018-03-10,17,17,JM15-17,55.37%,1463,0,1632,1620.0
3883877,2018-03-10,47,47,VW45-49,49.24%,1974,1934,1953,1944.0
2225632,2018-03-10,58,58,VW55-59,49.91%,2236,2217,2247,2232.0
376625,2018-03-17,37,37,VW35-39,61.64%,1465,1803,1810,1806.0
3251252,2018-03-17,17,17,JM15-17,49.54%,1635,0,1632,1620.0
3883877,2018-03-17,47,47,VW45-49,48.12%,2020,1934,1953,1944.0
376625,2018-03-24,37,37,VW35-39,70.05%,1289,1803,1810,1806.0
3251252,2018-03-24,17,17,JM15-17,56.25%,1440,0,1632,1620.0
1649546,2018-03-24,57,57,VM55-59,63.21%,1484,1868,1883,1876.0
1594344,2018-03-24,59,59,VM55-59,64.11%,1488,1900,2908,1908.0
953402,2018-03-24,58,58,VW55-59,67.19%,1661,2217,2247,2232.0
3883877,2018-03-24,47,47,VW45-49,51.54%,1886,1934,1953,1944.0
2225632,2018-03-24,58,58,VW55-59,49.32%,2263,2217,2247,2232.0
1594344,2018-03-31,59,59,VM55-59,63.30%,1507,1900,2908,1908.0
1649546,2018-03-31,58,58,VM55-59,61.63%,1535,1884,1899,1892.0
953402,2018-03-31,58,58,VW55-59,66.47%,1679,2217,2247,2232.0
3883877,2018-03-31,47,47,VW45-49,53.44%,1819,1934,1953,1944.0
2225632,2018-03-31,58,58,VW55-59,50.98%,2189,2217,2247,2232.0
3251252,2018-04-07,17,17,JM15-17,58.57%,1383,0,1632,1620.0
1752380,2018-04-07,50,50,VM50-54,62.32%,1420,0,1776,1770.0
2225632,2018-04-07,58,58,VW55-59,53.19%,2098,2217,2247,2232.0
3251252,2018-04-14,17,17,JM15-17,60.45%,1340,0,1632,1620.0
3883877,2018-04-14,47,47,VW45-49,51.37%,1892,1934,1953,1944.0
2225632,2018-04-14,58,58,VW55-59,53.47%,2087,2217,2247,2232.0
1752380,2018-04-21,50,50,VM50-54,58.57%,1511,0,1776,1770.0
953402,2018-04-21,58,58,VW55-59,67.35%,1657,2217,2247,2232.0
3883877,2018-04-21,47,47,VW45-49,51.13%,1901,1934,1953,1944.0
2225632,2018-04-21,58,58,VW55-59,48.71%,2291,2217,2247,2232.0
3251252,2018-04-28,17,17,JM15-17,56.33%,1438,0,1632,1620.0
1752380,2018-04-28,50,50,VM50-54,60.87%,1454,0,1776,1770.0
2225632,2018-04-28,58,58,VW55-59,52.13%,2141,2217,2247,2232.0
3251252,2018-05-05,17,17,JM15-17,54.88%,1476,0,1632,1620.0
1594344,2018-05-05,59,59,VM55-59,59.14%,1613,1900,2908,1908.0
1649546,2018-05-05,58,58,VM55-59,58.18%,1626,1884,1899,1892.0
3883877,2018-05-05,47,47,VW45-49,51.16%,1900,1934,1953,1944.0
2225632,2018-05-05,58,58,VW55-59,52.79%,2114,2217,2247,2232.0
3251252,2018-05-12,17,17,JM15-17,55.71%,1454,0,1632,1620.0
953402,2018-05-12,58,58,VW55-59,68.63%,1626,2217,2247,2232.0
2225632,2018-05-12,58,58,VW55-59,54.07%,2064,2217,2247,2232.0
3883877,2018-05-12,47,47,VW45-49,43.47%,2236,1934,1953,1944.0
1752380,2018-05-19,50,50,VM50-54,62.59%,1414,0,1776,1770.0
953402,2018-05-19,58,58,VW55-59,69.14%,1614,2217,2247,2232.0
3883877,2018-05-19,47,47,VW45-49,47.79%,2034,1934,1953,1944.0
2225632,2018-05-19,58,58,VW55-59,53.81%,2074,2217,2247,2232.0
1752380,2018-05-26,50,50,VM50-54,62.59%,1414,0,1776,1770.0
3251252,2018-05-26,17,17,JM15-17,55.79%,1452,0,1632,1620.0
3251252,2018-06-02,17,17,JM15-17,60.95%,1329,0,1632,1620.0
4637550,2018-06-02,59,59,VW55-59,70.75%,1600,2248,3264,2264.0
953402,2018-06-02,58,58,VW55-59,67.31%,1658,2217,2247,2232.0
3945517,2018-06-02,11,11,JW11-14,57.96%,1722,1976,2996,1996.0
3883877,2018-06-02,47,47,VW45-49,51.59%,1884,1934,1953,1944.0
2225632,2018-06-02,58,58,VW55-59,52.64%,2120,2217,2247,2232.0
3945517,2018-06-09,11,11,JW11-14,61.19%,1631,1976,2996,1996.0
3883877,2018-06-09,47,47,VW45-49,53.14%,1829,1934,1953,1944.0
3251252,2018-06-09,17,17,JM15-17,42.48%,1907,0,1632,1620.0
3251252,2018-06-16,17,17,JM15-17,55.03%,1472,0,1632,1620.0
4637550,2018-06-16,44,44,VW40-44,60.55%,1559,1881,2888,1888.0
2225632,2018-06-16,58,58,VW55-59,50.20%,2223,2217,2247,2232.0
3529055,2018-06-23,14,14,JM11-14,55.48%,1534,0,1721,1702.0
4722363,2018-06-30,22,24,SM20-24,39.67%,1951,0,1551,1548.0
2225632,2018-06-30,58,58,VW55-59,45.57%,2449,2217,2247,2232.0
3251252,2018-07-07,18,18,SM18-19,51.05%,1567,1592,2600,1600.0
3945517,2018-07-07,11,11,JW11-14,59.98%,1664,1976,2996,1996.0
4722363,2018-07-07,20,24,SW20-24,45.40%,1956,0,2776,1776.0
2225632,2018-07-07,57,57,VW55-59,50.39%,2185,2187,2216,2202.0
1752380,2018-07-14,50,50,VM50-54,61.33%,1443,0,1776,1770.0
4722363,2018-07-14,20,24,SW20-24,52.02%,1707,0,2776,1776.0
1752380,2018-07-21,51,51,VM50-54,60.15%,1483,1777,1790,1784.0
953402,2018-07-21,58,58,VW55-59,67.31%,1658,2217,2247,2232.0
1752380,2018-07-28,51,51,VM50-54,62.82%,1420,1777,1790,1784.0
3251252,2018-07-28,18,18,SM18-19,53.69%,1490,1592,2600,1600.0
953402,2018-07-28,58,58,VW55-59,69.45%,1607,2217,2247,2232.0
2225632,2018-07-28,57,57,VW55-59,48.91%,2251,2187,2216,2202.0
1138623,2018-08-04,45,45,VM45-49,47.38%,1796,0,1707,1702.0
2225632,2018-08-04,57,57,VW55-59,47.70%,2308,2187,2216,2202.0
953402,2018-08-11,58,58,VW55-59,67.80%,1646,2217,2247,2232.0
2225632,2018-08-11,58,58,VW55-59,50.25%,2221,2217,2247,2232.0
3251252,2018-08-18,18,18,SM18-19,59.17%,1352,1592,2600,1600.0
953402,2018-08-18,58,58,VW55-59,68.42%,1631,2217,2247,2232.0
356941,2018-08-18,52,52,VW50-54,53.28%,1935,2049,2075,2062.0
2225632,2018-08-18,58,58,VW55-59,53.78%,2075,2217,2247,2232.0
953402,2018-08-25,58,58,VW55-59,69.36%,1609,2217,2247,2232.0
2225632,2018-08-25,58,58,VW55-59,52.99%,2106,2217,2247,2232.0
3251252,2018-09-01,18,18,SM18-19,55.98%,1429,1592,2600,1600.0
2225632,2018-09-01,58,58,VW55-59,52.99%,2106,2217,2247,2232.0
1752380,2018-09-08,51,51,VM50-54,62.55%,1426,1777,1790,1784.0
3251252,2018-09-08,18,18,SM18-19,54.42%,1470,1592,2600,1600.0
2225632,2018-09-08,58,58,VW55-59,53.78%,2075,2217,2247,2232.0
1752380,2018-09-15,51,51,VM50-54,62.91%,1418,1777,1790,1784.0
356941,2018-09-15,52,52,VW50-54,52.55%,1962,2049,2075,2062.0
2225632,2018-09-15,58,58,VW55-59,52.79%,2114,2217,2247,2232.0
4024452,2018-09-15,5,5,JW10,35.56%,3445,2398,2465,2450.0
3251252,2018-09-22,18,18,SM18-19,50.38%,1588,1592,2600,1600.0
356941,2018-09-22,52,52,VW50-54,52.41%,1967,2049,2075,2062.0
4024452,2018-09-22,4,4,JW10,34.70%,3574,2466,3480,2480.0
1752380,2018-09-29,51,51,VM50-54,63.76%,1399,1777,1790,1784.0
3251252,2018-09-29,18,18,SM18-19,54.57%,1466,1592,2600,1600.0
3945517,2018-09-29,12,12,JW11-14,54.58%,1790,1936,1975,1954.0
2225632,2018-09-29,58,58,VW55-59,53.76%,2076,2217,2247,2232.0
1752380,2018-10-06,51,51,VM50-54,64.92%,1374,1777,1790,1784.0
3251252,2018-10-06,18,18,SM18-19,50.66%,1579,1592,2600,1600.0
953402,2018-10-06,58,58,VW55-59,69.53%,1605,2217,2247,2232.0
1624624,2018-10-06,34,34,SM30-34,46.46%,1694,1570,2574,1574.0
2225632,2018-10-06,58,58,VW55-59,52.79%,2114,2217,2247,2232.0
1752380,2018-10-13,51,51,VM50-54,61.39%,1453,1777,1790,1784.0
953402,2018-10-13,58,58,VW55-59,66.99%,1666,2217,2247,2232.0
1624624,2018-10-13,34,34,SM30-34,46.90%,1678,1570,2574,1574.0
356941,2018-10-13,52,52,VW50-54,51.68%,1995,2049,2075,2062.0
2225632,2018-10-13,58,58,VW55-59,45.35%,2461,2217,2247,2232.0
1752380,2018-10-20,51,51,VM50-54,60.80%,1467,1777,1790,1784.0
953402,2018-10-20,58,58,VW55-59,69.10%,1615,2217,2247,2232.0
1624624,2018-10-20,34,34,SM30-34,48.37%,1627,1570,2574,1574.0
356941,2018-10-20,52,52,VW50-54,53.34%,1933,2049,2075,2062.0
2225632,2018-10-20,58,58,VW55-59,52.42%,2129,2217,2247,2232.0
4024452,2018-10-20,4,4,JW10,32.75%,3786,2466,3480,2480.0
3251252,2018-10-27,18,18,SM18-19,52.88%,1513,1592,2600,1600.0
1624624,2018-10-27,34,34,SM30-34,48.52%,1622,1570,2574,1574.0
953402,2018-10-27,58,58,VW55-59,68.30%,1634,2217,2247,2232.0
2225632,2018-10-27,58,58,VW55-59,56.00%,1993,2217,2247,2232.0
1752380,2018-11-03,51,51,VM50-54,63.44%,1406,1777,1790,1784.0
953402,2018-11-03,58,58,VW55-59,67.15%,1662,2217,2247,2232.0
3251252,2018-11-03,18,18,SM18-19,47.88%,1671,1592,2600,1600.0
356941,2018-11-03,52,52,VW50-54,52.79%,1953,2049,2075,2062.0
2225632,2018-11-03,58,58,VW55-59,54.92%,2032,2217,2247,2232.0
1752380,2018-11-10,51,51,VM50-54,62.64%,1424,1777,1790,1784.0
3251252,2018-11-10,18,18,SM18-19,55.36%,1445,1592,2600,1600.0
3945517,2018-11-10,12,12,JW11-14,56.70%,1723,1936,1975,1954.0
5108541,2018-11-10,16,16,JW15-17,45.83%,2003,1826,1848,1836.0
1752380,2018-11-17,51,51,VM50-54,63.53%,1404,1777,1790,1784.0
3251252,2018-11-17,18,18,SM18-19,53.73%,1489,1592,2600,1600.0
5108541,2018-11-17,16,16,JW15-17,47.30%,1941,1826,1848,1836.0
2225632,2018-11-17,58,58,VW55-59,35.38%,3154,2217,2247,2232.0
1752380,2018-11-24,51,51,VM50-54,60.56%,1473,1777,1790,1784.0
356941,2018-11-24,52,52,VW50-54,50.86%,2027,2049,2075,2062.0
2225632,2018-11-24,58,58,VW55-59,53.02%,2105,2217,2247,2232.0
1752380,2018-12-01,51,51,VM50-54,59.67%,1495,1777,1790,1784.0
3251252,2018-12-01,18,18,SM18-19,52.91%,1512,1592,2600,1600.0
5108541,2018-12-08,16,16,JW15-17,45.74%,2007,1826,1848,1836.0
2225632,2018-12-08,58,58,VW55-59,52.82%,2113,2217,2247,2232.0
4024452,2018-12-08,4,4,JW10,38.73%,3202,2466,3480,2480.0
3251252,2018-12-15,18,18,SM18-19,49.63%,1612,1592,2600,1600.0
2225632,2018-12-15,58,58,VW55-59,51.52%,2166,2217,2247,2232.0
1752380,2018-12-22,51,51,VM50-54,62.20%,1434,1777,1790,1784.0
3251252,2018-12-22,18,18,SM18-19,53.12%,1506,1592,2600,1600.0
1624624,2018-12-22,34,34,SM30-34,49.90%,1577,1570,2574,1574.0
953402,2018-12-22,59,59,VW55-59,66.90%,1692,2248,3264,2264.0
376625,2018-12-22,38,38,VW35-39,50.28%,1806,1811,1819,1816.0
2225632,2018-12-22,58,58,VW55-59,31.10%,3588,2217,2247,2232.0
4024452,2018-12-22,4,4,JW10,34.54%,3590,2466,3480,2480.0
1794504,2018-12-29,30,30,SM30-34,54.15%,1433,0,1553,1552.0
1752380,2018-12-29,51,51,VM50-54,61.90%,1441,1777,1790,1784.0
1624624,2018-12-29,34,34,SM30-34,50.32%,1564,1570,2574,1574.0
953402,2018-12-29,59,59,VW55-59,68.11%,1662,2248,3264,2264.0
2225632,2018-12-29,58,58,VW55-59,53.78%,2075,2217,2247,2232.0
2932029,2018-12-29,59,59,VW55-59,49.98%,2265,2248,3264,2264.0
1752380,2019-01-01,51,51,VM50-54,58.68%,1520,1777,1790,1784.0
376625,2019-01-01,38,38,VW35-39,55.50%,1636,1811,1819,1816.0
2225632,2019-01-01,58,58,VW55-59,52.77%,2115,2217,2247,2232.0
1752380,2019-01-05,51,51,VM50-54,63.53%,1404,1777,1790,1784.0
1624624,2019-01-05,34,34,SM30-34,49.75%,1582,1570,2574,1574.0
2225632,2019-01-05,58,58,VW55-59,54.25%,2057,2217,2247,2232.0
5108541,2019-01-05,16,16,JW15-17,43.97%,2088,1826,1848,1836.0
1752380,2019-01-12,51,51,VM50-54,59.59%,1497,1777,1790,1784.0
3251252,2019-01-12,18,18,SM18-19,52.25%,1531,1592,2600,1600.0
1624624,2019-01-12,34,34,SM30-34,48.37%,1627,1570,2574,1574.0
5108541,2019-01-12,16,16,JW15-17,51.31%,1789,1826,1848,1836.0
2225632,2019-01-12,58,58,VW55-59,52.82%,2113,2217,2247,2232.0
4024452,2019-01-12,4,4,JW10,41.29%,3003,2466,3480,2480.0
3251252,2019-01-19,18,18,SM18-19,56.18%,1424,1592,2600,1600.0
1752380,2019-01-19,51,51,VM50-54,59.31%,1504,1777,1790,1784.0
1624624,2019-01-19,34,34,SM30-34,48.13%,1635,1570,2574,1574.0
5108541,2019-01-19,16,16,JW15-17,47.54%,1931,1826,1848,1836.0
2225632,2019-01-19,58,58,VW55-59,52.30%,2134,2217,2247,2232.0
3251252,2019-01-26,18,18,SM18-19,59.26%,1350,1592,2600,1600.0
1624624,2019-01-26,34,34,SM30-34,48.52%,1622,1570,2574,1574.0
5108541,2019-01-26,16,16,JW15-17,45.83%,2003,1826,1848,1836.0
2225632,2019-01-26,58,58,VW55-59,53.68%,2079,2217,2247,2232.0
4024452,2019-01-26,4,4,JW10,30.46%,4071,2466,3480,2480.0
1752380,2019-02-09,51,51,VM50-54,60.97%,1463,1777,1790,1784.0
3251252,2019-02-09,18,18,SM18-19,54.27%,1474,1592,2600,1600.0
5108541,2019-02-09,16,16,JW15-17,47.44%,1935,1826,1848,1836.0
2225632,2019-02-09,58,58,VW55-59,39.23%,2845,2217,2247,2232.0
3251252,2019-02-16,18,18,SM18-19,46.73%,1712,1592,2600,1600.0
5108541,2019-02-16,16,16,JW15-17,50.05%,1834,1826,1848,1836.0
2225632,2019-02-16,58,58,VW55-59,55.52%,2010,2217,2247,2232.0
953402,2019-02-23,59,59,VW55-59,69.32%,1633,2248,3264,2264.0
5108541,2019-02-23,16,16,JW15-17,52.34%,1754,1826,1848,1836.0
2225632,2019-02-23,58,58,VW55-59,57.50%,1941,2217,2247,2232.0
1752380,2019-03-02,51,51,VM50-54,55.47%,1608,1777,1790,1784.0
1624624,2019-03-02,34,34,SM30-34,48.61%,1619,1570,2574,1574.0
5108541,2019-03-02,15,15,JW15-17,49.15%,1892,1849,2860,1860.0
2225632,2019-03-02,58,58,VW55-59,56.14%,1988,2217,2247,2232.0
3251252,2019-03-09,18,18,SM18-19,53.55%,1494,1592,2600,1600.0
1752380,2019-03-09,51,51,VM50-54,59.03%,1511,1777,1790,1784.0
1624624,2019-03-09,34,34,SM30-34,48.88%,1610,1570,2574,1574.0
5108541,2019-03-09,15,15,JW15-17,54.80%,1697,1849,2860,1860.0
2225632,2019-03-09,58,58,VW55-59,56.19%,1986,2217,2247,2232.0
4024452,2019-03-09,4,4,JW10,36.69%,3380,2466,3480,2480.0
3251252,2019-03-16,18,18,SM18-19,51.35%,1558,1592,2600,1600.0
1624624,2019-03-16,34,34,SM30-34,48.64%,1618,1570,2574,1574.0
1752380,2019-03-23,51,51,VM50-54,64.50%,1383,1777,1790,1784.0
1624624,2019-03-23,34,34,SM30-34,48.61%,1619,1570,2574,1574.0
2225632,2019-03-23,58,58,VW55-59,56.79%,1965,2217,2247,2232.0
4024452,2019-03-23,4,4,JW10,39.42%,3146,2466,3480,2480.0
1752380,2019-03-30,51,51,VM50-54,62.82%,1420,1777,1790,1784.0
1624624,2019-03-30,34,34,SM30-34,49.87%,1578,1570,2574,1574.0
5108541,2019-03-30,15,15,JW15-17,48.06%,1935,1849,2860,1860.0
2225632,2019-03-30,58,58,VW55-59,57.61%,1937,2217,2247,2232.0
4024452,2019-03-30,4,4,JW10,38.58%,3214,2466,3480,2480.0
1752380,2019-04-06,51,51,VM50-54,61.05%,1461,1777,1790,1784.0
1624624,2019-04-06,34,34,SM30-34,50.32%,1564,1570,2574,1574.0
2225632,2019-04-06,58,58,VW55-59,56.85%,1963,2217,2247,2232.0
1624624,2019-04-13,34,34,SM30-34,50.77%,1550,1570,2574,1574.0
3251252,2019-04-13,18,18,SM18-19,48.57%,1647,1592,2600,1600.0
953402,2019-04-13,59,59,VW55-59,66.01%,1715,2248,3264,2264.0
2225632,2019-04-13,58,58,VW55-59,58.16%,1919,2217,2247,2232.0
1624624,2019-04-20,34,34,SM30-34,51.24%,1536,1570,2574,1574.0
3251252,2019-04-20,18,18,SM18-19,48.87%,1637,1592,2600,1600.0
953402,2019-04-20,59,59,VW55-59,66.59%,1700,2248,3264,2264.0
2225632,2019-04-20,58,58,VW55-59,56.00%,1993,2217,2247,2232.0
2225632,2019-04-27,58,58,VW55-59,57.73%,1933,2217,2247,2232.0
376625,2019-05-04,38,38,VW35-39,70.39%,1290,1811,1819,1816.0
3251252,2019-05-04,18,18,SM18-19,60.79%,1316,1592,2600,1600.0
1752380,2019-05-04,51,51,VM50-54,60.52%,1474,1777,1790,1784.0
3251252,2019-05-18,18,18,SM18-19,61.16%,1308,1592,2600,1600.0
1752380,2019-05-18,51,51,VM50-54,60.31%,1479,1777,1790,1784.0
1752380,2019-05-25,51,51,VM50-54,61.69%,1446,1777,1790,1784.0
2225632,2019-05-25,58,58,VW55-59,55.52%,2010,2217,2247,2232.0
3251252,2019-06-01,18,18,SM18-19,49.97%,1601,1592,2600,1600.0
953402,2019-06-01,59,59,VW55-59,64.83%,1746,2248,3264,2264.0
1624624,2019-06-01,34,34,SM30-34,43.01%,1830,1570,2574,1574.0
4024452,2019-06-01,5,5,JW10,32.50%,3769,2398,2465,2450.0
1752380,2019-06-08,51,51,VM50-54,61.99%,1439,1777,1790,1784.0
1624624,2019-06-08,34,34,SM30-34,48.13%,1635,1570,2574,1574.0
4024452,2019-06-15,5,5,JW10,34.30%,3571,2398,2465,2450.0
1624624,2019-06-22,34,34,SM30-34,50.13%,1570,1570,2574,1574.0
3251252,2019-06-22,18,18,SM18-19,49.23%,1625,1592,2600,1600.0
780737,2019-07-06,45,45,VM45-49,82.70%,1029,0,1707,1702.0
1624624,2019-07-06,34,34,SM30-34,46.82%,1681,1570,2574,1574.0
3251252,2019-07-13,19,19,SM18-19,50.09%,1579,0,1591,1582.0
2225632,2019-07-13,58,58,VW55-59,54.10%,2063,2217,2247,2232.0
4024452,2019-07-13,5,5,JW10,38.40%,3190,2398,2465,2450.0
1752380,2019-07-20,51,51,VM50-54,59.39%,1502,1777,1790,1784.0
1624624,2019-07-20,34,34,SM30-34,49.59%,1587,1570,2574,1574.0
2225632,2019-07-20,58,58,VW55-59,52.57%,2123,2217,2247,2232.0
1752380,2019-07-27,52,52,VM50-54,63.53%,1415,1791,1805,1798.0
1624624,2019-07-27,34,34,SM30-34,49.37%,1594,1570,2574,1574.0
508066,2019-07-27,54,54,VW50-54,63.54%,1665,2103,3116,2116.0
2225632,2019-07-27,58,58,VW55-59,54.07%,2064,2217,2247,2232.0
1752380,2019-08-03,52,52,VM50-54,63.53%,1415,1791,1805,1798.0
1624624,2019-08-03,34,34,SM30-34,51.47%,1529,1570,2574,1574.0
953402,2019-08-03,59,59,VW55-59,67.78%,1670,2248,3264,2264.0
3251252,2019-08-10,19,19,SM18-19,46.10%,1716,0,1591,1582.0
953402,2019-08-10,59,59,VW55-59,64.35%,1759,2248,3264,2264.0
1752380,2019-08-10,52,52,VM50-54,43.58%,2063,1791,1805,1798.0
1752380,2019-08-17,52,52,VM50-54,60.78%,1479,1791,1805,1798.0
1624624,2019-08-17,34,34,SM30-34,49.62%,1586,1570,2574,1574.0
953402,2019-08-17,59,59,VW55-59,67.06%,1688,2248,3264,2264.0
2225632,2019-08-17,59,59,VW55-59,44.74%,2530,2248,3264,2264.0
1752380,2019-08-24,52,52,VM50-54,60.05%,1497,1791,1805,1798.0
953402,2019-08-24,59,59,VW55-59,65.93%,1717,2248,3264,2264.0
2225632,2019-08-24,59,59,VW55-59,50.54%,2240,2248,3264,2264.0
1752380,2019-08-31,52,52,VM50-54,61.58%,1460,1791,1805,1798.0
1624624,2019-08-31,34,34,SM30-34,48.16%,1634,1570,2574,1574.0
3251252,2019-08-31,19,19,SM18-19,43.11%,1835,0,1591,1582.0
5108541,2019-08-31,15,15,JW15-17,49.05%,1896,1849,2860,1860.0
953402,2019-09-07,59,59,VW55-59,66.94%,1691,2248,3264,2264.0
2225632,2019-09-07,60,60,VW60-64,56.25%,2041,0,2311,2296.0
1752380,2019-09-07,52,52,VM50-54,43.60%,2062,1791,1805,1798.0
3883877,2019-09-07,48,48,VW45-49,41.30%,2378,1954,1975,1964.0
4024452,2019-09-07,5,5,JW10,39.48%,3103,2398,2465,2450.0
1752380,2019-09-14,52,52,VM50-54,63.13%,1424,1791,1805,1798.0
2225632,2019-09-14,60,60,VW60-64,54.54%,2105,0,2311,2296.0
1752380,2019-09-21,52,52,VM50-54,64.31%,1398,1791,1805,1798.0
953402,2019-09-21,59,59,VW55-59,65.17%,1737,2248,3264,2264.0
140267,2019-09-28,51,51,VW50-54,58.17%,1750,2024,2048,2036.0
1752380,2019-10-05,52,52,VM50-54,62.60%,1436,1791,1805,1798.0
3251252,2019-10-05,19,19,SM18-19,47.59%,1662,0,1591,1582.0
953402,2019-10-05,59,59,VW55-59,66.59%,1700,2248,3264,2264.0
5108541,2019-10-05,16,16,JW15-17,49.14%,1868,1826,1848,1836.0
2225632,2019-10-05,60,60,VW60-64,54.30%,2114,0,2311,2296.0
2932029,2019-10-05,55,55,VW55-59,46.35%,2313,0,2157,2144.0
3251252,2019-10-12,19,19,SM18-19,45.56%,1736,0,1591,1582.0
5108541,2019-10-12,16,16,JW15-17,50.41%,1821,1826,1848,1836.0
2225632,2019-10-12,60,60,VW60-64,32.61%,3520,0,2311,2296.0
1624624,2019-10-19,35,35,VM35-39,49.41%,1601,0,1586,1582.0
953402,2019-10-19,59,59,VW55-59,65.97%,1716,2248,3264,2264.0
5108541,2019-10-19,16,16,JW15-17,50.77%,1808,1826,1848,1836.0
3251252,2019-10-26,19,19,SM18-19,56.14%,1409,0,1591,1582.0
1624624,2019-10-26,35,35,VM35-39,50.64%,1562,0,1586,1582.0
953402,2019-10-26,59,59,VW55-59,64.95%,1743,2248,3264,2264.0
5108541,2019-10-26,16,16,JW15-17,51.81%,1772,1826,1848,1836.0
3251252,2019-11-02,19,19,SM18-19,56.38%,1403,0,1591,1582.0
1752380,2019-11-02,52,52,VM50-54,59.34%,1515,1791,1805,1798.0
356941,2019-11-02,53,53,VW50-54,54.83%,1906,2076,2102,2090.0
1752380,2019-11-09,52,52,VM50-54,60.17%,1494,1791,1805,1798.0
3251252,2019-11-09,19,19,SM18-19,51.83%,1526,0,1591,1582.0
953402,2019-11-09,59,59,VW55-59,67.10%,1687,2248,3264,2264.0
3251252,2019-11-16,19,19,SM18-19,54.78%,1444,0,1591,1582.0
953402,2019-11-16,59,59,VW55-59,65.66%,1724,2248,3264,2264.0
4024452,2019-11-16,5,5,JW10,38.17%,3209,2398,2465,2450.0
3251252,2019-11-23,19,19,SM18-19,48.83%,1620,0,1591,1582.0
356941,2019-11-23,53,53,VW50-54,54.83%,1906,2076,2102,2090.0
953402,2019-11-30,59,59,VW55-59,68.48%,1653,2248,3264,2264.0
356941,2019-11-30,53,53,VW50-54,54.91%,1903,2076,2102,2090.0
1624624,2019-12-07,35,35,VM35-39,49.87%,1586,0,1586,1582.0
376625,2019-12-07,39,39,VW35-39,46.70%,1953,1820,2824,1824.0
3251252,2019-12-14,19,19,SM18-19,49.87%,1586,0,1591,1582.0
953402,2019-12-14,60,60,VW60-64,66.63%,1723,0,2311,2296.0
5108541,2019-12-14,16,16,JW15-17,47.71%,1924,1826,1848,1836.0
1752380,2019-12-21,52,52,VM50-54,60.70%,1481,1791,1805,1798.0
953402,2019-12-21,60,60,VW60-64,66.63%,1723,0,2311,2296.0
3251252,2019-12-28,19,19,SM18-19,51.87%,1525,0,1591,1582.0
1752380,2019-12-28,52,52,VM50-54,57.89%,1553,1791,1805,1798.0
1624624,2020-01-01,35,35,VM35-39,46.34%,1707,0,1586,1582.0
2225632,2020-01-01,60,60,VW60-64,41.53%,2764,0,2311,2296.0
1624624,2020-01-04,35,35,VM35-39,48.62%,1627,0,1586,1582.0
5108541,2020-01-04,16,16,JW15-17,46.96%,1955,1826,1848,1836.0
3251252,2020-01-11,19,19,SM18-19,52.56%,1505,0,1591,1582.0
5108541,2020-01-11,16,16,JW15-17,48.14%,1907,1826,1848,1836.0
2225632,2020-01-11,60,60,VW60-64,51.92%,2211,0,2311,2296.0
614195,2020-01-11,58,58,VW55-59,36.52%,3056,2217,2247,2232.0
3251252,2020-01-18,19,19,SM18-19,54.97%,1439,0,1591,1582.0
2225632,2020-01-18,60,60,VW60-64,37.61%,3052,0,2311,2296.0
3251252,2020-01-25,19,19,SM18-19,55.51%,1425,0,1591,1582.0
1624624,2020-01-25,35,35,VM35-39,50.16%,1577,0,1586,1582.0
2225632,2020-01-25,60,60,VW60-64,45.14%,2543,0,2311,2296.0
3251252,2020-02-01,19,19,SM18-19,50.16%,1577,0,1591,1582.0
1624624,2020-02-01,35,35,VM35-39,49.75%,1590,0,1586,1582.0
5108541,2020-02-01,16,16,JW15-17,51.72%,1775,1826,1848,1836.0
356941,2020-02-01,53,53,VW50-54,53.64%,1948,2076,2102,2090.0
1624624,2020-02-08,35,35,VM35-39,50.00%,1582,0,1586,1582.0
3251252,2020-02-08,19,19,SM18-19,46.80%,1690,0,1591,1582.0
2225632,2020-02-08,60,60,VW60-64,49.80%,2305,0,2311,2296.0
215996,2020-02-15,54,54,VM50-54,80.60%,1134,1821,2828,1828.0
3251252,2020-02-15,19,19,SM18-19,43.97%,1799,0,1591,1582.0
2225632,2020-02-15,60,60,VW60-64,48.83%,2351,0,2311,2296.0
1624624,2020-02-22,35,35,VM35-39,49.47%,1599,0,1586,1582.0
3251252,2020-02-22,19,19,SM18-19,44.74%,1768,0,1591,1582.0
2225632,2020-02-22,60,60,VW60-64,52.11%,2203,0,2311,2296.0
2225632,2020-02-29,60,60,VW60-64,54.56%,2104,0,2311,2296.0
4722363,2020-03-07,25,29,SW25-29,50.80%,1748,0,2776,1776.0
2932029,2020-03-07,55,55,VW55-59,48.29%,2220,0,2157,2144.0
3251252,2020-03-14,19,19,SM18-19,53.02%,1492,0,1591,1582.0
2225632,2020-03-14,60,60,VW60-64,53.85%,2132,0,2311,2296.0
356941,2021-07-24,55,55,VW55-59,53.41%,2007,0,2157,2144.0
2225632,2021-07-31,61,61,VW60-64,53.74%,2166,2312,2344,2328.0
356941,2021-08-07,55,55,VW55-59,56.30%,1904,0,2157,2144.0
3251252,2021-08-14,21,21,SM20-24,38.47%,2020,1552,1559,1554.0
1752380,2021-08-14,54,54,VM50-54,43.15%,2118,1821,2828,1828.0
2225632,2021-08-21,62,62,VW60-64,55.29%,2136,2345,2378,2362.0
3251252,2021-08-28,21,21,SM20-24,47.96%,1620,1552,1559,1554.0
2225632,2021-08-28,62,62,VW60-64,55.68%,2121,2345,2378,2362.0
2225632,2021-09-04,62,62,VW60-64,57.05%,2070,2345,2378,2362.0
2225632,2021-09-11,62,62,VW60-64,53.22%,2219,2345,2378,2362.0
2225632,2021-09-18,62,62,VW60-64,54.93%,2150,2345,2378,2362.0
3251252,2021-10-09,21,21,SM20-24,42.53%,1827,1552,1559,1554.0
2225632,2021-10-09,62,62,VW60-64,57.27%,2062,2345,2378,2362.0
2225632,2021-10-16,62,62,VW60-64,58.52%,2018,2345,2378,2362.0
764052,2021-10-30,48,48,VM45-49,68.96%,1263,1735,1748,1742.0
1624624,2021-10-30,37,37,VM35-39,49.84%,1607,1597,1607,1602.0
2225632,2021-10-30,62,62,VW60-64,55.92%,2112,2345,2378,2362.0
1752380,2021-11-06,54,54,VM50-54,59.01%,1549,1821,2828,1828.0
3251252,2021-11-06,21,21,SM20-24,44.27%,1755,1552,1559,1554.0
2225632,2021-11-06,62,62,VW60-64,59.11%,1998,2345,2378,2362.0
356941,2021-11-06,55,55,VW55-59,53.44%,2006,0,2157,2144.0
1624624,2021-11-13,37,37,VM35-39,49.88%,1606,1597,1607,1602.0
2225632,2021-11-13,62,62,VW60-64,57.16%,2066,2345,2378,2362.0
1624624,2021-11-20,37,37,VM35-39,51.21%,1564,1597,1607,1602.0
2225632,2021-11-20,62,62,VW60-64,58.09%,2033,2345,2378,2362.0
1624624,2021-11-27,37,37,VM35-39,50.06%,1600,1597,1607,1602.0
2225632,2021-11-27,62,62,VW60-64,55.19%,2140,2345,2378,2362.0
3251252,2021-12-04,21,21,SM20-24,44.53%,1745,1552,1559,1554.0
1624624,2021-12-11,37,37,VM35-39,50.44%,1588,1597,1607,1602.0
1624624,2021-12-18,37,37,VM35-39,50.70%,1580,1597,1607,1602.0
169141,2021-12-18,58,58,VW55-59,52.39%,2130,2217,2247,2232.0
953402,2022-01-01,62,62,VW60-64,65.68%,1798,2345,2378,2362.0
953402,2022-01-08,62,62,VW60-64,65.03%,1816,2345,2378,2362.0
2225632,2022-01-08,62,62,VW60-64,42.31%,2791,2345,2378,2362.0
5108541,2022-01-15,18,18,SW18-19,46.58%,1928,1790,2796,1796.0
2225632,2022-01-15,62,62,VW60-64,53.44%,2210,2345,2378,2362.0
1624624,2022-01-22,37,37,VM35-39,50.73%,1579,1597,1607,1602.0
953402,2022-01-22,62,62,VW60-64,65.61%,1800,2345,2378,2362.0
5108541,2022-01-22,18,18,SW18-19,47.97%,1872,1790,2796,1796.0
5108541,2022-01-29,18,18,SW18-19,45.04%,1994,1790,2796,1796.0
2225632,2022-01-29,62,62,VW60-64,32.66%,3616,2345,2378,2362.0
3251252,2022-02-05,21,21,SM20-24,40.62%,1913,1552,1559,1554.0
2225632,2022-02-05,62,62,VW60-64,35.80%,3299,2345,2378,2362.0
953402,2022-02-12,62,62,VW60-64,65.39%,1806,2345,2378,2362.0
2225632,2022-02-12,62,62,VW60-64,32.83%,3597,2345,2378,2362.0
2225632,2022-02-19,62,62,VW60-64,54.42%,2170,2345,2378,2362.0
1624624,2022-02-26,37,37,VM35-39,48.93%,1637,1597,1607,1602.0
953402,2022-02-26,62,62,VW60-64,65.18%,1812,2345,2378,2362.0
2225632,2022-02-26,62,62,VW60-64,54.65%,2161,2345,2378,2362.0
1624624,2022-03-05,37,37,VM35-39,50.06%,1600,1597,1607,1602.0
2225632,2022-03-05,62,62,VW60-64,55.21%,2139,2345,2378,2362.0
953402,2022-03-12,62,62,VW60-64,65.10%,1814,2345,2378,2362.0
2225632,2022-03-12,62,62,VW60-64,54.65%,2161,2345,2378,2362.0
1624624,2022-03-19,37,37,VM35-39,50.09%,1599,1597,1607,1602.0
2225632,2022-03-19,62,62,VW60-64,50.64%,2332,2345,2378,2362.0
1624624,2022-03-26,37,37,VM35-39,52.18%,1535,1597,1607,1602.0
953402,2022-03-26,62,62,VW60-64,66.80%,1768,2345,2378,2362.0
2225632,2022-03-26,62,62,VW60-64,51.35%,2300,2345,2378,2362.0
2225632,2022-04-02,62,62,VW60-64,55.03%,2146,2345,2378,2362.0
2225632,2022-04-09,62,62,VW60-64,55.45%,2130,2345,2378,2362.0
1624624,2022-04-16,37,37,VM35-39,50.19%,1596,1597,1607,1602.0
2225632,2022-04-16,62,62,VW60-64,33.69%,3506,2345,2378,2362.0
2225632,2022-04-30,62,62,VW60-64,55.81%,2116,2345,2378,2362.0
3251252,2022-05-14,21,21,SM20-24,41.60%,1868,1552,1559,1554.0
1624624,2022-05-21,37,37,VM35-39,52.28%,1532,1597,1607,1602.0
953402,2022-05-21,62,62,VW60-64,66.42%,1778,2345,2378,2362.0
2225632,2022-05-21,62,62,VW60-64,53.71%,2199,2345,2378,2362.0
1624624,2022-05-28,37,37,VM35-39,52.84%,1516,1597,1607,1602.0
3251252,2022-05-28,21,21,SM20-24,40.53%,1917,1552,1559,1554.0
953402,2022-06-04,62,62,VW60-64,63.36%,1864,2345,2378,2362.0
3251252,2022-06-04,21,21,SM20-24,38.41%,2023,1552,1559,1554.0
953402,2022-06-11,62,62,VW60-64,65.10%,1814,2345,2378,2362.0
3251252,2022-06-11,21,21,SM20-24,39.12%,1986,1552,1559,1554.0
1624624,2022-06-18,37,37,VM35-39,51.61%,1552,1597,1607,1602.0
1551071,2022-06-18,39,39,VM35-39,52.15%,1559,1620,2626,1626.0
2225632,2022-06-18,62,62,VW60-64,51.50%,2293,2345,2378,2362.0
3251252,2022-06-18,21,21,SM20-24,23.57%,3296,1552,1559,1554.0
1624624,2022-07-02,37,37,VM35-39,54.38%,1473,1597,1607,1602.0
953402,2022-07-09,62,62,VW60-64,63.94%,1847,2345,2378,2362.0
3251252,2022-07-09,22,24,SM20-24,22.38%,3458,0,1551,1548.0
780737,2022-07-16,48,48,VM45-49,83.83%,1039,1735,1748,1742.0
3251252,2022-07-16,22,24,SM20-24,40.59%,1907,0,1551,1548.0
953402,2022-07-23,62,62,VW60-64,63.56%,1858,2345,2378,2362.0
3251252,2022-07-23,22,24,SM20-24,38.82%,1994,0,1551,1548.0
4024452,2022-07-30,8,8,JW10,35.43%,3068,2141,2213,2174.0
1624624,2022-08-06,37,37,VM35-39,52.46%,1527,1597,1607,1602.0
953402,2022-08-06,62,62,VW60-64,63.32%,1865,2345,2378,2362.0
3251252,2022-08-06,22,24,SM20-24,28.17%,2748,0,1551,1548.0
1624624,2022-08-13,37,37,VM35-39,51.61%,1552,1597,1607,1602.0
3251252,2022-08-13,22,24,SM20-24,39.75%,1947,0,1551,1548.0
1624624,2022-08-20,37,37,VM35-39,51.78%,1547,1597,1607,1602.0
3251252,2022-08-20,22,24,SM20-24,41.61%,1860,0,1551,1548.0
356941,2022-08-27,56,56,VW55-59,55.04%,1973,2158,2186,2172.0
3251252,2022-09-03,22,24,SM20-24,42.13%,1837,0,1551,1548.0
356941,2022-09-03,56,56,VW55-59,50.18%,2164,2158,2186,2172.0
1624624,2022-09-10,37,37,VM35-39,52.42%,1528,1597,1607,1602.0
3251252,2022-09-10,22,24,SM20-24,44.08%,1756,0,1551,1548.0
953402,2022-09-10,62,62,VW60-64,64.47%,1832,2345,2378,2362.0
3251252,2022-09-17,22,24,SM20-24,41.70%,1856,0,1551,1548.0
356941,2022-09-17,56,56,VW55-59,57.74%,1881,2158,2186,2172.0
3251252,2022-09-24,22,24,SM20-24,43.07%,1797,0,1551,1548.0
1624624,2022-10-01,37,37,VM35-39,51.38%,1559,1597,1607,1602.0
953402,2022-10-01,62,62,VW60-64,63.16%,1870,2345,2378,2362.0
2225632,2022-10-01,63,63,VW60-64,38.58%,3105,2379,2413,2396.0
356941,2022-10-08,56,56,VW55-59,55.35%,1962,2158,2186,2172.0
1624624,2022-10-15,38,38,VM35-39,50.85%,1587,1608,1619,1614.0
356941,2022-10-15,56,56,VW55-59,55.84%,1945,2158,2186,2172.0
2225632,2022-10-15,63,63,VW60-64,35.73%,3353,2379,2413,2396.0
3251252,2022-10-22,22,24,SM20-24,39.79%,1945,0,1551,1548.0
2225632,2022-10-22,63,63,VW60-64,39.88%,3004,2379,2413,2396.0
1624624,2022-10-29,38,38,VM35-39,52.57%,1535,1608,1619,1614.0
356941,2022-10-29,56,56,VW55-59,58.42%,1859,2158,2186,2172.0
2225632,2022-11-05,63,63,VW60-64,30.27%,3958,2379,2413,2396.0
3251252,2022-11-12,22,24,SM20-24,38.55%,2008,0,1551,1548.0
2225632,2022-11-12,63,63,VW60-64,37.23%,3218,2379,2413,2396.0
1624624,2022-11-19,38,38,VM35-39,51.24%,1575,1608,1619,1614.0
953402,2022-11-19,62,62,VW60-64,63.60%,1857,2345,2378,2362.0
356941,2022-11-19,56,56,VW55-59,57.77%,1880,2158,2186,2172.0
2225632,2022-11-19,63,63,VW60-64,39.72%,3016,2379,2413,2396.0
2225632,2022-11-26,63,63,VW60-64,36.17%,3312,2379,2413,2396.0
356941,2022-12-03,56,56,VW55-59,54.63%,1988,2158,2186,2172.0
356941,2022-12-10,56,56,VW55-59,54.96%,1976,2158,2186,2172.0
2225632,2022-12-10,63,63,VW60-64,38.27%,3130,2379,2413,2396.0
3251252,2022-12-17,22,24,SM20-24,38.97%,1986,0,1551,1548.0
2225632,2022-12-17,63,63,VW60-64,43.05%,2783,2379,2413,2396.0
356941,2022-12-24,56,56,VW55-59,56.24%,1931,2158,2186,2172.0
2225632,2022-12-24,63,63,VW60-64,35.07%,3416,2379,2413,2396.0
2225632,2022-12-31,63,63,VW60-64,36.01%,3327,2379,2413,2396.0
2225632,2023-01-01,63,63,VW60-64,39.68%,3019,2379,2413,2396.0
1752380,2023-01-07,55,55,VM55-59,57.70%,1598,0,1851,1844.0
2225632,2023-01-07,63,63,VW60-64,48.25%,2483,2379,2413,2396.0
356941,2023-01-14,56,56,VW55-59,55.21%,1967,2158,2186,2172.0
1752380,2023-01-21,55,55,VM55-59,59.95%,1538,0,1851,1844.0
3251252,2023-01-21,22,24,SM20-24,38.97%,1986,0,1551,1548.0
2225632,2023-01-21,63,63,VW60-64,56.06%,2137,2379,2413,2396.0
3251252,2023-01-28,22,24,SM20-24,40.59%,1907,0,1551,1548.0
2225632,2023-01-28,63,63,VW60-64,56.97%,2103,2379,2413,2396.0
2225632,2023-02-04,63,63,VW60-64,57.24%,2093,2379,2413,2396.0
3251252,2023-02-11,22,24,SM20-24,38.84%,1993,0,1551,1548.0
2225632,2023-02-11,63,63,VW60-64,40.51%,2957,2379,2413,2396.0
3251252,2023-02-18,22,24,SM20-24,37.37%,2071,0,1551,1548.0
2225632,2023-02-18,63,63,VW60-64,57.54%,2082,2379,2413,2396.0
1624624,2023-02-25,38,38,VM35-39,51.83%,1557,1608,1619,1614.0
2225632,2023-02-25,63,63,VW60-64,56.64%,2115,2379,2413,2396.0
1624624,2023-03-04,38,38,VM35-39,52.30%,1543,1608,1619,1614.0
2225632,2023-03-04,63,63,VW60-64,55.67%,2152,2379,2413,2396.0
3380581,2023-03-11,30,30,SW30-34,57.33%,1549,0,1776,1776.0
2225632,2023-03-11,63,63,VW60-64,43.72%,2740,2379,2413,2396.0
3251252,2023-03-18,22,24,SM20-24,39.09%,1980,0,1551,1548.0
2225632,2023-03-18,63,63,VW60-64,56.70%,2113,2379,2413,2396.0
508066,2023-03-18,57,57,VW55-59,36.36%,3028,2187,2216,2202.0
3251252,2023-03-25,22,24,SM20-24,40.42%,1915,0,1551,1548.0
2225632,2023-03-25,63,63,VW60-64,55.49%,2159,2379,2413,2396.0
1624624,2023-04-01,38,38,VM35-39,51.90%,1555,1608,1619,1614.0
1624624,2023-04-08,38,38,VM35-39,52.75%,1530,1608,1619,1614.0
3251252,2023-04-08,22,24,SM20-24,40.89%,1893,0,1551,1548.0
2225632,2023-04-08,63,63,VW60-64,37.12%,3227,2379,2413,2396.0
1624624,2023-04-15,38,38,VM35-39,52.40%,1540,1608,1619,1614.0
2225632,2023-04-15,63,63,VW60-64,56.17%,2133,2379,2413,2396.0
3251252,2023-04-22,22,24,SM20-24,40.57%,1908,0,1551,1548.0
2225632,2023-04-22,63,63,VW60-64,47.94%,2499,2379,2413,2396.0
2225632,2023-04-29,63,63,VW60-64,57.32%,2090,2379,2413,2396.0
2225632,2023-05-06,63,63,VW60-64,57.21%,2094,2379,2413,2396.0
2225632,2023-05-13,63,63,VW60-64,56.17%,2133,2379,2413,2396.0
2225632,2023-05-27,63,63,VW60-64,48.96%,2447,2379,2413,2396.0
2225632,2023-06-03,63,63,VW60-64,56.43%,2123,2379,2413,2396.0
3251252,2023-06-10,22,24,SM20-24,36.98%,2093,0,1551,1548.0
2225632,2023-06-10,63,63,VW60-64,49.52%,2419,2379,2413,2396.0
2225632,2023-06-17,63,63,VW60-64,50.17%,2388,2379,2413,2396.0
3738636,2023-06-17,50,50,VW50-54,34.91%,2882,0,2023,2012.0
3251252,2023-07-22,22,24,SM20-24,37.12%,2085,0,1551,1548.0
2225632,2023-07-22,63,63,VW60-64,55.08%,2175,2379,2413,2396.0
3251252,2023-07-29,22,24,SM20-24,36.84%,2101,0,1551,1548.0
2225632,2023-07-29,63,63,VW60-64,54.06%,2216,2379,2413,2396.0
2225632,2023-08-05,63,63,VW60-64,45.87%,2612,2379,2413,2396.0
1752380,2023-08-12,56,56,VM55-59,59.24%,1570,1852,1867,1860.0
3251252,2023-08-12,22,24,SM20-24,39.15%,1977,0,1551,1548.0
356941,2023-08-12,57,57,VW55-59,55.00%,2002,2187,2216,2202.0
2225632,2023-08-12,64,64,VW60-64,54.92%,2214,2414,3432,2432.0
1752380,2023-08-19,56,56,VM55-59,62.54%,1487,1852,1867,1860.0
3251252,2023-08-19,22,24,SM20-24,35.12%,2204,0,1551,1548.0
2225632,2023-08-19,64,64,VW60-64,54.90%,2215,2414,3432,2432.0
356941,2023-08-26,57,57,VW55-59,57.08%,1929,2187,2216,2202.0
3251252,2023-08-26,22,24,SM20-24,39.55%,1957,0,1551,1548.0
2225632,2023-08-26,64,64,VW60-64,47.82%,2543,2414,3432,2432.0
356941,2023-09-02,57,57,VW55-59,56.20%,1959,2187,2216,2202.0
2225632,2023-09-02,64,64,VW60-64,55.70%,2183,2414,3432,2432.0
3251252,2023-09-02,22,24,SM20-24,33.11%,2338,0,1551,1548.0
356941,2023-09-09,57,57,VW55-59,55.80%,1973,2187,2216,2202.0
2225632,2023-09-09,64,64,VW60-64,44.38%,2740,2414,3432,2432.0
8825350,2023-09-09,10,10,JW10,Unknown,3375,0,2077,0.0
1015088,2023-09-16,30,30,SM30-34,57.74%,1344,0,1553,1552.0
356941,2023-09-16,57,57,VW55-59,55.35%,1989,2187,2216,2202.0
3251252,2023-09-16,22,24,SM20-24,38.17%,2028,0,1551,1548.0
5108541,2023-09-23,20,24,SW20-24,52.33%,1697,0,2776,1776.0
356941,2023-09-23,57,57,VW55-59,55.63%,1979,2187,2216,2202.0
3251252,2023-09-23,22,24,SM20-24,36.19%,2139,0,1551,1548.0
1551071,2023-09-30,40,40,VM40-44,64.24%,1275,0,1643,1638.0
3251252,2023-09-30,22,24,SM20-24,36.48%,2122,0,1551,1548.0
2038021,2023-10-07,36,36,VM35-39,67.40%,1181,1587,1596,1592.0
3251252,2023-10-07,22,24,SM20-24,36.86%,2100,0,1551,1548.0
3251252,2023-10-14,22,24,SM20-24,39.23%,1973,0,1551,1548.0
1752380,2023-10-21,56,56,VM55-59,61.06%,1523,1852,1867,1860.0
2225632,2023-10-28,64,64,VW60-64,39.10%,3110,2414,3432,2432.0
2225632,2023-11-04,64,64,VW60-64,52.10%,2334,2414,3432,2432.0
1752380,2023-11-11,56,56,VM55-59,61.88%,1503,1852,1867,1860.0
2225632,2023-11-11,64,64,VW60-64,52.96%,2296,2414,3432,2432.0
3251252,2023-11-11,22,24,SM20-24,31.58%,2451,0,1551,1548.0
1752380,2023-11-18,56,56,VM55-59,58.23%,1597,1852,1867,1860.0
3251252,2023-11-18,22,24,SM20-24,35.39%,2187,0,1551,1548.0
2225632,2023-11-18,64,64,VW60-64,47.69%,2550,2414,3432,2432.0
1752380,2023-11-25,56,56,VM55-59,63.96%,1454,1852,1867,1860.0
2225632,2023-11-25,64,64,VW60-64,55.78%,2180,2414,3432,2432.0
356941,2023-12-02,57,57,VW55-59,56.93%,1934,2187,2216,2202.0
3251252,2023-12-02,22,24,SM20-24,37.05%,2089,0,1551,1548.0
2225632,2023-12-02,64,64,VW60-64,54.60%,2227,2414,3432,2432.0
1752380,2023-12-09,56,56,VM55-59,58.20%,1598,1852,1867,1860.0
1752380,2023-12-16,56,56,VM55-59,64.90%,1433,1852,1867,1860.0
3251252,2023-12-16,22,24,SM20-24,39.05%,1982,0,1551,1548.0
2225632,2023-12-16,64,64,VW60-64,53.88%,2257,2414,3432,2432.0
1752380,2023-12-23,56,56,VM55-59,63.83%,1457,1852,1867,1860.0
2225632,2023-12-23,64,64,VW60-64,40.75%,2984,2414,3432,2432.0
1752380,2023-12-30,56,56,VM55-59,64.90%,1433,1852,1867,1860.0
3251252,2023-12-30,22,24,SM20-24,37.77%,2049,0,1551,1548.0
2225632,2023-12-30,64,64,VW60-64,55.22%,2202,2414,3432,2432.0
780737,2024-01-01,50,50,VM50-54,83.57%,1059,0,1776,1770.0
2225632,2024-01-01,64,64,VW60-64,36.59%,3323,2414,3432,2432.0
1752380,2024-01-06,56,56,VM55-59,65.96%,1410,1852,1867,1860.0
3251252,2024-01-06,22,24,SM20-24,39.77%,1946,0,1551,1548.0
2225632,2024-01-06,64,64,VW60-64,51.24%,2373,2414,3432,2432.0
1752380,2024-01-13,56,56,VM55-59,61.79%,1505,1852,1867,1860.0
3251252,2024-01-13,22,24,SM20-24,37.27%,2077,0,1551,1548.0
2225632,2024-01-13,64,64,VW60-64,56.53%,2151,2414,3432,2432.0
1752380,2024-01-20,56,56,VM55-59,63.27%,1470,1852,1867,1860.0
3251252,2024-01-20,22,24,SM20-24,38.49%,2011,0,1551,1548.0
953402,2024-01-20,64,64,VW60-64,59.26%,2052,2414,3432,2432.0
2225632,2024-01-20,64,64,VW60-64,54.02%,2251,2414,3432,2432.0
356941,2024-01-27,57,57,VW55-59,56.00%,1966,2187,2216,2202.0
2225632,2024-01-27,64,64,VW60-64,57.82%,2103,2414,3432,2432.0
1752380,2024-02-03,56,56,VM55-59,62.04%,1499,1852,1867,1860.0
3251252,2024-02-03,22,24,SM20-24,38.64%,2003,0,1551,1548.0
2225632,2024-02-03,64,64,VW60-64,40.71%,2987,2414,3432,2432.0
3251252,2024-02-17,22,24,SM20-24,41.43%,1868,0,1551,1548.0
1752380,2024-02-24,56,56,VM55-59,62.71%,1483,1852,1867,1860.0
3251252,2024-02-24,22,24,SM20-24,31.40%,2465,0,1551,1548.0
953402,2024-03-02,64,64,VW60-64,61.82%,1967,2414,3432,2432.0
1752380,2024-03-09,56,56,VM55-59,63.70%,1460,1852,1867,1860.0
5108541,2024-03-16,20,24,SW20-24,47.21%,1881,0,2776,1776.0
3251252,2024-03-16,22,24,SM20-24,38.74%,1998,0,1551,1548.0
356941,2024-03-16,57,57,VW55-59,52.25%,2107,2187,2216,2202.0
2225632,2024-03-16,64,64,VW60-64,54.73%,2222,2414,3432,2432.0
1752380,2024-03-23,56,56,VM55-59,63.22%,1471,1852,1867,1860.0
2225632,2024-03-23,64,64,VW60-64,50.60%,2403,2414,3432,2432.0
1752380,2024-03-30,56,56,VM55-59,62.00%,1500,1852,1867,1860.0
3251252,2024-03-30,22,24,SM20-24,42.30%,1830,0,1551,1548.0
2225632,2024-03-30,64,64,VW60-64,51.29%,2371,2414,3432,2432.0
3251252,2024-04-06,22,24,SM20-24,37.03%,2090,0,1551,1548.0
2225632,2024-04-06,64,64,VW60-64,45.58%,2668,2414,3432,2432.0
2225632,2024-04-13,64,64,VW60-64,52.94%,2297,2414,3432,2432.0
1752380,2024-04-27,56,56,VM55-59,60.86%,1528,1852,1867,1860.0
3251252,2024-04-27,22,24,SM20-24,35.85%,2159,0,1551,1548.0
942561,2024-04-27,62,62,VM60-64,43.13%,2270,1950,1966,1958.0
2225632,2024-04-27,64,64,VW60-64,52.66%,2309,2414,3432,2432.0
356941,2024-05-04,57,57,VW55-59,57.31%,1921,2187,2216,2202.0
2225632,2024-05-04,64,64,VW60-64,49.33%,2465,2414,3432,2432.0
508066,2024-05-11,58,58,VW55-59,62.94%,1773,2217,2247,2232.0
3251252,2024-05-11,22,24,SM20-24,42.93%,1803,0,1551,1548.0
356941,2024-05-11,57,57,VW55-59,56.66%,1943,2187,2216,2202.0
2225632,2024-05-11,64,64,VW60-64,42.43%,2866,2414,3432,2432.0
3251252,2024-05-18,22,24,SM20-24,46.63%,1660,0,1551,1548.0
5108541,2024-05-18,20,24,SW20-24,51.96%,1709,0,2776,1776.0
356941,2024-05-18,57,57,VW55-59,58.38%,1886,2187,2216,2202.0
2225632,2024-05-18,64,64,VW60-64,51.66%,2354,2414,3432,2432.0
5108541,2024-05-25,20,24,SW20-24,50.95%,1743,0,2776,1776.0
3251252,2024-05-25,22,24,SM20-24,40.72%,1901,0,1551,1548.0
2225632,2024-05-25,64,64,VW60-64,47.13%,2580,2414,3432,2432.0
5108541,2024-06-01,20,24,SW20-24,50.00%,1776,0,2776,1776.0
953402,2024-06-01,64,64,VW60-64,60.68%,2004,2414,3432,2432.0
2225632,2024-06-01,64,64,VW60-64,55.96%,2173,2414,3432,2432.0
1752380,2024-06-08,56,56,VM55-59,63.14%,1473,1852,1867,1860.0
3251252,2024-06-08,22,24,SM20-24,37.39%,2070,0,1551,1548.0
2225632,2024-06-08,64,64,VW60-64,51.90%,2343,2414,3432,2432.0
1015088,2024-06-15,31,31,SM30-34,58.81%,1323,1554,1557,1556.0
5108541,2024-06-15,20,24,SW20-24,52.33%,1697,0,2776,1776.0
2225632,2024-06-15,64,64,VW60-64,49.09%,2477,2414,3432,2432.0
1752380,2024-06-22,56,56,VM55-59,64.32%,1446,1852,1867,1860.0
5108541,2024-06-22,20,24,SW20-24,52.24%,1700,0,2776,1776.0
3251252,2024-06-22,22,24,SM20-24,38.32%,2020,0,1551,1548.0
2225632,2024-06-22,64,64,VW60-64,53.85%,2258,2414,3432,2432.0
1752380,2024-06-29,56,56,VM55-59,64.63%,1439,1852,1867,1860.0
2225632,2024-06-29,64,64,VW60-64,49.69%,2447,2414,3432,2432.0
1752380,2024-07-06,56,56,VM55-59,65.49%,1420,1852,1867,1860.0
3251252,2024-07-06,22,24,SM20-24,37.79%,2048,0,1551,1548.0
3251252,2024-07-13,22,24,SM20-24,43.46%,1781,0,1551,1548.0
356941,2024-07-13,57,57,VW55-59,58.32%,1888,2187,2216,2202.0
2225632,2024-07-13,64,64,VW60-64,43.07%,2823,2414,3432,2432.0
3251252,2024-07-20,22,24,SM20-24,45.00%,1720,0,1551,1548.0
953402,2024-07-20,64,64,VW60-64,61.14%,1989,2414,3432,2432.0
2225632,2024-07-20,64,64,VW60-64,46.54%,2613,2414,3432,2432.0
1752380,2024-07-27,57,57,VM55-59,64.16%,1462,1868,1883,1876.0
2225632,2024-07-27,64,64,VW60-64,50.84%,2392,2414,3432,2432.0
1752380,2024-08-03,57,57,VM55-59,61.96%,1514,1868,1883,1876.0
2225632,2024-08-03,64,64,VW60-64,48.04%,2531,2414,3432,2432.0
3251252,2024-08-10,22,24,SM20-24,48.34%,1601,0,1551,1548.0
5108541,2024-08-10,20,24,SW20-24,48.76%,1821,0,2776,1776.0
356941,2024-08-10,58,58,VW55-59,58.40%,1911,2217,2247,2232.0
2225632,2024-08-10,65,65,VW65-69,48.51%,2546,0,2488,2470.0
3251252,2024-08-17,22,24,SM20-24,40.72%,1901,0,1551,1548.0
2225632,2024-08-17,65,65,VW65-69,52.24%,2364,0,2488,2470.0
3251252,2024-08-24,22,24,SM20-24,48.83%,1585,0,1551,1548.0
2225632,2024-08-24,65,65,VW65-69,48.39%,2552,0,2488,2470.0
1752380,2024-08-31,57,57,VM55-59,62.58%,1499,1868,1883,1876.0
953402,2024-08-31,64,64,VW60-64,64.00%,1900,2414,3432,2432.0
3251252,2024-08-31,22,24,SM20-24,39.96%,1937,0,1551,1548.0
356941,2024-08-31,58,58,VW55-59,53.22%,2097,2217,2247,2232.0
1752380,2024-09-07,57,57,VM55-59,63.90%,1468,1868,1883,1876.0
953402,2024-09-07,64,64,VW60-64,63.20%,1924,2414,3432,2432.0
3380581,2024-09-14,25,29,SW25-29,58.65%,1514,0,2776,1776.0
2225632,2024-09-14,65,65,VW65-69,52.29%,2362,0,2488,2470.0
1752380,2024-09-21,57,57,VM55-59,61.47%,1526,1868,1883,1876.0
3251252,2024-09-28,22,24,SM20-24,44.48%,1740,0,1551,1548.0
2225632,2024-09-28,65,65,VW65-69,49.54%,2493,0,2488,2470.0
1752380,2024-10-05,57,57,VM55-59,65.05%,1442,1868,1883,1876.0
3251252,2024-10-05,22,24,SM20-24,44.36%,1745,0,1551,1548.0
2225632,2024-10-05,65,65,VW65-69,53.74%,2298,0,2488,2470.0
1752380,2024-10-12,57,57,VM55-59,66.43%,1412,1868,1883,1876.0
2225632,2024-10-12,65,65,VW65-69,53.67%,2301,0,2488,2470.0
3251252,2024-10-12,22,24,SM20-24,33.46%,2313,0,1551,1548.0
1752380,2024-10-19,57,57,VM55-59,65.73%,1427,1868,1883,1876.0
3251252,2024-10-19,22,24,SM20-24,37.32%,2074,0,1551,1548.0
2225632,2024-10-19,65,65,VW65-69,53.12%,2325,0,2488,2470.0
492000,2016-12-17,48,48,VW45-49,65.51%,1499,1954,1975,1964.0
508021,2016-12-17,52,52,VM50-54,54.42%,1652,1791,1805,1798.0
572070,2016-12-17,47,47,VM45-49,49.63%,1741,1721,1734,1728.0
1882503,2016-12-17,58,58,VW55-59,53.78%,2075,2217,2247,2232.0
74670,2016-12-17,51,51,VW50-54,45.08%,2258,2024,2048,2036.0
1997252,2016-12-24,42,42,VM40-44,72.45%,1147,1656,1668,1662.0
972186,2016-12-24,53,53,VM50-54,62.99%,1440,1806,1820,1814.0
1997252,2016-12-31,42,42,VM40-44,72.58%,1145,1656,1668,1662.0
972186,2016-12-31,53,53,VM50-54,67.49%,1344,1806,1820,1814.0
972186,2017-01-07,53,53,VM50-54,68.92%,1316,1806,1820,1814.0
1882503,2017-01-07,58,58,VW55-59,54.07%,2064,2217,2247,2232.0
972186,2017-01-14,53,53,VM50-54,69.66%,1302,1806,1820,1814.0
972186,2017-01-21,53,53,VM50-54,72.21%,1256,1806,1820,1814.0
972186,2017-01-28,53,53,VM50-54,71.03%,1277,1806,1820,1814.0
1882503,2017-01-28,58,58,VW55-59,53.81%,2074,2217,2247,2232.0
972186,2017-02-04,53,53,VM50-54,70.75%,1282,1806,1820,1814.0
972186,2017-02-11,53,53,VM50-54,72.62%,1249,1806,1820,1814.0
1882503,2017-02-18,58,58,VW55-59,51.31%,2175,2217,2247,2232.0
972186,2017-02-25,53,53,VM50-54,71.36%,1271,1806,1820,1814.0
1320223,2017-02-25,43,43,VM40-44,41.08%,2040,1669,1681,1676.0
1997252,2017-03-04,42,42,VM40-44,73.09%,1137,1656,1668,1662.0
972186,2017-03-04,53,53,VM50-54,70.58%,1285,1806,1820,1814.0
1997252,2017-03-11,42,42,VM40-44,69.54%,1195,1656,1668,1662.0
972186,2017-03-11,53,53,VM50-54,72.04%,1259,1806,1820,1814.0
492000,2017-03-11,48,48,VW45-49,62.63%,1568,1954,1975,1964.0
508021,2017-03-11,52,52,VM50-54,50.28%,1788,1791,1805,1798.0
492000,2017-03-18,48,48,VW45-49,62.63%,1568,1954,1975,1964.0
508021,2017-03-18,52,52,VM50-54,54.48%,1650,1791,1805,1798.0
492000,2017-03-25,48,48,VW45-49,64.27%,1528,1954,1975,1964.0
508021,2017-03-25,52,52,VM50-54,55.70%,1614,1791,1805,1798.0
1320223,2017-03-25,43,43,VM40-44,47.00%,1783,1669,1681,1676.0
492000,2017-04-15,48,48,VW45-49,65.16%,1507,1954,1975,1964.0
508021,2017-04-15,52,52,VM50-54,54.88%,1638,1791,1805,1798.0
492000,2017-04-22,48,48,VW45-49,64.39%,1525,1954,1975,1964.0
508021,2017-04-22,52,52,VM50-54,58.00%,1550,1791,1805,1798.0
492000,2017-04-29,48,48,VW45-49,65.08%,1509,1954,1975,1964.0
508021,2017-04-29,52,52,VM50-54,54.82%,1640,1791,1805,1798.0
598715,2017-04-29,53,53,VM50-54,52.49%,1728,1806,1820,1814.0
1997252,2017-05-06,42,42,VM40-44,71.70%,1159,1656,1668,1662.0
508021,2017-05-13,52,52,VM50-54,51.05%,1761,1791,1805,1798.0
492000,2017-05-20,49,49,VW45-49,65.39%,1520,1976,2988,1988.0
508021,2017-05-20,52,52,VM50-54,53.48%,1681,1791,1805,1798.0
1320223,2017-05-27,43,43,VM40-44,61.44%,1364,1669,1681,1676.0
492000,2017-05-27,49,49,VW45-49,62.67%,1586,1976,2988,1988.0
508021,2017-05-27,52,52,VM50-54,52.88%,1700,1791,1805,1798.0
1997252,2017-06-03,42,42,VM40-44,54.10%,1536,1656,1668,1662.0
1997252,2017-06-10,42,42,VM40-44,72.51%,1146,1656,1668,1662.0
492000,2017-06-10,49,49,VW45-49,62.91%,1580,1976,2988,1988.0
508021,2017-06-10,52,52,VM50-54,54.92%,1637,1791,1805,1798.0
602680,2017-06-17,6,6,JM10,58.38%,1922,2191,2308,2244.0
1882503,2017-06-17,58,58,VW55-59,50.43%,2213,2217,2247,2232.0
1882503,2017-06-24,58,58,VW55-59,52.52%,2125,2217,2247,2232.0
492000,2017-07-01,49,49,VW45-49,65.70%,1513,1976,2988,1988.0
508021,2017-07-01,52,52,VM50-54,53.20%,1690,1791,1805,1798.0
1882503,2017-07-08,58,58,VW55-59,51.10%,2184,2217,2247,2232.0
492000,2017-07-15,49,49,VW45-49,58.85%,1689,1976,2988,1988.0
508021,2017-07-15,52,52,VM50-54,53.20%,1690,1791,1805,1798.0
492000,2017-07-22,49,49,VW45-49,61.55%,1615,1976,2988,1988.0
508021,2017-07-22,52,52,VM50-54,55.63%,1616,1791,1805,1798.0
1882503,2017-07-22,59,59,VW55-59,48.65%,2327,2248,3264,2264.0
1997252,2017-07-29,42,42,VM40-44,73.80%,1126,1656,1668,1662.0
1997252,2017-08-05,42,42,VM40-44,75.14%,1106,1656,1668,1662.0
1882503,2017-08-05,59,59,VW55-59,49.07%,2307,2248,3264,2264.0
1997252,2017-08-19,42,42,VM40-44,68.85%,1207,1656,1668,1662.0
492000,2017-08-19,49,49,VW45-49,63.27%,1571,1976,2988,1988.0
508021,2017-08-19,52,52,VM50-54,49.78%,1806,1791,1805,1798.0
1882503,2017-08-19,59,59,VW55-59,51.95%,2179,2248,3264,2264.0
492000,2017-09-02,49,49,VW45-49,64.01%,1553,1976,2988,1988.0
508021,2017-09-02,53,53,VM50-54,50.87%,1783,1806,1820,1814.0
1882503,2017-09-09,59,59,VW55-59,53.93%,2099,2248,3264,2264.0
1882503,2017-09-16,59,59,VW55-59,55.76%,2030,2248,3264,2264.0
1320223,2017-09-23,44,44,VM40-44,43.96%,1920,1682,2688,1688.0
492000,2017-09-30,49,49,VW45-49,65.18%,1525,1976,2988,1988.0
508021,2017-09-30,53,53,VM50-54,54.18%,1674,1806,1820,1814.0
1997252,2017-10-14,42,42,VM40-44,71.58%,1161,1656,1668,1662.0
1882503,2017-10-14,59,59,VW55-59,54.95%,2060,2248,3264,2264.0
1882503,2017-10-28,59,59,VW55-59,54.74%,2068,2248,3264,2264.0
640896,2017-10-28,47,47,VM45-49,36.67%,2356,1721,1734,1728.0
1882503,2017-11-04,59,59,VW55-59,35.11%,3224,2248,3264,2264.0
492000,2017-11-11,49,49,VW45-49,65.22%,1524,1976,2988,1988.0
508021,2017-11-11,53,53,VM50-54,53.67%,1690,1806,1820,1814.0
640896,2017-11-18,47,47,VM45-49,55.14%,1567,1721,1734,1728.0
614195,2017-11-18,56,56,VW55-59,60.87%,1784,2158,2186,2172.0
1997252,2017-12-09,43,43,VM40-44,61.03%,1373,1669,1681,1676.0
1997252,2017-12-16,43,43,VM40-44,38.37%,2184,1669,1681,1676.0
1997252,2018-01-13,43,43,VM40-44,72.81%,1151,1669,1681,1676.0
1882503,2018-01-13,59,59,VW55-59,49.87%,2270,2248,3264,2264.0
492000,2018-01-20,49,49,VW45-49,53.16%,1870,1976,2988,1988.0
508021,2018-01-20,53,53,VM50-54,43.01%,2109,1806,1820,1814.0
1320223,2018-01-27,44,44,VM40-44,51.78%,1630,1682,2688,1688.0
1320223,2018-02-03,44,44,VM40-44,43.44%,1943,1682,2688,1688.0
1882503,2018-02-17,59,59,VW55-59,52.29%,2165,2248,3264,2264.0
1997252,2018-02-24,43,43,VM40-44,69.95%,1198,1669,1681,1676.0
492000,2018-02-24,49,49,VW45-49,65.44%,1519,1976,2988,1988.0
1320223,2018-02-24,44,44,VM40-44,48.87%,1727,1682,2688,1688.0
1320223,2018-03-31,44,44,VM40-44,70.27%,1201,1682,2688,1688.0
1997252,2018-03-31,43,43,VM40-44,52.05%,1610,1669,1681,1676.0
492000,2018-03-31,49,49,VW45-49,57.79%,1720,1976,2988,1988.0
508021,2018-03-31,53,53,VM50-54,48.76%,1860,1806,1820,1814.0
1882503,2018-03-31,59,59,VW55-59,50.36%,2248,2248,3264,2264.0
492000,2018-04-07,49,49,VW45-49,55.84%,1780,1976,2988,1988.0
508021,2018-04-07,53,53,VM50-54,46.56%,1948,1806,1820,1814.0
1997252,2018-04-21,43,43,VM40-44,65.21%,1285,1669,1681,1676.0
1794504,2018-04-21,30,30,SM30-34,54.96%,1412,0,1553,1552.0
492000,2018-04-21,49,49,VW45-49,61.66%,1612,1976,2988,1988.0
508021,2018-04-21,53,53,VM50-54,42.66%,2126,1806,1820,1814.0
492000,2018-04-28,49,49,VW45-49,58.82%,1690,1976,2988,1988.0
508021,2018-04-28,53,53,VM50-54,45.65%,1987,1806,1820,1814.0
1882503,2018-04-28,59,59,VW55-59,38.89%,2911,2248,3264,2264.0
1997252,2018-05-05,43,43,VM40-44,68.13%,1230,1669,1681,1676.0
3196133,2018-05-12,11,11,JM11-14,57.45%,1598,1811,2836,1836.0
1684429,2018-05-12,40,40,VW40-44,55.37%,1658,0,1840,1836.0
492000,2018-05-19,50,50,VW50-54,57.55%,1748,0,2023,2012.0
508021,2018-05-19,53,53,VM50-54,43.01%,2109,1806,1820,1814.0
492000,2018-05-26,50,50,VW50-54,56.93%,1767,0,2023,2012.0
508021,2018-05-26,53,53,VM50-54,41.28%,2197,1806,1820,1814.0
1997252,2018-06-09,43,43,VM40-44,73.51%,1140,1669,1681,1676.0
972186,2018-06-16,54,54,VM50-54,67.70%,1350,1821,2828,1828.0
3196133,2018-06-16,11,11,JM11-14,55.04%,1668,1811,2836,1836.0
1882503,2018-06-16,59,59,VW55-59,41.60%,2721,2248,3264,2264.0
972186,2018-06-23,54,54,VM50-54,69.29%,1319,1821,2828,1828.0
1138623,2018-06-30,44,44,VM40-44,47.15%,1790,1682,2688,1688.0
1997252,2018-07-07,43,43,VM40-44,70.13%,1195,1669,1681,1676.0
2038021,2018-07-14,31,31,SM30-34,61.16%,1272,1554,1557,1556.0
492000,2018-07-28,50,50,VW50-54,42.52%,2366,0,2023,2012.0
508021,2018-07-28,53,53,VM50-54,37.42%,2424,1806,1820,1814.0
1997252,2018-08-18,43,43,VM40-44,69.26%,1210,1669,1681,1676.0
1882503,2018-08-25,60,60,VW60-64,54.36%,2112,0,2311,2296.0
1997252,2018-09-01,43,43,VM40-44,72.18%,1161,1669,1681,1676.0
972186,2018-09-01,54,54,VM50-54,69.03%,1324,1821,2828,1828.0
1997252,2018-09-08,43,43,VM40-44,72.30%,1159,1669,1681,1676.0
972186,2018-09-08,54,54,VM50-54,69.35%,1318,1821,2828,1828.0
492000,2018-09-08,50,50,VW50-54,55.80%,1803,0,2023,2012.0
1882503,2018-09-08,60,60,VW60-64,57.03%,2013,0,2311,2296.0
492000,2018-09-22,50,50,VW50-54,59.92%,1679,0,2023,2012.0
492000,2018-09-29,50,50,VW50-54,60.20%,1671,0,2023,2012.0
1882503,2018-09-29,60,60,VW60-64,42.98%,2671,0,2311,2296.0
1997252,2018-10-27,43,43,VM40-44,61.85%,1355,1669,1681,1676.0
492000,2018-10-27,50,50,VW50-54,40.58%,2479,0,2023,2012.0
1997252,2018-11-17,44,44,VM40-44,72.32%,1167,1682,2688,1688.0
1320223,2018-11-24,45,45,VM45-49,73.87%,1152,0,1707,1702.0
1997252,2018-11-24,44,44,VM40-44,72.76%,1160,1682,2688,1688.0
1145839,2018-11-24,43,43,VW40-44,45.40%,2064,1867,1880,1874.0
1882503,2018-11-24,60,60,VW60-64,53.92%,2129,0,2311,2296.0
492000,2018-12-29,50,50,VW50-54,56.77%,1772,0,2023,2012.0
492000,2019-01-05,50,50,VW50-54,46.32%,2172,0,2023,2012.0
492000,2019-01-12,50,50,VW50-54,53.62%,1876,0,2023,2012.0
1320223,2019-01-26,45,45,VM45-49,67.43%,1262,0,1707,1702.0
1997252,2019-01-26,44,44,VM40-44,59.56%,1417,1682,2688,1688.0
492000,2019-02-09,50,50,VW50-54,61.57%,1634,0,2023,2012.0
598715,2019-02-16,55,55,VM55-59,54.78%,1683,0,1851,1844.0
972186,2019-03-16,55,55,VM55-59,66.19%,1393,0,1851,1844.0
1997252,2019-03-30,44,44,VM40-44,74.36%,1135,1682,2688,1688.0
1684429,2019-03-30,40,40,VW40-44,53.43%,1718,0,1840,1836.0
1684429,2019-04-06,40,40,VW40-44,59.34%,1547,0,1840,1836.0
492000,2019-04-06,50,50,VW50-54,63.39%,1587,0,2023,2012.0
492000,2019-04-13,50,50,VW50-54,64.90%,1550,0,2023,2012.0
972186,2019-04-27,55,55,VM55-59,67.01%,1376,0,1851,1844.0
1997252,2019-05-04,40,40,VM40-44,Unknown,1057,0,1643,0.0
1882503,2019-05-11,60,60,VW60-64,55.49%,2069,0,2311,2296.0
492000,2019-05-11,51,51,VW50-54,33.88%,3005,2024,2048,2036.0
1997252,2019-05-25,44,44,VM40-44,75.76%,1114,1682,2688,1688.0
972186,2019-05-25,55,55,VM55-59,70.81%,1302,0,1851,1844.0
972186,2019-06-01,55,55,VM55-59,70.22%,1313,0,1851,1844.0
972186,2019-06-15,55,55,VM55-59,70.44%,1309,0,1851,1844.0
598715,2019-06-15,55,55,VM55-59,50.25%,1835,0,1851,1844.0
972186,2019-06-22,55,55,VM55-59,71.53%,1289,0,1851,1844.0
972186,2019-06-29,55,55,VM55-59,71.14%,1296,0,1851,1844.0
1029873,2019-07-06,12,12,JM11-14,55.16%,1617,1763,1810,1784.0
1997252,2019-08-17,44,44,VM40-44,73.20%,1153,1682,2688,1688.0
1882503,2019-08-17,61,61,VW60-64,48.00%,2425,2312,2344,2328.0
614195,2019-08-24,58,58,VW55-59,52.15%,2140,2217,2247,2232.0
1882503,2019-09-07,61,61,VW60-64,29.36%,3964,2312,2344,2328.0
1997252,2019-09-14,44,44,VM40-44,76.17%,1108,1682,2688,1688.0
376625,2019-09-14,38,38,VW35-39,63.59%,1428,1811,1819,1816.0
3196133,2019-09-28,12,12,JM11-14,47.93%,1861,1763,1810,1784.0
1997252,2019-10-05,40,40,VM40-44,Unknown,1108,0,1643,0.0
1997252,2019-11-16,45,45,VM45-49,71.88%,1184,0,1707,1702.0
1794504,2019-11-16,31,31,SM30-34,48.50%,1604,1554,1557,1556.0
1320223,2019-11-23,46,46,VM45-49,77.35%,1108,1708,1720,1714.0
1997252,2019-12-21,45,45,VM45-49,69.53%,1224,0,1707,1702.0
492000,2020-01-04,51,51,VW50-54,59.22%,1719,2024,2048,2036.0
1882503,2020-01-11,61,61,VW60-64,45.88%,2537,2312,2344,2328.0
1882503,2020-01-18,61,61,VW60-64,49.07%,2372,2312,2344,2328.0
1997252,2020-01-25,45,45,VM45-49,73.62%,1156,0,1707,1702.0
972186,2021-08-14,57,57,VM55-59,61.19%,1533,1868,1883,1876.0
1882503,2021-08-21,63,63,VW60-64,53.58%,2236,2379,2413,2396.0
972186,2021-08-21,57,57,VM55-59,29.79%,3149,1868,1883,1876.0
972186,2021-08-28,57,57,VM55-59,65.59%,1430,1868,1883,1876.0
1997252,2021-09-11,46,46,VM45-49,75.51%,1135,1708,1720,1714.0
972186,2021-09-11,57,57,VM55-59,66.10%,1419,1868,1883,1876.0
2038021,2021-09-18,34,34,SM30-34,61.92%,1271,1570,2574,1574.0
972186,2021-09-18,57,57,VM55-59,66.76%,1405,1868,1883,1876.0
1882503,2021-10-02,63,63,VW60-64,41.30%,2901,2379,2413,2396.0
972186,2021-10-09,58,58,VM55-59,63.70%,1485,1884,1899,1892.0
1882503,2021-10-23,63,63,VW60-64,54.45%,2200,2379,2413,2396.0
972186,2021-11-06,58,58,VM55-59,66.53%,1422,1884,1899,1892.0
1882503,2022-02-26,63,63,VW60-64,54.53%,2197,2379,2413,2396.0
1882503,2022-03-12,63,63,VW60-64,54.53%,2197,2379,2413,2396.0
1997252,2022-03-19,47,47,VM45-49,75.00%,1152,1721,1734,1728.0
1320223,2022-03-26,45,45,VM45-49,Unknown,1108,0,1707,0.0
215996,2022-03-26,55,55,VM55-59,Unknown,1161,0,1851,0.0
1882503,2022-04-02,63,63,VW60-64,49.77%,2407,2379,2413,2396.0
3565261,2022-06-04,55,55,VM55-59,53.70%,1717,0,1851,1844.0
600747,2022-07-30,40,40,VW40-44,60.96%,1506,0,1840,1836.0
1882503,2022-08-13,64,64,VW60-64,50.44%,2411,2414,3432,2432.0
2038021,2022-09-03,35,35,VM35-39,63.08%,1254,0,1586,1582.0
1684429,2022-09-03,44,44,VW40-44,49.35%,1913,1881,2888,1888.0
1646899,2022-12-03,51,51,VW50-54,50.93%,1999,2024,2048,2036.0
1882503,2022-12-17,64,64,VW60-64,51.18%,2376,2414,3432,2432.0
1882503,2023-03-18,64,64,VW60-64,51.11%,2379,2414,3432,2432.0
1997252,2023-04-29,48,48,VM45-49,74.64%,1167,1735,1748,1742.0
2038021,2023-04-29,36,36,VM35-39,64.87%,1227,1587,1596,1592.0
2528702,2023-06-24,30,30,SW30-34,57.44%,1546,0,1776,1776.0
2038021,2023-07-22,36,36,VM35-39,65.84%,1209,1587,1596,1592.0
508066,2023-07-22,58,58,VW55-59,30.79%,3624,2217,2247,2232.0
3738636,2023-07-29,50,50,VW50-54,32.38%,3107,0,2023,2012.0
2038021,2023-09-16,36,36,VM35-39,64.04%,1243,1587,1596,1592.0
8286970,2023-09-16,53,53,VM50-54,47.56%,1907,1806,1820,1814.0
8286970,2023-12-02,53,53,VM50-54,54.08%,1677,1806,1820,1814.0
1882503,2023-12-30,65,65,VW65-69,48.37%,2553,0,2488,2470.0
1997252,2024-04-13,49,49,VM45-49,76.35%,1150,1749,2756,1756.0
1997252,2024-05-04,49,49,VM45-49,59.57%,1474,1749,2756,1756.0
972186,2024-05-25,60,60,VM60-64,63.08%,1525,0,1932,1924.0
1997252,2024-07-20,49,49,VM45-49,71.79%,1223,1749,2756,1756.0
3738636,2024-07-27,51,51,VW50-54,39.87%,2553,2024,2048,2036.0
2038021,2024-08-03,37,37,VM35-39,68.58%,1168,1597,1607,1602.0
1063478,2014-06-28,40,40,VM40-44,Unknown,1259,0,1643,0.0
724290,2014-06-28,46,46,VM45-49,54.48%,1573,1708,1720,1714.0
1036771,2014-06-28,41,41,VW40-44,47.70%,1935,1841,1852,1846.0
267361,2014-06-28,53,53,VW50-54,53.40%,1957,2076,2102,2090.0
572070,2014-06-28,45,45,VM45-49,43.46%,1958,0,1707,1702.0
74670,2014-06-28,49,49,VW45-49,46.67%,2130,1976,2988,1988.0
1063478,2014-07-05,40,40,VM40-44,Unknown,1205,0,1643,0.0
267361,2014-07-05,53,53,VW50-54,57.20%,1827,2076,2102,2090.0
1036771,2014-07-05,41,41,VW40-44,48.35%,1909,1841,1852,1846.0
1063478,2014-07-12,40,40,VM40-44,Unknown,1219,0,1643,0.0
598715,2014-07-12,50,50,VM50-54,52.55%,1684,0,1776,1770.0
1036771,2014-07-12,41,41,VW40-44,49.33%,1871,1841,1852,1846.0
140267,2014-07-19,45,45,VW45-49,55.05%,1731,0,1914,1906.0
1036771,2014-07-19,41,41,VW40-44,48.58%,1900,1841,1852,1846.0
1063478,2014-07-26,40,40,VM40-44,68.02%,1204,0,1643,1638.0
122015,2014-07-26,51,51,VW50-54,64.47%,1579,2024,2048,2036.0
724290,2014-07-26,46,46,VM45-49,53.30%,1608,1708,1720,1714.0
267361,2014-08-02,53,53,VW50-54,56.49%,1850,2076,2102,2090.0
1029873,2014-08-02,13,13,JM11-14,45.45%,1914,1722,1762,1740.0
724290,2014-08-09,46,46,VM45-49,54.45%,1574,1708,1720,1714.0
1029873,2014-08-09,13,13,JM11-14,47.13%,1846,1722,1762,1740.0
598715,2014-08-09,50,50,VM50-54,47.48%,1864,0,1776,1770.0
1036771,2014-08-09,41,41,VW40-44,44.94%,2054,1841,1852,1846.0
598715,2014-08-16,50,50,VM50-54,59.52%,1487,0,1776,1770.0
724290,2014-08-16,46,46,VM45-49,55.40%,1547,1708,1720,1714.0
1029873,2014-08-16,7,7,JM10,60.30%,1771,2090,2190,2136.0
1063478,2014-08-23,40,40,VM40-44,71.09%,1152,0,1643,1638.0
598715,2014-08-23,50,50,VM50-54,60.91%,1453,0,1776,1770.0
724290,2014-08-23,46,46,VM45-49,54.87%,1562,1708,1720,1714.0
1036771,2014-08-23,41,41,VW40-44,49.17%,1877,1841,1852,1846.0
267361,2014-08-23,53,53,VW50-54,52.57%,1988,2076,2102,2090.0
1063855,2014-08-23,43,43,VM40-44,40.44%,2072,1669,1681,1676.0
724290,2014-08-30,46,46,VM45-49,55.79%,1536,1708,1720,1714.0
1036771,2014-08-30,41,41,VW40-44,49.92%,1849,1841,1852,1846.0
1063478,2014-09-06,40,40,VM40-44,72.03%,1137,0,1643,1638.0
598715,2014-09-06,50,50,VM50-54,53.12%,1666,0,1776,1770.0
1036771,2014-09-06,41,41,VW40-44,48.71%,1895,1841,1852,1846.0
1063478,2014-09-13,40,40,VM40-44,71.53%,1145,0,1643,1638.0
1036771,2014-09-13,41,41,VW40-44,50.14%,1841,1841,1852,1846.0
1063855,2014-09-13,43,43,VM40-44,40.84%,2052,1669,1681,1676.0
1186706,2014-09-13,43,43,VW40-44,44.77%,2093,1867,1880,1874.0
1063478,2014-09-20,40,40,VM40-44,73.45%,1115,0,1643,1638.0
724290,2014-09-20,46,46,VM45-49,56.38%,1520,1708,1720,1714.0
598715,2014-09-20,50,50,VM50-54,56.26%,1573,0,1776,1770.0
1036771,2014-09-20,41,41,VW40-44,48.84%,1890,1841,1852,1846.0
1063478,2014-09-27,40,40,VM40-44,72.41%,1131,0,1643,1638.0
724290,2014-09-27,46,46,VM45-49,57.59%,1488,1708,1720,1714.0
1063855,2014-09-27,43,43,VM40-44,40.88%,2050,1669,1681,1676.0
1063478,2014-10-04,40,40,VM40-44,70.48%,1162,0,1643,1638.0
1036771,2014-10-04,41,41,VW40-44,50.03%,1845,1841,1852,1846.0
1063478,2014-10-11,40,40,VM40-44,75.34%,1087,0,1643,1638.0
724290,2014-10-11,46,46,VM45-49,57.59%,1488,1708,1720,1714.0
598715,2014-10-11,50,50,VM50-54,50.86%,1740,0,1776,1770.0
1036771,2014-10-11,41,41,VW40-44,50.16%,1840,1841,1852,1846.0
1230091,2014-10-11,57,57,VW55-59,55.05%,2000,2187,2216,2202.0
1063855,2014-10-11,43,43,VM40-44,40.33%,2078,1669,1681,1676.0
1063478,2014-10-18,40,40,VM40-44,69.47%,1179,0,1643,1638.0
724290,2014-10-18,46,46,VM45-49,54.45%,1574,1708,1720,1714.0
598715,2014-10-18,51,51,VM50-54,54.36%,1641,1777,1790,1784.0
1036771,2014-10-18,41,41,VW40-44,50.58%,1825,1841,1852,1846.0
1063855,2014-10-18,43,43,VM40-44,40.78%,2055,1669,1681,1676.0
724290,2014-10-25,46,46,VM45-49,55.58%,1542,1708,1720,1714.0
1036771,2014-10-25,41,41,VW40-44,50.91%,1813,1841,1852,1846.0
1063855,2014-10-25,43,43,VM40-44,41.96%,1997,1669,1681,1676.0
1230091,2014-10-25,57,57,VW55-59,54.21%,2031,2187,2216,2202.0
1063478,2014-11-01,40,40,VM40-44,Unknown,1135,0,1643,0.0
598715,2014-11-01,50,50,VM50-54,Unknown,1326,0,1776,0.0
724290,2014-11-01,46,46,VM45-49,56.27%,1523,1708,1720,1714.0
1063478,2014-11-08,40,40,VM40-44,71.72%,1142,0,1643,1638.0
724290,2014-11-08,46,46,VM45-49,55.43%,1546,1708,1720,1714.0
1036771,2014-11-08,41,41,VW40-44,51.36%,1797,1841,1852,1846.0
1063855,2014-11-08,43,43,VM40-44,42.34%,1979,1669,1681,1676.0
1063478,2014-11-15,40,40,VM40-44,74.05%,1106,0,1643,1638.0
724290,2014-11-15,46,46,VM45-49,55.40%,1547,1708,1720,1714.0
1063855,2014-11-15,43,43,VM40-44,42.03%,1994,1669,1681,1676.0
598715,2014-11-15,51,51,VM50-54,38.53%,2315,1777,1790,1784.0
1063478,2014-11-22,40,40,VM40-44,70.79%,1157,0,1643,1638.0
1063478,2014-11-29,40,40,VM40-44,71.34%,1148,0,1643,1638.0
724290,2014-11-29,46,46,VM45-49,55.94%,1532,1708,1720,1714.0
1036771,2014-11-29,41,41,VW40-44,49.78%,1854,1841,1852,1846.0
1063855,2014-11-29,43,43,VM40-44,39.72%,2110,1669,1681,1676.0
1063478,2014-12-13,40,40,VM40-44,Unknown,1090,0,1643,0.0
267361,2014-12-13,53,53,VW50-54,52.70%,1983,2076,2102,2090.0
1063855,2014-12-13,44,44,VM40-44,41.07%,2055,1682,2688,1688.0
724290,2014-12-20,46,46,VM45-49,54.69%,1567,1708,1720,1714.0
1036771,2014-12-20,41,41,VW40-44,48.40%,1907,1841,1852,1846.0
1063855,2014-12-20,44,44,VM40-44,42.56%,1983,1682,2688,1688.0
1063478,2014-12-27,40,40,VM40-44,Unknown,1112,0,1643,0.0
1063855,2014-12-27,44,44,VM40-44,42.28%,1996,1682,2688,1688.0
724290,2014-12-27,46,46,VM45-49,30.56%,2804,1708,1720,1714.0
1063478,2015-01-01,40,40,VM40-44,Unknown,1119,0,1643,0.0
724290,2015-01-01,46,46,VM45-49,49.28%,1739,1708,1720,1714.0
1036771,2015-01-01,41,41,VW40-44,46.03%,2005,1841,1852,1846.0
1063478,2015-01-03,40,40,VM40-44,Unknown,1082,0,1643,0.0
972186,2015-01-03,51,51,VM50-54,58.76%,1518,1777,1790,1784.0
1036771,2015-01-03,41,41,VW40-44,45.83%,2014,1841,1852,1846.0
1063478,2015-01-10,40,40,VM40-44,Unknown,1146,0,1643,0.0
972186,2015-01-10,51,51,VM50-54,59.87%,1490,1777,1790,1784.0
1036771,2015-01-10,41,41,VW40-44,45.69%,2020,1841,1852,1846.0
1063855,2015-01-10,44,44,VM40-44,39.22%,2152,1682,2688,1688.0
972186,2015-01-17,50,50,VM50-54,Unknown,1361,0,1776,0.0
598715,2015-01-17,51,51,VM50-54,49.78%,1792,1777,1790,1784.0
1063855,2015-01-17,44,44,VM40-44,42.54%,1984,1682,2688,1688.0
1063478,2015-01-24,40,40,VM40-44,Unknown,1090,0,1643,0.0
598715,2015-01-24,51,51,VM50-54,50.65%,1761,1777,1790,1784.0
1063855,2015-01-24,40,40,VM40-44,Unknown,2100,0,1643,0.0
1063478,2015-01-31,40,40,VM40-44,Unknown,1119,0,1643,0.0
1063855,2015-01-31,40,40,VM40-44,Unknown,2115,0,1643,0.0
1063478,2015-02-07,41,41,VM40-44,76.74%,1075,1644,1655,1650.0
972186,2015-02-07,51,51,VM50-54,64.27%,1388,1777,1790,1784.0
267361,2015-02-07,53,53,VW50-54,51.48%,2030,2076,2102,2090.0
1063855,2015-02-07,44,44,VM40-44,40.21%,2099,1682,2688,1688.0
1063478,2015-02-14,40,40,VM40-44,Unknown,1175,0,1643,0.0
972186,2015-02-14,51,51,VM50-54,66.42%,1343,1777,1790,1784.0
598715,2015-02-14,50,50,VM50-54,Unknown,1951,0,1776,0.0
267361,2015-02-14,53,53,VW50-54,52.75%,1981,2076,2102,2090.0
1063855,2015-02-14,44,44,VM40-44,38.16%,2212,1682,2688,1688.0
972186,2015-02-21,51,51,VM50-54,66.07%,1350,1777,1790,1784.0
598715,2015-02-21,51,51,VM50-54,48.48%,1840,1777,1790,1784.0
1063855,2015-02-21,44,44,VM40-44,38.88%,2171,1682,2688,1688.0
1063478,2015-02-28,41,41,VM40-44,74.19%,1112,1644,1655,1650.0
972186,2015-02-28,51,51,VM50-54,70.85%,1259,1777,1790,1784.0
1063855,2015-02-28,44,44,VM40-44,39.00%,2164,1682,2688,1688.0
1036771,2015-02-28,41,41,VW40-44,33.87%,2725,1841,1852,1846.0
1063478,2015-03-07,41,41,VM40-44,74.32%,1110,1644,1655,1650.0
972186,2015-03-07,51,51,VM50-54,70.02%,1274,1777,1790,1784.0
440770,2015-03-07,15,15,JM15-17,64.83%,1288,1658,2670,1670.0
598715,2015-03-07,51,51,VM50-54,56.14%,1589,1777,1790,1784.0
1063855,2015-03-07,44,44,VM40-44,40.54%,2082,1682,2688,1688.0
1036771,2015-03-07,41,41,VW40-44,33.91%,2722,1841,1852,1846.0
1063478,2015-03-14,40,40,VM40-44,Unknown,1108,0,1643,0.0
972186,2015-03-14,50,50,VM50-54,Unknown,1245,0,1776,0.0
724290,2015-03-14,45,45,VM45-49,Unknown,1512,0,1707,0.0
1063478,2015-03-21,40,40,VM40-44,Unknown,1064,0,1643,0.0
440770,2015-03-21,15,15,JM15-17,66.69%,1252,1658,2670,1670.0
1063855,2015-03-21,44,44,VM40-44,40.34%,2092,1682,2688,1688.0
1036771,2015-03-21,42,42,VW40-44,41.84%,2223,1853,1866,1860.0
1063478,2015-03-28,40,40,VM40-44,Unknown,1135,0,1643,0.0
972186,2015-03-28,51,51,VM50-54,70.29%,1269,1777,1790,1784.0
1036771,2015-03-28,42,42,VW40-44,30.65%,3034,1853,1866,1860.0
1063478,2015-04-04,40,40,VM40-44,Unknown,1102,0,1643,0.0
440770,2015-04-04,15,15,JM15-17,48.10%,1736,1658,2670,1670.0
1029873,2015-04-04,8,8,JM10,57.13%,1787,2003,2089,2042.0
267361,2015-04-04,54,54,VW50-54,54.48%,1942,2103,3116,2116.0
1036771,2015-04-04,42,42,VW40-44,30.67%,3032,1853,1866,1860.0
1063478,2015-04-11,40,40,VM40-44,Unknown,1126,0,1643,0.0
972186,2015-04-11,51,51,VM50-54,67.07%,1330,1777,1790,1784.0
1576440,2015-04-11,41,41,VM40-44,46.53%,1773,1644,1655,1650.0
267361,2015-04-11,54,54,VW50-54,54.85%,1929,2103,3116,2116.0
1036771,2015-04-11,42,42,VW40-44,45.54%,2042,1853,1866,1860.0
1063855,2015-04-11,44,44,VM40-44,39.72%,2125,1682,2688,1688.0
598715,2015-04-11,51,51,VM50-54,36.86%,2420,1777,1790,1784.0
724290,2015-04-11,47,47,VM45-49,28.67%,3014,1721,1734,1728.0
1063478,2015-04-18,40,40,VM40-44,Unknown,1112,0,1643,0.0
972186,2015-04-18,51,51,VM50-54,72.34%,1233,1777,1790,1784.0
598715,2015-04-18,51,51,VM50-54,60.52%,1474,1777,1790,1784.0
1576440,2015-04-18,41,41,VM40-44,51.63%,1598,1644,1655,1650.0
267361,2015-04-18,54,54,VW50-54,56.13%,1885,2103,3116,2116.0
1063855,2015-04-18,44,44,VM40-44,42.01%,2009,1682,2688,1688.0
1036771,2015-04-18,42,42,VW40-44,30.19%,3080,1853,1866,1860.0
1063478,2015-04-25,40,40,VM40-44,Unknown,1129,0,1643,0.0
492000,2015-04-25,46,46,VW45-49,63.25%,1521,1915,1933,1924.0
508021,2015-04-25,50,50,VM50-54,56.51%,1566,0,1776,1770.0
1576440,2015-04-25,41,41,VM40-44,43.31%,1905,1644,1655,1650.0
1063855,2015-04-25,44,44,VM40-44,43.15%,1956,1682,2688,1688.0
1029873,2015-05-02,8,8,JM10,67.26%,1518,2003,2089,2042.0
598715,2015-05-02,51,51,VM50-54,58.72%,1519,1777,1790,1784.0
1036771,2015-05-02,42,42,VW40-44,47.89%,1942,1853,1866,1860.0
1063855,2015-05-02,44,44,VM40-44,43.44%,1943,1682,2688,1688.0
1063478,2015-05-09,41,41,VM40-44,74.86%,1102,1644,1655,1650.0
492000,2015-05-09,47,47,VW45-49,63.91%,1521,1934,1953,1944.0
508021,2015-05-09,50,50,VM50-54,55.77%,1587,0,1776,1770.0
598715,2015-05-09,51,51,VM50-54,55.89%,1596,1777,1790,1784.0
1063855,2015-05-09,44,44,VM40-44,41.97%,2011,1682,2688,1688.0
1036771,2015-05-09,42,42,VW40-44,43.87%,2120,1853,1866,1860.0
1063855,2015-05-16,44,44,VM40-44,41.60%,2029,1682,2688,1688.0
1036771,2015-05-16,42,42,VW40-44,28.16%,3303,1853,1866,1860.0
1063478,2015-05-23,41,41,VM40-44,71.68%,1151,1644,1655,1650.0
523,2015-05-23,51,51,VM50-54,69.85%,1277,1777,1790,1784.0
440770,2015-05-23,15,15,JM15-17,64.88%,1287,1658,2670,1670.0
598715,2015-05-23,51,51,VM50-54,62.86%,1419,1777,1790,1784.0
1646899,2015-05-23,44,44,VW40-44,50.08%,1885,1881,2888,1888.0
724290,2015-05-23,47,47,VM45-49,26.25%,3292,1721,1734,1728.0
1063478,2015-05-30,40,40,VM40-44,Unknown,1125,0,1643,0.0
523,2015-05-30,50,50,VM50-54,Unknown,1280,0,1776,0.0
440770,2015-05-30,15,15,JM15-17,58.31%,1432,1658,2670,1670.0
724290,2015-05-30,45,45,VM45-49,Unknown,1485,0,1707,0.0
1576440,2015-05-30,40,40,VM40-44,Unknown,1568,0,1643,0.0
598715,2015-05-30,51,51,VM50-54,38.83%,2297,1777,1790,1784.0
1036771,2015-05-30,40,40,VW40-44,Unknown,2660,0,1840,0.0
440770,2015-06-06,15,15,JM15-17,61.81%,1351,1658,2670,1670.0
724290,2015-06-06,47,47,VM45-49,53.60%,1612,1721,1734,1728.0
1063855,2015-06-06,44,44,VM40-44,40.40%,2089,1682,2688,1688.0
598715,2015-06-06,51,51,VM50-54,34.31%,2600,1777,1790,1784.0
1036771,2015-06-06,42,42,VW40-44,30.50%,3049,1853,1866,1860.0
1063478,2015-06-13,41,41,VM40-44,72.69%,1135,1644,1655,1650.0
523,2015-06-13,51,51,VM50-54,68.93%,1294,1777,1790,1784.0
508021,2015-06-13,50,50,VM50-54,57.32%,1544,0,1776,1770.0
1029873,2015-06-13,8,8,JM10,65.49%,1559,2003,2089,2042.0
492000,2015-06-13,47,47,VW45-49,61.52%,1580,1934,1953,1944.0
598715,2015-06-13,51,51,VM50-54,54.79%,1628,1777,1790,1784.0
724290,2015-06-13,47,47,VM45-49,52.68%,1640,1721,1734,1728.0
1625777,2015-06-13,45,45,VW45-49,49.92%,1909,0,1914,1906.0
1036771,2015-06-13,42,42,VW40-44,46.85%,1985,1853,1866,1860.0
1063855,2015-06-13,44,44,VM40-44,41.80%,2019,1682,2688,1688.0
1063478,2015-06-20,41,41,VM40-44,73.14%,1128,1644,1655,1650.0
598715,2015-06-20,51,51,VM50-54,57.47%,1552,1777,1790,1784.0
1576440,2015-06-20,41,41,VM40-44,51.12%,1614,1644,1655,1650.0
1036771,2015-06-20,42,42,VW40-44,49.44%,1881,1853,1866,1860.0
1576440,2015-06-27,41,41,VM40-44,56.12%,1470,1644,1655,1650.0
492000,2015-06-27,47,47,VW45-49,61.09%,1591,1934,1953,1944.0
1625777,2015-06-27,45,45,VW45-49,53.33%,1787,0,1914,1906.0
1036771,2015-06-27,42,42,VW40-44,48.77%,1907,1853,1866,1860.0
1063478,2015-07-04,40,40,VM40-44,Unknown,1206,0,1643,0.0
1576440,2015-07-04,41,41,VM40-44,47.85%,1724,1644,1655,1650.0
1029873,2015-07-04,8,8,JM10,58.88%,1734,2003,2089,2042.0
1625777,2015-07-04,45,45,VW45-49,52.45%,1817,0,1914,1906.0
267361,2015-07-04,54,54,VW50-54,57.59%,1837,2103,3116,2116.0
1646899,2015-07-04,44,44,VW40-44,49.95%,1890,1881,2888,1888.0
1063855,2015-07-04,44,44,VM40-44,38.38%,2199,1682,2688,1688.0
1576440,2015-07-11,41,41,VM40-44,53.50%,1542,1644,1655,1650.0
1625777,2015-07-11,45,45,VW45-49,53.09%,1795,0,1914,1906.0
1646899,2015-07-11,44,44,VW40-44,49.61%,1903,1881,2888,1888.0
1063855,2015-07-11,44,44,VM40-44,38.57%,2188,1682,2688,1688.0
1063478,2015-07-18,41,41,VM40-44,71.24%,1158,1644,1655,1650.0
215996,2015-07-18,49,49,VM45-49,74.16%,1184,1749,2756,1756.0
1029873,2015-07-18,8,8,JM10,61.54%,1659,2003,2089,2042.0
1036771,2015-07-18,42,42,VW40-44,49.57%,1876,1853,1866,1860.0
598715,2015-07-18,51,51,VM50-54,43.41%,2055,1777,1790,1784.0
1063478,2015-07-25,41,41,VM40-44,74.59%,1106,1644,1655,1650.0
724290,2015-07-25,47,47,VM45-49,56.92%,1518,1721,1734,1728.0
508021,2015-07-25,50,50,VM50-54,56.84%,1557,0,1776,1770.0
492000,2015-07-25,47,47,VW45-49,61.71%,1575,1934,1953,1944.0
1029873,2015-07-25,8,8,JM10,58.08%,1758,2003,2089,2042.0
1646899,2015-07-25,44,44,VW40-44,50.89%,1855,1881,2888,1888.0
1063478,2015-08-01,41,41,VM40-44,75.55%,1092,1644,1655,1650.0
508021,2015-08-01,50,50,VM50-54,58.73%,1507,0,1776,1770.0
724290,2015-08-01,47,47,VM45-49,54.00%,1600,1721,1734,1728.0
492000,2015-08-01,47,47,VW45-49,60.64%,1603,1934,1953,1944.0
598715,2015-08-01,51,51,VM50-54,30.25%,2949,1777,1790,1784.0
523,2015-08-08,51,51,VM50-54,69.91%,1276,1777,1790,1784.0
1063478,2015-08-08,41,41,VM40-44,64.35%,1282,1644,1655,1650.0
440770,2015-08-08,15,15,JM15-17,61.81%,1351,1658,2670,1670.0
724290,2015-08-08,47,47,VM45-49,56.40%,1532,1721,1734,1728.0
508021,2015-08-08,50,50,VM50-54,57.54%,1538,0,1776,1770.0
1029873,2015-08-08,8,8,JM10,62.52%,1633,2003,2089,2042.0
1794504,2015-08-08,25,28,SM25-29,43.39%,1784,0,1548,1548.0
492000,2015-08-08,47,47,VW45-49,52.12%,1865,1934,1953,1944.0
1794504,2015-08-15,25,28,SM25-29,48.71%,1589,0,1548,1548.0
598715,2015-08-15,51,51,VM50-54,42.23%,2112,1777,1790,1784.0
1063478,2015-08-22,41,41,VM40-44,71.55%,1153,1644,1655,1650.0
1794504,2015-08-22,25,28,SM25-29,48.80%,1586,0,1548,1548.0
1646899,2015-08-22,44,44,VW40-44,48.86%,1932,1881,2888,1888.0
1063855,2015-08-22,44,44,VM40-44,39.04%,2162,1682,2688,1688.0
523,2015-08-29,51,51,VM50-54,71.94%,1240,1777,1790,1784.0
724290,2015-08-29,47,47,VM45-49,56.03%,1542,1721,1734,1728.0
1646899,2015-08-29,44,44,VW40-44,48.81%,1934,1881,2888,1888.0
1063478,2015-09-05,40,40,VM40-44,Unknown,1127,0,1643,0.0
1794504,2015-09-05,25,28,SM25-29,52.26%,1481,0,1548,1548.0
598715,2015-09-05,51,51,VM50-54,57.22%,1559,1777,1790,1784.0
1625777,2015-09-05,45,45,VW45-49,56.63%,1683,0,1914,1906.0
1646899,2015-09-05,44,44,VW40-44,48.99%,1927,1881,2888,1888.0
1063855,2015-09-05,44,44,VM40-44,38.09%,2216,1682,2688,1688.0
1794504,2015-09-12,25,28,SM25-29,46.57%,1662,0,1548,1548.0
1063855,2015-09-12,44,44,VM40-44,39.33%,2146,1682,2688,1688.0
598715,2015-09-12,51,51,VM50-54,39.07%,2283,1777,1790,1784.0
1063478,2015-09-19,40,40,VM40-44,Unknown,1116,0,1643,0.0
1794504,2015-09-19,25,28,SM25-29,51.91%,1491,0,1548,1548.0
724290,2015-09-19,45,45,VM45-49,Unknown,1515,0,1707,0.0
508021,2015-09-19,51,51,VM50-54,58.61%,1522,1777,1790,1784.0
492000,2015-09-19,45,45,VW45-49,Unknown,1524,0,1914,0.0
1063855,2015-09-19,44,44,VM40-44,37.61%,2244,1682,2688,1688.0
1036771,2015-09-19,42,42,VW40-44,30.98%,3002,1853,1866,1860.0
1063478,2015-09-26,41,41,VM40-44,73.07%,1129,1644,1655,1650.0
1625777,2015-09-26,45,45,VW45-49,56.76%,1679,0,1914,1906.0
1646899,2015-09-26,44,44,VW40-44,51.36%,1838,1881,2888,1888.0
598715,2015-09-26,51,51,VM50-54,47.37%,1883,1777,1790,1784.0
1036771,2015-09-26,42,42,VW40-44,48.51%,1917,1853,1866,1860.0
972186,2015-10-03,52,52,VM50-54,68.26%,1317,1791,1805,1798.0
1794504,2015-10-03,25,28,SM25-29,53.34%,1451,0,1548,1548.0
508021,2015-10-03,51,51,VM50-54,58.80%,1517,1777,1790,1784.0
724290,2015-10-03,47,47,VM45-49,55.53%,1556,1721,1734,1728.0
492000,2015-10-03,47,47,VW45-49,61.83%,1572,1934,1953,1944.0
598715,2015-10-03,51,51,VM50-54,51.26%,1740,1777,1790,1784.0
1646899,2015-10-03,44,44,VW40-44,50.37%,1874,1881,2888,1888.0
1036771,2015-10-03,42,42,VW40-44,49.21%,1890,1853,1866,1860.0
1794504,2015-10-10,25,28,SM25-29,54.28%,1426,0,1548,1548.0
598715,2015-10-10,51,51,VM50-54,57.81%,1543,1777,1790,1784.0
492000,2015-10-10,47,47,VW45-49,61.79%,1573,1934,1953,1944.0
508021,2015-10-10,51,51,VM50-54,53.57%,1665,1777,1790,1784.0
1625777,2015-10-10,45,45,VW45-49,56.49%,1687,0,1914,1906.0
1186706,2015-10-10,11,11,JW11-14,59.12%,1688,1976,2996,1996.0
724290,2015-10-10,47,47,VM45-49,48.03%,1799,1721,1734,1728.0
1036771,2015-10-10,42,42,VW40-44,49.55%,1877,1853,1866,1860.0
1646899,2015-10-10,44,44,VW40-44,42.62%,2215,1881,2888,1888.0
1794504,2015-10-17,25,28,SM25-29,51.57%,1501,0,1548,1548.0
1945581,2015-10-17,42,42,VW40-44,48.26%,1927,1853,1866,1860.0
1063855,2015-10-17,44,44,VM40-44,39.70%,2126,1682,2688,1688.0
1063478,2015-10-24,40,40,VM40-44,Unknown,1104,0,1643,0.0
1794504,2015-10-24,25,28,SM25-29,51.22%,1511,0,1548,1548.0
1186706,2015-10-24,11,11,JW11-14,64.39%,1550,1976,2996,1996.0
1983235,2015-10-24,38,38,VW35-39,36.75%,2471,1811,1819,1816.0
492000,2015-10-31,47,47,VW45-49,61.99%,1568,1934,1953,1944.0
1794504,2015-10-31,25,28,SM25-29,48.59%,1593,0,1548,1548.0
1186706,2015-10-31,11,11,JW11-14,61.45%,1624,1976,2996,1996.0
508021,2015-10-31,51,51,VM50-54,54.22%,1645,1777,1790,1784.0
1646899,2015-10-31,44,44,VW40-44,48.48%,1947,1881,2888,1888.0
1063855,2015-10-31,44,44,VM40-44,36.86%,2290,1682,2688,1688.0
1983235,2015-10-31,38,38,VW35-39,37.18%,2442,1811,1819,1816.0
1063478,2015-11-07,41,41,VM40-44,72.94%,1131,1644,1655,1650.0
598715,2015-11-07,52,52,VM50-54,61.66%,1458,1791,1805,1798.0
1794504,2015-11-07,25,28,SM25-29,50.39%,1536,0,1548,1548.0
1625777,2015-11-07,45,45,VW45-49,55.57%,1715,0,1914,1906.0
1646899,2015-11-07,44,44,VW40-44,47.56%,1985,1881,2888,1888.0
1036771,2015-11-07,42,42,VW40-44,46.13%,2016,1853,1866,1860.0
1063855,2015-11-07,44,44,VM40-44,36.70%,2300,1682,2688,1688.0
1983235,2015-11-07,38,38,VW35-39,37.29%,2435,1811,1819,1816.0
508021,2015-11-14,51,51,VM50-54,57.40%,1554,1777,1790,1784.0
492000,2015-11-14,47,47,VW45-49,62.31%,1560,1934,1953,1944.0
1036771,2015-11-14,42,42,VW40-44,49.10%,1894,1853,1866,1860.0
1625777,2015-11-14,45,45,VW45-49,46.49%,2050,0,1914,1906.0
1646899,2015-11-14,44,44,VW40-44,41.97%,2249,1881,2888,1888.0
1794504,2015-11-21,25,28,SM25-29,49.43%,1566,0,1548,1548.0
598715,2015-11-21,52,52,VM50-54,48.78%,1843,1791,1805,1798.0
1036771,2015-11-21,42,42,VW40-44,47.91%,1941,1853,1866,1860.0
1063855,2015-11-21,44,44,VM40-44,37.97%,2223,1682,2688,1688.0
492000,2015-11-28,45,45,VW45-49,Unknown,1593,0,1914,0.0
508021,2015-11-28,51,51,VM50-54,54.03%,1651,1777,1790,1784.0
1625777,2015-11-28,45,45,VW45-49,57.10%,1669,0,1914,1906.0
598715,2015-11-28,52,52,VM50-54,48.99%,1835,1791,1805,1798.0
1036771,2015-11-28,42,42,VW40-44,49.57%,1876,1853,1866,1860.0
2048645,2015-11-28,50,50,VM50-54,Unknown,2217,0,1776,0.0
1983235,2015-11-28,35,35,VW35-39,Unknown,2363,0,1796,0.0
1794504,2015-12-05,25,28,SM25-29,49.49%,1564,0,1548,1548.0
492000,2015-12-05,45,45,VW45-49,Unknown,1666,0,1914,0.0
1625777,2015-12-05,45,45,VW45-49,55.37%,1721,0,1914,1906.0
508021,2015-12-05,51,51,VM50-54,50.11%,1780,1777,1790,1784.0
598715,2015-12-05,52,52,VM50-54,48.41%,1857,1791,1805,1798.0
1036771,2015-12-05,42,42,VW40-44,48.34%,1924,1853,1866,1860.0
1646899,2015-12-05,44,44,VW40-44,48.31%,1954,1881,2888,1888.0
2048645,2015-12-05,51,51,VM50-54,39.23%,2274,1777,1790,1784.0
1794504,2015-12-12,25,28,SM25-29,50.79%,1524,0,1548,1548.0
492000,2015-12-12,47,47,VW45-49,61.91%,1570,1934,1953,1944.0
508021,2015-12-12,51,51,VM50-54,55.72%,1601,1777,1790,1784.0
1625777,2015-12-12,45,45,VW45-49,53.39%,1785,0,1914,1906.0
1036771,2015-12-12,42,42,VW40-44,51.10%,1820,1853,1866,1860.0
598715,2015-12-12,52,52,VM50-54,47.04%,1911,1791,1805,1798.0
2048645,2015-12-12,51,51,VM50-54,43.20%,2065,1777,1790,1784.0
1063855,2015-12-12,45,45,VM45-49,37.47%,2271,0,1707,1702.0
492000,2015-12-19,47,47,VW45-49,60.19%,1615,1934,1953,1944.0
508021,2015-12-19,51,51,VM50-54,53.25%,1675,1777,1790,1784.0
1029873,2015-12-19,8,8,JM10,58.48%,1746,2003,2089,2042.0
1036771,2015-12-19,42,42,VW40-44,49.42%,1882,1853,1866,1860.0
1646899,2015-12-19,45,45,VW45-49,47.55%,2004,0,1914,1906.0
2048645,2015-12-19,51,51,VM50-54,42.19%,2114,1777,1790,1784.0
1063855,2015-12-19,45,45,VM45-49,36.92%,2305,0,1707,1702.0
598715,2015-12-25,52,52,VM50-54,45.27%,1986,1791,1805,1798.0
440770,2015-12-26,16,16,JM15-17,65.34%,1258,1633,1657,1644.0
492000,2015-12-26,47,47,VW45-49,58.98%,1648,1934,1953,1944.0
508021,2015-12-26,51,51,VM50-54,54.13%,1648,1777,1790,1784.0
1625777,2015-12-26,45,45,VW45-49,57.20%,1666,0,1914,1906.0
1036771,2015-12-26,42,42,VW40-44,47.86%,1943,1853,1866,1860.0
1646899,2015-12-26,45,45,VW45-49,47.27%,2016,0,1914,1906.0
598715,2015-12-26,52,52,VM50-54,43.54%,2065,1791,1805,1798.0
2048645,2015-12-26,51,51,VM50-54,33.07%,2697,1777,1790,1784.0
1625777,2016-01-01,45,45,VW45-49,56.79%,1678,0,1914,1906.0
1036771,2016-01-01,42,42,VW40-44,48.61%,1913,1853,1866,1860.0
1646899,2016-01-01,45,45,VW45-49,47.60%,2002,0,1914,1906.0
1063478,2016-01-02,41,41,VM40-44,70.51%,1170,1644,1655,1650.0
1794504,2016-01-02,25,28,SM25-29,46.63%,1660,0,1548,1548.0
1625777,2016-01-02,45,45,VW45-49,54.36%,1753,0,1914,1906.0
1036771,2016-01-02,42,42,VW40-44,47.79%,1946,1853,1866,1860.0
1945581,2016-01-02,42,42,VW40-44,47.59%,1954,1853,1866,1860.0
1646899,2016-01-02,45,45,VW45-49,46.81%,2036,0,1914,1906.0
2048645,2016-01-02,51,51,VM50-54,34.31%,2600,1777,1790,1784.0
972186,2016-01-09,52,52,VM50-54,63.22%,1422,1791,1805,1798.0
2128209,2016-01-09,38,38,VW35-39,55.77%,1628,1811,1819,1816.0
492000,2016-01-09,47,47,VW45-49,58.59%,1659,1934,1953,1944.0
508021,2016-01-09,51,51,VM50-54,49.15%,1815,1777,1790,1784.0
1036771,2016-01-09,42,42,VW40-44,48.01%,1937,1853,1866,1860.0
2048645,2016-01-09,51,51,VM50-54,39.77%,2243,1777,1790,1784.0
1646899,2016-01-09,45,45,VW45-49,41.58%,2292,0,1914,1906.0
1063855,2016-01-09,45,45,VM45-49,35.76%,2380,0,1707,1702.0
972186,2016-01-16,52,52,VM50-54,67.49%,1332,1791,1805,1798.0
492000,2016-01-16,47,47,VW45-49,59.56%,1632,1934,1953,1944.0
508021,2016-01-16,51,51,VM50-54,54.22%,1645,1777,1790,1784.0
1625777,2016-01-16,45,45,VW45-49,56.79%,1678,0,1914,1906.0
1036771,2016-01-16,42,42,VW40-44,50.46%,1843,1853,1866,1860.0
598715,2016-01-16,52,52,VM50-54,48.46%,1855,1791,1805,1798.0
1646899,2016-01-16,45,45,VW45-49,50.66%,1881,0,1914,1906.0
2048645,2016-01-16,51,51,VM50-54,42.48%,2100,1777,1790,1784.0
492000,2016-01-23,45,45,VW45-49,Unknown,1618,0,1914,0.0
508021,2016-01-23,51,51,VM50-54,54.62%,1633,1777,1790,1784.0
1625777,2016-01-23,45,45,VW45-49,57.20%,1666,0,1914,1906.0
1646899,2016-01-23,45,45,VW45-49,48.28%,1974,0,1914,1906.0
1945581,2016-01-23,40,40,VW40-44,Unknown,2060,0,1840,0.0
2048645,2016-01-23,50,50,VM50-54,Unknown,2132,0,1776,0.0
1063478,2016-01-30,42,42,VM40-44,72.64%,1144,1656,1668,1662.0
508021,2016-01-30,51,51,VM50-54,55.99%,1593,1777,1790,1784.0
492000,2016-01-30,47,47,VW45-49,60.83%,1598,1934,1953,1944.0
1625777,2016-01-30,45,45,VW45-49,57.20%,1666,0,1914,1906.0
1036771,2016-01-30,42,42,VW40-44,49.65%,1873,1853,1866,1860.0
1646899,2016-01-30,45,45,VW45-49,47.70%,1998,0,1914,1906.0
598715,2016-01-30,52,52,VM50-54,43.33%,2075,1791,1805,1798.0
1063855,2016-01-30,45,45,VM45-49,36.78%,2314,0,1707,1702.0
1063478,2016-02-06,42,42,VM40-44,73.93%,1124,1656,1668,1662.0
492000,2016-02-06,47,47,VW45-49,59.05%,1646,1934,1953,1944.0
1625777,2016-02-06,45,45,VW45-49,56.03%,1701,0,1914,1906.0
508021,2016-02-06,51,51,VM50-54,52.10%,1712,1777,1790,1784.0
1945581,2016-02-06,42,42,VW40-44,50.79%,1831,1853,1866,1860.0
1036771,2016-02-06,42,42,VW40-44,50.05%,1858,1853,1866,1860.0
1646899,2016-02-06,45,45,VW45-49,50.56%,1885,0,1914,1906.0
1063478,2016-02-13,42,42,VM40-44,69.08%,1203,1656,1668,1662.0
598715,2016-02-13,52,52,VM50-54,57.41%,1566,1791,1805,1798.0
492000,2016-02-13,47,47,VW45-49,59.89%,1623,1934,1953,1944.0
2048645,2016-02-13,51,51,VM50-54,54.22%,1645,1777,1790,1784.0
508021,2016-02-13,51,51,VM50-54,53.86%,1656,1777,1790,1784.0
1625777,2016-02-13,45,45,VW45-49,48.85%,1951,0,1914,1906.0
1063855,2016-02-13,45,45,VM45-49,37.36%,2278,0,1707,1702.0
1063478,2016-02-20,40,40,VM40-44,Unknown,1113,0,1643,0.0
2048645,2016-02-20,51,51,VM50-54,54.49%,1637,1777,1790,1784.0
1794504,2016-02-20,25,28,SM25-29,46.51%,1664,0,1548,1548.0
492000,2016-02-20,47,47,VW45-49,57.55%,1689,1934,1953,1944.0
508021,2016-02-20,51,51,VM50-54,50.94%,1751,1777,1790,1784.0
598715,2016-02-20,52,52,VM50-54,50.00%,1798,1791,1805,1798.0
1646899,2016-02-20,45,45,VW45-49,50.75%,1878,0,1914,1906.0
1036771,2016-02-20,42,42,VW40-44,48.44%,1920,1853,1866,1860.0
2048645,2016-02-27,51,51,VM50-54,54.93%,1624,1777,1790,1784.0
492000,2016-02-27,47,47,VW45-49,59.67%,1629,1934,1953,1944.0
508021,2016-02-27,51,51,VM50-54,53.93%,1654,1777,1790,1784.0
1625777,2016-02-27,46,46,VW45-49,57.23%,1681,1915,1933,1924.0
1036771,2016-02-27,42,42,VW40-44,49.60%,1875,1853,1866,1860.0
1646899,2016-02-27,45,45,VW45-49,50.64%,1882,0,1914,1906.0
1063478,2016-03-05,42,42,VM40-44,75.41%,1102,1656,1668,1662.0
1625777,2016-03-05,46,46,VW45-49,57.40%,1676,1915,1933,1924.0
598715,2016-03-05,52,52,VM50-54,50.42%,1783,1791,1805,1798.0
1036771,2016-03-05,42,42,VW40-44,51.10%,1820,1853,1866,1860.0
1063478,2016-03-12,40,40,VM40-44,Unknown,1119,0,1643,0.0
2048645,2016-03-12,51,51,VM50-54,55.20%,1616,1777,1790,1784.0
492000,2016-03-12,47,47,VW45-49,59.85%,1624,1934,1953,1944.0
508021,2016-03-12,51,51,VM50-54,54.13%,1648,1777,1790,1784.0
1036771,2016-03-12,42,42,VW40-44,52.36%,1776,1853,1866,1860.0
1646899,2016-03-12,45,45,VW45-49,41.76%,2282,0,1914,1906.0
1063855,2016-03-12,45,45,VM45-49,Unknown,2302,0,1707,0.0
508021,2016-03-19,51,51,VM50-54,57.73%,1545,1777,1790,1784.0
2128209,2016-03-19,12,12,JM11-14,57.66%,1547,1763,1810,1784.0
492000,2016-03-19,47,47,VW45-49,62.75%,1549,1934,1953,1944.0
2048645,2016-03-19,51,51,VM50-54,55.75%,1600,1777,1790,1784.0
1794504,2016-03-19,25,28,SM25-29,48.38%,1600,0,1548,1548.0
1625777,2016-03-19,46,46,VW45-49,58.95%,1632,1915,1933,1924.0
1036771,2016-03-19,42,42,VW40-44,52.54%,1770,1853,1866,1860.0
440770,2016-03-26,16,16,JM15-17,61.62%,1334,1633,1657,1644.0
2048645,2016-03-26,51,51,VM50-54,56.56%,1577,1777,1790,1784.0
1029873,2016-03-26,9,9,JM10,55.36%,1772,1929,2002,1962.0
1036771,2016-03-26,43,43,VW40-44,51.94%,1804,1867,1880,1874.0
598715,2016-03-26,52,52,VM50-54,48.83%,1841,1791,1805,1798.0
1646899,2016-03-26,45,45,VW45-49,51.65%,1845,0,1914,1906.0
517629,2016-03-26,17,17,JW15-17,Unknown,2244,0,1825,0.0
1063855,2016-03-26,45,45,VM45-49,37.64%,2261,0,1707,1702.0
1063478,2016-04-02,42,42,VM40-44,75.20%,1105,1656,1668,1662.0
2048645,2016-04-02,51,51,VM50-54,56.38%,1582,1777,1790,1784.0
492000,2016-04-02,47,47,VW45-49,61.40%,1583,1934,1953,1944.0
508021,2016-04-02,51,51,VM50-54,55.78%,1599,1777,1790,1784.0
1794504,2016-04-02,25,28,SM25-29,48.34%,1601,0,1548,1548.0
1625777,2016-04-02,46,46,VW45-49,58.34%,1649,1915,1933,1924.0
1036771,2016-04-02,43,43,VW40-44,52.26%,1793,1867,1880,1874.0
1646899,2016-04-02,45,45,VW45-49,51.85%,1838,0,1914,1906.0
1063478,2016-04-09,40,40,VM40-44,Unknown,1090,0,1643,0.0
440770,2016-04-09,17,17,JM15-17,Unknown,1228,0,1632,0.0
2048645,2016-04-09,51,51,VM50-54,57.14%,1561,1777,1790,1784.0
1036771,2016-04-09,43,43,VW40-44,52.82%,1774,1867,1880,1874.0
517629,2016-04-09,15,15,JW15-17,46.48%,2001,1849,2860,1860.0
1625777,2016-04-09,46,46,VW45-49,44.45%,2164,1915,1933,1924.0
1794504,2016-04-09,25,28,SM25-29,33.30%,2324,0,1548,1548.0
1063478,2016-04-16,40,40,VM40-44,Unknown,1097,0,1643,0.0
1794504,2016-04-16,25,28,SM25-29,48.38%,1600,0,1548,1548.0
2048645,2016-04-16,51,51,VM50-54,55.58%,1605,1777,1790,1784.0
1625777,2016-04-16,45,45,VW45-49,Unknown,1638,0,1914,0.0
508021,2016-04-16,50,50,VM50-54,Unknown,1680,0,1776,0.0
492000,2016-04-16,45,45,VW45-49,Unknown,1682,0,1914,0.0
1036771,2016-04-16,43,43,VW40-44,52.11%,1798,1867,1880,1874.0
1646899,2016-04-16,45,45,VW45-49,50.75%,1878,0,1914,1906.0
1063855,2016-04-16,45,45,VM45-49,35.64%,2388,0,1707,1702.0
598715,2016-04-23,52,52,VM50-54,63.71%,1411,1791,1805,1798.0
2048645,2016-04-23,51,51,VM50-54,58.38%,1528,1777,1790,1784.0
1794504,2016-04-23,25,28,SM25-29,33.67%,2299,0,1548,1548.0
1063855,2016-04-23,45,45,VM45-49,36.41%,2337,0,1707,1702.0
598715,2016-04-30,52,52,VM50-54,63.09%,1425,1791,1805,1798.0
1794504,2016-04-30,25,28,SM25-29,51.12%,1514,0,1548,1548.0
2048645,2016-04-30,51,51,VM50-54,58.38%,1528,1777,1790,1784.0
1625777,2016-04-30,46,46,VW45-49,60.47%,1591,1915,1933,1924.0
508021,2016-04-30,51,51,VM50-54,54.22%,1645,1777,1790,1784.0
492000,2016-04-30,47,47,VW45-49,59.05%,1646,1934,1953,1944.0
1646899,2016-04-30,45,45,VW45-49,53.39%,1785,0,1914,1906.0
598715,2016-05-07,52,52,VM50-54,65.33%,1376,1791,1805,1798.0
2048645,2016-05-07,52,52,VM50-54,58.41%,1539,1791,1805,1798.0
1625777,2016-05-07,46,46,VW45-49,58.37%,1648,1915,1933,1924.0
508021,2016-05-07,51,51,VM50-54,53.77%,1659,1777,1790,1784.0
492000,2016-05-07,48,48,VW45-49,59.16%,1660,1954,1975,1964.0
1646899,2016-05-07,45,45,VW45-49,52.22%,1825,0,1914,1906.0
1794504,2016-05-07,25,28,SM25-29,41.04%,1886,0,1548,1548.0
267361,2016-05-07,55,55,VW55-59,56.63%,1893,0,2157,2144.0
2048645,2016-05-14,52,52,VM50-54,60.05%,1497,1791,1805,1798.0
1625777,2016-05-14,46,46,VW45-49,60.66%,1586,1915,1933,1924.0
492000,2016-05-14,48,48,VW45-49,61.38%,1600,1954,1975,1964.0
508021,2016-05-14,51,51,VM50-54,53.90%,1655,1777,1790,1784.0
267361,2016-05-14,45,45,VW45-49,53.69%,1775,0,1914,1906.0
1036771,2016-05-14,43,43,VW40-44,51.37%,1824,1867,1880,1874.0
598715,2016-05-14,52,52,VM50-54,46.75%,1923,1791,1805,1798.0
1063855,2016-05-14,45,45,VM45-49,40.35%,2109,0,1707,1702.0
1646899,2016-05-14,45,45,VW45-49,41.71%,2285,0,1914,1906.0
1794504,2016-05-21,25,28,SM25-29,55.76%,1388,0,1548,1548.0
2048645,2016-05-21,52,52,VM50-54,59.34%,1515,1791,1805,1798.0
1029873,2016-05-21,9,9,JM10,64.24%,1527,1929,2002,1962.0
1625777,2016-05-21,46,46,VW45-49,62.02%,1551,1915,1933,1924.0
508021,2016-05-21,51,51,VM50-54,56.31%,1584,1777,1790,1784.0
492000,2016-05-21,48,48,VW45-49,58.04%,1692,1954,1975,1964.0
1036771,2016-05-21,43,43,VW40-44,32.20%,2910,1867,1880,1874.0
1063478,2016-05-28,40,40,VM40-44,Unknown,1084,0,1643,0.0
1794504,2016-05-28,25,28,SM25-29,56.25%,1376,0,1548,1548.0
598715,2016-05-28,52,52,VM50-54,62.09%,1448,1791,1805,1798.0
2048645,2016-05-28,52,52,VM50-54,61.07%,1472,1791,1805,1798.0
1029873,2016-05-28,9,9,JM10,60.30%,1627,1929,2002,1962.0
492000,2016-05-28,45,45,VW45-49,Unknown,1632,0,1914,0.0
1625777,2016-05-28,46,46,VW45-49,56.39%,1706,1915,1933,1924.0
508021,2016-05-28,51,51,VM50-54,49.80%,1791,1777,1790,1784.0
267361,2016-05-28,55,55,VW55-59,59.36%,1806,0,2157,2144.0
2048645,2016-06-04,52,52,VM50-54,61.53%,1461,1791,1805,1798.0
1029873,2016-06-04,9,9,JM10,64.92%,1511,1929,2002,1962.0
1625777,2016-06-04,46,46,VW45-49,60.28%,1596,1915,1933,1924.0
492000,2016-06-04,48,48,VW45-49,61.30%,1602,1954,1975,1964.0
1036771,2016-06-04,43,43,VW40-44,53.39%,1755,1867,1880,1874.0
1063855,2016-06-04,45,45,VM45-49,39.58%,2150,0,1707,1702.0
2048645,2016-06-11,52,52,VM50-54,61.62%,1459,1791,1805,1798.0
1625777,2016-06-11,46,46,VW45-49,56.32%,1708,1915,1933,1924.0
1646899,2016-06-11,45,45,VW45-49,41.45%,2299,0,1914,1906.0
1036771,2016-06-11,43,43,VW40-44,27.25%,3438,1867,1880,1874.0
2048645,2016-06-18,52,52,VM50-54,60.58%,1484,1791,1805,1798.0
508021,2016-06-18,51,51,VM50-54,56.07%,1591,1777,1790,1784.0
492000,2016-06-18,48,48,VW45-49,61.53%,1596,1954,1975,1964.0
1036771,2016-06-18,43,43,VW40-44,52.40%,1788,1867,1880,1874.0
1794504,2016-06-18,25,28,SM25-29,42.88%,1805,0,1548,1548.0
1646899,2016-06-18,45,45,VW45-49,51.79%,1840,0,1914,1906.0
1063478,2016-06-25,42,42,VM40-44,75.89%,1095,1656,1668,1662.0
1794504,2016-06-25,25,28,SM25-29,52.30%,1480,0,1548,1548.0
508021,2016-06-25,51,51,VM50-54,56.82%,1570,1777,1790,1784.0
1625777,2016-06-25,46,46,VW45-49,61.04%,1576,1915,1933,1924.0
492000,2016-06-25,48,48,VW45-49,59.12%,1661,1954,1975,1964.0
1036771,2016-06-25,43,43,VW40-44,52.29%,1792,1867,1880,1874.0
1646899,2016-06-25,45,45,VW45-49,46.33%,2057,0,1914,1906.0
1063855,2016-06-25,45,45,VM45-49,38.63%,2203,0,1707,1702.0
598715,2016-06-25,52,52,VM50-54,29.66%,3031,1791,1805,1798.0
440770,2016-07-02,16,16,JM15-17,59.91%,1372,1633,1657,1644.0
1794504,2016-07-02,25,28,SM25-29,54.85%,1411,0,1548,1548.0
2048645,2016-07-02,52,52,VM50-54,60.21%,1493,1791,1805,1798.0
1029873,2016-07-02,9,9,JM10,64.54%,1520,1929,2002,1962.0
1625777,2016-07-02,46,46,VW45-49,61.51%,1564,1915,1933,1924.0
598715,2016-07-02,52,52,VM50-54,48.44%,1856,1791,1805,1798.0
517629,2016-07-02,15,15,JW15-17,46.95%,1981,1849,2860,1860.0
2048645,2016-07-09,52,52,VM50-54,60.30%,1491,1791,1805,1798.0
1036771,2016-07-09,43,43,VW40-44,51.03%,1836,1867,1880,1874.0
1029873,2016-07-09,9,9,JM10,51.25%,1914,1929,2002,1962.0
1794504,2016-07-16,29,29,SM25-29,54.96%,1410,1549,2500,1550.0
2048645,2016-07-16,52,52,VM50-54,57.74%,1557,1791,1805,1798.0
1029873,2016-07-16,9,9,JM10,62.05%,1581,1929,2002,1962.0
1625777,2016-07-16,46,46,VW45-49,59.79%,1609,1915,1933,1924.0
598715,2016-07-16,52,52,VM50-54,55.53%,1619,1791,1805,1798.0
508021,2016-07-16,51,51,VM50-54,52.22%,1708,1777,1790,1784.0
492000,2016-07-16,48,48,VW45-49,57.43%,1710,1954,1975,1964.0
2048645,2016-07-23,52,52,VM50-54,57.93%,1552,1791,1805,1798.0
598715,2016-07-23,52,52,VM50-54,51.49%,1746,1791,1805,1798.0
1625777,2016-07-23,46,46,VW45-49,53.30%,1805,1915,1933,1924.0
2477618,2016-07-23,36,36,VM35-39,43.40%,1834,1587,1596,1592.0
2048645,2016-07-30,52,52,VM50-54,59.38%,1514,1791,1805,1798.0
1625777,2016-07-30,46,46,VW45-49,61.23%,1571,1915,1933,1924.0
508021,2016-07-30,51,51,VM50-54,54.56%,1635,1777,1790,1784.0
492000,2016-07-30,48,48,VW45-49,58.45%,1680,1954,1975,1964.0
1036771,2016-07-30,43,43,VW40-44,49.58%,1890,1867,1880,1874.0
267361,2016-07-30,55,55,VW55-59,54.36%,1972,0,2157,2144.0
1646899,2016-07-30,45,45,VW45-49,46.69%,2041,0,1914,1906.0
1063855,2016-07-30,45,45,VM45-49,38.25%,2225,0,1707,1702.0
2048645,2016-08-06,52,52,VM50-54,58.99%,1524,1791,1805,1798.0
508021,2016-08-06,51,51,VM50-54,53.57%,1665,1777,1790,1784.0
2477618,2016-08-06,36,36,VM35-39,47.64%,1671,1587,1596,1592.0
492000,2016-08-06,48,48,VW45-49,58.31%,1684,1954,1975,1964.0
598715,2016-08-06,52,52,VM50-54,51.25%,1754,1791,1805,1798.0
1646899,2016-08-06,45,45,VW45-49,46.53%,2048,0,1914,1906.0
2048645,2016-08-13,52,52,VM50-54,57.74%,1557,1791,1805,1798.0
2477618,2016-08-13,36,36,VM35-39,50.80%,1567,1587,1596,1592.0
1646899,2016-08-13,45,45,VW45-49,42.70%,2232,0,1914,1906.0
1794504,2016-08-20,29,29,SM25-29,49.05%,1580,1549,2500,1550.0
508021,2016-08-20,51,51,VM50-54,53.22%,1676,1777,1790,1784.0
492000,2016-08-20,48,48,VW45-49,58.38%,1682,1954,1975,1964.0
2477618,2016-08-20,36,36,VM35-39,38.00%,2095,1587,1596,1592.0
1794504,2016-08-27,29,29,SM25-29,52.08%,1488,1549,2500,1550.0
2477618,2016-08-27,36,36,VM35-39,49.44%,1610,1587,1596,1592.0
508021,2016-08-27,52,52,VM50-54,53.16%,1691,1791,1805,1798.0
492000,2016-08-27,48,48,VW45-49,57.70%,1702,1954,1975,1964.0
598715,2016-08-27,52,52,VM50-54,51.52%,1745,1791,1805,1798.0
1646899,2016-08-27,45,45,VW45-49,46.13%,2066,0,1914,1906.0
1063478,2016-09-03,42,42,VM40-44,69.54%,1195,1656,1668,1662.0
598715,2016-09-03,52,52,VM50-54,62.30%,1443,1791,1805,1798.0
2048645,2016-09-03,52,52,VM50-54,57.04%,1576,1791,1805,1798.0
2477618,2016-09-03,36,36,VM35-39,50.48%,1577,1587,1596,1592.0
508021,2016-09-03,52,52,VM50-54,55.09%,1632,1791,1805,1798.0
492000,2016-09-03,48,48,VW45-49,59.44%,1652,1954,1975,1964.0
1625777,2016-09-03,46,46,VW45-49,57.54%,1672,1915,1933,1924.0
1036771,2016-09-03,43,43,VW40-44,48.88%,1917,1867,1880,1874.0
2048645,2016-09-10,52,52,VM50-54,52.15%,1724,1791,1805,1798.0
598715,2016-09-10,52,52,VM50-54,50.76%,1771,1791,1805,1798.0
508021,2016-09-10,52,52,VM50-54,48.99%,1835,1791,1805,1798.0
492000,2016-09-10,48,48,VW45-49,53.22%,1845,1954,1975,1964.0
1036771,2016-09-10,43,43,VW40-44,49.95%,1876,1867,1880,1874.0
1186706,2016-09-10,12,12,JW11-14,51.23%,1907,1936,1975,1954.0
1625777,2016-09-10,46,46,VW45-49,47.02%,2046,1915,1933,1924.0
1646899,2016-09-10,45,45,VW45-49,41.74%,2283,0,1914,1906.0
1794504,2016-09-17,29,29,SM25-29,55.88%,1387,1549,2500,1550.0
2048645,2016-09-17,52,52,VM50-54,55.80%,1611,1791,1805,1798.0
508021,2016-09-17,52,52,VM50-54,52.18%,1723,1791,1805,1798.0
492000,2016-09-17,48,48,VW45-49,56.96%,1724,1954,1975,1964.0
2477618,2016-09-17,36,36,VM35-39,43.74%,1820,1587,1596,1592.0
1036771,2016-09-17,43,43,VW40-44,50.92%,1840,1867,1880,1874.0
1063855,2016-09-17,45,45,VM45-49,37.94%,2243,0,1707,1702.0
1063478,2016-09-24,42,42,VM40-44,72.39%,1148,1656,1668,1662.0
1794504,2016-09-24,29,29,SM25-29,55.80%,1389,1549,2500,1550.0
598715,2016-09-24,52,52,VM50-54,59.42%,1513,1791,1805,1798.0
2477618,2016-09-24,36,36,VM35-39,52.47%,1517,1587,1596,1592.0
1036771,2016-09-24,43,43,VW40-44,50.51%,1855,1867,1880,1874.0
267361,2016-09-24,55,55,VW55-59,52.50%,2042,0,2157,2144.0
1063855,2016-09-24,45,45,VM45-49,37.72%,2256,0,1707,1702.0
1794504,2016-10-01,29,29,SM25-29,58.05%,1335,1549,2500,1550.0
1186706,2016-10-01,12,12,JW11-14,59.32%,1647,1936,1975,1954.0
1036771,2016-10-01,43,43,VW40-44,52.06%,1800,1867,1880,1874.0
598715,2016-10-01,52,52,VM50-54,45.75%,1965,1791,1805,1798.0
2048645,2016-10-01,52,52,VM50-54,45.18%,1990,1791,1805,1798.0
1794504,2016-10-08,29,29,SM25-29,59.80%,1296,1549,2500,1550.0
1186706,2016-10-08,12,12,JW11-14,61.45%,1590,1936,1975,1954.0
1625777,2016-10-08,46,46,VW45-49,58.80%,1636,1915,1933,1924.0
598715,2016-10-08,52,52,VM50-54,53.54%,1679,1791,1805,1798.0
2048645,2016-10-08,52,52,VM50-54,46.65%,1927,1791,1805,1798.0
1646899,2016-10-08,45,45,VW45-49,47.06%,2025,0,1914,1906.0
1794504,2016-10-15,29,29,SM25-29,57.15%,1356,1549,2500,1550.0
1625777,2016-10-15,46,46,VW45-49,61.71%,1559,1915,1933,1924.0
1063855,2016-10-15,45,45,VM45-49,35.52%,2396,0,1707,1702.0
2048645,2016-10-22,52,52,VM50-54,47.02%,1912,1791,1805,1798.0
1646899,2016-10-22,45,45,VW45-49,45.84%,2079,0,1914,1906.0
1063855,2016-10-22,45,45,VM45-49,38.26%,2224,0,1707,1702.0
1794504,2016-10-29,29,29,SM25-29,55.20%,1404,1549,2500,1550.0
2048645,2016-10-29,52,52,VM50-54,54.06%,1663,1791,1805,1798.0
1646899,2016-10-29,45,45,VW45-49,47.89%,1990,0,1914,1906.0
1794504,2016-11-05,29,29,SM25-29,55.92%,1386,1549,2500,1550.0
1036771,2016-11-05,43,43,VW40-44,48.93%,1915,1867,1880,1874.0
1646899,2016-11-05,45,45,VW45-49,47.87%,1991,0,1914,1906.0
440770,2016-11-12,17,17,JM15-17,62.45%,1297,0,1632,1620.0
1794504,2016-11-12,29,29,SM25-29,47.23%,1641,1549,2500,1550.0
1063855,2016-11-12,45,45,VM45-49,39.16%,2173,0,1707,1702.0
1794504,2016-11-19,29,29,SM25-29,55.36%,1400,1549,2500,1550.0
2048645,2016-11-19,52,52,VM50-54,45.13%,1992,1791,1805,1798.0
1646899,2016-11-19,45,45,VW45-49,46.49%,2050,0,1914,1906.0
1036771,2016-11-19,43,43,VW40-44,31.12%,3011,1867,1880,1874.0
1794504,2016-11-26,29,29,SM25-29,56.82%,1364,1549,2500,1550.0
2048645,2016-11-26,52,52,VM50-54,56.65%,1587,1791,1805,1798.0
1646899,2016-11-26,45,45,VW45-49,50.40%,1891,0,1914,1906.0
1794504,2016-12-03,29,29,SM25-29,55.60%,1394,1549,2500,1550.0
598715,2016-12-03,53,53,VM50-54,62.77%,1445,1806,1820,1814.0
2048645,2016-12-03,52,52,VM50-54,47.34%,1899,1791,1805,1798.0
1646899,2016-12-03,45,45,VW45-49,42.66%,2234,0,1914,1906.0
1063855,2016-12-03,46,46,VM45-49,38.31%,2237,1708,1720,1714.0
1794504,2016-12-10,29,29,SM25-29,57.58%,1346,1549,2500,1550.0
598715,2016-12-10,53,53,VM50-54,62.42%,1453,1806,1820,1814.0
1625777,2016-12-10,46,46,VW45-49,57.57%,1671,1915,1933,1924.0
1029873,2016-12-10,9,9,JM10,56.25%,1744,1929,2002,1962.0
2048645,2016-12-10,52,52,VM50-54,47.14%,1907,1791,1805,1798.0
1646899,2016-12-10,45,45,VW45-49,42.47%,2244,0,1914,1906.0
1646899,2016-12-17,45,45,VW45-49,49.97%,1907,0,1914,1906.0
1063855,2016-12-17,46,46,VM45-49,37.08%,2311,1708,1720,1714.0
2048645,2016-12-24,52,52,VM50-54,52.70%,1706,1791,1805,1798.0
2128209,2016-12-24,13,13,JM11-14,49.21%,1768,1722,1762,1740.0
440770,2016-12-25,17,17,JM15-17,50.59%,1601,0,1632,1620.0
598715,2016-12-25,53,53,VM50-54,55.54%,1633,1806,1820,1814.0
1230091,2016-12-25,56,56,VW55-59,49.57%,2191,2158,2186,2172.0
492000,2016-12-31,48,48,VW45-49,61.80%,1589,1954,1975,1964.0
508021,2016-12-31,52,52,VM50-54,52.42%,1715,1791,1805,1798.0
598715,2016-12-31,53,53,VM50-54,50.14%,1809,1806,1820,1814.0
1646899,2016-12-31,46,46,VW45-49,49.38%,1948,1915,1933,1924.0
1036771,2016-12-31,43,43,VW40-44,45.42%,2063,1867,1880,1874.0
2048645,2016-12-31,52,52,VM50-54,42.71%,2105,1791,1805,1798.0
1063478,2017-01-01,42,42,VM40-44,72.51%,1146,1656,1668,1662.0
440770,2017-01-01,17,17,JM15-17,58.74%,1379,0,1632,1620.0
1794504,2017-01-01,29,29,SM25-29,52.79%,1468,1549,2500,1550.0
598715,2017-01-01,53,53,VM50-54,50.42%,1799,1806,1820,1814.0
1036771,2017-01-01,43,43,VW40-44,45.73%,2049,1867,1880,1874.0
517629,2017-01-01,15,15,JW15-17,44.99%,2067,1849,2860,1860.0
1646899,2017-01-01,46,46,VW45-49,41.75%,2304,1915,1933,1924.0
1794504,2017-01-07,29,29,SM25-29,54.69%,1417,1549,2500,1550.0
2048645,2017-01-07,52,52,VM50-54,52.51%,1712,1791,1805,1798.0
2477618,2017-01-07,37,37,VM35-39,45.80%,1749,1597,1607,1602.0
1036771,2017-01-07,43,43,VW40-44,49.16%,1906,1867,1880,1874.0
1063855,2017-01-07,46,46,VM45-49,37.94%,2259,1708,1720,1714.0
1794504,2017-01-14,29,29,SM25-29,51.60%,1502,1549,2500,1550.0
2477618,2017-01-14,37,37,VM35-39,50.99%,1571,1597,1607,1602.0
598715,2017-01-14,53,53,VM50-54,44.77%,2026,1806,1820,1814.0
1036771,2017-01-14,43,43,VW40-44,44.01%,2129,1867,1880,1874.0
1646899,2017-01-14,46,46,VW45-49,44.62%,2156,1915,1933,1924.0
1063855,2017-01-14,46,46,VM45-49,38.83%,2207,1708,1720,1714.0
1794504,2017-01-21,29,29,SM25-29,44.72%,1733,1549,2500,1550.0
1625777,2017-01-21,46,46,VW45-49,55.19%,1743,1915,1933,1924.0
2048645,2017-01-21,52,52,VM50-54,49.31%,1823,1791,1805,1798.0
1646899,2017-01-21,46,46,VW45-49,49.97%,1925,1915,1933,1924.0
598715,2017-01-21,53,53,VM50-54,46.16%,1965,1806,1820,1814.0
1036771,2017-01-21,43,43,VW40-44,46.66%,2008,1867,1880,1874.0
1063855,2017-01-21,46,46,VM45-49,39.19%,2187,1708,1720,1714.0
1794504,2017-01-28,29,29,SM25-29,56.90%,1362,1549,2500,1550.0
1036771,2017-01-28,43,43,VW40-44,47.83%,1959,1867,1880,1874.0
1794504,2017-02-04,29,29,SM25-29,58.80%,1318,1549,2500,1550.0
598715,2017-02-04,53,53,VM50-54,50.61%,1792,1806,1820,1814.0
2048645,2017-02-04,52,52,VM50-54,45.84%,1961,1791,1805,1798.0
1036771,2017-02-04,43,43,VW40-44,47.68%,1965,1867,1880,1874.0
1646899,2017-02-04,46,46,VW45-49,47.00%,2047,1915,1933,1924.0
1794504,2017-02-11,29,29,SM25-29,56.57%,1370,1549,2500,1550.0
598715,2017-02-11,53,53,VM50-54,57.04%,1590,1806,1820,1814.0
1036771,2017-02-11,43,43,VW40-44,49.73%,1884,1867,1880,1874.0
1794504,2017-02-18,29,29,SM25-29,58.62%,1322,1549,2500,1550.0
598715,2017-02-18,53,53,VM50-54,57.77%,1570,1806,1820,1814.0
1036771,2017-02-18,43,43,VW40-44,48.68%,1925,1867,1880,1874.0
1646899,2017-02-18,46,46,VW45-49,44.89%,2143,1915,1933,1924.0
3039969,2017-02-18,15,15,JW15-17,37.70%,2467,1849,2860,1860.0
1063478,2017-02-25,40,40,VM40-44,Unknown,1088,0,1643,0.0
1794504,2017-02-25,29,29,SM25-29,52.83%,1467,1549,2500,1550.0
949684,2017-02-25,45,45,VM45-49,Unknown,1488,0,1707,0.0
1646899,2017-02-25,46,46,VW45-49,50.21%,1916,1915,1933,1924.0
1036771,2017-02-25,43,43,VW40-44,34.37%,2726,1867,1880,1874.0
1794504,2017-03-04,29,29,SM25-29,51.84%,1495,1549,2500,1550.0
492000,2017-03-04,45,45,VW45-49,Unknown,1562,0,1914,0.0
2048645,2017-03-04,52,52,VM50-54,53.35%,1685,1791,1805,1798.0
1646899,2017-03-04,45,45,VW45-49,Unknown,2060,0,1914,0.0
1063855,2017-03-04,46,46,VM45-49,38.24%,2241,1708,1720,1714.0
598715,2017-03-04,53,53,VM50-54,33.21%,2731,1806,1820,1814.0
1036771,2017-03-04,43,43,VW40-44,27.78%,3373,1867,1880,1874.0
1794504,2017-03-11,29,29,SM25-29,56.65%,1368,1549,2500,1550.0
2048645,2017-03-11,52,52,VM50-54,55.09%,1632,1791,1805,1798.0
1646899,2017-03-11,46,46,VW45-49,50.77%,1895,1915,1933,1924.0
1063855,2017-03-11,46,46,VM45-49,39.88%,2149,1708,1720,1714.0
1036771,2017-03-11,43,43,VW40-44,33.05%,2835,1867,1880,1874.0
2048645,2017-03-18,52,52,VM50-54,55.15%,1630,1791,1805,1798.0
598715,2017-03-18,53,53,VM50-54,51.86%,1749,1806,1820,1814.0
1063855,2017-03-18,46,46,VM45-49,38.41%,2231,1708,1720,1714.0
1036771,2017-03-18,43,43,VW40-44,36.50%,2567,1867,1880,1874.0
1063478,2017-03-25,43,43,VM40-44,80.04%,1047,1669,1681,1676.0
1794504,2017-03-25,29,29,SM25-29,55.32%,1401,1549,2500,1550.0
2048645,2017-03-25,52,52,VM50-54,54.52%,1649,1791,1805,1798.0
1646899,2017-03-25,46,46,VW45-49,49.54%,1942,1915,1933,1924.0
1036771,2017-03-25,44,44,VW40-44,32.00%,2950,1881,2888,1888.0
1794504,2017-04-01,29,29,SM25-29,59.48%,1303,1549,2500,1550.0
2048645,2017-04-01,52,52,VM50-54,56.05%,1604,1791,1805,1798.0
1646899,2017-04-01,46,46,VW45-49,49.08%,1960,1915,1933,1924.0
1063478,2017-04-08,43,43,VM40-44,80.35%,1043,1669,1681,1676.0
1794504,2017-04-08,29,29,SM25-29,59.62%,1300,1549,2500,1550.0
2048645,2017-04-08,52,52,VM50-54,56.05%,1604,1791,1805,1798.0
598715,2017-04-08,53,53,VM50-54,54.15%,1675,1806,1820,1814.0
1646899,2017-04-08,46,46,VW45-49,44.77%,2149,1915,1933,1924.0
1036771,2017-04-08,44,44,VW40-44,31.14%,3031,1881,2888,1888.0
1625777,2017-04-15,47,47,VW45-49,57.55%,1689,1934,1953,1944.0
1036771,2017-04-15,44,44,VW40-44,34.82%,2711,1881,2888,1888.0
598715,2017-04-15,53,53,VM50-54,30.14%,3009,1806,1820,1814.0
2048645,2017-04-22,52,52,VM50-54,57.19%,1572,1791,1805,1798.0
1646899,2017-04-22,46,46,VW45-49,47.09%,2043,1915,1933,1924.0
1063855,2017-04-22,46,46,VM45-49,39.19%,2187,1708,1720,1714.0
1036771,2017-04-22,44,44,VW40-44,29.84%,3164,1881,2888,1888.0
2477618,2017-04-29,34,34,SM30-34,52.82%,1490,1570,2574,1574.0
1794504,2017-04-29,29,29,SM25-29,51.16%,1515,1549,2500,1550.0
2048645,2017-04-29,52,52,VM50-54,57.67%,1559,1791,1805,1798.0
1646899,2017-04-29,46,46,VW45-49,49.13%,1958,1915,1933,1924.0
1036771,2017-04-29,44,44,VW40-44,30.82%,3063,1881,2888,1888.0
1794504,2017-05-06,29,29,SM25-29,49.74%,1558,1549,2500,1550.0
2048645,2017-05-06,53,53,VM50-54,57.81%,1569,1806,1820,1814.0
1646899,2017-05-06,46,46,VW45-49,46.81%,2055,1915,1933,1924.0
1063855,2017-05-06,46,46,VM45-49,38.62%,2219,1708,1720,1714.0
3039969,2017-05-06,12,12,JW11-14,36.72%,2661,1936,1975,1954.0
3477039,2017-05-06,10,10,JW10,36.91%,2774,0,2077,2048.0
1036771,2017-05-06,44,44,VW40-44,31.20%,3026,1881,2888,1888.0
1794504,2017-05-13,29,29,SM25-29,55.80%,1389,1549,2500,1550.0
2048645,2017-05-13,53,53,VM50-54,56.72%,1599,1806,1820,1814.0
1945581,2017-05-13,43,43,VW40-44,47.66%,1966,1867,1880,1874.0
598715,2017-05-13,53,53,VM50-54,44.46%,2040,1806,1820,1814.0
1036771,2017-05-13,44,44,VW40-44,33.22%,2842,1881,2888,1888.0
2477618,2017-05-20,34,34,SM30-34,50.51%,1558,1570,2574,1574.0
598715,2017-05-20,53,53,VM50-54,40.31%,2250,1806,1820,1814.0
1036771,2017-05-20,44,44,VW40-44,41.92%,2252,1881,2888,1888.0
3039969,2017-05-20,12,12,JW11-14,41.43%,2358,1936,1975,1954.0
2048645,2017-05-27,53,53,VM50-54,46.82%,1937,1806,1820,1814.0
1882503,2017-05-27,58,58,VW55-59,48.27%,2312,2217,2247,2232.0
2477618,2017-06-03,34,34,SM30-34,41.95%,1876,1570,2574,1574.0
2048645,2017-06-03,53,53,VM50-54,46.32%,1958,1806,1820,1814.0
1646899,2017-06-03,46,46,VW45-49,43.00%,2237,1915,1933,1924.0
1036771,2017-06-03,44,44,VW40-44,41.70%,2264,1881,2888,1888.0
598715,2017-06-10,53,53,VM50-54,56.94%,1593,1806,1820,1814.0
2048645,2017-06-10,53,53,VM50-54,56.09%,1617,1806,1820,1814.0
2477618,2017-06-10,34,34,SM30-34,43.15%,1824,1570,2574,1574.0
1945581,2017-06-10,43,43,VW40-44,51.31%,1826,1867,1880,1874.0
1036771,2017-06-10,44,44,VW40-44,42.91%,2200,1881,2888,1888.0
2048645,2017-06-17,53,53,VM50-54,56.58%,1603,1806,1820,1814.0
2477618,2017-06-17,34,34,SM30-34,44.19%,1781,1570,2574,1574.0
598715,2017-06-17,53,53,VM50-54,47.02%,1929,1806,1820,1814.0
1036771,2017-06-17,44,44,VW40-44,43.26%,2182,1881,2888,1888.0
2048645,2017-06-24,53,53,VM50-54,57.73%,1571,1806,1820,1814.0
1036771,2017-06-24,44,44,VW40-44,44.93%,2101,1881,2888,1888.0
1646899,2017-06-24,46,46,VW45-49,44.89%,2143,1915,1933,1924.0
598715,2017-06-24,53,53,VM50-54,42.26%,2146,1806,1820,1814.0
1063855,2017-06-24,46,46,VM45-49,35.60%,2407,1708,1720,1714.0
2477618,2017-07-01,34,34,SM30-34,52.85%,1489,1570,2574,1574.0
1794504,2017-07-01,29,29,SM25-29,38.67%,2004,1549,2500,1550.0
1036771,2017-07-01,44,44,VW40-44,44.61%,2116,1881,2888,1888.0
3039969,2017-07-01,12,12,JW11-14,33.90%,2882,1936,1975,1954.0
1063478,2017-07-08,43,43,VM40-44,69.95%,1198,1669,1681,1676.0
2477618,2017-07-08,34,34,SM30-34,44.56%,1766,1570,2574,1574.0
1036771,2017-07-08,44,44,VW40-44,46.46%,2032,1881,2888,1888.0
2048645,2017-07-08,53,53,VM50-54,43.52%,2084,1806,1820,1814.0
2477618,2017-07-15,34,34,SM30-34,45.13%,1744,1570,2574,1574.0
1945581,2017-07-15,44,44,VW40-44,52.74%,1790,1881,2888,1888.0
2477618,2017-07-22,34,34,SM30-34,45.57%,1727,1570,2574,1574.0
1063855,2017-07-22,46,46,VM45-49,35.50%,2414,1708,1720,1714.0
1794504,2017-07-29,30,30,SM30-34,54.15%,1433,0,1553,1552.0
2477618,2017-08-05,35,35,VM35-39,54.59%,1449,0,1586,1582.0
1794504,2017-08-05,30,30,SM30-34,53.52%,1450,0,1553,1552.0
2477618,2017-08-12,35,35,VM35-39,48.23%,1640,0,1586,1582.0
1646899,2017-08-12,46,46,VW45-49,42.19%,2280,1915,1933,1924.0
1794504,2017-08-19,29,29,SM25-29,51.36%,1509,1549,2500,1550.0
1029873,2017-08-19,10,10,JM10,57.74%,1640,0,1928,1894.0
614195,2017-08-19,56,56,VW55-59,56.83%,1911,2158,2186,2172.0
1036771,2017-08-19,44,44,VW40-44,47.41%,1991,1881,2888,1888.0
1063855,2017-08-19,46,46,VM45-49,35.25%,2431,1708,1720,1714.0
1794504,2017-08-26,29,29,SM25-29,49.65%,1561,1549,2500,1550.0
1036771,2017-08-26,44,44,VW40-44,44.03%,2144,1881,2888,1888.0
1469412,2017-08-26,47,47,VM45-49,40.07%,2156,1721,1734,1728.0
1794504,2017-09-02,29,29,SM25-29,49.87%,1554,1549,2500,1550.0
598715,2017-09-02,53,53,VM50-54,45.35%,2000,1806,1820,1814.0
1036771,2017-09-02,44,44,VW40-44,45.52%,2074,1881,2888,1888.0
1469412,2017-09-09,47,47,VM45-49,45.67%,1892,1721,1734,1728.0
2048645,2017-09-09,53,53,VM50-54,47.44%,1912,1806,1820,1814.0
1036771,2017-09-09,44,44,VW40-44,31.64%,2984,1881,2888,1888.0
1794504,2017-09-16,29,29,SM25-29,48.44%,1600,1549,2500,1550.0
1036771,2017-09-16,44,44,VW40-44,46.62%,2025,1881,2888,1888.0
1036771,2017-09-23,44,44,VW40-44,46.57%,2027,1881,2888,1888.0
1469412,2017-09-30,47,47,VM45-49,59.14%,1461,1721,1734,1728.0
1794504,2017-09-30,29,29,SM25-29,49.49%,1566,1549,2500,1550.0
598715,2017-09-30,53,53,VM50-54,55.37%,1638,1806,1820,1814.0
1036771,2017-09-30,44,44,VW40-44,49.32%,1914,1881,2888,1888.0
2048645,2017-09-30,53,53,VM50-54,46.37%,1956,1806,1820,1814.0
3897841,2017-09-30,46,46,VM45-49,40.44%,2119,1708,1720,1714.0
1469412,2017-10-07,47,47,VM45-49,59.18%,1460,1721,1734,1728.0
1794504,2017-10-07,29,29,SM25-29,52.40%,1479,1549,2500,1550.0
3897841,2017-10-07,46,46,VM45-49,52.45%,1634,1708,1720,1714.0
2048645,2017-10-07,53,53,VM50-54,48.30%,1878,1806,1820,1814.0
598715,2017-10-07,53,53,VM50-54,47.61%,1905,1806,1820,1814.0
1036771,2017-10-07,44,44,VW40-44,46.46%,2032,1881,2888,1888.0
1063478,2017-10-14,40,40,VM40-44,Unknown,1067,0,1643,0.0
1469412,2017-10-14,47,47,VM45-49,56.10%,1540,1721,1734,1728.0
2477618,2017-10-14,35,35,VM35-39,48.32%,1637,0,1586,1582.0
3897841,2017-10-14,46,46,VM45-49,43.72%,1960,1708,1720,1714.0
1036771,2017-10-14,44,44,VW40-44,46.64%,2024,1881,2888,1888.0
1646899,2017-10-14,46,46,VW45-49,41.75%,2304,1915,1933,1924.0
1063855,2017-10-14,46,46,VM45-49,37.04%,2314,1708,1720,1714.0
1469412,2017-10-21,47,47,VM45-49,55.85%,1547,1721,1734,1728.0
3897841,2017-10-21,46,46,VM45-49,54.14%,1583,1708,1720,1714.0
598715,2017-10-21,54,54,VM50-54,48.88%,1870,1821,2828,1828.0
1036771,2017-10-21,44,44,VW40-44,50.11%,1884,1881,2888,1888.0
1063855,2017-10-21,46,46,VM45-49,33.74%,2540,1708,1720,1714.0
492000,2017-10-28,49,49,VW45-49,66.00%,1506,1976,2988,1988.0
1469412,2017-10-28,47,47,VM45-49,57.22%,1510,1721,1734,1728.0
1794504,2017-10-28,29,29,SM25-29,50.62%,1531,1549,2500,1550.0
2477618,2017-10-28,35,35,VM35-39,49.81%,1588,0,1586,1582.0
508021,2017-10-28,53,53,VM50-54,51.89%,1748,1806,1820,1814.0
3897841,2017-10-28,46,46,VM45-49,42.94%,1996,1708,1720,1714.0
1036771,2017-10-28,44,44,VW40-44,46.76%,2019,1881,2888,1888.0
1063855,2017-10-28,46,46,VM45-49,37.49%,2286,1708,1720,1714.0
1469412,2017-11-04,47,47,VM45-49,56.66%,1525,1721,1734,1728.0
1036771,2017-11-04,44,44,VW40-44,48.14%,1961,1881,2888,1888.0
1646899,2017-11-04,46,46,VW45-49,45.77%,2102,1915,1933,1924.0
1063855,2017-11-04,46,46,VM45-49,36.86%,2325,1708,1720,1714.0
1794504,2017-11-11,29,29,SM25-29,46.83%,1655,1549,2500,1550.0
1646899,2017-11-11,46,46,VW45-49,44.09%,2182,1915,1933,1924.0
1794504,2017-11-18,29,29,SM25-29,52.08%,1488,1549,2500,1550.0
492000,2017-11-18,49,49,VW45-49,66.53%,1494,1976,2988,1988.0
1469412,2017-11-18,47,47,VM45-49,57.11%,1513,1721,1734,1728.0
2477618,2017-11-18,35,35,VM35-39,50.58%,1564,0,1586,1582.0
508021,2017-11-18,53,53,VM50-54,49.67%,1826,1806,1820,1814.0
1036771,2017-11-18,44,44,VW40-44,45.89%,2057,1881,2888,1888.0
1469412,2017-11-25,47,47,VM45-49,58.78%,1470,1721,1734,1728.0
1036771,2017-11-25,44,44,VW40-44,47.44%,1990,1881,2888,1888.0
3897841,2017-11-25,46,46,VM45-49,41.66%,2057,1708,1720,1714.0
1063855,2017-11-25,46,46,VM45-49,36.92%,2321,1708,1720,1714.0
1794504,2017-12-02,29,29,SM25-29,50.55%,1533,1549,2500,1550.0
598715,2017-12-02,54,54,VM50-54,57.27%,1596,1821,2828,1828.0
1036771,2017-12-02,44,44,VW40-44,46.32%,2038,1881,2888,1888.0
2477618,2017-12-09,35,35,VM35-39,46.37%,1706,0,1586,1582.0
3897841,2017-12-09,45,45,VM45-49,Unknown,1864,0,1707,0.0
2048645,2017-12-09,53,53,VM50-54,46.25%,1961,1806,1820,1814.0
1063855,2017-12-09,47,47,VM45-49,37.55%,2301,1721,1734,1728.0
1469412,2017-12-16,47,47,VM45-49,57.72%,1497,1721,1734,1728.0
1646899,2017-12-16,46,46,VW45-49,41.47%,2320,1915,1933,1924.0
1063478,2017-12-23,43,43,VM40-44,79.21%,1058,1669,1681,1676.0
1469412,2017-12-23,47,47,VM45-49,58.10%,1487,1721,1734,1728.0
2477618,2017-12-23,35,35,VM35-39,49.65%,1593,0,1586,1582.0
492000,2017-12-23,49,49,VW45-49,55.50%,1791,1976,2988,1988.0
2048645,2017-12-23,53,53,VM50-54,48.35%,1876,1806,1820,1814.0
1469412,2017-12-30,47,47,VM45-49,55.53%,1556,1721,1734,1728.0
1469412,2018-01-01,47,47,VM45-49,56.14%,1539,1721,1734,1728.0
1794504,2018-01-01,29,29,SM25-29,49.21%,1575,1549,2500,1550.0
1469412,2018-01-06,47,47,VM45-49,54.75%,1578,1721,1734,1728.0
3897841,2018-01-06,46,46,VM45-49,50.32%,1703,1708,1720,1714.0
2048645,2018-01-06,53,53,VM50-54,45.69%,1985,1806,1820,1814.0
1646899,2018-01-06,47,47,VW45-49,44.26%,2196,1934,1953,1944.0
1794504,2018-01-13,29,29,SM25-29,51.46%,1506,1549,2500,1550.0
1469412,2018-01-13,47,47,VM45-49,56.84%,1520,1721,1734,1728.0
492000,2018-01-13,49,49,VW45-49,59.31%,1676,1976,2988,1988.0
508021,2018-01-13,53,53,VM50-54,45.97%,1973,1806,1820,1814.0
3897841,2018-01-13,46,46,VM45-49,43.33%,1978,1708,1720,1714.0
1646899,2018-01-13,47,47,VW45-49,45.36%,2143,1934,1953,1944.0
1036771,2018-01-13,44,44,VW40-44,27.12%,3481,1881,2888,1888.0
1063478,2018-01-20,44,44,VM40-44,81.08%,1041,1682,2688,1688.0
1794504,2018-01-20,29,29,SM25-29,53.30%,1454,1549,2500,1550.0
1469412,2018-01-20,47,47,VM45-49,50.97%,1695,1721,1734,1728.0
1646899,2018-01-20,47,47,VW45-49,43.80%,2219,1934,1953,1944.0
1036771,2018-01-20,44,44,VW40-44,29.56%,3193,1881,2888,1888.0
1794504,2018-01-27,29,29,SM25-29,54.46%,1423,1549,2500,1550.0
1469412,2018-01-27,47,47,VM45-49,57.22%,1510,1721,1734,1728.0
492000,2018-01-27,49,49,VW45-49,59.27%,1677,1976,2988,1988.0
2048645,2018-01-27,53,53,VM50-54,47.04%,1928,1806,1820,1814.0
508021,2018-01-27,53,53,VM50-54,44.24%,2050,1806,1820,1814.0
1036771,2018-01-27,44,44,VW40-44,29.42%,3209,1881,2888,1888.0
2553158,2018-02-03,36,36,VM35-39,55.74%,1428,1587,1596,1592.0
1794504,2018-02-03,29,29,SM25-29,53.37%,1452,1549,2500,1550.0
1469412,2018-02-03,47,47,VM45-49,56.32%,1534,1721,1734,1728.0
492000,2018-02-03,49,49,VW45-49,59.34%,1675,1976,2988,1988.0
2048645,2018-02-03,53,53,VM50-54,51.27%,1769,1806,1820,1814.0
508021,2018-02-03,53,53,VM50-54,45.33%,2001,1806,1820,1814.0
2553158,2018-02-10,36,36,VM35-39,59.36%,1341,1587,1596,1592.0
1794504,2018-02-10,29,29,SM25-29,56.65%,1368,1549,2500,1550.0
1469412,2018-02-10,47,47,VM45-49,56.18%,1538,1721,1734,1728.0
2477618,2018-02-10,35,35,VM35-39,50.22%,1575,0,1586,1582.0
1945581,2018-02-10,44,44,VW40-44,59.18%,1595,1881,2888,1888.0
492000,2018-02-10,49,49,VW45-49,60.13%,1653,1976,2988,1988.0
1138623,2018-02-10,44,44,VM40-44,48.04%,1757,1682,2688,1688.0
3897841,2018-02-10,46,46,VM45-49,43.24%,1982,1708,1720,1714.0
508021,2018-02-10,53,53,VM50-54,40.38%,2246,1806,1820,1814.0
1063855,2018-02-10,47,47,VM45-49,33.08%,2612,1721,1734,1728.0
1036771,2018-02-10,44,44,VW40-44,32.28%,2924,1881,2888,1888.0
1469412,2018-02-17,47,47,VM45-49,61.85%,1397,1721,1734,1728.0
2477618,2018-02-17,35,35,VM35-39,49.25%,1606,0,1586,1582.0
1646899,2018-02-17,47,47,VW45-49,43.72%,2223,1934,1953,1944.0
1063855,2018-02-17,47,47,VM45-49,36.58%,2362,1721,1734,1728.0
1036771,2018-02-17,44,44,VW40-44,31.91%,2958,1881,2888,1888.0
2553158,2018-02-24,36,36,VM35-39,58.44%,1362,1587,1596,1592.0
2477618,2018-02-24,35,35,VM35-39,52.52%,1506,0,1586,1582.0
1794504,2018-02-24,29,29,SM25-29,51.43%,1507,1549,2500,1550.0
1469412,2018-02-24,47,47,VM45-49,53.76%,1607,1721,1734,1728.0
2048645,2018-02-24,53,53,VM50-54,51.36%,1766,1806,1820,1814.0
1646899,2018-02-24,47,47,VW45-49,45.21%,2150,1934,1953,1944.0
1063855,2018-02-24,47,47,VM45-49,36.47%,2369,1721,1734,1728.0
1036771,2018-02-24,44,44,VW40-44,35.72%,2643,1881,2888,1888.0
1469412,2018-03-03,47,47,VM45-49,49.29%,1753,1721,1734,1728.0
614195,2018-03-03,56,56,VW55-59,50.70%,2142,2158,2186,2172.0
1646899,2018-03-03,47,47,VW45-49,42.06%,2311,1934,1953,1944.0
2048645,2018-03-03,53,53,VM50-54,38.68%,2345,1806,1820,1814.0
2553158,2018-03-10,36,36,VM35-39,59.67%,1334,1587,1596,1592.0
1029873,2018-03-10,11,11,JM11-14,67.90%,1352,1811,2836,1836.0
1469412,2018-03-10,47,47,VM45-49,57.99%,1490,1721,1734,1728.0
1794504,2018-03-10,30,30,SM30-34,51.77%,1499,0,1553,1552.0
2048645,2018-03-10,53,53,VM50-54,41.13%,2205,1806,1820,1814.0
1036771,2018-03-10,44,44,VW40-44,33.39%,2827,1881,2888,1888.0
2553158,2018-03-17,36,36,VM35-39,59.27%,1343,1587,1596,1592.0
1469412,2018-03-17,47,47,VM45-49,50.76%,1702,1721,1734,1728.0
2048645,2018-03-17,53,53,VM50-54,39.87%,2275,1806,1820,1814.0
1063855,2018-03-17,47,47,VM45-49,37.29%,2317,1721,1734,1728.0
1036771,2018-03-17,44,44,VW40-44,39.60%,2384,1881,2888,1888.0
3897841,2018-03-17,47,47,VM45-49,27.16%,3181,1721,1734,1728.0
2553158,2018-03-24,36,36,VM35-39,61.75%,1289,1587,1596,1592.0
1469412,2018-03-24,47,47,VM45-49,61.58%,1403,1721,1734,1728.0
2477618,2018-03-24,35,35,VM35-39,49.44%,1600,0,1586,1582.0
3897841,2018-03-24,47,47,VM45-49,50.12%,1724,1721,1734,1728.0
1036771,2018-03-24,45,45,VW45-49,39.48%,2414,0,1914,1906.0
1646899,2018-03-24,47,47,VW45-49,30.15%,3224,1934,1953,1944.0
1469412,2018-03-31,47,47,VM45-49,60.38%,1431,1721,1734,1728.0
2048645,2018-03-31,53,53,VM50-54,45.40%,1998,1806,1820,1814.0
1063855,2018-03-31,47,47,VM45-49,36.02%,2399,1721,1734,1728.0
1036771,2018-03-31,45,45,VW45-49,32.73%,2912,0,1914,1906.0
1469412,2018-04-07,47,47,VM45-49,60.76%,1422,1721,1734,1728.0
1794504,2018-04-07,30,30,SM30-34,49.65%,1563,0,1553,1552.0
2477618,2018-04-07,35,35,VM35-39,49.94%,1584,0,1586,1582.0
2048645,2018-04-07,53,53,VM50-54,43.75%,2073,1806,1820,1814.0
1036771,2018-04-07,45,45,VW45-49,42.22%,2257,0,1914,1906.0
1469412,2018-04-14,47,47,VM45-49,59.10%,1462,1721,1734,1728.0
1794504,2018-04-14,30,30,SM30-34,50.19%,1546,0,1553,1552.0
2477618,2018-04-14,35,35,VM35-39,48.68%,1625,0,1586,1582.0
492000,2018-04-14,49,49,VW45-49,55.81%,1781,1976,2988,1988.0
508021,2018-04-14,53,53,VM50-54,46.87%,1935,1806,1820,1814.0
1036771,2018-04-14,45,45,VW45-49,46.31%,2058,0,1914,1906.0
2553158,2018-04-21,36,36,VM35-39,61.66%,1291,1587,1596,1592.0
1469412,2018-04-21,47,47,VM45-49,60.46%,1429,1721,1734,1728.0
2477618,2018-04-21,35,35,VM35-39,53.74%,1472,0,1586,1582.0
2048645,2018-04-21,53,53,VM50-54,53.57%,1693,1806,1820,1814.0
3897841,2018-04-21,47,47,VM45-49,45.64%,1893,1721,1734,1728.0
1036771,2018-04-21,45,45,VW45-49,28.20%,3380,0,1914,1906.0
1469412,2018-04-28,47,47,VM45-49,60.21%,1435,1721,1734,1728.0
3897841,2018-04-28,47,47,VM45-49,46.83%,1845,1721,1734,1728.0
2048645,2018-04-28,53,53,VM50-54,47.44%,1912,1806,1820,1814.0
1063855,2018-04-28,47,47,VM45-49,37.34%,2314,1721,1734,1728.0
1036771,2018-04-28,45,45,VW45-49,29.27%,3256,0,1914,1906.0
1469412,2018-05-05,47,47,VM45-49,58.66%,1473,1721,1734,1728.0
1794504,2018-05-05,30,30,SM30-34,51.25%,1514,0,1553,1552.0
2477618,2018-05-05,35,35,VM35-39,51.60%,1533,0,1586,1582.0
3897841,2018-05-05,47,47,VM45-49,46.01%,1878,1721,1734,1728.0
2048645,2018-05-05,54,54,VM50-54,43.82%,2086,1821,2828,1828.0
1036771,2018-05-05,45,45,VW45-49,34.55%,2758,0,1914,1906.0
1469412,2018-05-12,47,47,VM45-49,60.00%,1440,1721,1734,1728.0
1794504,2018-05-12,30,30,SM30-34,51.70%,1501,0,1553,1552.0
2048645,2018-05-12,54,54,VM50-54,51.23%,1784,1821,2828,1828.0
3897841,2018-05-12,47,47,VM45-49,48.32%,1788,1721,1734,1728.0
1036771,2018-05-12,45,45,VW45-49,45.91%,2076,0,1914,1906.0
2553158,2018-05-19,37,37,VM35-39,61.95%,1293,1597,1607,1602.0
1469412,2018-05-19,47,47,VM45-49,64.19%,1346,1721,1734,1728.0
1794504,2018-05-19,30,30,SM30-34,47.20%,1644,0,1553,1552.0
3897841,2018-05-19,47,47,VM45-49,47.95%,1802,1721,1734,1728.0
1036771,2018-05-19,45,45,VW45-49,45.69%,2086,0,1914,1906.0
1063855,2018-05-19,47,47,VM45-49,35.42%,2439,1721,1734,1728.0
1469412,2018-05-26,31,31,SM30-34,56.79%,1370,1554,1557,1556.0
2477618,2018-05-26,35,35,VM35-39,54.66%,1447,0,1586,1582.0
1794504,2018-05-26,30,30,SM30-34,50.89%,1525,0,1553,1552.0
3897841,2018-05-26,47,47,VM45-49,45.26%,1909,1721,1734,1728.0
1036771,2018-05-26,45,45,VW45-49,46.06%,2069,0,1914,1906.0
1469412,2018-06-02,31,31,SM30-34,56.46%,1378,1554,1557,1556.0
2048645,2018-06-02,54,54,VM50-54,56.91%,1606,1821,2828,1828.0
3897841,2018-06-02,47,47,VM45-49,41.66%,2074,1721,1734,1728.0
1036771,2018-06-02,45,45,VW45-49,30.74%,3100,0,1914,1906.0
1063478,2018-06-09,44,44,VM40-44,81.62%,1034,1682,2688,1688.0
2553158,2018-06-09,37,37,VM35-39,63.27%,1266,1597,1607,1602.0
1469412,2018-06-09,31,31,SM30-34,58.50%,1330,1554,1557,1556.0
2477618,2018-06-09,35,35,VM35-39,55.67%,1421,0,1586,1582.0
1794504,2018-06-09,30,30,SM30-34,53.01%,1464,0,1553,1552.0
2048645,2018-06-09,54,54,VM50-54,59.01%,1549,1821,2828,1828.0
1036771,2018-06-09,45,45,VW45-49,47.08%,2024,0,1914,1906.0
1469412,2018-06-16,31,31,SM30-34,55.45%,1403,1554,1557,1556.0
2477618,2018-06-16,35,35,VM35-39,55.35%,1429,0,1586,1582.0
2048645,2018-06-16,54,54,VM50-54,57.99%,1576,1821,2828,1828.0
3897841,2018-06-16,47,47,VM45-49,51.43%,1680,1721,1734,1728.0
1036771,2018-06-16,45,45,VW45-49,47.25%,2017,0,1914,1906.0
1469412,2018-06-23,31,31,SM30-34,59.21%,1314,1554,1557,1556.0
2048645,2018-06-23,54,54,VM50-54,59.20%,1544,1821,2828,1828.0
1036771,2018-06-23,45,45,VW45-49,46.56%,2047,0,1914,1906.0
1063855,2018-06-23,47,47,VM45-49,36.80%,2348,1721,1734,1728.0
1794504,2018-06-30,30,30,SM30-34,51.87%,1496,0,1553,1552.0
2048645,2018-06-30,54,54,VM50-54,58.66%,1558,1821,2828,1828.0
1063855,2018-06-30,47,47,VM45-49,36.80%,2348,1721,1734,1728.0
2048645,2018-07-07,54,54,VM50-54,40.66%,2248,1821,2828,1828.0
1036771,2018-07-07,45,45,VW45-49,39.22%,2430,0,1914,1906.0
2048645,2018-07-14,54,54,VM50-54,58.03%,1575,1821,2828,1828.0
1063855,2018-07-14,47,47,VM45-49,38.66%,2235,1721,1734,1728.0
2477618,2018-07-21,35,35,VM35-39,51.67%,1531,0,1586,1582.0
2048645,2018-07-21,54,54,VM50-54,44.52%,2053,1821,2828,1828.0
1063855,2018-07-21,47,47,VM45-49,36.12%,2392,1721,1734,1728.0
523,2018-07-28,54,54,VM50-54,63.56%,1438,1821,2828,1828.0
1794504,2018-07-28,30,30,SM30-34,53.59%,1448,0,1553,1552.0
2477618,2018-07-28,36,36,VM35-39,51.99%,1531,1587,1596,1592.0
2048645,2018-07-28,54,54,VM50-54,58.22%,1570,1821,2828,1828.0
2553158,2018-08-04,37,37,VM35-39,61.81%,1296,1597,1607,1602.0
2048645,2018-08-04,54,54,VM50-54,53.20%,1718,1821,2828,1828.0
1036771,2018-08-04,45,45,VW45-49,43.36%,2198,0,1914,1906.0
2477618,2018-08-11,36,36,VM35-39,53.24%,1495,1587,1596,1592.0
2048645,2018-08-11,54,54,VM50-54,59.35%,1540,1821,2828,1828.0
2048645,2018-08-18,54,54,VM50-54,59.04%,1548,1821,2828,1828.0
267361,2018-08-18,57,57,VW55-59,52.18%,2110,2187,2216,2202.0
1794504,2018-08-18,30,30,SM30-34,31.58%,2457,0,1553,1552.0
2477618,2018-08-25,36,36,VM35-39,56.29%,1414,1587,1596,1592.0
1029873,2018-08-25,11,11,JM11-14,64.20%,1430,1811,2836,1836.0
1036771,2018-08-25,45,45,VW45-49,44.22%,2155,0,1914,1906.0
1469412,2018-09-01,31,31,SM30-34,56.05%,1388,1554,1557,1556.0
2477618,2018-09-01,36,36,VM35-39,55.35%,1438,1587,1596,1592.0
492000,2018-09-01,50,50,VW50-54,54.29%,1853,0,2023,2012.0
1036771,2018-09-01,45,45,VW45-49,38.15%,2498,0,1914,1906.0
2477618,2018-09-08,36,36,VM35-39,58.19%,1368,1587,1596,1592.0
1794504,2018-09-08,30,30,SM30-34,52.47%,1479,0,1553,1552.0
1036771,2018-09-08,45,45,VW45-49,48.18%,1978,0,1914,1906.0
3897841,2018-09-08,47,47,VM45-49,26.63%,3244,1721,1734,1728.0
1063478,2018-09-15,40,40,VM40-44,Unknown,1026,0,1643,0.0
2553158,2018-09-15,37,37,VM35-39,60.18%,1331,1597,1607,1602.0
2477618,2018-09-15,36,36,VM35-39,54.75%,1454,1587,1596,1592.0
2048645,2018-09-15,54,54,VM50-54,53.14%,1720,1821,2828,1828.0
1036771,2018-09-15,45,45,VW45-49,44.83%,2126,0,1914,1906.0
1469412,2018-09-22,31,31,SM30-34,57.46%,1354,1554,1557,1556.0
2048645,2018-09-22,54,54,VM50-54,59.74%,1530,1821,2828,1828.0
1469412,2018-09-29,31,31,SM30-34,59.07%,1317,1554,1557,1556.0
2048645,2018-09-29,54,54,VM50-54,60.29%,1516,1821,2828,1828.0
1794504,2018-09-29,30,30,SM30-34,49.78%,1559,0,1553,1552.0
1036771,2018-09-29,45,45,VW45-49,45.80%,2081,0,1914,1906.0
1063855,2018-09-29,47,47,VM45-49,34.27%,2521,1721,1734,1728.0
3897841,2018-09-29,47,47,VM45-49,29.49%,2930,1721,1734,1728.0
1469412,2018-10-06,31,31,SM30-34,59.66%,1304,1554,1557,1556.0
1063478,2018-10-06,44,44,VM40-44,63.27%,1334,1682,2688,1688.0
2477618,2018-10-06,36,36,VM35-39,55.47%,1435,1587,1596,1592.0
2048645,2018-10-06,54,54,VM50-54,58.97%,1550,1821,2828,1828.0
1794504,2018-10-06,30,30,SM30-34,49.24%,1576,0,1553,1552.0
1036771,2018-10-06,45,45,VW45-49,47.44%,2009,0,1914,1906.0
2048645,2018-10-13,54,54,VM50-54,58.18%,1571,1821,2828,1828.0
1794504,2018-10-13,30,30,SM30-34,46.66%,1663,0,1553,1552.0
1036771,2018-10-13,45,45,VW45-49,49.02%,1944,0,1914,1906.0
2477618,2018-10-13,36,36,VM35-39,38.16%,2086,1587,1596,1592.0
2553158,2018-10-20,37,37,VM35-39,65.07%,1231,1597,1607,1602.0
1029873,2018-10-20,11,11,JM11-14,68.15%,1347,1811,2836,1836.0
1794504,2018-10-20,30,30,SM30-34,53.19%,1459,0,1553,1552.0
1036771,2018-10-20,45,45,VW45-49,47.48%,2007,0,1914,1906.0
267361,2018-10-20,57,57,VW55-59,43.86%,2510,2187,2216,2202.0
1469412,2018-10-27,31,31,SM30-34,54.71%,1422,1554,1557,1556.0
1794504,2018-10-27,30,30,SM30-34,53.89%,1440,0,1553,1552.0
600747,2018-10-27,36,36,VW35-39,49.37%,1823,1797,1802,1800.0
1036771,2018-10-27,45,45,VW45-49,46.56%,2047,0,1914,1906.0
2553158,2018-11-03,37,37,VM35-39,64.54%,1241,1597,1607,1602.0
2477618,2018-11-03,36,36,VM35-39,56.21%,1416,1587,1596,1592.0
2048645,2018-11-03,54,54,VM50-54,58.74%,1556,1821,2828,1828.0
1036771,2018-11-03,45,45,VW45-49,47.11%,2023,0,1914,1906.0
1469412,2018-11-10,31,31,SM30-34,50.92%,1528,1554,1557,1556.0
2477618,2018-11-10,36,36,VM35-39,43.31%,1838,1587,1596,1592.0
1036771,2018-11-10,45,45,VW45-49,48.20%,1977,0,1914,1906.0
2048645,2018-11-10,54,54,VM50-54,43.09%,2121,1821,2828,1828.0
2553158,2018-11-17,37,37,VM35-39,65.44%,1224,1597,1607,1602.0
1469412,2018-11-17,31,31,SM30-34,52.53%,1481,1554,1557,1556.0
1794504,2018-11-17,30,30,SM30-34,49.27%,1575,0,1553,1552.0
1036771,2018-11-17,45,45,VW45-49,48.18%,1978,0,1914,1906.0
2048645,2018-11-17,54,54,VM50-54,44.46%,2056,1821,2828,1828.0
1063855,2018-11-17,47,47,VM45-49,35.82%,2412,1721,1734,1728.0
1469412,2018-11-24,31,31,SM30-34,52.18%,1491,1554,1557,1556.0
1576440,2018-11-24,44,44,VM40-44,48.90%,1726,1682,2688,1688.0
3897841,2018-11-24,47,47,VM45-49,49.97%,1729,1721,1734,1728.0
1036771,2018-11-24,45,45,VW45-49,50.00%,1906,0,1914,1906.0
1036771,2018-12-01,45,45,VW45-49,50.58%,1884,0,1914,1906.0
2048645,2018-12-01,54,54,VM50-54,43.48%,2102,1821,2828,1828.0
2477618,2018-12-08,36,36,VM35-39,53.17%,1497,1587,1596,1592.0
1036771,2018-12-08,45,45,VW45-49,38.83%,2454,0,1914,1906.0
1794504,2018-12-15,30,30,SM30-34,50.85%,1526,0,1553,1552.0
1036771,2018-12-15,45,45,VW45-49,51.21%,1861,0,1914,1906.0
2048645,2018-12-22,54,54,VM50-54,57.77%,1582,1821,2828,1828.0
1036771,2018-12-22,45,45,VW45-49,50.40%,1891,0,1914,1906.0
1063478,2018-12-25,40,40,VM40-44,Unknown,988,0,1643,0.0
267361,2018-12-25,57,57,VW55-59,48.59%,2266,2187,2216,2202.0
2048645,2018-12-29,54,54,VM50-54,54.99%,1662,1821,2828,1828.0
3897841,2018-12-29,47,47,VM45-49,48.81%,1770,1721,1734,1728.0
1036771,2018-12-29,45,45,VW45-49,46.19%,2063,0,1914,1906.0
1063478,2019-01-01,44,44,VM40-44,76.52%,1103,1682,2688,1688.0
1469412,2019-01-01,31,31,SM30-34,50.13%,1552,1554,1557,1556.0
1036771,2019-01-01,45,45,VW45-49,50.53%,1886,0,1914,1906.0
2048645,2019-01-01,54,54,VM50-54,43.59%,2097,1821,2828,1828.0
2553158,2019-01-05,37,37,VM35-39,63.93%,1253,1597,1607,1602.0
2477618,2019-01-05,36,36,VM35-39,53.42%,1490,1587,1596,1592.0
1794504,2019-01-05,30,30,SM30-34,50.59%,1534,0,1553,1552.0
2048645,2019-01-05,54,54,VM50-54,57.70%,1584,1821,2828,1828.0
1036771,2019-01-12,45,45,VW45-49,46.69%,2041,0,1914,1906.0
2048645,2019-01-12,54,54,VM50-54,44.18%,2069,1821,2828,1828.0
1063855,2019-01-12,48,48,VM45-49,36.50%,2386,1735,1748,1742.0
1469412,2019-01-19,31,31,SM30-34,57.21%,1360,1554,1557,1556.0
1794504,2019-01-19,30,30,SM30-34,52.33%,1483,0,1553,1552.0
2048645,2019-01-19,54,54,VM50-54,47.75%,1914,1821,2828,1828.0
1036771,2019-01-19,45,45,VW45-49,46.31%,2058,0,1914,1906.0
1469412,2019-01-26,31,31,SM30-34,55.97%,1390,1554,1557,1556.0
1794504,2019-01-26,30,30,SM30-34,48.32%,1606,0,1553,1552.0
2048645,2019-01-26,54,54,VM50-54,55.53%,1646,1821,2828,1828.0
492000,2019-01-26,50,50,VW50-54,59.60%,1688,0,2023,2012.0
1036771,2019-01-26,45,45,VW45-49,45.60%,2090,0,1914,1906.0
3477039,2019-01-26,9,9,JM10,46.83%,2095,1929,2002,1962.0
1063855,2019-01-26,48,48,VM45-49,35.38%,2462,1735,1748,1742.0
1469412,2019-02-02,31,31,SM30-34,54.33%,1432,1554,1557,1556.0
1794504,2019-02-02,30,30,SM30-34,50.55%,1535,0,1553,1552.0
2048645,2019-02-02,54,54,VM50-54,54.21%,1686,1821,2828,1828.0
1036771,2019-02-02,45,45,VW45-49,24.99%,3814,0,1914,1906.0
2048645,2019-02-09,54,54,VM50-54,52.26%,1749,1821,2828,1828.0
1036771,2019-02-09,45,45,VW45-49,27.35%,3484,0,1914,1906.0
1469412,2019-02-16,31,31,SM30-34,53.07%,1466,1554,1557,1556.0
1036771,2019-02-16,45,45,VW45-49,45.69%,2086,0,1914,1906.0
1063855,2019-02-16,48,48,VM45-49,36.07%,2415,1735,1748,1742.0
2553158,2019-02-23,37,37,VM35-39,64.65%,1239,1597,1607,1602.0
2477618,2019-02-23,36,36,VM35-39,53.24%,1495,1587,1596,1592.0
2048645,2019-02-23,54,54,VM50-54,50.11%,1824,1821,2828,1828.0
1036771,2019-02-23,45,45,VW45-49,46.92%,2031,0,1914,1906.0
1794504,2019-03-02,31,31,SM30-34,50.88%,1529,1554,1557,1556.0
2048645,2019-03-02,54,54,VM50-54,54.80%,1668,1821,2828,1828.0
1036771,2019-03-02,45,45,VW45-49,46.69%,2041,0,1914,1906.0
1794504,2019-03-09,31,31,SM30-34,48.05%,1619,1554,1557,1556.0
1036771,2019-03-09,45,45,VW45-49,25.61%,3721,0,1914,1906.0
2477618,2019-03-16,36,36,VM35-39,51.72%,1539,1587,1596,1592.0
2048645,2019-03-16,54,54,VM50-54,56.25%,1625,1821,2828,1828.0
1036771,2019-03-16,45,45,VW45-49,44.04%,2164,0,1914,1906.0
1794504,2019-03-23,31,31,SM30-34,47.76%,1629,1554,1557,1556.0
2048645,2019-03-23,54,54,VM50-54,54.86%,1666,1821,2828,1828.0
2477618,2019-03-30,36,36,VM35-39,55.20%,1442,1587,1596,1592.0
2048645,2019-03-30,54,54,VM50-54,45.45%,2011,1821,2828,1828.0
1036771,2019-03-30,46,46,VW45-49,47.72%,2016,1915,1933,1924.0
2553158,2019-04-06,37,37,VM35-39,66.75%,1200,1597,1607,1602.0
2048645,2019-04-06,54,54,VM50-54,55.33%,1652,1821,2828,1828.0
1036771,2019-04-06,46,46,VW45-49,47.69%,2017,1915,1933,1924.0
1036771,2019-04-13,46,46,VW45-49,49.49%,1944,1915,1933,1924.0
1794504,2019-04-20,31,31,SM30-34,54.18%,1436,1554,1557,1556.0
1945581,2019-04-20,45,45,VW45-49,58.25%,1636,0,1914,1906.0
2048645,2019-04-20,54,54,VM50-54,52.41%,1744,1821,2828,1828.0
1036771,2019-04-20,46,46,VW45-49,49.77%,1933,1915,1933,1924.0
1063855,2019-04-20,48,48,VM45-49,38.02%,2291,1735,1748,1742.0
1469412,2019-04-27,31,31,SM30-34,46.90%,1659,1554,1557,1556.0
2048645,2019-04-27,54,54,VM50-54,53.64%,1704,1821,2828,1828.0
1036771,2019-04-27,46,46,VW45-49,48.05%,2002,1915,1933,1924.0
1469412,2019-05-04,31,31,SM30-34,50.26%,1548,1554,1557,1556.0
2048645,2019-05-04,55,55,VM55-59,55.64%,1657,0,1851,1844.0
1036771,2019-05-04,46,46,VW45-49,48.68%,1976,1915,1933,1924.0
1469412,2019-05-11,31,31,SM30-34,53.54%,1453,1554,1557,1556.0
2048645,2019-05-11,55,55,VM55-59,58.84%,1567,0,1851,1844.0
1794504,2019-05-11,31,31,SM30-34,45.58%,1707,1554,1557,1556.0
4024452,2019-05-11,5,5,JW10,34.96%,3504,2398,2465,2450.0
2477618,2019-05-18,36,36,VM35-39,53.82%,1479,1587,1596,1592.0
1036771,2019-05-18,46,46,VW45-49,49.23%,1954,1915,1933,1924.0
1029873,2019-05-25,12,12,JM11-14,61.73%,1445,1763,1810,1784.0
2477618,2019-05-25,36,36,VM35-39,54.48%,1461,1587,1596,1592.0
1469412,2019-05-25,32,32,SM30-34,53.32%,1463,1558,1562,1560.0
1794504,2019-05-25,31,31,SM30-34,44.36%,1754,1554,1557,1556.0
1036771,2019-05-25,46,46,VW45-49,47.58%,2022,1915,1933,1924.0
1029873,2019-06-01,12,12,JM11-14,64.45%,1384,1763,1810,1784.0
1794504,2019-06-01,31,31,SM30-34,48.96%,1589,1554,1557,1556.0
1036771,2019-06-01,46,46,VW45-49,48.17%,1997,1915,1933,1924.0
2048645,2019-06-01,55,55,VM55-59,45.28%,2036,0,1851,1844.0
2477618,2019-06-08,36,36,VM35-39,51.22%,1554,1587,1596,1592.0
2048645,2019-06-08,55,55,VM55-59,45.78%,2014,0,1851,1844.0
1036771,2019-06-08,46,46,VW45-49,47.39%,2030,1915,1933,1924.0
1036771,2019-06-15,46,46,VW45-49,47.65%,2019,1915,1933,1924.0
1029873,2019-06-22,12,12,JM11-14,66.67%,1338,1763,1810,1784.0
2553158,2019-06-29,38,38,VM35-39,64.00%,1261,1608,1619,1614.0
2477618,2019-06-29,36,36,VM35-39,52.06%,1529,1587,1596,1592.0
1794504,2019-07-06,31,31,SM30-34,51.42%,1513,1554,1557,1556.0
2048645,2019-07-06,55,55,VM55-59,56.63%,1628,0,1851,1844.0
1036771,2019-07-06,46,46,VW45-49,47.18%,2039,1915,1933,1924.0
2553158,2019-07-13,38,38,VM35-39,65.82%,1226,1608,1619,1614.0
2477618,2019-07-13,36,36,VM35-39,52.40%,1519,1587,1596,1592.0
2048645,2019-07-13,55,55,VM55-59,59.33%,1554,0,1851,1844.0
2528702,2019-07-13,25,29,SW25-29,56.70%,1566,0,2776,1776.0
1036771,2019-07-13,46,46,VW45-49,50.18%,1917,1915,1933,1924.0
1036771,2019-07-20,46,46,VW45-49,45.96%,2093,1915,1933,1924.0
1997252,2019-07-27,44,44,VM40-44,71.65%,1178,1682,2688,1688.0
2048645,2019-07-27,55,55,VM55-59,57.23%,1611,0,1851,1844.0
1469412,2019-08-03,32,32,SM30-34,52.67%,1481,1558,1562,1560.0
2048645,2019-08-03,55,55,VM55-59,54.75%,1684,0,1851,1844.0
2477618,2019-08-03,37,37,VM35-39,41.46%,1932,1597,1607,1602.0
1036771,2019-08-03,46,46,VW45-49,42.66%,2255,1915,1933,1924.0
2553158,2019-08-10,38,38,VM35-39,65.08%,1240,1608,1619,1614.0
2048645,2019-08-10,55,55,VM55-59,57.81%,1595,0,1851,1844.0
1469412,2019-08-10,32,32,SM30-34,42.88%,1819,1558,1562,1560.0
1063855,2019-08-10,48,48,VM45-49,35.64%,2444,1735,1748,1742.0
373054,2019-08-17,49,49,VM45-49,65.38%,1343,1749,2756,1756.0
1469412,2019-08-17,32,32,SM30-34,52.70%,1480,1558,1562,1560.0
2477618,2019-08-17,37,37,VM35-39,53.87%,1487,1597,1607,1602.0
1794504,2019-08-17,31,31,SM30-34,50.75%,1533,1554,1557,1556.0
2048645,2019-08-17,55,55,VM55-59,51.11%,1804,0,1851,1844.0
6094321,2019-08-17,15,15,JW15-17,44.05%,2111,1849,2860,1860.0
614195,2019-08-17,58,58,VW55-59,51.69%,2159,2217,2247,2232.0
1469412,2019-08-24,32,32,SM30-34,57.69%,1352,1558,1562,1560.0
2477618,2019-08-24,37,37,VM35-39,55.63%,1440,1597,1607,1602.0
2048645,2019-08-24,55,55,VM55-59,58.21%,1584,0,1851,1844.0
1794504,2019-08-24,31,31,SM30-34,48.32%,1610,1554,1557,1556.0
6094321,2019-08-24,15,15,JW15-17,45.19%,2058,1849,2860,1860.0
1063855,2019-08-24,48,48,VM45-49,34.84%,2500,1735,1748,1742.0
1036771,2019-08-24,46,46,VW45-49,38.11%,2524,1915,1933,1924.0
1469412,2019-08-31,32,32,SM30-34,54.02%,1444,1558,1562,1560.0
2477618,2019-08-31,37,37,VM35-39,54.27%,1476,1597,1607,1602.0
6094321,2019-08-31,15,15,JW15-17,49.36%,1884,1849,2860,1860.0
1625777,2019-08-31,49,49,VW45-49,51.82%,1918,1976,2988,1988.0
2048645,2019-08-31,55,55,VM55-59,46.99%,1962,0,1851,1844.0
1036771,2019-08-31,46,46,VW45-49,47.86%,2010,1915,1933,1924.0
1063855,2019-08-31,48,48,VM45-49,37.17%,2343,1735,1748,1742.0
2048645,2019-09-07,55,55,VM55-59,53.33%,1729,0,1851,1844.0
1625777,2019-09-07,49,49,VW45-49,54.65%,1819,1976,2988,1988.0
1036771,2019-09-07,46,46,VW45-49,46.81%,2055,1915,1933,1924.0
2553158,2019-09-14,38,38,VM35-39,67.19%,1201,1608,1619,1614.0
1469412,2019-09-14,32,32,SM30-34,55.16%,1414,1558,1562,1560.0
2477618,2019-09-14,37,37,VM35-39,55.01%,1456,1597,1607,1602.0
2048645,2019-09-14,55,55,VM55-59,58.91%,1565,0,1851,1844.0
1625777,2019-09-14,49,49,VW45-49,54.41%,1827,1976,2988,1988.0
6094321,2019-09-14,14,14,JW11-14,51.22%,1841,0,1901,1886.0
1036771,2019-09-14,46,46,VW45-49,47.81%,2012,1915,1933,1924.0
1063855,2019-09-14,48,48,VM45-49,37.13%,2346,1735,1748,1742.0
6094321,2019-09-21,14,14,JW11-14,54.29%,1737,0,1901,1886.0
2048645,2019-09-21,55,55,VM55-59,46.68%,1975,0,1851,1844.0
1036771,2019-09-21,46,46,VW45-49,47.06%,2044,1915,1933,1924.0
2553158,2019-09-28,38,38,VM35-39,67.36%,1198,1608,1619,1614.0
1469412,2019-09-28,32,32,SM30-34,54.43%,1433,1558,1562,1560.0
6094321,2019-09-28,14,14,JW11-14,56.00%,1684,0,1901,1886.0
1036771,2019-09-28,46,46,VW45-49,47.96%,2006,1915,1933,1924.0
1469412,2019-10-05,32,32,SM30-34,59.14%,1319,1558,1562,1560.0
2048645,2019-10-05,55,55,VM55-59,60.70%,1519,0,1851,1844.0
1036771,2019-10-05,46,46,VW45-49,51.55%,1866,1915,1933,1924.0
1625777,2019-10-05,49,49,VW45-49,51.69%,1923,1976,2988,1988.0
2048645,2019-10-12,55,55,VM55-59,57.45%,1605,0,1851,1844.0
6094321,2019-10-12,14,14,JW11-14,27.31%,3453,0,1901,1886.0
1063478,2019-10-19,45,45,VM45-49,75.04%,1134,0,1707,1702.0
2048645,2019-10-19,55,55,VM55-59,56.74%,1625,0,1851,1844.0
1036771,2019-10-19,46,46,VW45-49,47.30%,2034,1915,1933,1924.0
2048645,2019-10-26,55,55,VM55-59,55.31%,1667,0,1851,1844.0
1036771,2019-10-26,46,46,VW45-49,47.98%,2005,1915,1933,1924.0
2048645,2019-11-02,55,55,VM55-59,55.48%,1662,0,1851,1844.0
1036771,2019-11-02,46,46,VW45-49,47.81%,2012,1915,1933,1924.0
1469412,2019-11-09,32,32,SM30-34,57.10%,1366,1558,1562,1560.0
2048645,2019-11-09,55,55,VM55-59,51.62%,1786,0,1851,1844.0
1036771,2019-11-09,46,46,VW45-49,48.44%,1986,1915,1933,1924.0
3196133,2019-11-16,13,13,JM11-14,52.70%,1651,1722,1762,1740.0
2048645,2019-11-16,55,55,VM55-59,55.14%,1672,0,1851,1844.0
6094321,2019-11-16,14,14,JW11-14,52.45%,1798,0,1901,1886.0
1036771,2019-11-16,46,46,VW45-49,47.69%,2017,1915,1933,1924.0
1063478,2019-11-23,45,45,VM45-49,83.51%,1019,0,1707,1702.0
2048645,2019-11-23,55,55,VM55-59,45.53%,2025,0,1851,1844.0
1036771,2019-11-23,46,46,VW45-49,47.48%,2026,1915,1933,1924.0
6094321,2019-11-30,14,14,JW11-14,54.26%,1738,0,1901,1886.0
2048645,2019-11-30,55,55,VM55-59,47.35%,1947,0,1851,1844.0
1036771,2019-11-30,46,46,VW45-49,47.91%,2008,1915,1933,1924.0
2477618,2019-12-07,37,37,VM35-39,52.46%,1527,1597,1607,1602.0
1794504,2019-12-07,31,31,SM30-34,46.36%,1678,1554,1557,1556.0
1036771,2019-12-07,46,46,VW45-49,47.69%,2017,1915,1933,1924.0
1036771,2019-12-14,46,46,VW45-49,47.41%,2029,1915,1933,1924.0
1063478,2019-12-25,45,45,VM45-49,Unknown,1016,0,1707,0.0
1063478,2020-01-01,45,45,VM45-49,75.04%,1134,0,1707,1702.0
2048645,2020-01-01,55,55,VM55-59,45.58%,2023,0,1851,1844.0
2048645,2020-01-04,55,55,VM55-59,51.00%,1808,0,1851,1844.0
1036771,2020-01-04,46,46,VW45-49,47.65%,2019,1915,1933,1924.0
2553158,2020-01-11,35,35,VM35-39,Unknown,1221,0,1586,0.0
1063478,2020-01-11,45,45,VM45-49,66.43%,1281,0,1707,1702.0
769960,2020-01-11,34,34,SW30-34,63.95%,1398,1786,2788,1788.0
1646899,2020-01-11,49,49,VW45-49,45.31%,2194,1976,2988,1988.0
1036771,2020-01-11,46,46,VW45-49,26.28%,3661,1915,1933,1924.0
2048645,2020-01-18,55,55,VM55-59,52.81%,1746,0,1851,1844.0
1036771,2020-01-18,46,46,VW45-49,46.38%,2074,1915,1933,1924.0
1646899,2020-01-18,49,49,VW45-49,45.81%,2170,1976,2988,1988.0
2048645,2020-01-25,55,55,VM55-59,53.57%,1721,0,1851,1844.0
1036771,2020-01-25,46,46,VW45-49,48.93%,1966,1915,1933,1924.0
1036771,2020-02-01,46,46,VW45-49,48.86%,1969,1915,1933,1924.0
1646899,2020-02-01,49,49,VW45-49,47.97%,2072,1976,2988,1988.0
1469412,2020-02-08,32,32,SM30-34,48.33%,1614,1558,1562,1560.0
2048645,2020-02-08,55,55,VM55-59,54.30%,1698,0,1851,1844.0
1036771,2020-02-08,46,46,VW45-49,49.31%,1951,1915,1933,1924.0
2048645,2020-02-22,55,55,VM55-59,53.02%,1739,0,1851,1844.0
1794504,2020-02-22,31,31,SM30-34,40.44%,1924,1554,1557,1556.0
1036771,2020-02-22,46,46,VW45-49,46.47%,2070,1915,1933,1924.0
2048645,2020-02-29,55,55,VM55-59,48.27%,1910,0,1851,1844.0
2048645,2020-03-07,55,55,VM55-59,47.95%,1923,0,1851,1844.0
1036771,2020-03-07,46,46,VW45-49,47.58%,2022,1915,1933,1924.0
1063855,2020-03-07,49,49,VM45-49,31.78%,2763,1749,2756,1756.0
2048645,2020-03-14,55,55,VM55-59,53.76%,1715,0,1851,1844.0
1036771,2020-03-14,46,46,VW45-49,28.97%,3321,1915,1933,1924.0
1036771,2021-07-31,48,48,VW45-49,29.54%,3324,1954,1975,1964.0
1036771,2021-08-07,48,48,VW45-49,29.28%,3354,1954,1975,1964.0
1036771,2021-08-14,48,48,VW45-49,29.44%,3336,1954,1975,1964.0
1036771,2021-09-04,48,48,VW45-49,49.32%,1991,1954,1975,1964.0
1036771,2021-09-11,48,48,VW45-49,40.66%,2415,1954,1975,1964.0
1036771,2021-09-18,48,48,VW45-49,43.47%,2259,1954,1975,1964.0
1036771,2021-09-25,48,48,VW45-49,45.11%,2177,1954,1975,1964.0
1646899,2021-10-02,50,50,VW50-54,47.61%,2113,0,2023,2012.0
1036771,2021-10-02,48,48,VW45-49,44.47%,2208,1954,1975,1964.0
1625777,2021-10-09,51,51,VW50-54,55.36%,1839,2024,2048,2036.0
1036771,2021-10-09,48,48,VW45-49,45.38%,2164,1954,1975,1964.0
1625777,2021-10-16,51,51,VW50-54,53.05%,1919,2024,2048,2036.0
1036771,2021-10-16,48,48,VW45-49,47.05%,2087,1954,1975,1964.0
1625777,2021-10-23,51,51,VW50-54,54.97%,1852,2024,2048,2036.0
1036771,2021-10-23,48,48,VW45-49,50.67%,1938,1954,1975,1964.0
1794504,2021-10-30,33,33,SM30-34,43.99%,1780,1563,1569,1566.0
1625777,2021-11-06,51,51,VW50-54,54.64%,1863,2024,2048,2036.0
1036771,2021-11-20,48,48,VW45-49,41.93%,2342,1954,1975,1964.0
1036771,2021-12-11,48,48,VW45-49,42.75%,2297,1954,1975,1964.0
1063478,2021-12-18,45,45,VM45-49,Unknown,1019,0,1707,0.0
1036771,2021-12-18,48,48,VW45-49,45.17%,2174,1954,1975,1964.0
1625777,2021-12-25,51,51,VW50-54,55.30%,1841,2024,2048,2036.0
1646899,2021-12-25,51,51,VW50-54,47.68%,2135,2024,2048,2036.0
640896,2021-12-25,51,51,VM50-54,41.26%,2162,1777,1790,1784.0
1063478,2022-01-01,45,45,VM45-49,Unknown,1017,0,1707,0.0
1794504,2022-01-01,33,33,SM30-34,43.48%,1801,1563,1569,1566.0
640896,2022-01-01,51,51,VM50-54,43.79%,2037,1777,1790,1784.0
1063478,2022-01-08,47,47,VM45-49,62.34%,1386,1721,1734,1728.0
1036771,2022-01-08,48,48,VW45-49,43.32%,2267,1954,1975,1964.0
1036771,2022-01-15,48,48,VW45-49,44.06%,2229,1954,1975,1964.0
1625777,2022-01-22,51,51,VW50-54,56.40%,1805,2024,2048,2036.0
508066,2022-01-22,56,56,VW55-59,58.04%,1871,2158,2186,2172.0
1036771,2022-01-22,48,48,VW45-49,44.82%,2191,1954,1975,1964.0
1036771,2022-02-05,48,48,VW45-49,43.94%,2235,1954,1975,1964.0
1794504,2022-02-12,33,33,SM30-34,45.08%,1737,1563,1569,1566.0
640896,2022-02-12,51,51,VM50-54,46.27%,1928,1777,1790,1784.0
1036771,2022-02-12,48,48,VW45-49,44.78%,2193,1954,1975,1964.0
1625777,2022-02-26,52,52,VW50-54,57.76%,1785,2049,2075,2062.0
1036771,2022-02-26,48,48,VW45-49,44.12%,2226,1954,1975,1964.0
1036771,2022-03-05,48,48,VW45-49,44.37%,2213,1954,1975,1964.0
1625777,2022-03-12,52,52,VW50-54,54.46%,1893,2049,2075,2062.0
1036771,2022-03-19,48,48,VW45-49,44.80%,2192,1954,1975,1964.0
1036771,2022-03-26,49,49,VW45-49,42.59%,2334,1976,2988,1988.0
1036771,2022-04-16,49,49,VW45-49,42.26%,2352,1976,2988,1988.0
1029873,2022-04-23,15,15,JM15-17,64.63%,1292,1658,2670,1670.0
1029873,2022-04-30,15,15,JM15-17,66.91%,1248,1658,2670,1670.0
1036771,2022-04-30,49,49,VW45-49,44.86%,2216,1976,2988,1988.0
1036771,2022-05-07,49,49,VW45-49,44.75%,2221,1976,2988,1988.0
1036771,2022-05-14,49,49,VW45-49,45.70%,2175,1976,2988,1988.0
1036771,2022-05-21,49,49,VW45-49,46.08%,2157,1976,2988,1988.0
1036771,2022-05-28,49,49,VW45-49,45.26%,2196,1976,2988,1988.0
1036771,2022-06-04,49,49,VW45-49,45.62%,2179,1976,2988,1988.0
1036771,2022-06-11,49,49,VW45-49,45.45%,2187,1976,2988,1988.0
1029873,2022-06-18,15,15,JM15-17,59.99%,1392,1658,2670,1670.0
1625777,2022-06-18,52,52,VW50-54,53.50%,1927,2049,2075,2062.0
1036771,2022-06-18,49,49,VW45-49,38.80%,2562,1976,2988,1988.0
1029873,2022-06-25,15,15,JM15-17,67.18%,1243,1658,2670,1670.0
1036771,2022-06-25,49,49,VW45-49,45.35%,2192,1976,2988,1988.0
1036771,2022-07-02,49,49,VW45-49,49.63%,2003,1976,2988,1988.0
1625777,2022-07-09,52,52,VW50-54,53.64%,1922,2049,2075,2062.0
1036771,2022-07-09,49,49,VW45-49,44.84%,2217,1976,2988,1988.0
1036771,2022-07-30,49,49,VW45-49,48.97%,2030,1976,2988,1988.0
1036771,2022-08-06,49,49,VW45-49,43.54%,2283,1976,2988,1988.0
1036771,2022-08-27,49,49,VW45-49,48.94%,2031,1976,2988,1988.0
1036771,2022-09-10,49,49,VW45-49,43.10%,2306,1976,2988,1988.0
1646899,2022-09-17,51,51,VW50-54,48.27%,2109,2024,2048,2036.0
1036771,2022-09-17,49,49,VW45-49,45.31%,2194,1976,2988,1988.0
1794504,2022-09-24,34,34,SM30-34,49.87%,1578,1570,2574,1574.0
1794504,2022-10-01,34,34,SM30-34,36.37%,2164,1570,2574,1574.0
1036771,2022-10-08,49,49,VW45-49,44.69%,2224,1976,2988,1988.0
1036771,2022-10-15,49,49,VW45-49,47.09%,2111,1976,2988,1988.0
1036771,2022-10-22,49,49,VW45-49,46.10%,2156,1976,2988,1988.0
1036771,2022-11-26,49,49,VW45-49,43.22%,2300,1976,2988,1988.0
1036771,2022-12-10,49,49,VW45-49,45.58%,2181,1976,2988,1988.0
1646899,2022-12-31,52,52,VW50-54,50.79%,2030,2049,2075,2062.0
1794504,2023-01-01,34,34,SM30-34,42.54%,1850,1570,2574,1574.0
1036771,2023-01-07,49,49,VW45-49,42.96%,2314,1976,2988,1988.0
1036771,2023-02-11,49,49,VW45-49,50.25%,1978,1976,2988,1988.0
1036771,2023-02-18,49,49,VW45-49,42.61%,2333,1976,2988,1988.0
1036771,2023-03-04,49,49,VW45-49,52.29%,1901,1976,2988,1988.0
1646899,2023-03-04,52,52,VW50-54,52.44%,1966,2049,2075,2062.0
1036771,2023-03-25,50,50,VW50-54,43.08%,2335,0,2023,2012.0
1036771,2023-04-08,50,50,VW50-54,43.44%,2316,0,2023,2012.0
1036771,2023-04-15,50,50,VW50-54,45.75%,2199,0,2023,2012.0
1063855,2023-04-15,52,52,VM50-54,33.63%,2673,1791,1805,1798.0
1036771,2023-05-06,50,50,VW50-54,46.10%,2182,0,2023,2012.0
1036771,2023-05-20,50,50,VW50-54,44.61%,2255,0,2023,2012.0
1036771,2023-06-03,50,50,VW50-54,48.02%,2095,0,2023,2012.0
1036771,2023-06-17,50,50,VW50-54,43.25%,2326,0,2023,2012.0
4300140,2023-08-05,22,24,SM20-24,53.56%,1445,0,1551,1548.0
1036771,2023-08-26,50,50,VW50-54,40.73%,2470,0,2023,2012.0
614195,2023-09-02,62,62,VW60-64,44.48%,2655,2345,2378,2362.0
1036771,2023-09-09,50,50,VW50-54,37.95%,2651,0,2023,2012.0
1036771,2023-09-16,50,50,VW50-54,43.82%,2296,0,2023,2012.0
1646899,2023-10-21,52,52,VW50-54,47.86%,2154,2049,2075,2062.0
1036771,2023-11-11,50,50,VW50-54,52.51%,1916,0,2023,2012.0
1036771,2023-11-18,50,50,VW50-54,41.26%,2438,0,2023,2012.0
1036771,2023-12-16,50,50,VW50-54,48.25%,2085,0,2023,2012.0
1794504,2024-01-01,35,35,VM35-39,33.28%,2377,0,1586,1582.0
1036771,2024-01-06,50,50,VW50-54,40.89%,2460,0,2023,2012.0
1036771,2024-01-13,50,50,VW50-54,42.34%,2376,0,2023,2012.0
1036771,2024-01-20,50,50,VW50-54,45.25%,2223,0,2023,2012.0
1646899,2024-02-03,53,53,VW50-54,50.68%,2062,2076,2102,2090.0
1036771,2024-02-03,50,50,VW50-54,41.83%,2405,0,2023,2012.0
1646899,2024-02-24,53,53,VW50-54,48.63%,2149,2076,2102,2090.0
1036771,2024-03-02,50,50,VW50-54,40.89%,2460,0,2023,2012.0
1036771,2024-03-23,51,51,VW50-54,42.49%,2396,2024,2048,2036.0
1646899,2024-03-30,53,53,VW50-54,48.47%,2156,2076,2102,2090.0
1036771,2024-03-30,51,51,VW50-54,44.16%,2305,2024,2048,2036.0
1036771,2024-04-06,51,51,VW50-54,43.49%,2341,2024,2048,2036.0
1036771,2024-04-20,51,51,VW50-54,42.65%,2387,2024,2048,2036.0
1036771,2024-04-27,51,51,VW50-54,44.01%,2313,2024,2048,2036.0
1036771,2024-05-11,51,51,VW50-54,43.88%,2320,2024,2048,2036.0
1646899,2024-05-25,53,53,VW50-54,46.86%,2230,2076,2102,2090.0
1036771,2024-06-01,51,51,VW50-54,43.28%,2352,2024,2048,2036.0
1036771,2024-06-15,51,51,VW50-54,42.70%,2384,2024,2048,2036.0
2477618,2024-06-22,41,41,VM40-44,47.91%,1722,1644,1655,1650.0
1036771,2024-08-03,51,51,VW50-54,38.34%,2655,2024,2048,2036.0
640896,2024-08-31,54,54,VM50-54,41.43%,2206,1821,2828,1828.0
640896,2024-09-07,54,54,VM50-54,43.92%,2081,1821,2828,1828.0
1036771,2024-09-07,51,51,VW50-54,44.20%,2303,2024,2048,2036.0
2048645,2024-09-14,60,60,VM60-64,55.03%,1748,0,1932,1924.0
2477618,2024-09-21,42,42,VM40-44,59.53%,1396,1656,1668,1662.0
2048645,2024-09-21,60,60,VM60-64,55.03%,1748,0,1932,1924.0
1036771,2024-09-21,51,51,VW50-54,40.30%,2526,2024,2048,2036.0
2048645,2024-09-28,60,60,VM60-64,55.51%,1733,0,1932,1924.0
122015,2011-02-19,49,49,VW45-49,68.20%,1453,1976,2988,1982.0
122015,2011-02-26,49,49,VW45-49,69.01%,1436,1976,2988,1982.0
122015,2011-03-05,49,49,VW45-49,69.35%,1429,1976,2988,1982.0
125003,2011-03-05,52,52,VW50-54,63.38%,1622,2049,2075,2056.0
125800,2011-03-05,41,41,VW40-44,45.86%,2019,1841,1852,1852.0
125003,2011-03-12,52,52,VW50-54,64.17%,1602,2049,2075,2056.0
125800,2011-03-12,41,41,VW40-44,44.07%,2101,1841,1852,1852.0
125003,2011-03-19,52,52,VW50-54,62.80%,1637,2049,2075,2056.0
128724,2011-03-19,54,54,VW50-54,62.99%,1675,2103,3116,2110.0
125800,2011-03-19,41,41,VW40-44,50.49%,1834,1841,1852,1852.0
125800,2011-03-26,41,41,VW40-44,49.95%,1854,1841,1852,1852.0
125003,2011-04-02,52,52,VW50-54,64.37%,1597,2049,2075,2056.0
128724,2011-04-02,54,54,VW50-54,60.70%,1738,2103,3116,2110.0
128724,2011-04-09,54,54,VW50-54,62.39%,1691,2103,3116,2110.0
125800,2011-04-09,41,41,VW40-44,51.39%,1802,1841,1852,1852.0
128162,2011-04-16,51,51,VW50-54,50.10%,2026,2024,2048,2030.0
122015,2011-04-23,49,49,VW45-49,68.25%,1452,1976,2988,1982.0
128724,2011-04-23,54,54,VW50-54,63.14%,1671,2103,3116,2110.0
122015,2011-04-30,49,49,VW45-49,68.53%,1446,1976,2988,1982.0
140641,2011-04-30,51,51,VW50-54,66.64%,1523,2024,2048,2030.0
140267,2011-04-30,42,42,VW40-44,56.72%,1645,1853,1866,1866.0
140751,2011-04-30,49,49,VW45-49,53.10%,1889,1976,2988,2006.0
141552,2011-04-30,47,47,VW45-49,44.84%,2159,1934,1953,1936.0
140641,2011-05-07,51,51,VW50-54,66.08%,1536,2024,2048,2030.0
125003,2011-05-07,52,52,VW50-54,63.69%,1614,2049,2075,2056.0
140267,2011-05-07,42,42,VW40-44,56.86%,1641,1853,1866,1866.0
128724,2011-05-07,54,54,VW50-54,62.50%,1688,2103,3116,2110.0
140751,2011-05-07,49,49,VW45-49,52.40%,1914,1976,2988,2006.0
141552,2011-05-07,47,47,VW45-49,44.94%,2154,1934,1953,1936.0
128724,2011-05-14,54,54,VW50-54,65.24%,1617,2103,3116,2110.0
134582,2011-05-14,44,44,VW40-44,37.69%,2497,1881,2888,1882.0
149010,2011-05-21,59,59,VM55-59,77.69%,1394,1900,2908,2166.0
146993,2011-05-21,63,63,VW60-64,77.18%,1547,2379,2413,2388.0
125003,2011-05-21,52,52,VW50-54,64.98%,1582,2049,2075,2056.0
140751,2011-05-21,49,49,VW45-49,52.90%,1896,1976,2988,2006.0
134582,2011-05-21,44,44,VW40-44,42.99%,2189,1881,2888,1882.0
146993,2011-05-28,63,63,VW60-64,79.81%,1496,2379,2413,2388.0
125003,2011-05-28,52,52,VW50-54,66.41%,1548,2049,2075,2056.0
140267,2011-05-28,42,42,VW40-44,59.54%,1567,1853,1866,1866.0
140751,2011-05-28,49,49,VW45-49,53.90%,1861,1976,2988,2006.0
134582,2011-05-28,44,44,VW40-44,47.43%,1984,1881,2888,1882.0
146993,2011-06-04,63,63,VW60-64,79.71%,1498,2379,2413,2388.0
140267,2011-06-04,42,42,VW40-44,57.59%,1620,1853,1866,1866.0
128724,2011-06-04,54,54,VW50-54,63.59%,1659,2103,3116,2110.0
34655,2011-06-04,49,49,VW45-49,54.57%,1816,1976,2988,1982.0
134582,2011-06-04,44,44,VW40-44,45.31%,2077,1881,2888,1882.0
146993,2011-06-11,63,63,VW60-64,79.39%,1504,2379,2413,2388.0
140267,2011-06-11,42,42,VW40-44,57.99%,1609,1853,1866,1866.0
34655,2011-06-11,49,49,VW45-49,54.75%,1810,1976,2988,1982.0
156359,2011-06-11,47,47,VW45-49,52.13%,1857,1934,1953,1936.0
140751,2011-06-11,51,51,VW50-54,52.70%,1926,2024,2048,2030.0
134582,2011-06-11,44,44,VW40-44,44.79%,2101,1881,2888,1882.0
146993,2011-06-18,63,63,VW60-64,80.08%,1491,2379,2413,2388.0
34655,2011-06-18,49,49,VW45-49,57.35%,1728,1976,2988,1982.0
156359,2011-06-18,47,47,VW45-49,52.21%,1854,1934,1953,1936.0
149010,2011-06-25,55,55,VM55-59,64.84%,1422,0,1851,1844.0
146993,2011-06-25,63,63,VW60-64,83.38%,1432,2379,2413,2388.0
122015,2011-06-25,49,49,VW45-49,66.33%,1494,1976,2988,1982.0
34655,2011-06-25,49,49,VW45-49,57.52%,1723,1976,2988,1982.0
156359,2011-06-25,47,47,VW45-49,52.81%,1833,1934,1953,1936.0
140751,2011-06-25,51,51,VW50-54,54.05%,1878,2024,2048,2030.0
125003,2011-06-25,52,52,VW50-54,50.00%,2056,2049,2075,2056.0
146993,2011-07-02,62,62,VW60-64,80.29%,1471,2345,2378,2362.0
140267,2011-07-02,42,42,VW40-44,58.09%,1601,1853,1866,1860.0
34655,2011-07-02,48,48,VW45-49,60.02%,1636,1954,1975,1964.0
163693,2011-07-02,50,50,VW50-54,56.20%,1790,0,2023,2012.0
156359,2011-07-02,46,46,VW45-49,53.71%,1791,1915,1933,1924.0
140751,2011-07-02,50,50,VW50-54,54.00%,1863,0,2023,2012.0
141552,2011-07-02,46,46,VW45-49,50.90%,1890,1915,1933,1924.0
134582,2011-07-02,43,43,VW40-44,45.73%,2049,1867,1880,1874.0
140267,2011-07-09,42,42,VW40-44,58.86%,1585,1853,1866,1866.0
128724,2011-07-09,54,54,VW50-54,64.09%,1646,2103,3116,2110.0
163693,2011-07-09,51,51,VW50-54,59.88%,1695,2024,2048,2030.0
165257,2011-07-09,46,46,VW45-49,54.19%,1768,1915,1933,1916.0
166728,2011-07-09,51,51,VW50-54,52.19%,1945,2024,2048,2030.0
134582,2011-07-09,44,44,VW40-44,44.92%,2095,1881,2888,1882.0
125003,2011-07-09,52,52,VW50-54,46.75%,2199,2049,2075,2056.0
156359,2011-07-16,46,46,VW45-49,51.44%,1870,1915,1933,1924.0
125003,2011-07-16,51,51,VW50-54,49.35%,2063,2024,2048,2036.0
122015,2011-07-23,49,49,VW45-49,69.20%,1432,1976,2988,1982.0
163693,2011-07-23,51,51,VW50-54,62.16%,1633,2024,2048,2030.0
165257,2011-07-23,46,46,VW45-49,54.19%,1768,1915,1933,1916.0
125003,2011-07-23,52,52,VW50-54,54.45%,1888,2049,2075,2056.0
169141,2011-07-23,49,49,VW45-49,49.62%,1997,1976,2988,1982.0
140578,2011-07-23,49,49,VW45-49,47.60%,2082,1976,2988,1982.0
140641,2011-07-30,51,51,VW50-54,67.28%,1513,2024,2048,2036.0
128724,2011-07-30,53,53,VW50-54,65.39%,1598,2076,2102,2090.0
166728,2011-07-30,50,50,VW50-54,54.38%,1850,0,2023,2012.0
140751,2011-07-30,50,50,VW50-54,53.23%,1890,0,2023,2012.0
141552,2011-07-30,46,46,VW45-49,49.54%,1942,1915,1933,1924.0
173137,2011-07-30,45,45,VW45-49,49.02%,1944,0,1914,1906.0
140578,2011-07-30,48,48,VW45-49,46.30%,2121,1954,1975,1964.0
156359,2011-08-06,47,47,VW45-49,53.78%,1800,1934,1953,1936.0
173137,2011-08-06,47,47,VW45-49,51.49%,1880,1934,1953,1936.0
173712,2011-08-06,52,52,VW50-54,54.65%,1881,2049,2075,2056.0
169141,2011-08-06,49,49,VW45-49,52.16%,1900,1976,2988,1982.0
134582,2011-08-06,44,44,VW40-44,46.70%,2015,1881,2888,1882.0
152434,2011-08-13,52,52,VW50-54,63.03%,1631,2049,2075,2056.0
125003,2011-08-13,52,52,VW50-54,60.29%,1705,2049,2075,2056.0
173137,2011-08-13,47,47,VW45-49,52.30%,1851,1934,1953,1936.0
169141,2011-08-13,49,49,VW45-49,52.60%,1884,1976,2988,1982.0
141552,2011-08-13,47,47,VW45-49,50.36%,1922,1934,1953,1936.0
140641,2011-08-20,52,52,VW50-54,70.80%,1452,2049,2075,2056.0
152434,2011-08-20,53,53,VW50-54,65.18%,1597,2076,2102,2082.0
125003,2011-08-20,52,52,VW50-54,63.26%,1625,2049,2075,2056.0
173137,2011-08-20,47,47,VW45-49,53.16%,1821,1934,1953,1936.0
169141,2011-08-20,49,49,VW45-49,53.05%,1868,1976,2988,1982.0
173712,2011-08-20,52,52,VW50-54,53.26%,1930,2049,2075,2056.0
140578,2011-08-20,49,49,VW45-49,48.96%,2024,1976,2988,1982.0
128162,2011-08-20,52,52,VW50-54,47.99%,2142,2049,2075,2056.0
140267,2011-08-27,44,44,VW40-44,58.81%,1600,1881,2888,1882.0
156359,2011-08-27,47,47,VW45-49,54.60%,1773,1934,1953,1936.0
166728,2011-08-27,51,51,VW50-54,55.74%,1821,2024,2048,2030.0
173137,2011-08-27,47,47,VW45-49,52.98%,1827,1934,1953,1936.0
141552,2011-08-27,47,47,VW45-49,51.22%,1890,1934,1953,1936.0
140578,2011-08-27,49,49,VW45-49,48.96%,2024,1976,2988,1982.0
140267,2011-09-03,44,44,VW40-44,58.37%,1612,1881,2888,1882.0
163693,2011-09-03,51,51,VW50-54,59.88%,1695,2024,2048,2030.0
173137,2011-09-03,47,47,VW45-49,53.16%,1821,1934,1953,1936.0
169141,2011-09-03,49,49,VW45-49,53.54%,1851,1976,2988,1982.0
173712,2011-09-03,52,52,VW50-54,54.86%,1874,2049,2075,2056.0
141552,2011-09-03,47,47,VW45-49,49.24%,1966,1934,1953,1936.0
166728,2011-09-03,51,51,VW50-54,51.58%,1968,2024,2048,2030.0
140578,2011-09-03,49,49,VW45-49,49.33%,2009,1976,2988,1982.0
122015,2011-09-10,49,49,VW45-49,68.72%,1442,1976,2988,1982.0
140641,2011-09-10,52,52,VW50-54,69.84%,1472,2049,2075,2056.0
125003,2011-09-10,52,52,VW50-54,63.26%,1625,2049,2075,2056.0
140267,2011-09-10,44,44,VW40-44,57.48%,1637,1881,2888,1882.0
163693,2011-09-10,51,51,VW50-54,60.31%,1683,2024,2048,2030.0
165257,2011-09-10,46,46,VW45-49,56.12%,1707,1915,1933,1916.0
173137,2011-09-10,47,47,VW45-49,53.93%,1795,1934,1953,1936.0
169141,2011-09-10,49,49,VW45-49,53.63%,1848,1976,2988,1982.0
173712,2011-09-10,52,52,VW50-54,55.48%,1853,2049,2075,2056.0
141552,2011-09-10,47,47,VW45-49,51.30%,1887,1934,1953,1936.0
140751,2011-09-10,51,51,VW50-54,50.57%,2007,2024,2048,2030.0
183788,2011-09-10,46,46,VW45-49,37.23%,2573,1915,1933,1916.0
122015,2011-09-17,48,48,VW45-49,69.30%,1417,1954,1975,1964.0
163693,2011-09-17,51,51,VW50-54,62.11%,1639,2024,2048,2036.0
165257,2011-09-17,45,45,VW45-49,55.86%,1706,0,1914,1906.0
173137,2011-09-17,46,46,VW45-49,53.59%,1795,1915,1933,1924.0
169141,2011-09-17,48,48,VW45-49,53.84%,1824,1954,1975,1964.0
173712,2011-09-17,51,51,VW50-54,55.69%,1828,2024,2048,2036.0
140578,2011-09-17,48,48,VW45-49,49.85%,1970,1954,1975,1964.0
183788,2011-09-17,45,45,VW45-49,40.95%,2327,0,1914,1906.0
189478,2011-09-24,14,14,JM11-14,53.67%,1526,0,1721,1638.0
125003,2011-09-24,52,52,VW50-54,66.11%,1555,2049,2075,2056.0
163693,2011-09-24,52,52,VW50-54,62.72%,1639,2049,2075,2056.0
183788,2011-09-24,46,46,VW45-49,40.75%,2351,1915,1933,1916.0
122015,2011-10-01,49,49,VW45-49,68.25%,1452,1976,2988,1982.0
152434,2011-10-01,53,53,VW50-54,64.90%,1604,2076,2102,2082.0
169141,2011-10-01,49,49,VW45-49,56.66%,1749,1976,2988,1982.0
173137,2011-10-01,47,47,VW45-49,51.85%,1867,1934,1953,1936.0
189478,2011-10-01,14,14,JM11-14,43.11%,1900,0,1721,1638.0
134582,2011-10-01,44,44,VW40-44,45.20%,2082,1881,2888,1882.0
122015,2011-10-08,49,49,VW45-49,69.16%,1433,1976,2988,1982.0
125003,2011-10-08,52,52,VW50-54,66.49%,1546,2049,2075,2056.0
140267,2011-10-08,44,44,VW40-44,58.09%,1620,1881,2888,1882.0
169141,2011-10-08,49,49,VW45-49,55.67%,1780,1976,2988,1982.0
134582,2011-10-08,44,44,VW40-44,45.50%,2068,1881,2888,1882.0
140578,2011-10-08,49,49,VW45-49,45.82%,2163,1976,2988,1982.0
168933,2011-10-08,46,46,VW45-49,33.29%,2878,1915,1933,1916.0
125003,2011-10-15,52,52,VW50-54,66.71%,1541,2049,2075,2056.0
152434,2011-10-15,53,53,VW50-54,66.52%,1565,2076,2102,2082.0
140751,2011-10-15,51,51,VW50-54,53.59%,1894,2024,2048,2030.0
140578,2011-10-15,49,49,VW45-49,49.01%,2022,1976,2988,1982.0
134582,2011-10-15,44,44,VW40-44,45.33%,2076,1881,2888,1882.0
131684,2011-10-15,47,47,VW45-49,40.33%,2400,1934,1953,1936.0
196316,2011-10-15,59,59,VW55-59,42.23%,2671,2248,3264,2256.0
168933,2011-10-15,46,46,VW45-49,35.14%,2726,1915,1933,1916.0
165257,2011-10-22,45,45,VW45-49,54.96%,1734,0,1914,1906.0
173137,2011-10-22,46,46,VW45-49,51.75%,1859,1915,1933,1924.0
140751,2011-10-22,50,50,VW50-54,53.60%,1877,0,2023,2012.0
131684,2011-10-22,46,46,VW45-49,41.06%,2343,1915,1933,1924.0
196316,2011-10-22,58,58,VW55-59,43.73%,2552,2217,2247,2232.0
168933,2011-10-22,45,45,VW45-49,37.33%,2553,0,1914,1906.0
125003,2011-10-29,51,51,VW50-54,65.01%,1566,2024,2048,2036.0
169141,2011-10-29,48,48,VW45-49,55.26%,1777,1954,1975,1964.0
173137,2011-10-29,46,46,VW45-49,53.15%,1810,1915,1933,1924.0
140578,2011-10-29,48,48,VW45-49,50.51%,1944,1954,1975,1964.0
196316,2011-10-29,58,58,VW55-59,42.84%,2605,2217,2247,2232.0
125003,2011-11-05,51,51,VW50-54,65.30%,1559,2024,2048,2036.0
140267,2011-11-05,43,43,VW40-44,58.67%,1597,1867,1880,1874.0
169141,2011-11-05,48,48,VW45-49,56.80%,1729,1954,1975,1964.0
173137,2011-11-05,46,46,VW45-49,52.23%,1842,1915,1933,1924.0
140578,2011-11-05,48,48,VW45-49,49.08%,2001,1954,1975,1964.0
131684,2011-11-05,46,46,VW45-49,39.87%,2413,1915,1933,1924.0
168933,2011-11-05,45,45,VW45-49,39.15%,2434,0,1914,1906.0
196316,2011-11-05,58,58,VW55-59,43.39%,2572,2217,2247,2232.0
122015,2011-11-12,49,49,VW45-49,67.57%,1471,1976,2988,1988.0
140267,2011-11-12,43,43,VW40-44,59.12%,1585,1867,1880,1874.0
189478,2011-11-12,14,14,JM11-14,50.62%,1618,0,1721,1638.0
152434,2011-11-12,52,52,VW50-54,63.33%,1628,2049,2075,2062.0
163693,2011-11-12,51,51,VW50-54,56.43%,1804,2024,2048,2036.0
162024,2011-11-12,58,58,VW55-59,55.80%,2000,2217,2247,2232.0
168933,2011-11-12,45,45,VW45-49,45.80%,2081,0,1914,1906.0
131684,2011-11-12,46,46,VW45-49,41.23%,2333,1915,1933,1924.0
196316,2011-11-12,58,58,VW55-59,44.36%,2516,2217,2247,2232.0
163693,2011-11-19,51,51,VW50-54,60.52%,1682,2024,2048,2036.0
165257,2011-11-19,45,45,VW45-49,56.09%,1699,0,1914,1906.0
169141,2011-11-19,48,48,VW45-49,56.28%,1745,1954,1975,1964.0
140578,2011-11-19,48,48,VW45-49,48.88%,2009,1954,1975,1964.0
168933,2011-11-19,45,45,VW45-49,47.41%,2010,0,1914,1906.0
131684,2011-11-19,46,46,VW45-49,41.77%,2303,1915,1933,1924.0
196316,2011-11-19,58,58,VW55-59,45.29%,2464,2217,2247,2232.0
125003,2011-11-26,52,52,VW50-54,64.92%,1588,2049,2075,2062.0
163693,2011-11-26,51,51,VW50-54,62.04%,1641,2024,2048,2036.0
169141,2011-11-26,48,48,VW45-49,56.40%,1741,1954,1975,1964.0
168933,2011-11-26,45,45,VW45-49,48.90%,1949,0,1914,1906.0
140578,2011-11-26,48,48,VW45-49,47.28%,2077,1954,1975,1964.0
131684,2011-11-26,46,46,VW45-49,42.29%,2275,1915,1933,1924.0
125003,2011-12-03,52,52,VW50-54,63.33%,1628,2049,2075,2062.0
163693,2011-12-03,51,51,VW50-54,60.24%,1690,2024,2048,2036.0
169141,2011-12-03,48,48,VW45-49,56.37%,1742,1954,1975,1964.0
131684,2011-12-03,46,46,VW45-49,41.50%,2318,1915,1933,1924.0
125003,2011-12-10,52,52,VW50-54,65.09%,1584,2049,2075,2062.0
140267,2011-12-10,43,43,VW40-44,58.82%,1593,1867,1880,1874.0
163693,2011-12-10,51,51,VW50-54,62.80%,1621,2024,2048,2036.0
169141,2011-12-10,48,48,VW45-49,56.34%,1743,1954,1975,1964.0
140578,2011-12-10,48,48,VW45-49,48.59%,2021,1954,1975,1964.0
131684,2011-12-10,46,46,VW45-49,42.70%,2253,1915,1933,1924.0
163693,2011-12-17,51,51,VW50-54,60.96%,1670,2024,2048,2036.0
140578,2011-12-17,48,48,VW45-49,45.38%,2164,1954,1975,1964.0
122015,2011-12-24,49,49,VW45-49,67.44%,1474,1976,2988,1988.0
140267,2011-12-24,43,43,VW40-44,58.31%,1607,1867,1880,1874.0
169141,2011-12-24,48,48,VW45-49,56.57%,1736,1954,1975,1964.0
140578,2011-12-24,48,48,VW45-49,51.90%,1892,1954,1975,1964.0
173712,2011-12-24,51,51,VW50-54,52.45%,1941,2024,2048,2036.0
128162,2011-12-24,51,51,VW50-54,51.26%,1986,2024,2048,2036.0
125003,2011-12-24,52,52,VW50-54,45.60%,2261,2049,2075,2062.0
122015,2011-12-31,49,49,VW45-49,65.87%,1509,1976,2988,1988.0
169141,2011-12-31,48,48,VW45-49,55.70%,1763,1954,1975,1964.0
140578,2011-12-31,48,48,VW45-49,51.41%,1910,1954,1975,1964.0
173712,2011-12-31,51,51,VW50-54,51.47%,1978,2024,2048,2036.0
128162,2011-12-31,51,51,VW50-54,51.44%,1979,2024,2048,2036.0
146993,2011-12-31,62,62,VW60-64,48.44%,2438,2345,2378,2362.0
196316,2011-12-31,58,58,VW55-59,44.25%,2522,2217,2247,2232.0
189478,2012-01-07,14,14,JM11-14,49.73%,1647,0,1721,1638.0
169141,2012-01-07,48,48,VW45-49,55.73%,1762,1954,1975,1964.0
140578,2012-01-07,48,48,VW45-49,50.85%,1931,1954,1975,1964.0
128162,2012-01-07,51,51,VW50-54,51.34%,1983,2024,2048,2036.0
168933,2012-01-07,45,45,VW45-49,42.75%,2229,0,1914,1906.0
131684,2012-01-07,46,46,VW45-49,41.56%,2315,1915,1933,1924.0
125003,2012-01-14,52,52,VW50-54,65.63%,1571,2049,2075,2062.0
163693,2012-01-14,51,51,VW50-54,62.34%,1633,2024,2048,2036.0
165257,2012-01-14,46,46,VW45-49,55.13%,1745,1915,1933,1924.0
173712,2012-01-14,52,52,VW50-54,53.81%,1916,2049,2075,2062.0
131684,2012-01-14,46,46,VW45-49,42.76%,2250,1915,1933,1924.0
196316,2012-01-14,58,58,VW55-59,45.22%,2468,2217,2247,2232.0
125003,2012-01-21,52,52,VW50-54,65.88%,1565,2049,2075,2062.0
140267,2012-01-21,43,43,VW40-44,57.84%,1620,1867,1880,1874.0
163693,2012-01-21,51,51,VW50-54,60.38%,1686,2024,2048,2036.0
169141,2012-01-21,49,49,VW45-49,55.59%,1788,1976,2988,1988.0
165257,2012-01-21,46,46,VW45-49,52.45%,1834,1915,1933,1924.0
141552,2012-01-21,46,46,VW45-49,50.08%,1921,1915,1933,1924.0
140578,2012-01-21,48,48,VW45-49,47.23%,2079,1954,1975,1964.0
131684,2012-01-21,46,46,VW45-49,41.45%,2321,1915,1933,1924.0
168933,2012-01-21,45,45,VW45-49,39.71%,2400,0,1914,1906.0
125003,2012-01-28,52,52,VW50-54,64.88%,1589,2049,2075,2062.0
163693,2012-01-28,51,51,VW50-54,63.23%,1610,2024,2048,2036.0
165257,2012-01-28,46,46,VW45-49,55.87%,1722,1915,1933,1924.0
169141,2012-01-28,49,49,VW45-49,56.61%,1756,1976,2988,1988.0
140578,2012-01-28,48,48,VW45-49,47.83%,2053,1954,1975,1964.0
125003,2012-02-04,52,52,VW50-54,65.29%,1579,2049,2075,2062.0
140578,2012-02-04,48,48,VW45-49,48.04%,2044,1954,1975,1964.0
140267,2012-02-11,43,43,VW40-44,58.42%,1604,1867,1880,1874.0
125003,2012-02-11,52,52,VW50-54,58.71%,1756,2049,2075,2062.0
169141,2012-02-11,49,49,VW45-49,53.79%,1848,1976,2988,1988.0
173712,2012-02-11,52,52,VW50-54,54.26%,1900,2049,2075,2062.0
140578,2012-02-11,48,48,VW45-49,49.22%,1995,1954,1975,1964.0
125003,2012-02-18,52,52,VW50-54,63.52%,1623,2049,2075,2062.0
169141,2012-02-18,49,49,VW45-49,57.49%,1729,1976,2988,1988.0
165257,2012-02-18,46,46,VW45-49,53.59%,1795,1915,1933,1924.0
173712,2012-02-18,52,52,VW50-54,54.21%,1902,2049,2075,2062.0
131684,2012-02-18,46,46,VW45-49,42.34%,2272,1915,1933,1924.0
189478,2012-02-25,11,11,JM11-14,56.32%,1630,1811,2836,1836.0
165257,2012-02-25,46,46,VW45-49,56.00%,1718,1915,1933,1924.0
169141,2012-02-25,49,49,VW45-49,56.25%,1767,1976,2988,1988.0
173712,2012-02-25,52,52,VW50-54,55.94%,1843,2049,2075,2062.0
173137,2012-02-25,46,46,VW45-49,50.74%,1896,1915,1933,1924.0
140578,2012-02-25,48,48,VW45-49,49.17%,1997,1954,1975,1964.0
131684,2012-02-25,46,46,VW45-49,46.36%,2075,1915,1933,1924.0
189478,2012-03-03,14,14,JM11-14,53.32%,1536,0,1721,1638.0
140267,2012-03-03,43,43,VW40-44,59.76%,1568,1867,1880,1874.0
125003,2012-03-03,52,52,VW50-54,63.92%,1613,2049,2075,2062.0
165257,2012-03-03,46,46,VW45-49,55.61%,1730,1915,1933,1924.0
169141,2012-03-03,49,49,VW45-49,55.72%,1784,1976,2988,1988.0
140578,2012-03-03,48,48,VW45-49,50.23%,1955,1954,1975,1964.0
131684,2012-03-03,46,46,VW45-49,42.81%,2247,1915,1933,1924.0
140267,2012-03-10,43,43,VW40-44,61.04%,1535,1867,1880,1874.0
163693,2012-03-10,51,51,VW50-54,59.85%,1701,2024,2048,2036.0
169141,2012-03-10,49,49,VW45-49,55.91%,1778,1976,2988,1988.0
165257,2012-03-10,46,46,VW45-49,53.74%,1790,1915,1933,1924.0
141552,2012-03-10,46,46,VW45-49,50.58%,1902,1915,1933,1924.0
140578,2012-03-10,48,48,VW45-49,51.52%,1906,1954,1975,1964.0
152434,2012-03-17,52,52,VW50-54,64.20%,1606,2049,2075,2062.0
141552,2012-03-17,46,46,VW45-49,48.37%,1989,1915,1933,1924.0
140578,2012-03-17,48,48,VW45-49,48.37%,2030,1954,1975,1964.0
131684,2012-03-17,46,46,VW45-49,42.95%,2240,1915,1933,1924.0
163693,2012-03-17,51,51,VW50-54,45.43%,2241,2024,2048,2036.0
140578,2012-03-24,48,48,VW45-49,49.03%,2003,1954,1975,1964.0
141552,2012-03-24,46,46,VW45-49,43.91%,2191,1915,1933,1924.0
131684,2012-03-24,46,46,VW45-49,43.65%,2204,1915,1933,1924.0
140267,2012-03-31,43,43,VW40-44,60.26%,1555,1867,1880,1874.0
128724,2012-03-31,54,54,VW50-54,63.32%,1671,2103,3116,2116.0
125003,2012-03-31,52,52,VW50-54,59.80%,1724,2049,2075,2062.0
169141,2012-03-31,49,49,VW45-49,57.39%,1732,1976,2988,1988.0
140578,2012-03-31,48,48,VW45-49,49.30%,1992,1954,1975,1964.0
196316,2012-03-31,58,58,VW55-59,47.09%,2370,2217,2247,2232.0
140641,2012-04-07,51,51,VW50-54,73.82%,1379,2024,2048,2036.0
152434,2012-04-07,52,52,VW50-54,64.68%,1594,2049,2075,2062.0
169141,2012-04-07,49,49,VW45-49,56.61%,1756,1976,2988,1988.0
140578,2012-04-07,48,48,VW45-49,44.08%,2228,1954,1975,1964.0
125003,2012-04-07,52,52,VW50-54,44.98%,2292,2049,2075,2062.0
196316,2012-04-07,58,58,VW55-59,45.33%,2462,2217,2247,2232.0
140267,2012-04-14,43,43,VW40-44,57.88%,1619,1867,1880,1874.0
125003,2012-04-14,52,52,VW50-54,61.63%,1673,2049,2075,2062.0
165257,2012-04-14,46,46,VW45-49,49.21%,1955,1915,1933,1924.0
196316,2012-04-14,58,58,VW55-59,46.64%,2393,2217,2247,2232.0
169141,2012-04-21,49,49,VW45-49,57.46%,1730,1976,2988,1988.0
140578,2012-04-21,48,48,VW45-49,52.07%,1886,1954,1975,1964.0
196316,2012-04-21,58,58,VW55-59,46.95%,2377,2217,2247,2232.0
122015,2012-04-28,49,49,VW45-49,65.52%,1517,1976,2988,1988.0
169141,2012-04-28,49,49,VW45-49,57.36%,1733,1976,2988,1988.0
140578,2012-04-28,48,48,VW45-49,52.68%,1864,1954,1975,1964.0
131684,2012-04-28,46,46,VW45-49,40.39%,2382,1915,1933,1924.0
140267,2012-05-05,43,43,VW40-44,60.96%,1537,1867,1880,1874.0
152434,2012-05-05,52,52,VW50-54,65.42%,1576,2049,2075,2062.0
128724,2012-05-05,54,54,VW50-54,62.13%,1703,2103,3116,2116.0
169141,2012-05-05,49,49,VW45-49,58.30%,1705,1976,2988,1988.0
165257,2012-05-05,46,46,VW45-49,54.47%,1766,1915,1933,1924.0
131684,2012-05-05,46,46,VW45-49,41.23%,2333,1915,1933,1924.0
122015,2012-05-12,49,49,VW45-49,65.61%,1515,1976,2988,1988.0
125003,2012-05-12,52,52,VW50-54,64.32%,1603,2049,2075,2062.0
169141,2012-05-12,49,49,VW45-49,58.57%,1697,1976,2988,1988.0
140578,2012-05-12,48,48,VW45-49,52.60%,1867,1954,1975,1964.0
196316,2012-05-12,58,58,VW55-59,46.91%,2379,2217,2247,2232.0
140267,2012-05-19,43,43,VW40-44,61.04%,1535,1867,1880,1874.0
169141,2012-05-19,49,49,VW45-49,58.51%,1699,1976,2988,1988.0
140578,2012-05-19,49,49,VW45-49,53.61%,1854,1976,2988,1988.0
173137,2012-05-19,46,46,VW45-49,48.32%,1991,1915,1933,1924.0
196316,2012-05-19,58,58,VW55-59,45.18%,2470,2217,2247,2232.0
140267,2012-05-26,43,43,VW40-44,61.20%,1531,1867,1880,1874.0
165257,2012-05-26,46,46,VW45-49,53.21%,1808,1915,1933,1924.0
140578,2012-05-26,49,49,VW45-49,52.12%,1907,1976,2988,1988.0
168933,2012-05-26,45,45,VW45-49,47.53%,2005,0,1914,1906.0
196316,2012-05-26,58,58,VW55-59,45.70%,2442,2217,2247,2232.0
131684,2012-05-26,46,46,VW45-49,39.35%,2445,1915,1933,1924.0
140267,2012-06-02,43,43,VW40-44,61.56%,1522,1867,1880,1874.0
168933,2012-06-02,45,45,VW45-49,50.88%,1873,0,1914,1906.0
140578,2012-06-02,49,49,VW45-49,52.84%,1881,1976,2988,1988.0
173137,2012-06-02,46,46,VW45-49,49.90%,1928,1915,1933,1924.0
122015,2012-06-09,49,49,VW45-49,65.78%,1511,1976,2988,1988.0
125003,2012-06-09,52,52,VW50-54,64.80%,1591,2049,2075,2062.0
131684,2012-06-09,46,46,VW45-49,39.93%,2409,1915,1933,1924.0
196316,2012-06-09,58,58,VW55-59,45.70%,2442,2217,2247,2232.0
169141,2012-06-16,49,49,VW45-49,57.59%,1726,1976,2988,1988.0
131684,2012-06-16,46,46,VW45-49,41.48%,2319,1915,1933,1924.0
196316,2012-06-16,58,58,VW55-59,45.91%,2431,2217,2247,2232.0
140578,2012-06-23,49,49,VW45-49,52.73%,1885,1976,2988,1988.0
165257,2012-06-23,46,46,VW45-49,41.79%,2302,1915,1933,1924.0
131684,2012-06-23,47,47,VW45-49,41.56%,2339,1934,1953,1944.0
122015,2012-06-30,49,49,VW45-49,64.67%,1537,1976,2988,1988.0
165257,2012-06-30,46,46,VW45-49,51.22%,1878,1915,1933,1924.0
169141,2012-06-30,49,49,VW45-49,42.03%,2365,1976,2988,1988.0
131684,2012-06-30,47,47,VW45-49,40.18%,2419,1934,1953,1944.0
196316,2012-06-30,58,58,VW55-59,45.02%,2479,2217,2247,2232.0
140267,2012-07-07,43,43,VW40-44,61.73%,1518,1867,1880,1874.0
169141,2012-07-07,49,49,VW45-49,56.93%,1746,1976,2988,1988.0
165257,2012-07-07,46,46,VW45-49,53.03%,1814,1915,1933,1924.0
140578,2012-07-07,49,49,VW45-49,50.56%,1966,1976,2988,1988.0
131684,2012-07-07,47,47,VW45-49,39.89%,2437,1934,1953,1944.0
125003,2012-07-14,52,52,VW50-54,63.84%,1615,2049,2075,2062.0
165257,2012-07-21,46,46,VW45-49,54.44%,1767,1915,1933,1924.0
140578,2012-07-21,49,49,VW45-49,50.03%,1987,1976,2988,1988.0
125003,2012-07-21,52,52,VW50-54,50.91%,2025,2049,2075,2062.0
169141,2012-07-21,49,49,VW45-49,48.35%,2056,1976,2988,1988.0
131684,2012-07-21,47,47,VW45-49,41.13%,2363,1934,1953,1944.0
168933,2012-07-21,45,45,VW45-49,39.91%,2388,0,1914,1906.0
140578,2012-07-28,49,49,VW45-49,50.61%,1964,1976,2988,1988.0
131684,2012-07-28,47,47,VW45-49,42.59%,2282,1934,1953,1944.0
131684,2012-08-04,47,47,VW45-49,42.52%,2286,1934,1953,1944.0
169141,2012-08-11,49,49,VW45-49,53.53%,1857,1976,2988,1988.0
140578,2012-08-11,49,49,VW45-49,51.03%,1948,1976,2988,1988.0
131684,2012-08-11,47,47,VW45-49,41.59%,2337,1934,1953,1944.0
125003,2012-08-18,52,52,VW50-54,54.06%,1907,2049,2075,2062.0
173137,2012-08-18,47,47,VW45-49,50.21%,1936,1934,1953,1944.0
173712,2012-08-18,52,52,VW50-54,51.99%,1983,2049,2075,2062.0
140578,2012-08-25,49,49,VW45-49,51.80%,1919,1976,2988,1988.0
125003,2012-08-25,52,52,VW50-54,51.50%,2002,2049,2075,2062.0
140578,2012-09-01,49,49,VW45-49,52.79%,1883,1976,2988,1988.0
131684,2012-09-01,47,47,VW45-49,42.69%,2277,1934,1953,1944.0
140578,2012-09-08,49,49,VW45-49,51.85%,1917,1976,2988,1988.0
125003,2012-09-08,52,52,VW50-54,49.98%,2063,2049,2075,2062.0
131684,2012-09-08,47,47,VW45-49,41.72%,2330,1934,1953,1944.0
169141,2012-09-08,49,49,VW45-49,40.65%,2445,1976,2988,1988.0
122015,2012-09-15,49,49,VW45-49,64.46%,1542,1976,2988,1988.0
168933,2012-09-15,46,46,VW45-49,53.12%,1811,1915,1933,1924.0
141552,2012-09-15,47,47,VW45-49,44.44%,2187,1934,1953,1944.0
125003,2012-09-22,52,52,VW50-54,60.47%,1705,2049,2075,2062.0
168933,2012-09-22,46,46,VW45-49,54.38%,1769,1915,1933,1924.0
169141,2012-09-22,49,49,VW45-49,55.19%,1801,1976,2988,1988.0
140578,2012-09-22,49,49,VW45-49,52.68%,1887,1976,2988,1988.0
141552,2012-09-22,47,47,VW45-49,45.02%,2159,1934,1953,1944.0
140267,2012-09-29,44,44,VW40-44,57.21%,1650,1881,2888,1888.0
152434,2012-09-29,53,53,VW50-54,61.43%,1701,2076,2102,2090.0
169141,2012-09-29,49,49,VW45-49,54.98%,1808,1976,2988,1988.0
140578,2012-09-29,49,49,VW45-49,51.13%,1944,1976,2988,1988.0
141552,2012-09-29,47,47,VW45-49,45.61%,2131,1934,1953,1944.0
189478,2012-10-06,14,14,JM11-14,55.71%,1481,0,1721,1650.0
125003,2012-10-06,52,52,VW50-54,49.88%,2067,2049,2075,2062.0
169141,2012-10-06,49,49,VW45-49,43.18%,2302,1976,2988,1988.0
131684,2012-10-06,47,47,VW45-49,40.53%,2398,1934,1953,1944.0
140578,2012-10-13,49,49,VW45-49,52.18%,1905,1976,2988,1988.0
169141,2012-10-13,49,49,VW45-49,44.02%,2258,1976,2988,1988.0
131684,2012-10-13,47,47,VW45-49,41.66%,2333,1934,1953,1944.0
189478,2012-10-20,12,12,JM11-14,61.05%,1461,1763,1810,1784.0
140267,2012-10-20,44,44,VW40-44,62.81%,1503,1881,2888,1888.0
125003,2012-10-20,52,52,VW50-54,61.96%,1664,2049,2075,2062.0
169141,2012-10-20,49,49,VW45-49,56.00%,1775,1976,2988,1988.0
140578,2012-10-20,49,49,VW45-49,51.85%,1917,1976,2988,1988.0
131684,2012-10-20,47,47,VW45-49,42.06%,2311,1934,1953,1944.0
169141,2012-10-27,49,49,VW45-49,54.23%,1833,1976,2988,1988.0
140578,2012-10-27,49,49,VW45-49,50.92%,1952,1976,2988,1988.0
131684,2012-10-27,47,47,VW45-49,40.65%,2391,1934,1953,1944.0
140267,2012-11-03,44,44,VW40-44,62.98%,1499,1881,2888,1888.0
189478,2012-11-03,12,12,JM11-14,58.57%,1523,1763,1810,1784.0
169141,2012-11-03,49,49,VW45-49,53.56%,1856,1976,2988,1988.0
140578,2012-11-03,49,49,VW45-49,51.99%,1912,1976,2988,1988.0
125003,2012-11-10,52,52,VW50-54,61.66%,1672,2049,2075,2062.0
169141,2012-11-17,49,49,VW45-49,53.41%,1861,1976,2988,1988.0
189478,2012-11-24,12,12,JM11-14,60.27%,1480,1763,1810,1784.0
169141,2012-11-24,49,49,VW45-49,53.85%,1846,1976,2988,1988.0
140578,2012-11-24,49,49,VW45-49,52.48%,1894,1976,2988,1988.0
165257,2012-11-24,46,46,VW45-49,49.33%,1950,1915,1933,1924.0
131684,2012-11-24,47,47,VW45-49,40.67%,2390,1934,1953,1944.0
125003,2012-12-01,53,53,VW50-54,58.67%,1781,2076,2102,2090.0
140578,2012-12-01,49,49,VW45-49,52.34%,1899,1976,2988,1988.0
131684,2012-12-01,47,47,VW45-49,41.43%,2346,1934,1953,1944.0
169141,2012-12-08,49,49,VW45-49,55.84%,1780,1976,2988,1988.0
125003,2012-12-08,53,53,VW50-54,58.41%,1789,2076,2102,2090.0
140578,2012-12-08,49,49,VW45-49,52.93%,1878,1976,2988,1988.0
165257,2012-12-08,46,46,VW45-49,48.78%,1972,1915,1933,1924.0
169141,2012-12-15,49,49,VW45-49,55.59%,1788,1976,2988,1988.0
125003,2012-12-15,53,53,VW50-54,58.28%,1793,2076,2102,2090.0
165257,2012-12-22,46,46,VW45-49,51.75%,1859,1915,1933,1924.0
125003,2012-12-22,53,53,VW50-54,56.12%,1862,2076,2102,2090.0
140578,2012-12-22,49,49,VW45-49,51.37%,1935,1976,2988,1988.0
140578,2012-12-29,49,49,VW45-49,51.42%,1933,1976,2988,1988.0
83295,2013-01-01,58,58,VW55-59,67.39%,1656,2217,2247,2232.0
156359,2013-01-01,47,47,VW45-49,54.39%,1787,1934,1953,1944.0
169141,2013-01-01,49,49,VW45-49,52.32%,1900,1976,2988,1988.0
140578,2013-01-01,49,49,VW45-49,48.61%,2045,1976,2988,1988.0
140267,2013-01-05,44,44,VW40-44,59.71%,1581,1881,2888,1888.0
169141,2013-01-05,49,49,VW45-49,52.54%,1892,1976,2988,1988.0
140578,2013-01-05,49,49,VW45-49,50.46%,1970,1976,2988,1988.0
131684,2013-01-05,47,47,VW45-49,40.89%,2377,1934,1953,1944.0
122015,2013-01-12,50,50,VW50-54,63.35%,1588,0,2023,2012.0
140578,2013-01-12,49,49,VW45-49,51.50%,1930,1976,2988,1988.0
173712,2013-01-12,53,53,VW50-54,52.70%,1983,2076,2102,2090.0
131684,2013-01-12,47,47,VW45-49,41.95%,2317,1934,1953,1944.0
140751,2013-01-26,51,51,VW50-54,53.08%,1918,2024,2048,2036.0
140578,2013-01-26,49,49,VW45-49,50.87%,1954,1976,2988,1988.0
131684,2013-01-26,47,47,VW45-49,40.53%,2398,1934,1953,1944.0
140267,2013-02-02,44,44,VW40-44,60.40%,1563,1881,2888,1888.0
131684,2013-02-02,47,47,VW45-49,40.62%,2393,1934,1953,1944.0
140267,2013-02-09,44,44,VW40-44,60.90%,1550,1881,2888,1888.0
125003,2013-02-09,53,53,VW50-54,62.50%,1672,2076,2102,2090.0
128724,2013-02-09,55,55,VW55-59,63.24%,1695,0,2157,2144.0
140578,2013-02-09,49,49,VW45-49,53.04%,1874,1976,2988,1988.0
131684,2013-02-09,47,47,VW45-49,41.36%,2350,1934,1953,1944.0
140267,2013-02-16,44,44,VW40-44,60.90%,1550,1881,2888,1888.0
140578,2013-02-16,49,49,VW45-49,53.67%,1852,1976,2988,1988.0
131684,2013-02-16,47,47,VW45-49,41.43%,2346,1934,1953,1944.0
140578,2013-02-23,49,49,VW45-49,53.01%,1875,1976,2988,1988.0
141552,2013-02-23,47,47,VW45-49,40.28%,2413,1934,1953,1944.0
128162,2013-02-23,52,52,VW50-54,42.60%,2420,2049,2075,2062.0
169141,2013-02-23,50,50,VW50-54,36.11%,2786,0,2023,2012.0
128724,2013-03-02,55,55,VW55-59,65.81%,1629,0,2157,2144.0
140267,2013-03-02,44,44,VW40-44,57.00%,1656,1881,2888,1888.0
169141,2013-03-02,50,50,VW50-54,49.75%,2022,0,2023,2012.0
140751,2013-03-02,51,51,VW50-54,46.21%,2203,2024,2048,2036.0
131684,2013-03-02,47,47,VW45-49,41.65%,2334,1934,1953,1944.0
125003,2013-03-09,53,53,VW50-54,62.69%,1667,2076,2102,2090.0
169141,2013-03-09,50,50,VW50-54,50.12%,2007,0,2023,2012.0
131684,2013-03-09,47,47,VW45-49,41.49%,2343,1934,1953,1944.0
140267,2013-03-16,44,44,VW40-44,58.34%,1618,1881,2888,1888.0
169141,2013-03-16,50,50,VW50-54,49.83%,2019,0,2023,2012.0
131684,2013-03-16,47,47,VW45-49,40.53%,2398,1934,1953,1944.0
140578,2013-03-23,49,49,VW45-49,44.53%,2232,1976,2988,1988.0
140267,2013-03-30,44,44,VW40-44,61.74%,1529,1881,2888,1888.0
140578,2013-03-30,49,49,VW45-49,50.46%,1970,1976,2988,1988.0
131684,2013-03-30,47,47,VW45-49,40.82%,2381,1934,1953,1944.0
476447,2013-04-06,54,54,VM50-54,56.22%,1711,1821,2828,1924.0
169141,2013-04-06,50,50,VW50-54,48.67%,2067,0,2023,2012.0
131684,2013-04-06,47,47,VW45-49,40.57%,2396,1934,1953,1944.0
140267,2013-04-13,44,44,VW40-44,61.34%,1539,1881,2888,1888.0
476447,2013-04-13,54,54,VM50-54,61.00%,1577,1821,2828,1924.0
140751,2013-04-13,51,51,VW50-54,54.91%,1854,2024,2048,2036.0
140578,2013-04-13,49,49,VW45-49,52.34%,1899,1976,2988,1988.0
169141,2013-04-13,50,50,VW50-54,44.22%,2275,0,2023,2012.0
476447,2013-04-20,54,54,VM50-54,56.55%,1701,1821,2828,1924.0
140578,2013-04-20,49,49,VW45-49,53.04%,1874,1976,2988,1988.0
149010,2013-04-27,57,57,VM55-59,66.15%,1418,1868,1883,1876.0
476447,2013-04-27,54,54,VM50-54,65.98%,1458,1821,2828,1924.0
140267,2013-04-27,44,44,VW40-44,61.90%,1525,1881,2888,1888.0
169141,2013-04-27,50,50,VW50-54,50.45%,1994,0,2023,2012.0
131684,2013-04-27,47,47,VW45-49,40.35%,2409,1934,1953,1944.0
377646,2013-05-04,34,34,SM30-34,56.85%,1497,1570,2574,1702.0
140267,2013-05-04,44,44,VW40-44,60.71%,1555,1881,2888,1888.0
476447,2013-05-04,54,54,VM50-54,60.39%,1608,1821,2828,1942.0
140578,2013-05-04,49,49,VW45-49,51.53%,1929,1976,2988,1988.0
169141,2013-05-04,50,50,VW50-54,51.94%,1937,0,2023,2012.0
173137,2013-05-04,47,47,VW45-49,49.54%,1962,1934,1953,1944.0
146993,2013-05-11,64,64,VW60-64,75.39%,1613,2414,3432,2432.0
140578,2013-05-11,49,49,VW45-49,52.76%,1884,1976,2988,1988.0
173137,2013-05-11,47,47,VW45-49,49.49%,1964,1934,1953,1944.0
149010,2013-05-18,57,57,VM55-59,66.86%,1403,1868,1883,1876.0
140267,2013-05-18,44,44,VW40-44,62.60%,1508,1881,2888,1888.0
476447,2013-05-18,54,54,VM50-54,61.15%,1588,1821,2828,1942.0
140578,2013-05-18,49,49,VW45-49,53.13%,1871,1976,2988,1988.0
169141,2013-05-18,50,50,VW50-54,50.20%,2004,0,2023,2012.0
146993,2013-05-18,64,64,VW60-64,51.94%,2341,2414,3432,2432.0
131684,2013-05-18,47,47,VW45-49,41.13%,2363,1934,1953,1944.0
125003,2013-05-18,53,53,VW50-54,31.72%,3294,2076,2102,2090.0
140267,2013-05-25,44,44,VW40-44,61.34%,1539,1881,2888,1888.0
140751,2013-05-25,51,51,VW50-54,57.97%,1756,2024,2048,2036.0
476447,2013-05-25,54,54,VM50-54,54.00%,1798,1821,2828,1942.0
140578,2013-05-25,50,50,VW50-54,54.79%,1836,0,2023,2012.0
131684,2013-05-25,47,47,VW45-49,41.49%,2343,1934,1953,1944.0
377646,2013-06-01,34,34,SM30-34,59.51%,1430,1570,2574,1702.0
131684,2013-06-01,47,47,VW45-49,41.33%,2352,1934,1953,1944.0
377646,2013-06-08,34,34,SM30-34,60.27%,1412,1570,2574,1702.0
140641,2013-06-08,53,53,VW50-54,67.95%,1538,2076,2102,2090.0
140267,2013-06-08,44,44,VW40-44,61.22%,1542,1881,2888,1888.0
173137,2013-06-08,47,47,VW45-49,52.26%,1860,1934,1953,1944.0
140578,2013-06-08,50,50,VW50-54,53.68%,1874,0,2023,2012.0
169141,2013-06-08,50,50,VW50-54,49.98%,2013,0,2023,2012.0
149010,2013-06-15,57,57,VM55-59,67.97%,1380,1868,1883,1876.0
476447,2013-06-15,54,54,VM50-54,66.92%,1451,1821,2828,1942.0
140267,2013-06-15,44,44,VW40-44,59.71%,1581,1881,2888,1888.0
173137,2013-06-15,47,47,VW45-49,51.95%,1871,1934,1953,1944.0
140578,2013-06-15,50,50,VW50-54,52.89%,1902,0,2023,2012.0
169141,2013-06-15,50,50,VW50-54,51.07%,1970,0,2023,2012.0
125800,2013-06-15,44,44,VW40-44,43.62%,2164,1881,2888,1888.0
131684,2013-06-15,47,47,VW45-49,40.17%,2420,1934,1953,1944.0
476447,2013-06-22,54,54,VM50-54,62.24%,1560,1821,2828,1942.0
140578,2013-06-22,50,50,VW50-54,52.86%,1903,0,2023,2012.0
169141,2013-06-22,50,50,VW50-54,52.84%,1904,0,2023,2012.0
125800,2013-06-22,44,44,VW40-44,46.76%,2019,1881,2888,1888.0
476447,2013-06-29,54,54,VM50-54,63.59%,1527,1821,2828,1942.0
165257,2013-06-29,47,47,VW45-49,56.18%,1730,1934,1953,1944.0
125003,2013-06-29,53,53,VW50-54,58.28%,1793,2076,2102,2090.0
140751,2013-06-29,52,52,VW50-54,57.02%,1808,2049,2075,2062.0
173137,2013-06-29,47,47,VW45-49,51.43%,1890,1934,1953,1944.0
169141,2013-06-29,50,50,VW50-54,52.70%,1909,0,2023,2012.0
131684,2013-06-29,48,48,VW45-49,40.90%,2401,1954,1975,1964.0
377646,2013-07-06,33,33,SM30-34,54.87%,1427,1563,1569,1566.0
476447,2013-07-06,54,54,VM50-54,62.85%,1545,1821,2828,1942.0
173137,2013-07-06,47,47,VW45-49,54.39%,1787,1934,1953,1944.0
140578,2013-07-06,50,50,VW50-54,53.51%,1880,0,2023,2012.0
125800,2013-07-06,44,44,VW40-44,46.05%,2050,1881,2888,1888.0
476447,2013-07-13,54,54,VM50-54,67.81%,1432,1821,2828,1942.0
140267,2013-07-13,44,44,VW40-44,58.71%,1608,1881,2888,1888.0
173137,2013-07-13,47,47,VW45-49,54.67%,1778,1934,1953,1944.0
140578,2013-07-13,50,50,VW50-54,54.06%,1861,0,2023,2012.0
140751,2013-07-13,52,52,VW50-54,53.87%,1914,2049,2075,2062.0
125800,2013-07-13,44,44,VW40-44,46.23%,2042,1881,2888,1888.0
128162,2013-07-13,52,52,VW50-54,43.25%,2384,2049,2075,2062.0
140267,2013-07-20,44,44,VW40-44,63.19%,1494,1881,2888,1888.0
476447,2013-07-20,54,54,VM50-54,60.35%,1609,1821,2828,1942.0
140578,2013-07-20,50,50,VW50-54,54.88%,1833,0,2023,2012.0
125800,2013-07-20,44,44,VW40-44,46.99%,2009,1881,2888,1888.0
476447,2013-07-27,54,54,VM50-54,63.63%,1526,1821,2828,1942.0
140578,2013-07-27,50,50,VW50-54,53.57%,1878,0,2023,2012.0
165257,2013-07-27,47,47,VW45-49,48.21%,2016,1934,1953,1944.0
125800,2013-07-27,44,44,VW40-44,44.32%,2130,1881,2888,1888.0
140267,2013-08-03,45,45,VW45-49,61.48%,1550,0,1914,1906.0
140751,2013-08-03,52,52,VW50-54,56.99%,1809,2049,2075,2062.0
140578,2013-08-03,50,50,VW50-54,54.94%,1831,0,2023,2012.0
377646,2013-08-10,33,33,SM30-34,58.09%,1348,1563,1569,1566.0
476447,2013-08-10,54,54,VM50-54,66.23%,1466,1821,2828,1942.0
140578,2013-08-10,50,50,VW50-54,53.57%,1878,0,2023,2012.0
125800,2013-08-10,44,44,VW40-44,47.68%,1980,1881,2888,1888.0
131684,2013-08-10,48,48,VW45-49,40.65%,2416,1954,1975,1964.0
476447,2013-08-17,54,54,VM50-54,66.19%,1467,1821,2828,1942.0
173712,2013-08-17,53,53,VW50-54,58.18%,1796,2076,2102,2090.0
140578,2013-08-17,50,50,VW50-54,53.85%,1868,0,2023,2012.0
169141,2013-08-17,50,50,VW50-54,51.96%,1936,0,2023,2012.0
125800,2013-08-17,44,44,VW40-44,47.04%,2007,1881,2888,1888.0
131684,2013-08-17,48,48,VW45-49,39.97%,2457,1954,1975,1964.0
125003,2013-08-17,53,53,VW50-54,32.91%,3175,2076,2102,2090.0
629678,2013-08-24,49,49,VM45-49,55.57%,1580,1749,2756,1756.0
140267,2013-08-24,45,45,VW45-49,58.79%,1621,0,1914,1906.0
140578,2013-08-24,50,50,VW50-54,55.09%,1826,0,2023,2012.0
169141,2013-08-24,50,50,VW50-54,52.81%,1905,0,2023,2012.0
125800,2013-08-24,44,44,VW40-44,45.74%,2064,1881,2888,1888.0
131684,2013-08-24,48,48,VW45-49,40.78%,2408,1954,1975,1964.0
476447,2013-08-31,54,54,VM50-54,67.34%,1442,1821,2828,1942.0
629678,2013-08-31,49,49,VM45-49,56.87%,1544,1749,2756,1756.0
140578,2013-08-31,50,50,VW50-54,56.20%,1790,0,2023,2012.0
125800,2013-08-31,44,44,VW40-44,46.18%,2044,1881,2888,1888.0
131684,2013-08-31,48,48,VW45-49,40.68%,2414,1954,1975,1964.0
166728,2013-09-07,52,52,VW50-54,57.92%,1780,2049,2075,2062.0
140578,2013-09-07,50,50,VW50-54,54.53%,1845,0,2023,2012.0
169141,2013-09-07,50,50,VW50-54,53.77%,1871,0,2023,2012.0
125800,2013-09-07,44,44,VW40-44,47.27%,1997,1881,2888,1888.0
476447,2013-09-14,54,54,VM50-54,53.68%,1809,1821,2828,1942.0
140578,2013-09-14,50,50,VW50-54,54.70%,1839,0,2023,2012.0
125800,2013-09-14,44,44,VW40-44,47.80%,1975,1881,2888,1888.0
476447,2013-09-21,54,54,VM50-54,64.09%,1515,1821,2828,1942.0
140267,2013-09-21,45,45,VW45-49,61.44%,1551,0,1914,1906.0
140578,2013-09-21,50,50,VW50-54,54.82%,1835,0,2023,2012.0
125800,2013-09-21,44,44,VW40-44,44.61%,2116,1881,2888,1888.0
377646,2013-09-28,33,33,SM30-34,56.29%,1391,1563,1569,1566.0
140267,2013-09-28,45,45,VW45-49,61.29%,1555,0,1914,1906.0
476447,2013-09-28,54,54,VM50-54,60.73%,1599,1821,2828,1942.0
629678,2013-09-28,49,49,VM45-49,48.54%,1809,1749,2756,1756.0
140578,2013-09-28,50,50,VW50-54,55.03%,1828,0,2023,2012.0
169141,2013-09-28,50,50,VW50-54,52.23%,1926,0,2023,2012.0
125800,2013-09-28,44,44,VW40-44,43.07%,2192,1881,2888,1888.0
629678,2013-10-05,49,49,VM45-49,58.03%,1513,1749,2756,1756.0
476447,2013-10-05,54,54,VM50-54,61.73%,1573,1821,2828,1942.0
125800,2013-10-05,44,44,VW40-44,47.13%,2003,1881,2888,1888.0
128162,2013-10-05,53,53,VW50-54,49.32%,2119,2076,2102,2090.0
140267,2013-10-12,45,45,VW45-49,62.61%,1522,0,1914,1906.0
169141,2013-10-12,50,50,VW50-54,55.73%,1805,0,2023,2012.0
140578,2013-10-12,50,50,VW50-54,54.38%,1850,0,2023,2012.0
125800,2013-10-12,44,44,VW40-44,46.39%,2035,1881,2888,1888.0
125003,2013-10-12,53,53,VW50-54,31.80%,3286,2076,2102,2090.0
476447,2013-10-19,54,54,VM50-54,62.73%,1548,1821,2828,1942.0
140267,2013-10-19,45,45,VW45-49,59.49%,1602,0,1914,1906.0
140578,2013-10-19,50,50,VW50-54,54.26%,1854,0,2023,2012.0
169141,2013-10-19,50,50,VW50-54,52.92%,1901,0,2023,2012.0
125800,2013-10-19,44,44,VW40-44,46.99%,2009,1881,2888,1888.0
128162,2013-10-19,53,53,VW50-54,48.31%,2163,2076,2102,2090.0
125003,2013-10-19,53,53,VW50-54,32.23%,3242,2076,2102,2090.0
629678,2013-10-26,49,49,VM45-49,56.21%,1562,1749,2756,1756.0
476447,2013-10-26,54,54,VM50-54,60.92%,1594,1821,2828,1942.0
140578,2013-10-26,50,50,VW50-54,55.18%,1823,0,2023,2012.0
125800,2013-10-26,44,44,VW40-44,46.03%,2051,1881,2888,1888.0
377646,2013-11-16,33,33,SM30-34,57.74%,1356,1563,1569,1566.0
149010,2013-11-16,58,58,VM55-59,69.46%,1362,1884,1899,1892.0
476447,2013-11-16,54,54,VM50-54,70.36%,1380,1821,2828,1942.0
140267,2013-11-16,45,45,VW45-49,61.09%,1560,0,1914,1906.0
140751,2013-11-16,52,52,VW50-54,58.38%,1766,2049,2075,2062.0
140578,2013-11-16,50,50,VW50-54,54.12%,1859,0,2023,2012.0
169141,2013-11-16,50,50,VW50-54,52.07%,1932,0,2023,2012.0
125800,2013-11-16,44,44,VW40-44,47.41%,1991,1881,2888,1888.0
377646,2013-11-23,33,33,SM30-34,55.97%,1399,1563,1569,1566.0
476447,2013-11-23,54,54,VM50-54,63.55%,1528,1821,2828,1942.0
140267,2013-11-23,45,45,VW45-49,61.48%,1550,0,1914,1906.0
125003,2013-11-23,54,54,VW50-54,60.60%,1746,2103,3116,2116.0
169141,2013-11-23,50,50,VW50-54,51.75%,1944,0,2023,2012.0
125800,2013-11-23,44,44,VW40-44,41.62%,2268,1881,2888,1888.0
377646,2013-11-30,33,33,SM30-34,58.04%,1349,1563,1569,1566.0
140267,2013-11-30,45,45,VW45-49,61.60%,1547,0,1914,1906.0
140578,2013-11-30,50,50,VW50-54,54.64%,1841,0,2023,2012.0
169141,2013-11-30,50,50,VW50-54,52.86%,1903,0,2023,2012.0
125800,2013-11-30,44,44,VW40-44,44.30%,2131,1881,2888,1888.0
640896,2013-12-07,44,44,VM40-44,62.75%,1345,1682,2688,1688.0
140267,2013-12-07,45,45,VW45-49,60.89%,1565,0,1914,1906.0
140751,2013-12-07,52,52,VW50-54,57.57%,1791,2049,2075,2062.0
140578,2013-12-07,50,50,VW50-54,55.52%,1812,0,2023,2012.0
377646,2013-12-14,33,33,SM30-34,57.40%,1364,1563,1569,1566.0
140267,2013-12-14,45,45,VW45-49,62.57%,1523,0,1914,1906.0
140578,2013-12-14,50,50,VW50-54,56.14%,1792,0,2023,2012.0
140267,2013-12-21,45,45,VW45-49,61.09%,1560,0,1914,1906.0
476447,2013-12-21,54,54,VM50-54,61.49%,1579,1821,2828,1942.0
629678,2013-12-21,49,49,VM45-49,52.17%,1683,1749,2756,1756.0
140751,2013-12-21,52,52,VW50-54,58.31%,1768,2049,2075,2062.0
125800,2013-12-21,44,44,VW40-44,45.41%,2079,1881,2888,1888.0
629678,2013-12-28,49,49,VM45-49,53.44%,1643,1749,2756,1756.0
140267,2013-12-28,45,45,VW45-49,55.89%,1705,0,1914,1906.0
140578,2013-12-28,50,50,VW50-54,54.23%,1855,0,2023,2012.0
125800,2013-12-28,44,44,VW40-44,42.43%,2225,1881,2888,1888.0
629678,2014-01-01,49,49,VM45-49,55.32%,1587,1749,2756,1756.0
140267,2014-01-01,45,45,VW45-49,56.03%,1701,0,1914,1906.0
140578,2014-01-01,50,50,VW50-54,53.88%,1867,0,2023,2012.0
169141,2014-01-01,50,50,VW50-54,50.94%,1975,0,2023,2012.0
476447,2014-01-04,51,51,VM50-54,55.06%,1620,1777,1790,1784.0
629678,2014-01-04,49,49,VM45-49,54.03%,1625,1749,2756,1756.0
125003,2014-01-04,54,54,VW50-54,58.32%,1814,2103,3116,2116.0
140578,2014-01-04,50,50,VW50-54,54.14%,1858,0,2023,2012.0
169141,2014-01-04,50,50,VW50-54,51.41%,1957,0,2023,2012.0
377646,2014-01-11,33,33,SM30-34,55.81%,1403,1563,1569,1566.0
476447,2014-01-11,51,51,VM50-54,58.61%,1522,1777,1790,1784.0
629678,2014-01-11,48,48,VM45-49,46.98%,1854,1735,1748,1742.0
140578,2014-01-11,50,50,VW50-54,54.20%,1856,0,2023,2012.0
125800,2014-01-11,44,44,VW40-44,45.10%,2093,1881,2888,1888.0
131684,2014-01-11,48,48,VW45-49,39.19%,2506,1954,1975,1964.0
169141,2014-01-11,50,50,VW50-54,36.49%,2757,0,2023,2012.0
629678,2014-01-18,48,48,VM45-49,54.64%,1594,1735,1748,1742.0
140267,2014-01-18,45,45,VW45-49,58.61%,1626,0,1914,1906.0
476447,2014-01-18,51,51,VM50-54,48.53%,1838,1777,1790,1784.0
125800,2014-01-18,44,44,VW40-44,47.11%,2004,1881,2888,1888.0
74670,2014-01-18,48,48,VW45-49,47.19%,2081,1954,1975,1964.0
131684,2014-01-18,48,48,VW45-49,39.69%,2474,1954,1975,1964.0
476447,2014-01-25,51,51,VM50-54,64.83%,1376,1777,1790,1784.0
377646,2014-01-25,33,33,SM30-34,56.41%,1388,1563,1569,1566.0
140267,2014-01-25,45,45,VW45-49,61.72%,1544,0,1914,1906.0
140578,2014-01-25,50,50,VW50-54,48.37%,2080,0,2023,2012.0
131684,2014-01-25,48,48,VW45-49,40.53%,2423,1954,1975,1964.0
629678,2014-02-01,48,48,VM45-49,55.23%,1577,1735,1748,1742.0
140578,2014-02-01,50,50,VW50-54,54.41%,1849,0,2023,2012.0
476447,2014-02-01,51,51,VM50-54,47.37%,1883,1777,1790,1784.0
169141,2014-02-01,51,51,VW50-54,51.03%,1995,2024,2048,2036.0
629678,2014-02-08,48,48,VM45-49,55.98%,1556,1735,1748,1742.0
476447,2014-02-08,51,51,VM50-54,54.76%,1629,1777,1790,1784.0
140578,2014-02-08,50,50,VW50-54,53.83%,1869,0,2023,2012.0
125800,2014-02-08,44,44,VW40-44,46.76%,2019,1881,2888,1888.0
125003,2014-02-08,54,54,VW50-54,35.00%,3023,2103,3116,2116.0
476447,2014-02-15,51,51,VM50-54,57.00%,1565,1777,1790,1784.0
140267,2014-02-15,45,45,VW45-49,59.60%,1599,0,1914,1906.0
140578,2014-02-15,50,50,VW50-54,52.51%,1916,0,2023,2012.0
125800,2014-02-15,44,44,VW40-44,46.37%,2036,1881,2888,1888.0
131684,2014-02-15,48,48,VW45-49,38.57%,2546,1954,1975,1964.0
125003,2014-02-15,54,54,VW50-54,34.58%,3060,2103,3116,2116.0
458254,2014-02-22,14,14,JM11-14,55.12%,1544,0,1721,1702.0
476447,2014-02-22,51,51,VM50-54,56.28%,1585,1777,1790,1784.0
169141,2014-02-22,51,51,VW50-54,49.83%,2043,2024,2048,2036.0
131684,2014-02-22,48,48,VW45-49,40.66%,2415,1954,1975,1964.0
125003,2014-02-22,54,54,VW50-54,31.97%,3309,2103,3116,2116.0
140267,2014-03-01,45,45,VW45-49,62.00%,1537,0,1914,1906.0
476447,2014-03-01,51,51,VM50-54,57.51%,1551,1777,1790,1784.0
140578,2014-03-01,50,50,VW50-54,52.89%,1902,0,2023,2012.0
169141,2014-03-01,51,51,VW50-54,41.62%,2446,2024,2048,2036.0
125003,2014-03-01,54,54,VW50-54,30.60%,3457,2103,3116,2116.0
377646,2014-03-08,34,34,SM30-34,55.46%,1419,1570,2574,1574.0
476447,2014-03-08,51,51,VM50-54,56.24%,1586,1777,1790,1784.0
140578,2014-03-08,50,50,VW50-54,54.41%,1849,0,2023,2012.0
125800,2014-03-08,44,44,VW40-44,48.53%,1945,1881,2888,1888.0
131684,2014-03-08,48,48,VW45-49,40.18%,2444,1954,1975,1964.0
476447,2014-03-15,51,51,VM50-54,58.19%,1533,1777,1790,1784.0
173137,2014-03-15,48,48,VW45-49,55.42%,1772,1954,1975,1964.0
140578,2014-03-15,50,50,VW50-54,53.74%,1872,0,2023,2012.0
169141,2014-03-15,51,51,VW50-54,49.35%,2063,2024,2048,2036.0
458254,2014-03-15,14,14,JM11-14,35.41%,2403,0,1721,1702.0
131684,2014-03-15,48,48,VW45-49,40.41%,2430,1954,1975,1964.0
476447,2014-03-22,51,51,VM50-54,57.85%,1542,1777,1790,1784.0
125800,2014-03-22,44,44,VW40-44,49.95%,1890,1881,2888,1888.0
169141,2014-03-22,51,51,VW50-54,50.65%,2010,2024,2048,2036.0
131684,2014-03-22,48,48,VW45-49,40.44%,2428,1954,1975,1964.0
140267,2014-03-29,45,45,VW45-49,61.52%,1549,0,1914,1906.0
476447,2014-03-29,51,51,VM50-54,55.72%,1601,1777,1790,1784.0
140578,2014-03-29,50,50,VW50-54,53.28%,1888,0,2023,2012.0
125800,2014-03-29,44,44,VW40-44,48.53%,1945,1881,2888,1888.0
131684,2014-03-29,48,48,VW45-49,39.31%,2498,1954,1975,1964.0
140267,2014-04-05,45,45,VW45-49,63.07%,1511,0,1914,1906.0
152434,2014-04-05,54,54,VW50-54,63.39%,1669,2103,3116,2116.0
140578,2014-04-05,50,50,VW50-54,54.38%,1850,0,2023,2012.0
125800,2014-04-05,44,44,VW40-44,50.56%,1867,1881,2888,1888.0
140751,2014-04-05,52,52,VW50-54,55.10%,1871,2049,2075,2062.0
476447,2014-04-05,51,51,VM50-54,46.19%,1931,1777,1790,1784.0
131684,2014-04-05,48,48,VW45-49,40.26%,2439,1954,1975,1964.0
140267,2014-04-12,45,45,VW45-49,63.83%,1493,0,1914,1906.0
168933,2014-04-12,47,47,VW45-49,63.20%,1538,1934,1953,1944.0
173137,2014-04-12,48,48,VW45-49,59.12%,1661,1954,1975,1964.0
125003,2014-04-12,54,54,VW50-54,58.78%,1800,2103,3116,2116.0
125800,2014-04-12,44,44,VW40-44,50.29%,1877,1881,2888,1888.0
476447,2014-04-12,51,51,VM50-54,42.76%,2086,1777,1790,1784.0
140267,2014-04-19,45,45,VW45-49,64.39%,1480,0,1914,1906.0
168933,2014-04-19,47,47,VW45-49,62.63%,1552,1934,1953,1944.0
125800,2014-04-19,44,44,VW40-44,50.37%,1874,1881,2888,1888.0
140578,2014-04-19,50,50,VW50-54,53.54%,1879,0,2023,2012.0
169141,2014-04-19,51,51,VW50-54,49.08%,2074,2024,2048,2036.0
476447,2014-04-26,61,61,VM60-64,66.05%,1470,1933,1949,1942.0
140267,2014-04-26,45,45,VW45-49,61.76%,1543,0,1914,1906.0
140751,2014-04-26,52,52,VW50-54,56.99%,1809,2049,2075,2062.0
125800,2014-04-26,44,44,VW40-44,51.30%,1840,1881,2888,1888.0
140578,2014-04-26,50,50,VW50-54,52.62%,1912,0,2023,2012.0
168933,2014-04-26,47,47,VW45-49,37.85%,2568,1934,1953,1944.0
169141,2014-04-26,51,51,VW50-54,33.25%,3062,2024,2048,2036.0
168933,2014-05-03,47,47,VW45-49,64.71%,1502,1934,1953,1944.0
125800,2014-05-03,44,44,VW40-44,51.90%,1819,1881,2888,1888.0
140578,2014-05-03,50,50,VW50-54,55.00%,1829,0,2023,2012.0
169141,2014-05-03,51,51,VW50-54,43.97%,2315,2024,2048,2036.0
168933,2014-05-10,47,47,VW45-49,64.07%,1517,1934,1953,1944.0
476447,2014-05-10,62,62,VM60-64,63.45%,1543,1950,1966,1958.0
140578,2014-05-10,50,50,VW50-54,54.26%,1854,0,2023,2012.0
125800,2014-05-10,44,44,VW40-44,50.59%,1866,1881,2888,1888.0
169141,2014-05-10,51,51,VW50-54,43.14%,2360,2024,2048,2036.0
131684,2014-05-10,48,48,VW45-49,39.87%,2463,1954,1975,1964.0
149010,2014-05-17,58,58,VM55-59,65.33%,1448,1884,1899,1892.0
168933,2014-05-17,47,47,VW45-49,64.84%,1499,1934,1953,1944.0
476447,2014-05-17,62,62,VM60-64,61.46%,1593,1950,1966,1958.0
140578,2014-05-17,50,50,VW50-54,55.86%,1801,0,2023,2012.0
125800,2014-05-17,44,44,VW40-44,51.03%,1850,1881,2888,1888.0
169141,2014-05-17,51,51,VW50-54,52.64%,1934,2024,2048,2036.0
140267,2014-05-24,45,45,VW45-49,60.35%,1579,0,1914,1906.0
140578,2014-05-24,51,51,VW50-54,55.78%,1825,2024,2048,2036.0
125800,2014-05-24,44,44,VW40-44,49.87%,1893,1881,2888,1888.0
169141,2014-05-24,51,51,VW50-54,51.75%,1967,2024,2048,2036.0
140267,2014-05-31,45,45,VW45-49,62.57%,1523,0,1914,1906.0
125003,2014-05-31,54,54,VW50-54,60.01%,1763,2103,3116,2116.0
125800,2014-05-31,44,44,VW40-44,51.75%,1824,1881,2888,1888.0
125800,2014-06-07,45,45,VW45-49,51.46%,1852,0,1914,1906.0
140578,2014-06-07,51,51,VW50-54,51.34%,1983,2024,2048,2036.0
131684,2014-06-07,48,48,VW45-49,38.17%,2573,1954,1975,1964.0
149010,2014-06-14,58,58,VM55-59,70.28%,1346,1884,1899,1892.0
140267,2014-06-14,45,45,VW45-49,60.55%,1574,0,1914,1906.0
140578,2014-06-14,51,51,VW50-54,54.88%,1855,2024,2048,2036.0
125800,2014-06-14,41,41,VW40-44,46.17%,1999,1841,1852,1846.0
169141,2014-06-14,51,51,VW50-54,45.33%,2246,2024,2048,2036.0
131684,2014-06-14,48,48,VW45-49,39.22%,2504,1954,1975,1964.0
168933,2014-06-14,47,47,VW45-49,37.28%,2607,1934,1953,1944.0
149010,2014-06-21,58,58,VM55-59,71.18%,1329,1884,1899,1892.0
168933,2014-06-21,47,47,VW45-49,64.80%,1500,1934,1953,1944.0
125800,2014-06-21,41,41,VW40-44,50.24%,1837,1841,1852,1846.0
140267,2014-06-21,45,45,VW45-49,29.51%,3229,0,1914,1906.0
140267,2014-06-28,45,45,VW45-49,60.05%,1587,0,1914,1906.0
140578,2014-06-28,51,51,VW50-54,55.06%,1849,2024,2048,2036.0
169141,2014-06-28,51,51,VW50-54,53.49%,1903,2024,2048,2036.0
125800,2014-06-28,41,41,VW40-44,47.19%,1956,1841,1852,1846.0
168933,2014-07-05,47,47,VW45-49,63.91%,1521,1934,1953,1944.0
140578,2014-07-05,51,51,VW50-54,53.81%,1892,2024,2048,2036.0
125800,2014-07-05,41,41,VW40-44,48.02%,1922,1841,1852,1846.0
169141,2014-07-05,51,51,VW50-54,51.54%,1975,2024,2048,2036.0
140267,2014-07-12,45,45,VW45-49,61.80%,1542,0,1914,1906.0
140751,2014-07-12,53,53,VW50-54,57.35%,1822,2076,2102,2090.0
152434,2014-07-12,54,54,VW50-54,57.22%,1849,2103,3116,2116.0
125800,2014-07-12,41,41,VW40-44,49.57%,1862,1841,1852,1846.0
128162,2014-07-12,53,53,VW50-54,45.75%,2284,2076,2102,2090.0
125800,2014-07-19,41,41,VW40-44,45.47%,2030,1841,1852,1846.0
169141,2014-07-19,51,51,VW50-54,49.47%,2058,2024,2048,2036.0
140578,2014-07-19,51,51,VW50-54,47.04%,2164,2024,2048,2036.0
140578,2014-07-26,51,51,VW50-54,54.41%,1871,2024,2048,2036.0
168933,2014-07-26,47,47,VW45-49,34.70%,2801,1934,1953,1944.0
140578,2014-08-02,51,51,VW50-54,53.35%,1908,2024,2048,2036.0
131684,2014-08-02,49,49,VW45-49,39.12%,2541,1976,2988,1988.0
476447,2014-08-09,62,62,VM60-64,65.31%,1499,1950,1966,1958.0
125800,2014-08-09,41,41,VW40-44,49.12%,1879,1841,1852,1846.0
140578,2014-08-09,51,51,VW50-54,52.80%,1928,2024,2048,2036.0
125800,2014-08-16,41,41,VW40-44,46.95%,1966,1841,1852,1846.0
169141,2014-08-16,51,51,VW50-54,45.00%,2262,2024,2048,2036.0
131684,2014-08-16,49,49,VW45-49,38.51%,2581,1976,2988,1988.0
476447,2014-08-23,62,62,VM60-64,63.41%,1544,1950,1966,1958.0
140267,2014-08-23,46,46,VW45-49,60.01%,1603,1915,1933,1924.0
140578,2014-08-23,51,51,VW50-54,54.94%,1853,2024,2048,2036.0
125800,2014-08-23,41,41,VW40-44,45.87%,2012,1841,1852,1846.0
377646,2014-08-30,34,34,SM30-34,55.74%,1412,1570,2574,1574.0
476447,2014-08-30,62,62,VM60-64,65.22%,1501,1950,1966,1958.0
168933,2014-08-30,48,48,VW45-49,58.52%,1678,1954,1975,1964.0
140578,2014-08-30,51,51,VW50-54,53.89%,1889,2024,2048,2036.0
125800,2014-08-30,41,41,VW40-44,48.12%,1918,1841,1852,1846.0
169141,2014-08-30,51,51,VW50-54,51.10%,1992,2024,2048,2036.0
476447,2014-09-06,62,62,VM60-64,63.86%,1533,1950,1966,1958.0
140267,2014-09-06,46,46,VW45-49,61.27%,1570,1915,1933,1924.0
140578,2014-09-06,51,51,VW50-54,54.06%,1883,2024,2048,2036.0
125800,2014-09-06,41,41,VW40-44,40.95%,2254,1841,1852,1846.0
131684,2014-09-06,49,49,VW45-49,37.54%,2648,1976,2988,1988.0
476447,2014-09-13,62,62,VM60-64,67.29%,1455,1950,1966,1958.0
125800,2014-09-13,41,41,VW40-44,49.12%,1879,1841,1852,1846.0
1197698,2014-09-20,48,48,VM45-49,55.06%,1582,1735,1748,1742.0
476447,2014-09-20,62,62,VM60-64,54.57%,1794,1950,1966,1958.0
140578,2014-09-20,51,51,VW50-54,51.70%,1969,2024,2048,2036.0
140267,2014-09-20,46,46,VW45-49,44.56%,2159,1915,1933,1924.0
1197698,2014-09-27,49,49,VM45-49,59.28%,1481,1749,2756,1756.0
140267,2014-09-27,46,46,VW45-49,61.23%,1571,1915,1933,1924.0
173137,2014-09-27,49,49,VW45-49,61.51%,1616,1976,2988,1988.0
476447,2014-09-27,62,62,VM60-64,59.88%,1635,1950,1966,1958.0
140578,2014-09-27,51,51,VW50-54,55.51%,1834,2024,2048,2036.0
169141,2014-09-27,51,51,VW50-54,47.97%,2122,2024,2048,2036.0
1197698,2014-10-04,49,49,VM45-49,58.73%,1495,1749,2756,1756.0
140267,2014-10-04,46,46,VW45-49,59.90%,1606,1915,1933,1924.0
476447,2014-10-04,62,62,VM60-64,60.06%,1630,1950,1966,1958.0
140578,2014-10-04,51,51,VW50-54,54.94%,1853,2024,2048,2036.0
168933,2014-10-04,48,48,VW45-49,31.72%,3096,1954,1975,1964.0
1197698,2014-10-11,11,11,JM11-14,64.88%,1415,1811,2836,1836.0
476447,2014-10-11,62,62,VM60-64,63.95%,1531,1950,1966,1958.0
140267,2014-10-11,46,46,VW45-49,62.10%,1549,1915,1933,1924.0
377646,2014-10-11,34,34,SM30-34,45.84%,1717,1570,2574,1574.0
125003,2014-10-11,54,54,VW50-54,54.09%,1956,2103,3116,2116.0
169141,2014-10-11,51,51,VW50-54,49.56%,2054,2024,2048,2036.0
1197698,2014-10-18,49,49,VM45-49,55.82%,1573,1749,2756,1756.0
168933,2014-10-18,48,48,VW45-49,60.39%,1626,1954,1975,1964.0
140578,2014-10-18,51,51,VW50-54,53.75%,1894,2024,2048,2036.0
125003,2014-10-18,54,54,VW50-54,43.96%,2407,2103,3116,2116.0
476447,2014-10-25,62,62,VM60-64,63.53%,1541,1950,1966,1958.0
1197698,2014-10-25,49,49,VM45-49,55.68%,1577,1749,2756,1756.0
140578,2014-10-25,51,51,VW50-54,52.94%,1923,2024,2048,2036.0
169141,2014-10-25,51,51,VW50-54,47.91%,2125,2024,2048,2036.0
131684,2014-10-25,49,49,VW45-49,38.66%,2571,1976,2988,1988.0
1197698,2014-11-01,49,49,VM45-49,56.07%,1566,1749,2756,1756.0
168933,2014-11-01,48,48,VW45-49,58.24%,1686,1954,1975,1964.0
476447,2014-11-01,62,62,VM60-64,56.39%,1736,1950,1966,1958.0
125003,2014-11-01,54,54,VW50-54,54.12%,1955,2103,3116,2116.0
476447,2014-11-08,62,62,VM60-64,64.71%,1513,1950,1966,1958.0
1197698,2014-11-08,49,49,VM45-49,58.03%,1513,1749,2756,1756.0
140267,2014-11-08,46,46,VW45-49,61.23%,1571,1915,1933,1924.0
128724,2014-11-08,57,57,VW55-59,62.31%,1767,2187,2216,2202.0
140578,2014-11-08,51,51,VW50-54,50.50%,2016,2024,2048,2036.0
168933,2014-11-08,48,48,VW45-49,46.99%,2090,1954,1975,1964.0
169141,2014-11-08,51,51,VW50-54,37.28%,2731,2024,2048,2036.0
1197698,2014-11-15,49,49,VM45-49,58.26%,1507,1749,2756,1756.0
476447,2014-11-15,62,62,VM60-64,63.32%,1546,1950,1966,1958.0
166728,2014-11-15,53,53,VW50-54,65.23%,1602,2076,2102,2090.0
169141,2014-11-15,51,51,VW50-54,45.59%,2233,2024,2048,2036.0
1197698,2014-11-22,49,49,VM45-49,56.87%,1544,1749,2756,1756.0
140267,2014-11-22,46,46,VW45-49,60.50%,1590,1915,1933,1924.0
377646,2014-11-29,34,34,SM30-34,55.00%,1431,1570,2574,1574.0
140267,2014-11-29,46,46,VW45-49,61.63%,1561,1915,1933,1924.0
476447,2014-11-29,62,62,VM60-64,60.39%,1621,1950,1966,1958.0
125003,2014-11-29,55,55,VW55-59,49.02%,2187,0,2157,2144.0
165257,2014-11-29,48,48,VW45-49,31.72%,3096,1954,1975,1964.0
377646,2014-12-06,34,34,SM30-34,54.54%,1443,1570,2574,1574.0
1197698,2014-12-06,49,49,VM45-49,59.01%,1488,1749,2756,1756.0
140267,2014-12-06,46,46,VW45-49,61.20%,1572,1915,1933,1924.0
476447,2014-12-06,62,62,VM60-64,59.01%,1659,1950,1966,1958.0
140578,2014-12-06,51,51,VW50-54,48.52%,2098,2024,2048,2036.0
377646,2014-12-13,34,34,SM30-34,53.25%,1478,1570,2574,1574.0
1197698,2014-12-13,49,49,VM45-49,57.95%,1515,1749,2756,1756.0
476447,2014-12-13,62,62,VM60-64,56.72%,1726,1950,1966,1958.0
140578,2014-12-13,51,51,VW50-54,51.52%,1976,2024,2048,2036.0
377646,2014-12-20,34,34,SM30-34,56.42%,1395,1570,2574,1574.0
476447,2014-12-20,62,62,VM60-64,65.22%,1501,1950,1966,1958.0
140267,2014-12-20,46,46,VW45-49,61.12%,1574,1915,1933,1924.0
1197698,2014-12-20,49,49,VM45-49,52.89%,1660,1749,2756,1756.0
125003,2014-12-20,55,55,VW55-59,56.51%,1897,0,2157,2144.0
140578,2014-12-20,51,51,VW50-54,50.87%,2001,2024,2048,2036.0
169141,2014-12-20,51,51,VW50-54,50.40%,2020,2024,2048,2036.0
140267,2014-12-27,46,46,VW45-49,58.62%,1641,1915,1933,1924.0
140578,2014-12-27,51,51,VW50-54,49.95%,2038,2024,2048,2036.0
140267,2015-01-01,46,46,VW45-49,59.90%,1606,1915,1933,1924.0
1197698,2015-01-01,49,49,VM45-49,54.16%,1621,1749,2756,1756.0
156359,2015-01-01,49,49,VW45-49,58.37%,1703,1976,2988,1988.0
476447,2015-01-01,62,62,VM60-64,56.69%,1727,1950,1966,1958.0
169141,2015-01-01,51,51,VW50-54,50.52%,2015,2024,2048,2036.0
140578,2015-01-01,51,51,VW50-54,49.90%,2040,2024,2048,2036.0
476447,2015-01-03,62,62,VM60-64,59.77%,1638,1950,1966,1958.0
1197698,2015-01-03,49,49,VM45-49,51.47%,1706,1749,2756,1756.0
168933,2015-01-03,48,48,VW45-49,57.06%,1721,1954,1975,1964.0
140267,2015-01-03,46,46,VW45-49,51.09%,1883,1915,1933,1924.0
140578,2015-01-03,51,51,VW50-54,50.75%,2006,2024,2048,2036.0
131684,2015-01-03,49,49,VW45-49,37.44%,2655,1976,2988,1988.0
476447,2015-01-10,62,62,VM60-64,65.14%,1503,1950,1966,1958.0
1197698,2015-01-10,49,49,VM45-49,57.57%,1525,1749,2756,1756.0
125003,2015-01-10,55,55,VW55-59,56.27%,1905,0,2157,2144.0
140578,2015-01-10,51,51,VW50-54,51.26%,1986,2024,2048,2036.0
169141,2015-01-10,51,51,VW50-54,48.20%,2112,2024,2048,2036.0
1197698,2015-01-17,49,49,VM45-49,60.76%,1445,1749,2756,1756.0
476447,2015-01-17,62,62,VM60-64,56.39%,1736,1950,1966,1958.0
169141,2015-01-17,52,52,VW50-54,51.19%,2014,2049,2075,2062.0
125800,2015-01-17,41,41,VW40-44,42.24%,2185,1841,1852,1846.0
141552,2015-01-17,49,49,VW45-49,38.45%,2585,1976,2988,1988.0
1197698,2015-01-24,49,49,VM45-49,56.94%,1542,1749,2756,1756.0
140578,2015-01-24,51,51,VW50-54,51.08%,1993,2024,2048,2036.0
125800,2015-01-24,41,41,VW40-44,44.08%,2094,1841,1852,1846.0
169141,2015-01-24,52,52,VW50-54,49.07%,2101,2049,2075,2062.0
141552,2015-01-24,49,49,VW45-49,39.94%,2489,1976,2988,1988.0
140267,2015-01-31,46,46,VW45-49,59.35%,1621,1915,1933,1924.0
169141,2015-01-31,52,52,VW50-54,54.09%,1906,2049,2075,2062.0
140578,2015-01-31,51,51,VW50-54,52.07%,1955,2024,2048,2036.0
125800,2015-01-31,41,41,VW40-44,41.04%,2249,1841,1852,1846.0
1197698,2015-02-07,49,49,VM45-49,55.85%,1572,1749,2756,1756.0
140267,2015-02-07,46,46,VW45-49,53.39%,1802,1915,1933,1924.0
169141,2015-02-07,52,52,VW50-54,55.28%,1865,2049,2075,2062.0
140578,2015-02-07,51,51,VW50-54,53.95%,1887,2024,2048,2036.0
140267,2015-02-14,46,46,VW45-49,59.53%,1616,1915,1933,1924.0
1197698,2015-02-14,49,49,VM45-49,54.13%,1622,1749,2756,1756.0
173137,2015-02-14,49,49,VW45-49,58.20%,1708,1976,2988,1988.0
140578,2015-02-14,51,51,VW50-54,54.26%,1876,2024,2048,2036.0
74670,2015-02-14,49,49,VW45-49,51.64%,1925,1976,2988,1988.0
131684,2015-02-14,49,49,VW45-49,36.46%,2726,1976,2988,1988.0
1197698,2015-02-21,49,49,VM45-49,58.03%,1513,1749,2756,1756.0
140267,2015-02-21,46,46,VW45-49,59.53%,1616,1915,1933,1924.0
476447,2015-02-21,62,62,VM60-64,54.30%,1803,1950,1966,1958.0
1197698,2015-02-28,49,49,VM45-49,57.20%,1535,1749,2756,1756.0
173137,2015-02-28,49,49,VW45-49,62.56%,1589,1976,2988,1988.0
476447,2015-02-28,62,62,VM60-64,59.23%,1653,1950,1966,1958.0
166728,2015-02-28,54,54,VW50-54,63.05%,1678,2103,3116,2116.0
140578,2015-02-28,51,51,VW50-54,54.35%,1873,2024,2048,2036.0
125800,2015-02-28,41,41,VW40-44,47.09%,1960,1841,1852,1846.0
131684,2015-02-28,49,49,VW45-49,38.01%,2615,1976,2988,1988.0
1197698,2015-03-07,49,49,VM45-49,56.54%,1553,1749,2756,1756.0
166728,2015-03-07,54,54,VW50-54,66.75%,1585,2103,3116,2116.0
476447,2015-03-07,62,62,VM60-64,55.15%,1775,1950,1966,1958.0
125800,2015-03-07,41,41,VW40-44,46.97%,1965,1841,1852,1846.0
131684,2015-03-07,49,49,VW45-49,36.18%,2747,1976,2988,1988.0
173712,2015-03-14,55,55,VW55-59,56.42%,1900,0,2157,2144.0
173137,2015-03-14,49,49,VW45-49,52.29%,1901,1976,2988,1988.0
125800,2015-03-14,41,41,VW40-44,46.83%,1971,1841,1852,1846.0
140578,2015-03-14,51,51,VW50-54,51.39%,1981,2024,2048,2036.0
131684,2015-03-14,49,49,VW45-49,37.88%,2624,1976,2988,1988.0
140267,2015-03-21,46,46,VW45-49,55.96%,1719,1915,1933,1924.0
476447,2015-03-21,62,62,VM60-64,55.66%,1759,1950,1966,1958.0
140578,2015-03-21,51,51,VW50-54,55.81%,1824,2024,2048,2036.0
125800,2015-03-21,41,41,VW40-44,46.34%,1992,1841,1852,1846.0
131684,2015-03-21,49,49,VW45-49,38.08%,2610,1976,2988,1988.0
149010,2015-03-28,59,59,VM55-59,62.19%,1534,1900,2908,1908.0
1197698,2015-03-28,49,49,VM45-49,56.83%,1545,1749,2756,1756.0
140267,2015-03-28,46,46,VW45-49,60.20%,1598,1915,1933,1924.0
166728,2015-03-28,54,54,VW50-54,65.23%,1622,2103,3116,2116.0
140578,2015-03-28,51,51,VW50-54,55.45%,1836,2024,2048,2036.0
169141,2015-03-28,52,52,VW50-54,54.35%,1897,2049,2075,2062.0
125800,2015-03-28,41,41,VW40-44,45.40%,2033,1841,1852,1846.0
131684,2015-03-28,49,49,VW45-49,38.06%,2612,1976,2988,1988.0
1197698,2015-04-04,49,49,VM45-49,57.76%,1520,1749,2756,1756.0
140267,2015-04-04,46,46,VW45-49,60.81%,1582,1915,1933,1924.0
140578,2015-04-04,51,51,VW50-54,55.57%,1832,2024,2048,2036.0
169141,2015-04-04,52,52,VW50-54,55.43%,1860,2049,2075,2062.0
149010,2015-04-11,59,59,VM55-59,71.19%,1340,1900,2908,1908.0
1197698,2015-04-11,49,49,VM45-49,57.16%,1536,1749,2756,1756.0
166728,2015-04-11,54,54,VW50-54,64.20%,1648,2103,3116,2116.0
173137,2015-04-11,49,49,VW45-49,58.51%,1699,1976,2988,1988.0
1197698,2015-04-18,49,49,VM45-49,56.90%,1543,1749,2756,1756.0
140267,2015-04-18,46,46,VW45-49,58.30%,1650,1915,1933,1924.0
476447,2015-04-18,62,62,VM60-64,57.59%,1700,1950,1966,1958.0
140578,2015-04-18,51,51,VW50-54,55.00%,1851,2024,2048,2036.0
125800,2015-04-18,41,41,VW40-44,47.36%,1949,1841,1852,1846.0
168933,2015-04-18,48,48,VW45-49,44.41%,2211,1954,1975,1964.0
131684,2015-04-18,49,49,VW45-49,39.26%,2532,1976,2988,1988.0
140267,2015-04-25,46,46,VW45-49,57.02%,1687,1915,1933,1924.0
166728,2015-04-25,54,54,VW50-54,62.64%,1689,2103,3116,2116.0
140578,2015-04-25,51,51,VW50-54,56.46%,1803,2024,2048,2036.0
125800,2015-04-25,41,41,VW40-44,47.55%,1941,1841,1852,1846.0
131684,2015-04-25,49,49,VW45-49,39.21%,2535,1976,2988,1988.0
476447,2015-05-02,63,63,VM60-64,64.96%,1521,1967,1984,1976.0
140578,2015-05-02,51,51,VW50-54,55.09%,1848,2024,2048,2036.0
169141,2015-05-02,52,52,VW50-54,53.95%,1911,2049,2075,2062.0
377646,2015-05-09,35,35,VM35-39,53.96%,1466,0,1586,1582.0
140578,2015-05-09,51,51,VW50-54,55.24%,1843,2024,2048,2036.0
125800,2015-05-09,41,41,VW40-44,48.02%,1922,1841,1852,1846.0
131684,2015-05-09,49,49,VW45-49,40.21%,2472,1976,2988,1988.0
140578,2015-05-16,51,51,VW50-54,55.51%,1834,2024,2048,2036.0
125800,2015-05-16,41,41,VW40-44,48.20%,1915,1841,1852,1846.0
169141,2015-05-16,52,52,VW50-54,49.59%,2079,2049,2075,2062.0
131684,2015-05-16,49,49,VW45-49,40.49%,2455,1976,2988,1988.0
1197698,2015-05-23,49,49,VM45-49,57.88%,1517,1749,2756,1756.0
140578,2015-05-23,52,52,VW50-54,56.12%,1837,2049,2075,2062.0
125800,2015-05-23,41,41,VW40-44,48.00%,1923,1841,1852,1846.0
169141,2015-05-23,52,52,VW50-54,48.20%,2139,2049,2075,2062.0
131684,2015-05-23,49,49,VW45-49,41.16%,2415,1976,2988,1988.0
173137,2015-05-30,49,49,VW45-49,64.97%,1530,1976,2988,1988.0
140267,2015-05-30,46,46,VW45-49,59.35%,1621,1915,1933,1924.0
125800,2015-05-30,41,41,VW40-44,48.00%,1923,1841,1852,1846.0
131684,2015-05-30,49,49,VW45-49,39.79%,2498,1976,2988,1988.0
476447,2015-06-06,63,63,VM60-64,57.85%,1708,1967,1984,1976.0
125800,2015-06-06,42,42,VW40-44,48.59%,1914,1853,1866,1860.0
131684,2015-06-06,49,49,VW45-49,41.64%,2387,1976,2988,1988.0
140267,2015-06-13,46,46,VW45-49,59.27%,1623,1915,1933,1924.0
140578,2015-06-13,52,52,VW50-54,55.79%,1848,2049,2075,2062.0
131684,2015-06-13,49,49,VW45-49,41.71%,2383,1976,2988,1988.0
476447,2015-06-20,63,63,VM60-64,57.54%,1717,1967,1984,1976.0
140578,2015-06-20,52,52,VW50-54,56.46%,1826,2049,2075,2062.0
125800,2015-06-20,42,42,VW40-44,47.28%,1967,1853,1866,1860.0
169141,2015-06-20,52,52,VW50-54,51.94%,1985,2049,2075,2062.0
131684,2015-06-20,49,49,VW45-49,42.59%,2334,1976,2988,1988.0
476447,2015-06-27,63,63,VM60-64,56.85%,1738,1967,1984,1976.0
140578,2015-06-27,52,52,VW50-54,56.31%,1831,2049,2075,2062.0
125800,2015-06-27,42,42,VW40-44,44.22%,2103,1853,1866,1860.0
131684,2015-06-27,50,50,VW50-54,42.88%,2346,0,2023,2012.0
476447,2015-07-04,63,63,VM60-64,60.58%,1631,1967,1984,1976.0
125800,2015-07-04,42,42,VW40-44,40.90%,2274,1853,1866,1860.0
131684,2015-07-04,50,50,VW50-54,42.50%,2367,0,2023,2012.0
476447,2015-07-11,63,63,VM60-64,66.40%,1488,1967,1984,1976.0
140578,2015-07-11,52,52,VW50-54,55.19%,1868,2049,2075,2062.0
131684,2015-07-11,50,50,VW50-54,42.02%,2394,0,2023,2012.0
476447,2015-07-18,63,63,VM60-64,62.30%,1586,1967,1984,1976.0
140578,2015-07-18,52,52,VW50-54,56.49%,1825,2049,2075,2062.0
377646,2015-07-25,35,35,VM35-39,57.53%,1375,0,1586,1582.0
476447,2015-07-25,63,63,VM60-64,64.11%,1541,1967,1984,1976.0
140578,2015-07-25,52,52,VW50-54,56.77%,1816,2049,2075,2062.0
476447,2015-08-01,63,63,VM60-64,58.77%,1681,1967,1984,1976.0
140578,2015-08-01,52,52,VW50-54,57.63%,1789,2049,2075,2062.0
125800,2015-08-01,42,42,VW40-44,41.78%,2226,1853,1866,1860.0
131684,2015-08-01,50,50,VW50-54,42.41%,2372,0,2023,2012.0
140267,2015-08-08,47,47,VW45-49,59.02%,1647,1934,1953,1944.0
1197698,2015-08-08,49,49,VM45-49,52.51%,1672,1749,2756,1756.0
476447,2015-08-08,63,63,VM60-64,57.28%,1725,1967,1984,1976.0
140578,2015-08-08,52,52,VW50-54,57.12%,1805,2049,2075,2062.0
125800,2015-08-08,42,42,VW40-44,45.68%,2036,1853,1866,1860.0
131684,2015-08-08,50,50,VW50-54,42.23%,2382,0,2023,2012.0
168933,2015-08-08,48,48,VW45-49,34.92%,2812,1954,1975,1964.0
476447,2015-08-15,63,63,VM60-64,63.17%,1564,1967,1984,1976.0
140578,2015-08-15,52,52,VW50-54,57.66%,1788,2049,2075,2062.0
125800,2015-08-15,42,42,VW40-44,42.74%,2176,1853,1866,1860.0
131684,2015-08-15,50,50,VW50-54,42.86%,2347,0,2023,2012.0
168933,2015-08-22,49,49,VW45-49,60.24%,1650,1976,2988,1988.0
476447,2015-08-22,63,63,VM60-64,57.58%,1716,1967,1984,1976.0
125800,2015-08-22,42,42,VW40-44,41.46%,2243,1853,1866,1860.0
476447,2015-08-29,63,63,VM60-64,61.44%,1608,1967,1984,1976.0
168933,2015-08-29,49,49,VW45-49,60.80%,1635,1976,2988,1988.0
140578,2015-08-29,52,52,VW50-54,56.96%,1810,2049,2075,2062.0
169141,2015-08-29,52,52,VW50-54,50.84%,2028,2049,2075,2062.0
125800,2015-08-29,42,42,VW40-44,43.52%,2137,1853,1866,1860.0
476447,2015-09-05,63,63,VM60-64,66.13%,1494,1967,1984,1976.0
140578,2015-09-05,52,52,VW50-54,56.56%,1823,2049,2075,2062.0
131684,2015-09-05,50,50,VW50-54,42.22%,2383,0,2023,2012.0
476447,2015-09-12,63,63,VM60-64,61.10%,1617,1967,1984,1976.0
1197698,2015-09-12,49,49,VM45-49,53.60%,1638,1749,2756,1756.0
140578,2015-09-12,52,52,VW50-54,55.49%,1858,2049,2075,2062.0
125800,2015-09-12,42,42,VW40-44,45.48%,2045,1853,1866,1860.0
131684,2015-09-12,50,50,VW50-54,42.14%,2387,0,2023,2012.0
476447,2015-09-19,63,63,VM60-64,63.09%,1566,1967,1984,1976.0
128162,2015-09-19,55,55,VW55-59,52.86%,2028,0,2157,2144.0
125800,2015-09-19,42,42,VW40-44,44.67%,2082,1853,1866,1860.0
476447,2015-09-26,63,63,VM60-64,60.28%,1639,1967,1984,1976.0
140578,2015-09-26,52,52,VW50-54,56.00%,1841,2049,2075,2062.0
1197698,2015-10-03,50,50,VM50-54,57.99%,1526,0,1776,1770.0
476447,2015-10-03,63,63,VM60-64,57.11%,1730,1967,1984,1976.0
140578,2015-10-03,52,52,VW50-54,55.37%,1862,2049,2075,2062.0
131684,2015-10-03,50,50,VW50-54,41.01%,2453,0,2023,2012.0
1197698,2015-10-10,50,50,VM50-54,58.34%,1517,0,1776,1770.0
125800,2015-10-10,42,42,VW40-44,42.10%,2209,1853,1866,1860.0
131684,2015-10-10,50,50,VW50-54,42.77%,2352,0,2023,2012.0
1197698,2015-10-17,50,50,VM50-54,59.36%,1491,0,1776,1770.0
476447,2015-10-17,63,63,VM60-64,59.48%,1661,1967,1984,1976.0
125003,2015-10-17,55,55,VW55-59,59.49%,1802,0,2157,2144.0
140578,2015-10-17,52,52,VW50-54,54.26%,1900,2049,2075,2062.0
131684,2015-10-17,50,50,VW50-54,43.08%,2335,0,2023,2012.0
1197698,2015-10-24,50,50,VM50-54,59.12%,1497,0,1776,1770.0
476447,2015-10-24,63,63,VM60-64,63.50%,1556,1967,1984,1976.0
140578,2015-10-24,52,52,VW50-54,53.39%,1931,2049,2075,2062.0
131684,2015-10-24,50,50,VW50-54,43.10%,2334,0,2023,2012.0
1197698,2015-10-31,50,50,VM50-54,56.41%,1569,0,1776,1770.0
140267,2015-10-31,47,47,VW45-49,58.24%,1669,1934,1953,1944.0
476447,2015-10-31,63,63,VM60-64,59.20%,1669,1967,1984,1976.0
125003,2015-10-31,55,55,VW55-59,57.60%,1861,0,2157,2144.0
476447,2015-11-07,63,63,VM60-64,60.84%,1624,1967,1984,1976.0
169141,2015-11-07,52,52,VW50-54,49.12%,2099,2049,2075,2062.0
131684,2015-11-07,50,50,VW50-54,42.52%,2366,0,2023,2012.0
140267,2015-11-14,47,47,VW45-49,57.35%,1695,1934,1953,1944.0
140578,2015-11-14,52,52,VW50-54,50.89%,2026,2049,2075,2062.0
476447,2015-11-21,63,63,VM60-64,61.63%,1603,1967,1984,1976.0
140267,2015-11-21,47,47,VW45-49,58.45%,1663,1934,1953,1944.0
140578,2015-11-21,52,52,VW50-54,50.89%,2026,2049,2075,2062.0
476447,2015-11-28,63,63,VM60-64,60.47%,1634,1967,1984,1976.0
140267,2015-11-28,47,47,VW45-49,53.47%,1818,1934,1953,1944.0
140578,2015-11-28,52,52,VW50-54,52.49%,1964,2049,2075,2062.0
131684,2015-11-28,50,50,VW50-54,43.01%,2339,0,2023,2012.0
140267,2015-12-05,47,47,VW45-49,56.06%,1734,1934,1953,1944.0
140578,2015-12-05,52,52,VW50-54,52.36%,1969,2049,2075,2062.0
131684,2015-12-05,50,50,VW50-54,42.97%,2341,0,2023,2012.0
1197698,2015-12-12,50,50,VM50-54,58.45%,1514,0,1776,1770.0
476447,2015-12-12,63,63,VM60-64,57.81%,1709,1967,1984,1976.0
140267,2015-12-12,47,47,VW45-49,56.78%,1712,1934,1953,1944.0
140578,2015-12-12,52,52,VW50-54,53.92%,1912,2049,2075,2062.0
131684,2015-12-12,50,50,VW50-54,43.21%,2328,0,2023,2012.0
476447,2015-12-19,63,63,VM60-64,58.64%,1685,1967,1984,1976.0
140267,2015-12-19,47,47,VW45-49,55.13%,1763,1934,1953,1944.0
140578,2015-12-19,52,52,VW50-54,54.84%,1880,2049,2075,2062.0
131684,2015-12-19,50,50,VW50-54,41.71%,2412,0,2023,2012.0
140267,2015-12-26,47,47,VW45-49,55.38%,1755,1934,1953,1944.0
476447,2015-12-26,63,63,VM60-64,41.34%,2390,1967,1984,1976.0
1197698,2016-01-01,50,50,VM50-54,58.42%,1515,0,1776,1770.0
476447,2016-01-01,63,63,VM60-64,58.46%,1690,1967,1984,1976.0
156359,2016-01-01,50,50,VW50-54,59.46%,1692,0,2023,2012.0
140267,2016-01-01,47,47,VW45-49,55.29%,1758,1934,1953,1944.0
125800,2016-01-01,42,42,VW40-44,38.05%,2444,1853,1866,1860.0
140267,2016-01-02,47,47,VW45-49,56.38%,1724,1934,1953,1944.0
140578,2016-01-02,52,52,VW50-54,49.71%,2074,2049,2075,2062.0
125800,2016-01-02,42,42,VW40-44,38.51%,2415,1853,1866,1860.0
140267,2016-01-09,47,47,VW45-49,57.69%,1685,1934,1953,1944.0
140578,2016-01-09,52,52,VW50-54,51.06%,2019,2049,2075,2062.0
169141,2016-01-09,52,52,VW50-54,48.00%,2148,2049,2075,2062.0
125800,2016-01-09,42,42,VW40-44,42.58%,2184,1853,1866,1860.0
1197698,2016-01-16,50,50,VM50-54,58.22%,1520,0,1776,1770.0
140267,2016-01-16,47,47,VW45-49,59.60%,1631,1934,1953,1944.0
140578,2016-01-16,52,52,VW50-54,51.63%,1997,2049,2075,2062.0
169141,2016-01-16,53,53,VW50-54,51.18%,2042,2076,2102,2090.0
125800,2016-01-16,42,42,VW40-44,42.56%,2185,1853,1866,1860.0
1197698,2016-01-23,50,50,VM50-54,59.76%,1481,0,1776,1770.0
140267,2016-01-23,47,47,VW45-49,56.15%,1731,1934,1953,1944.0
125800,2016-01-23,42,42,VW40-44,43.54%,2136,1853,1866,1860.0
140267,2016-01-30,47,47,VW45-49,55.64%,1747,1934,1953,1944.0
140578,2016-01-30,52,52,VW50-54,54.64%,1887,2049,2075,2062.0
140578,2016-02-06,52,52,VW50-54,52.49%,1964,2049,2075,2062.0
131684,2016-02-06,50,50,VW50-54,40.60%,2478,0,2023,2012.0
125800,2016-02-06,42,42,VW40-44,37.52%,2479,1853,1866,1860.0
140578,2016-02-13,52,52,VW50-54,54.81%,1881,2049,2075,2062.0
131684,2016-02-13,50,50,VW50-54,41.45%,2427,0,2023,2012.0
1197698,2016-02-20,50,50,VM50-54,58.26%,1519,0,1776,1770.0
140578,2016-02-20,52,52,VW50-54,56.06%,1839,2049,2075,2062.0
131684,2016-02-20,50,50,VW50-54,42.30%,2378,0,2023,2012.0
140578,2016-02-27,52,52,VW50-54,55.22%,1867,2049,2075,2062.0
131684,2016-02-27,50,50,VW50-54,42.86%,2347,0,2023,2012.0
1197698,2016-03-05,50,50,VM50-54,58.03%,1525,0,1776,1770.0
476447,2016-03-05,63,63,VM60-64,61.48%,1607,1967,1984,1976.0
168933,2016-03-05,49,49,VW45-49,42.57%,2335,1976,2988,1988.0
131684,2016-03-05,50,50,VW50-54,42.48%,2368,0,2023,2012.0
1197698,2016-03-12,50,50,VM50-54,59.72%,1482,0,1776,1770.0
476447,2016-03-12,63,63,VM60-64,65.65%,1505,1967,1984,1976.0
169141,2016-03-12,53,53,VW50-54,52.88%,1976,2076,2102,2090.0
140578,2016-03-12,52,52,VW50-54,51.84%,1989,2049,2075,2062.0
131684,2016-03-12,50,50,VW50-54,42.65%,2359,0,2023,2012.0
140267,2016-03-12,47,47,VW45-49,28.33%,3431,1934,1953,1944.0
140578,2016-03-19,52,52,VW50-54,55.91%,1844,2049,2075,2062.0
140578,2016-03-26,52,52,VW50-54,55.64%,1853,2049,2075,2062.0
168933,2016-03-26,49,49,VW45-49,37.08%,2681,1976,2988,1988.0
1197698,2016-04-09,50,50,VM50-54,58.61%,1510,0,1776,1770.0
140578,2016-04-09,52,52,VW50-54,54.29%,1899,2049,2075,2062.0
140267,2016-04-09,47,47,VW45-49,48.75%,1994,1934,1953,1944.0
140578,2016-04-16,52,52,VW50-54,56.49%,1825,2049,2075,2062.0
131684,2016-04-16,50,50,VW50-54,41.33%,2434,0,2023,2012.0
476447,2016-04-23,63,63,VM60-64,55.91%,1767,1967,1984,1976.0
140578,2016-04-23,52,52,VW50-54,55.97%,1842,2049,2075,2062.0
140267,2016-04-23,47,47,VW45-49,50.52%,1924,1934,1953,1944.0
131684,2016-04-23,50,50,VW50-54,41.42%,2429,0,2023,2012.0
476447,2016-04-30,63,63,VM60-64,58.50%,1689,1967,1984,1976.0
140578,2016-04-30,52,52,VW50-54,55.34%,1863,2049,2075,2062.0
128162,2016-04-30,55,55,VW55-59,48.71%,2201,0,2157,2144.0
476447,2016-05-07,64,64,VM60-64,61.43%,1623,1985,2994,1994.0
140578,2016-05-07,52,52,VW50-54,56.31%,1831,2049,2075,2062.0
476447,2016-05-14,64,64,VM60-64,56.20%,1774,1985,2994,1994.0
1188855,2016-05-14,55,55,VM55-59,51.65%,1785,0,1851,1844.0
140578,2016-05-14,52,52,VW50-54,55.97%,1842,2049,2075,2062.0
140267,2016-05-14,47,47,VW45-49,49.44%,1966,1934,1953,1944.0
131684,2016-05-14,50,50,VW50-54,41.33%,2434,0,2023,2012.0
140578,2016-05-21,53,53,VW50-54,57.42%,1820,2076,2102,2090.0
140267,2016-05-21,47,47,VW45-49,51.56%,1885,1934,1953,1944.0
2505144,2016-05-21,35,35,VW35-39,36.37%,2466,0,1796,1794.0
140578,2016-05-28,53,53,VW50-54,57.32%,1823,2076,2102,2090.0
476447,2016-06-04,64,64,VM60-64,58.30%,1710,1985,2994,1994.0
140578,2016-06-04,53,53,VW50-54,58.48%,1787,2076,2102,2090.0
140578,2016-06-11,53,53,VW50-54,58.06%,1800,2076,2102,2090.0
2505144,2016-06-11,36,36,VW35-39,38.69%,2326,1797,1802,1800.0
131684,2016-06-11,50,50,VW50-54,40.03%,2513,0,2023,2012.0
140578,2016-06-18,53,53,VW50-54,57.64%,1813,2076,2102,2090.0
131684,2016-06-18,50,50,VW50-54,41.16%,2444,0,2023,2012.0
2505144,2016-06-18,36,36,VW35-39,35.79%,2515,1797,1802,1800.0
131684,2016-06-25,51,51,VW50-54,42.58%,2391,2024,2048,2036.0
173137,2016-07-02,50,50,VW50-54,65.45%,1537,0,2023,2012.0
476447,2016-07-02,64,64,VM60-64,58.61%,1701,1985,2994,1994.0
140578,2016-07-02,53,53,VW50-54,56.40%,1853,2076,2102,2090.0
2505144,2016-07-02,36,36,VW35-39,41.30%,2179,1797,1802,1800.0
131684,2016-07-02,51,51,VW50-54,41.35%,2462,2024,2048,2036.0
173137,2016-07-09,50,50,VW50-54,60.02%,1676,0,2023,2012.0
1188855,2016-07-09,56,56,VM55-59,53.94%,1724,1852,1867,1860.0
140578,2016-07-09,53,53,VW50-54,55.73%,1875,2076,2102,2090.0
169141,2016-07-09,53,53,VW50-54,48.85%,2139,2076,2102,2090.0
2505144,2016-07-09,36,36,VW35-39,42.06%,2140,1797,1802,1800.0
476447,2016-07-16,64,64,VM60-64,61.35%,1625,1985,2994,1994.0
140578,2016-07-16,53,53,VW50-54,57.07%,1831,2076,2102,2090.0
2505144,2016-07-16,34,34,SW30-34,43.97%,2033,1786,2788,1788.0
476447,2016-07-23,64,64,VM60-64,60.53%,1647,1985,2994,1994.0
140578,2016-07-23,53,53,VW50-54,56.36%,1854,2076,2102,2090.0
131684,2016-07-23,51,51,VW50-54,40.46%,2516,2024,2048,2036.0
140578,2016-07-30,53,53,VW50-54,56.49%,1850,2076,2102,2090.0
131684,2016-07-30,51,51,VW50-54,41.10%,2477,2024,2048,2036.0
476447,2016-08-06,64,64,VM60-64,59.45%,1677,1985,2994,1994.0
2505144,2016-08-06,35,35,VW35-39,40.22%,2230,0,1796,1794.0
131684,2016-08-06,51,51,VW50-54,41.58%,2448,2024,2048,2036.0
476447,2016-08-20,64,64,VM60-64,63.18%,1578,1985,2994,1994.0
140578,2016-08-20,53,53,VW50-54,54.26%,1926,2076,2102,2090.0
2505144,2016-08-20,35,35,VW35-39,43.13%,2080,0,1796,1794.0
131684,2016-08-20,51,51,VW50-54,41.94%,2427,2024,2048,2036.0
140578,2016-08-27,53,53,VW50-54,53.40%,1957,2076,2102,2090.0
2505144,2016-08-27,35,35,VW35-39,44.17%,2031,0,1796,1794.0
131684,2016-08-27,51,51,VW50-54,40.28%,2527,2024,2048,2036.0
476447,2016-09-03,64,64,VM60-64,59.92%,1664,1985,2994,1994.0
2505144,2016-09-03,35,35,VW35-39,44.67%,2008,0,1796,1794.0
131684,2016-09-03,51,51,VW50-54,41.82%,2434,2024,2048,2036.0
140578,2016-09-10,53,53,VW50-54,54.43%,1920,2076,2102,2090.0
140267,2016-09-10,48,48,VW45-49,50.99%,1926,1954,1975,1964.0
169141,2016-09-10,53,53,VW50-54,47.80%,2186,2076,2102,2090.0
140578,2016-09-17,53,53,VW50-54,52.75%,1981,2076,2102,2090.0
131684,2016-09-17,51,51,VW50-54,42.56%,2392,2024,2048,2036.0
476447,2016-09-24,64,64,VM60-64,60.24%,1655,1985,2994,1994.0
140578,2016-09-24,53,53,VW50-54,56.24%,1858,2076,2102,2090.0
476447,2016-10-01,64,64,VM60-64,62.23%,1602,1985,2994,1994.0
140578,2016-10-01,53,53,VW50-54,57.17%,1828,2076,2102,2090.0
140267,2016-10-01,48,48,VW45-49,50.83%,1932,1954,1975,1964.0
152434,2016-10-01,57,57,VW55-59,55.69%,1977,2187,2216,2202.0
169141,2016-10-01,53,53,VW50-54,47.61%,2195,2076,2102,2090.0
476447,2016-10-08,64,64,VM60-64,64.82%,1538,1985,2994,1994.0
128162,2016-10-08,56,56,VW55-59,54.77%,1983,2158,2186,2172.0
131684,2016-10-08,51,51,VW50-54,41.03%,2481,2024,2048,2036.0
131684,2016-10-15,51,51,VW50-54,36.65%,2778,2024,2048,2036.0
140578,2016-10-22,53,53,VW50-54,55.03%,1899,2076,2102,2090.0
169141,2016-10-22,53,53,VW50-54,48.92%,2136,2076,2102,2090.0
476447,2016-10-29,64,64,VM60-64,61.96%,1609,1985,2994,1994.0
140578,2016-10-29,53,53,VW50-54,54.71%,1910,2076,2102,2090.0
166728,2016-11-05,55,55,VW55-59,61.19%,1752,0,2157,2144.0
140578,2016-11-05,53,53,VW50-54,53.87%,1940,2076,2102,2090.0
169141,2016-11-05,53,53,VW50-54,50.63%,2064,2076,2102,2090.0
140578,2016-11-19,53,53,VW50-54,54.86%,1905,2076,2102,2090.0
128162,2016-11-19,56,56,VW55-59,47.67%,2278,2158,2186,2172.0
1197698,2016-11-26,51,51,VM50-54,56.85%,1569,1777,1790,1784.0
140578,2016-11-26,53,53,VW50-54,51.66%,2023,2076,2102,2090.0
1197698,2016-12-03,51,51,VM50-54,57.85%,1542,1777,1790,1784.0
476447,2016-12-03,64,64,VM60-64,57.17%,1744,1985,2994,1994.0
140267,2016-12-03,48,48,VW45-49,55.39%,1773,1954,1975,1964.0
128162,2016-12-03,56,56,VW55-59,55.78%,1947,2158,2186,2172.0
169141,2016-12-03,53,53,VW50-54,48.56%,2152,2076,2102,2090.0
476447,2016-12-10,64,64,VM60-64,59.77%,1668,1985,2994,1994.0
140267,2016-12-10,48,48,VW45-49,58.49%,1679,1954,1975,1964.0
140578,2016-12-10,53,53,VW50-54,50.31%,2077,2076,2102,2090.0
169141,2016-12-10,53,53,VW50-54,47.80%,2186,2076,2102,2090.0
140578,2016-12-17,53,53,VW50-54,54.29%,1925,2076,2102,2090.0
131684,2016-12-17,51,51,VW50-54,40.13%,2537,2024,2048,2036.0
476447,2016-12-24,64,64,VM60-64,54.96%,1814,1985,2994,1994.0
140578,2016-12-24,53,53,VW50-54,53.53%,1952,2076,2102,2090.0
169141,2016-12-24,53,53,VW50-54,51.15%,2043,2076,2102,2090.0
131684,2016-12-24,51,51,VW50-54,41.37%,2461,2024,2048,2036.0
1786236,2016-12-31,42,42,VM40-44,60.66%,1370,1656,1668,1662.0
476447,2016-12-31,64,64,VM60-64,60.98%,1635,1985,2994,1994.0
140267,2016-12-31,48,48,VW45-49,53.28%,1843,1954,1975,1964.0
131684,2016-12-31,51,51,VW50-54,40.17%,2534,2024,2048,2036.0
1786236,2017-01-01,42,42,VM40-44,64.37%,1291,1656,1668,1662.0
1197698,2017-01-01,51,51,VM50-54,56.46%,1580,1777,1790,1784.0
508066,2017-01-01,51,51,VW50-54,58.01%,1755,2024,2048,2036.0
156359,2017-01-01,51,51,VW50-54,57.06%,1784,2024,2048,2036.0
128162,2017-01-01,56,56,VW55-59,56.95%,1907,2158,2186,2172.0
169141,2017-01-01,53,53,VW50-54,51.53%,2028,2076,2102,2090.0
152434,2017-01-07,57,57,VW55-59,55.35%,1989,2187,2216,2202.0
131684,2017-01-07,51,51,VW50-54,40.40%,2520,2024,2048,2036.0
1197698,2017-01-14,51,51,VM50-54,55.61%,1604,1777,1790,1784.0
476447,2017-01-14,64,64,VM60-64,55.42%,1799,1985,2994,1994.0
476447,2017-01-21,64,64,VM60-64,56.20%,1774,1985,2994,1994.0
140578,2017-01-21,53,53,VW50-54,51.89%,2014,2076,2102,2090.0
140578,2017-01-28,53,53,VW50-54,53.34%,1959,2076,2102,2090.0
1197698,2017-02-04,51,51,VM50-54,56.07%,1591,1777,1790,1784.0
140578,2017-02-04,53,53,VW50-54,53.73%,1945,2076,2102,2090.0
169141,2017-02-04,54,54,VW50-54,51.86%,2040,2103,3116,2116.0
476447,2017-02-11,64,64,VM60-64,54.72%,1822,1985,2994,1994.0
140578,2017-02-11,53,53,VW50-54,53.64%,1948,2076,2102,2090.0
140267,2017-02-18,48,48,VW45-49,55.11%,1782,1954,1975,1964.0
131684,2017-02-18,51,51,VW50-54,41.96%,2426,2024,2048,2036.0
476447,2017-02-25,64,64,VM60-64,55.54%,1795,1985,2994,1994.0
140578,2017-02-25,53,53,VW50-54,52.02%,2009,2076,2102,2090.0
131684,2017-02-25,51,51,VW50-54,41.13%,2475,2024,2048,2036.0
140267,2017-03-04,48,48,VW45-49,53.31%,1842,1954,1975,1964.0
131684,2017-03-04,51,51,VW50-54,40.28%,2527,2024,2048,2036.0
128162,2017-03-11,56,56,VW55-59,51.18%,2122,2158,2186,2172.0
140267,2017-03-18,48,48,VW45-49,58.14%,1689,1954,1975,1964.0
140578,2017-03-18,53,53,VW50-54,50.63%,2064,2076,2102,2090.0
140267,2017-03-25,48,48,VW45-49,59.59%,1648,1954,1975,1964.0
140578,2017-03-25,53,53,VW50-54,53.62%,1949,2076,2102,2090.0
3336249,2017-03-25,31,31,SW30-34,40.01%,2222,1777,1778,1778.0
140578,2017-04-01,53,53,VW50-54,54.15%,1930,2076,2102,2090.0
3336249,2017-04-01,31,31,SW30-34,43.24%,2056,1777,1778,1778.0
476447,2017-04-08,64,64,VM60-64,57.23%,1742,1985,2994,1994.0
476447,2017-04-15,64,64,VM60-64,58.27%,1711,1985,2994,1994.0
140578,2017-04-15,53,53,VW50-54,53.15%,1966,2076,2102,2090.0
140267,2017-04-22,48,48,VW45-49,58.00%,1693,1954,1975,1964.0
140578,2017-04-22,53,53,VW50-54,55.97%,1867,2076,2102,2090.0
131684,2017-04-22,51,51,VW50-54,39.09%,2604,2024,2048,2036.0
140578,2017-04-29,53,53,VW50-54,56.30%,1856,2076,2102,2090.0
131684,2017-04-29,51,51,VW50-54,39.26%,2593,2024,2048,2036.0
140267,2017-05-06,48,48,VW45-49,57.23%,1716,1954,1975,1964.0
476447,2017-05-06,65,65,VM65-69,56.14%,1792,0,2021,2012.0
140578,2017-05-06,53,53,VW50-54,56.00%,1866,2076,2102,2090.0
3336249,2017-05-06,25,29,SW25-29,42.75%,2077,0,2776,1776.0
476447,2017-05-13,65,65,VM65-69,61.91%,1625,0,2021,2012.0
140267,2017-05-13,48,48,VW45-49,58.31%,1684,1954,1975,1964.0
140578,2017-05-13,53,53,VW50-54,56.09%,1863,2076,2102,2090.0
140578,2017-05-20,54,54,VW50-54,56.76%,1864,2103,3116,2116.0
131684,2017-05-20,51,51,VW50-54,39.77%,2560,2024,2048,2036.0
476447,2017-05-27,65,65,VM65-69,54.50%,1846,0,2021,2012.0
140578,2017-05-27,54,54,VW50-54,55.51%,1906,2103,3116,2116.0
131684,2017-05-27,51,51,VW50-54,39.32%,2589,2024,2048,2036.0
476447,2017-06-03,65,65,VM65-69,57.85%,1739,0,2021,2012.0
140578,2017-06-03,54,54,VW50-54,56.49%,1873,2103,3116,2116.0
169141,2017-06-03,54,54,VW50-54,48.03%,2203,2103,3116,2116.0
140578,2017-06-10,54,54,VW50-54,56.64%,1868,2103,3116,2116.0
131684,2017-06-10,51,51,VW50-54,40.08%,2540,2024,2048,2036.0
140578,2017-06-17,54,54,VW50-54,56.67%,1867,2103,3116,2116.0
131684,2017-06-17,51,51,VW50-54,40.19%,2533,2024,2048,2036.0
476447,2017-06-24,65,65,VM65-69,57.42%,1752,0,2021,2012.0
476447,2017-07-01,65,65,VM65-69,56.96%,1766,0,2021,2012.0
140578,2017-07-01,54,54,VW50-54,57.04%,1855,2103,3116,2116.0
140267,2017-07-08,48,48,VW45-49,58.11%,1690,1954,1975,1964.0
140578,2017-07-08,54,54,VW50-54,56.88%,1860,2103,3116,2116.0
476447,2017-07-15,65,65,VM65-69,62.02%,1622,0,2021,2012.0
140578,2017-07-15,54,54,VW50-54,57.91%,1827,2103,3116,2116.0
476447,2017-07-22,65,65,VM65-69,58.59%,1717,0,2021,2012.0
140578,2017-07-22,54,54,VW50-54,57.31%,1846,2103,3116,2116.0
476447,2017-07-29,65,65,VM65-69,58.52%,1719,0,2021,2012.0
476447,2017-08-12,65,65,VM65-69,57.68%,1744,0,2021,2012.0
140578,2017-08-12,54,54,VW50-54,56.82%,1862,2103,3116,2116.0
131684,2017-08-12,52,52,VW50-54,39.40%,2617,2049,2075,2062.0
140578,2017-08-19,54,54,VW50-54,55.63%,1902,2103,3116,2116.0
173137,2017-08-26,52,52,VW50-54,59.18%,1742,2049,2075,2062.0
140267,2017-08-26,49,49,VW45-49,56.90%,1747,1976,2988,1988.0
140578,2017-08-26,54,54,VW50-54,57.85%,1829,2103,3116,2116.0
476447,2017-09-02,65,65,VM65-69,60.71%,1657,0,2021,2012.0
173137,2017-09-02,52,52,VW50-54,61.88%,1666,2049,2075,2062.0
140578,2017-09-02,54,54,VW50-54,57.81%,1830,2103,3116,2116.0
169141,2017-09-02,54,54,VW50-54,50.99%,2075,2103,3116,2116.0
173137,2017-09-09,52,52,VW50-54,62.37%,1653,2049,2075,2062.0
140267,2017-09-09,49,49,VW45-49,58.03%,1713,1976,2988,1988.0
140578,2017-09-09,54,54,VW50-54,57.66%,1835,2103,3116,2116.0
476447,2017-09-09,65,65,VM65-69,54.32%,1852,0,2021,2012.0
169141,2017-09-09,54,54,VW50-54,48.58%,2178,2103,3116,2116.0
173137,2017-09-16,52,52,VW50-54,64.92%,1588,2049,2075,2062.0
476447,2017-09-16,65,65,VM65-69,59.99%,1677,0,2021,2012.0
140578,2017-09-16,54,54,VW50-54,58.23%,1817,2103,3116,2116.0
140578,2017-09-23,54,54,VW50-54,58.75%,1801,2103,3116,2116.0
140267,2017-09-23,49,49,VW45-49,49.85%,1994,1976,2988,1988.0
476447,2017-09-23,65,65,VM65-69,50.35%,1998,0,2021,2012.0
131684,2017-09-30,52,52,VW50-54,37.90%,2720,2049,2075,2062.0
140578,2017-10-07,54,54,VW50-54,57.72%,1833,2103,3116,2116.0
131684,2017-10-07,52,52,VW50-54,39.08%,2638,2049,2075,2062.0
131684,2017-10-14,52,52,VW50-54,39.07%,2639,2049,2075,2062.0
476447,2017-10-21,65,65,VM65-69,57.52%,1749,0,2021,2012.0
140267,2017-10-21,49,49,VW45-49,55.94%,1777,1976,2988,1988.0
140578,2017-10-21,54,54,VW50-54,55.60%,1903,2103,3116,2116.0
169141,2017-10-21,54,54,VW50-54,47.09%,2247,2103,3116,2116.0
131684,2017-10-21,52,52,VW50-54,39.37%,2619,2049,2075,2062.0
140267,2017-10-28,49,49,VW45-49,56.48%,1760,1976,2988,1988.0
476447,2017-10-28,65,65,VM65-69,55.21%,1822,0,2021,2012.0
140578,2017-10-28,54,54,VW50-54,56.76%,1864,2103,3116,2116.0
131684,2017-10-28,52,52,VW50-54,40.95%,2518,2049,2075,2062.0
140578,2017-11-04,54,54,VW50-54,55.25%,1915,2103,3116,2116.0
169141,2017-11-04,54,54,VW50-54,46.02%,2299,2103,3116,2116.0
131684,2017-11-04,52,52,VW50-54,39.73%,2595,2049,2075,2062.0
140267,2017-11-11,49,49,VW45-49,58.92%,1687,1976,2988,1988.0
131684,2017-11-11,52,52,VW50-54,40.70%,2533,2049,2075,2062.0
476447,2017-11-18,65,65,VM65-69,54.94%,1831,0,2021,2012.0
140267,2017-11-18,49,49,VW45-49,51.03%,1948,1976,2988,1988.0
131684,2017-11-18,52,52,VW50-54,40.77%,2529,2049,2075,2062.0
140578,2017-11-25,54,54,VW50-54,54.85%,1929,2103,3116,2116.0
169141,2017-11-25,54,54,VW50-54,52.64%,2010,2103,3116,2116.0
131684,2017-11-25,52,52,VW50-54,39.44%,2614,2049,2075,2062.0
140578,2017-12-02,54,54,VW50-54,55.63%,1902,2103,3116,2116.0
140267,2017-12-09,49,49,VW45-49,58.51%,1699,1976,2988,1988.0
140578,2017-12-09,54,54,VW50-54,54.82%,1930,2103,3116,2116.0
140578,2017-12-16,54,54,VW50-54,53.87%,1964,2103,3116,2116.0
128162,2017-12-16,57,57,VW55-59,53.63%,2053,2187,2216,2202.0
140267,2017-12-23,49,49,VW45-49,60.76%,1636,1976,2988,1988.0
4097229,2017-12-23,43,43,VM40-44,50.15%,1671,1669,1681,1676.0
476447,2017-12-23,65,65,VM65-69,56.49%,1781,0,2021,2012.0
140578,2017-12-23,54,54,VW50-54,54.48%,1942,2103,3116,2116.0
4097229,2017-12-30,10,10,JM10,60.67%,1561,0,1928,1894.0
140267,2017-12-30,49,49,VW45-49,61.51%,1616,1976,2988,1988.0
140578,2017-12-30,54,54,VW50-54,55.22%,1916,2103,3116,2116.0
169141,2017-12-30,54,54,VW50-54,51.51%,2054,2103,3116,2116.0
140267,2018-01-01,49,49,VW45-49,62.36%,1594,1976,2988,1988.0
476447,2018-01-01,65,65,VM65-69,56.87%,1769,0,2021,2012.0
141347,2018-01-01,54,54,VW50-54,59.37%,1782,2103,3116,2116.0
156359,2018-01-01,52,52,VW50-54,57.34%,1798,2049,2075,2062.0
140578,2018-01-01,54,54,VW50-54,54.96%,1925,2103,3116,2116.0
128162,2018-01-01,57,57,VW55-59,54.02%,2038,2187,2216,2202.0
168933,2018-01-01,51,51,VW50-54,44.67%,2279,2024,2048,2036.0
140578,2018-01-06,54,54,VW50-54,56.01%,1889,2103,3116,2116.0
93037,2018-01-13,40,40,VW40-44,Unknown,1120,0,1840,0.0
476447,2018-01-13,65,65,VM65-69,56.71%,1774,0,2021,2012.0
140267,2018-01-13,49,49,VW45-49,30.32%,3278,1976,2988,1988.0
140267,2018-01-20,49,49,VW45-49,60.87%,1633,1976,2988,1988.0
476447,2018-01-20,65,65,VM65-69,56.11%,1793,0,2021,2012.0
140267,2018-01-27,49,49,VW45-49,60.43%,1645,1976,2988,1988.0
131684,2018-01-27,52,52,VW50-54,38.57%,2673,2049,2075,2062.0
140578,2018-02-03,54,54,VW50-54,51.91%,2038,2103,3116,2116.0
169141,2018-02-03,55,55,VW55-59,50.26%,2133,0,2157,2144.0
131684,2018-02-03,52,52,VW50-54,38.96%,2646,2049,2075,2062.0
140267,2018-02-10,49,49,VW45-49,58.78%,1691,1976,2988,1988.0
169141,2018-02-10,55,55,VW55-59,49.24%,2177,0,2157,2144.0
131684,2018-02-10,52,52,VW50-54,38.60%,2671,2049,2075,2062.0
215996,2018-02-17,52,52,VM50-54,77.90%,1154,1791,1805,1798.0
140267,2018-02-17,49,49,VW45-49,60.46%,1644,1976,2988,1988.0
140578,2018-02-17,54,54,VW50-54,54.48%,1942,2103,3116,2116.0
169141,2018-02-17,55,55,VW55-59,50.49%,2123,0,2157,2144.0
140267,2018-02-24,49,49,VW45-49,59.17%,1680,1976,2988,1988.0
140578,2018-02-24,54,54,VW50-54,55.48%,1907,2103,3116,2116.0
169141,2018-02-24,55,55,VW55-59,52.45%,2044,0,2157,2144.0
131684,2018-02-24,52,52,VW50-54,36.44%,2829,2049,2075,2062.0
173137,2018-03-10,52,52,VW50-54,63.52%,1623,2049,2075,2062.0
169141,2018-03-10,55,55,VW55-59,48.53%,2209,0,2157,2144.0
1138623,2018-03-17,44,44,VM40-44,47.85%,1764,1682,2688,1688.0
140578,2018-03-17,54,54,VW50-54,54.45%,1943,2103,3116,2116.0
140578,2018-03-24,54,54,VW50-54,53.76%,1968,2103,3116,2116.0
131684,2018-03-24,52,52,VW50-54,36.82%,2800,2049,2075,2062.0
140267,2018-03-31,49,49,VW45-49,56.90%,1747,1976,2988,1988.0
140578,2018-03-31,54,54,VW50-54,54.71%,1934,2103,3116,2116.0
131684,2018-03-31,52,52,VW50-54,38.33%,2690,2049,2075,2062.0
140267,2018-04-07,49,49,VW45-49,57.62%,1725,1976,2988,1988.0
476447,2018-04-07,65,65,VM65-69,51.62%,1949,0,2021,2012.0
131684,2018-04-07,52,52,VW50-54,38.34%,2689,2049,2075,2062.0
140267,2018-04-14,49,49,VW45-49,59.03%,1684,1976,2988,1988.0
476447,2018-04-14,65,65,VM65-69,56.33%,1786,0,2021,2012.0
140578,2018-04-14,54,54,VW50-54,55.02%,1923,2103,3116,2116.0
131684,2018-04-14,52,52,VW50-54,39.64%,2601,2049,2075,2062.0
173137,2018-04-21,52,52,VW50-54,63.29%,1629,2049,2075,2062.0
476447,2018-04-21,65,65,VM65-69,55.46%,1814,0,2021,2012.0
140578,2018-04-21,54,54,VW50-54,54.79%,1931,2103,3116,2116.0
476447,2018-04-28,65,65,VM65-69,54.91%,1832,0,2021,2012.0
140578,2018-04-28,54,54,VW50-54,54.96%,1925,2103,3116,2116.0
173137,2018-04-28,52,52,VW50-54,47.23%,2183,2049,2075,2062.0
169141,2018-04-28,55,55,VW55-59,39.91%,2686,0,2157,2144.0
173137,2018-05-05,52,52,VW50-54,66.26%,1556,2049,2075,2062.0
140578,2018-05-05,54,54,VW50-54,55.80%,1896,2103,3116,2116.0
169141,2018-05-05,55,55,VW55-59,48.44%,2213,0,2157,2144.0
140578,2018-05-12,54,54,VW50-54,56.67%,1867,2103,3116,2116.0
169141,2018-05-12,55,55,VW55-59,50.09%,2140,0,2157,2144.0
140578,2018-05-19,55,55,VW55-59,58.48%,1833,0,2157,2144.0
140578,2018-05-26,55,55,VW55-59,57.85%,1853,0,2157,2144.0
169141,2018-05-26,55,55,VW55-59,51.34%,2088,0,2157,2144.0
131684,2018-05-26,52,52,VW50-54,39.28%,2625,2049,2075,2062.0
3928371,2018-05-26,49,49,VW45-49,28.13%,3534,1976,2988,1988.0
140578,2018-06-02,55,55,VW55-59,57.48%,1865,0,2157,2144.0
476447,2018-06-02,66,66,VM65-69,53.67%,1893,2022,2040,2032.0
169141,2018-06-02,55,55,VW55-59,51.79%,2070,0,2157,2144.0
4442027,2018-06-02,20,24,SW20-24,34.85%,2548,0,2776,1776.0
131684,2018-06-02,52,52,VW50-54,39.32%,2622,2049,2075,2062.0
3928371,2018-06-02,49,49,VW45-49,29.98%,3316,1976,2988,1988.0
140578,2018-06-09,55,55,VW55-59,57.54%,1863,0,2157,2144.0
140267,2018-06-09,49,49,VW45-49,51.48%,1931,1976,2988,1988.0
169141,2018-06-09,55,55,VW55-59,42.97%,2495,0,2157,2144.0
4442027,2018-06-09,20,24,SW20-24,35.34%,2513,0,2776,1776.0
476447,2018-06-09,66,66,VM65-69,36.56%,2779,2022,2040,2032.0
3928371,2018-06-09,38,38,VW35-39,26.82%,3386,1811,1819,1816.0
140578,2018-06-16,55,55,VW55-59,56.69%,1891,0,2157,2144.0
476447,2018-06-16,66,66,VM65-69,47.32%,2147,2022,2040,2032.0
140267,2018-06-23,49,49,VW45-49,57.52%,1728,1976,2988,1988.0
476447,2018-06-23,66,66,VM65-69,47.43%,2142,2022,2040,2032.0
140578,2018-06-30,55,55,VW55-59,56.36%,1902,0,2157,2144.0
140267,2018-06-30,49,49,VW45-49,51.91%,1915,1976,2988,1988.0
3928371,2018-07-07,38,38,VW35-39,28.11%,3230,1811,1819,1816.0
140267,2018-07-07,49,49,VW45-49,30.76%,3231,1976,2988,1988.0
140267,2018-07-14,49,49,VW45-49,57.36%,1733,1976,2988,1988.0
476447,2018-07-14,66,66,VM65-69,52.45%,1937,2022,2040,2032.0
140578,2018-07-14,55,55,VW55-59,53.57%,2001,0,2157,2144.0
166728,2018-07-21,57,57,VW55-59,66.97%,1644,2187,2216,2202.0
140578,2018-07-21,55,55,VW55-59,55.92%,1917,0,2157,2144.0
476447,2018-07-21,66,66,VM65-69,44.92%,2262,2022,2040,2032.0
131684,2018-07-21,53,53,VW50-54,41.26%,2533,2076,2102,2090.0
476447,2018-07-28,66,66,VM65-69,50.25%,2022,2022,2040,2032.0
140578,2018-07-28,55,55,VW55-59,51.46%,2083,0,2157,2144.0
166728,2018-08-04,57,57,VW55-59,66.25%,1662,2187,2216,2202.0
476447,2018-08-04,66,66,VM65-69,56.26%,1806,2022,2040,2032.0
476447,2018-08-11,66,66,VM65-69,58.56%,1735,2022,2040,2032.0
140267,2018-08-11,50,50,VW50-54,57.85%,1739,0,2023,2012.0
3928371,2018-08-11,38,38,VW35-39,27.87%,3258,1811,1819,1816.0
476447,2018-08-18,66,66,VM65-69,56.70%,1792,2022,2040,2032.0
140267,2018-08-25,50,50,VW50-54,57.03%,1764,0,2023,2012.0
140578,2018-08-25,55,55,VW55-59,52.94%,2025,0,2157,2144.0
3928371,2018-08-25,38,38,VW35-39,28.50%,3186,1811,1819,1816.0
173137,2018-09-01,53,53,VW50-54,65.68%,1591,2076,2102,2090.0
166728,2018-09-01,57,57,VW55-59,67.80%,1624,2187,2216,2202.0
140578,2018-09-01,55,55,VW55-59,53.98%,1986,0,2157,2144.0
476447,2018-09-01,66,66,VM65-69,46.58%,2181,2022,2040,2032.0
131684,2018-09-01,53,53,VW50-54,34.83%,3000,2076,2102,2090.0
140267,2018-09-01,50,50,VW50-54,33.53%,3000,0,2023,2012.0
140267,2018-09-08,50,50,VW50-54,56.23%,1789,0,2023,2012.0
476447,2018-09-08,66,66,VM65-69,47.74%,2128,2022,2040,2032.0
169141,2018-09-08,55,55,VW55-59,47.64%,2250,0,2157,2144.0
131684,2018-09-08,53,53,VW50-54,39.40%,2652,2076,2102,2090.0
140578,2018-09-15,55,55,VW55-59,53.28%,2012,0,2157,2144.0
169141,2018-09-15,55,55,VW55-59,49.29%,2175,0,2157,2144.0
476447,2018-09-15,66,66,VM65-69,38.17%,2662,2022,2040,2032.0
140578,2018-09-22,55,55,VW55-59,54.09%,1982,0,2157,2144.0
166728,2018-09-29,57,57,VW55-59,67.18%,1639,2187,2216,2202.0
169141,2018-09-29,55,55,VW55-59,49.68%,2158,0,2157,2144.0
131684,2018-09-29,53,53,VW50-54,38.45%,2718,2076,2102,2090.0
166728,2018-10-06,57,57,VW55-59,67.22%,1638,2187,2216,2202.0
140267,2018-10-06,50,50,VW50-54,55.61%,1809,0,2023,2012.0
140578,2018-10-06,55,55,VW55-59,54.61%,1963,0,2157,2144.0
140578,2018-10-13,55,55,VW55-59,52.68%,2035,0,2157,2144.0
169141,2018-10-13,55,55,VW55-59,48.95%,2190,0,2157,2144.0
140267,2018-10-13,50,50,VW50-54,40.43%,2488,0,2023,2012.0
4973304,2018-10-13,49,49,VW45-49,36.53%,2721,1976,2988,1988.0
166728,2018-10-20,57,57,VW55-59,66.01%,1668,2187,2216,2202.0
140267,2018-10-20,50,50,VW50-54,40.40%,2490,0,2023,2012.0
131684,2018-10-20,53,53,VW50-54,40.01%,2612,2076,2102,2090.0
4973304,2018-10-20,49,49,VW45-49,38.04%,2613,1976,2988,1988.0
140267,2018-10-27,50,50,VW50-54,57.55%,1748,0,2023,2012.0
140578,2018-10-27,55,55,VW55-59,53.79%,1993,0,2157,2144.0
169141,2018-10-27,55,55,VW55-59,50.90%,2106,0,2157,2144.0
4973304,2018-10-27,49,49,VW45-49,43.50%,2285,1976,2988,1988.0
131684,2018-10-27,53,53,VW50-54,39.43%,2650,2076,2102,2090.0
140267,2018-11-03,50,50,VW50-54,57.42%,1752,0,2023,2012.0
140578,2018-11-03,55,55,VW55-59,55.26%,1940,0,2157,2144.0
131684,2018-11-03,53,53,VW50-54,40.32%,2592,2076,2102,2090.0
169141,2018-11-03,55,55,VW55-59,39.18%,2736,0,2157,2144.0
140267,2018-11-10,50,50,VW50-54,57.26%,1757,0,2023,2012.0
140578,2018-11-10,55,55,VW55-59,53.36%,2009,0,2157,2144.0
4973304,2018-11-10,49,49,VW45-49,38.11%,2608,1976,2988,1988.0
131684,2018-11-10,53,53,VW50-54,39.51%,2645,2076,2102,2090.0
169141,2018-11-10,55,55,VW55-59,35.07%,3057,0,2157,2144.0
140267,2018-11-17,50,50,VW50-54,56.90%,1768,0,2023,2012.0
4973304,2018-11-17,49,49,VW45-49,42.81%,2322,1976,2988,1988.0
131684,2018-11-17,53,53,VW50-54,40.16%,2602,2076,2102,2090.0
169141,2018-11-24,55,55,VW55-59,51.32%,2089,0,2157,2144.0
131684,2018-11-24,53,53,VW50-54,40.15%,2603,2076,2102,2090.0
140267,2018-12-01,50,50,VW50-54,57.09%,1762,0,2023,2012.0
166728,2018-12-01,57,57,VW55-59,57.73%,1907,2187,2216,2202.0
140578,2018-12-01,55,55,VW55-59,51.74%,2072,0,2157,2144.0
140578,2018-12-08,55,55,VW55-59,55.14%,1944,0,2157,2144.0
169141,2018-12-08,55,55,VW55-59,49.79%,2153,0,2157,2144.0
131684,2018-12-08,53,53,VW50-54,39.54%,2643,2076,2102,2090.0
140267,2018-12-15,50,50,VW50-54,50.63%,1987,0,2023,2012.0
169141,2018-12-15,55,55,VW55-59,49.58%,2162,0,2157,2144.0
4973304,2018-12-15,49,49,VW45-49,41.47%,2397,1976,2988,1988.0
131684,2018-12-15,53,53,VW50-54,40.25%,2596,2076,2102,2090.0
166728,2018-12-22,57,57,VW55-59,69.33%,1588,2187,2216,2202.0
4097229,2018-12-22,11,11,JM11-14,55.74%,1647,1811,2836,1836.0
140267,2018-12-22,50,50,VW50-54,48.93%,2056,0,2023,2012.0
169141,2018-12-22,55,55,VW55-59,50.57%,2120,0,2157,2144.0
140267,2018-12-29,50,50,VW50-54,57.58%,1747,0,2023,2012.0
131684,2018-12-29,53,53,VW50-54,39.24%,2663,2076,2102,2090.0
140267,2019-01-01,50,50,VW50-54,57.88%,1738,0,2023,2012.0
140578,2019-01-01,55,55,VW55-59,53.07%,2020,0,2157,2144.0
169141,2019-01-01,55,55,VW55-59,48.51%,2210,0,2157,2144.0
128162,2019-01-01,58,58,VW55-59,48.08%,2321,2217,2247,2232.0
131684,2019-01-01,53,53,VW50-54,39.58%,2640,2076,2102,2090.0
140267,2019-01-05,50,50,VW50-54,57.32%,1755,0,2023,2012.0
140578,2019-01-05,55,55,VW55-59,54.20%,1978,0,2157,2144.0
169141,2019-01-05,55,55,VW55-59,51.29%,2090,0,2157,2144.0
166728,2019-01-12,57,57,VW55-59,68.05%,1618,2187,2216,2202.0
169141,2019-01-12,55,55,VW55-59,50.09%,2140,0,2157,2144.0
4973304,2019-01-12,50,50,VW50-54,41.86%,2403,0,2023,2012.0
131684,2019-01-12,53,53,VW50-54,40.58%,2575,2076,2102,2090.0
140267,2019-01-19,50,50,VW50-54,58.73%,1713,0,2023,2012.0
4973304,2019-01-19,36,36,VW35-39,37.96%,2371,1797,1802,1800.0
131684,2019-01-19,53,53,VW50-54,39.86%,2622,2076,2102,2090.0
166728,2019-01-26,57,57,VW55-59,68.09%,1617,2187,2216,2202.0
140578,2019-01-26,55,55,VW55-59,52.24%,2052,0,2157,2144.0
140267,2019-01-26,50,50,VW50-54,47.16%,2133,0,2023,2012.0
4973304,2019-01-26,36,36,VW35-39,38.71%,2325,1797,1802,1800.0
169141,2019-01-26,56,56,VW55-59,46.41%,2340,2158,2186,2172.0
166728,2019-02-02,57,57,VW55-59,68.77%,1601,2187,2216,2202.0
169141,2019-02-02,56,56,VW55-59,50.49%,2151,2158,2186,2172.0
128162,2019-02-09,58,58,VW55-59,51.26%,2177,2217,2247,2232.0
140578,2019-02-09,55,55,VW55-59,47.10%,2276,0,2157,2144.0
166728,2019-02-16,57,57,VW55-59,69.33%,1588,2187,2216,2202.0
140578,2019-02-16,55,55,VW55-59,54.09%,1982,0,2157,2144.0
128162,2019-02-16,58,58,VW55-59,51.69%,2159,2217,2247,2232.0
4442027,2019-02-16,20,24,SW20-24,38.13%,2329,0,2776,1776.0
131684,2019-02-16,53,53,VW50-54,39.07%,2675,2076,2102,2090.0
140578,2019-02-23,55,55,VW55-59,54.64%,1962,0,2157,2144.0
4442027,2019-02-23,20,24,SW20-24,40.00%,2220,0,2776,1776.0
169141,2019-02-23,56,56,VW55-59,47.80%,2272,2158,2186,2172.0
131684,2019-02-23,53,53,VW50-54,39.01%,2679,2076,2102,2090.0
166728,2019-03-02,58,58,VW55-59,70.54%,1582,2217,2247,2232.0
140578,2019-03-02,55,55,VW55-59,53.47%,2005,0,2157,2144.0
4442027,2019-03-02,20,24,SW20-24,38.56%,2303,0,2776,1776.0
166728,2019-03-09,58,58,VW55-59,70.14%,1591,2217,2247,2232.0
140267,2019-03-09,50,50,VW50-54,57.06%,1763,0,2023,2012.0
140578,2019-03-09,55,55,VW55-59,53.52%,2003,0,2157,2144.0
4442027,2019-03-09,20,24,SW20-24,39.95%,2223,0,2776,1776.0
4973304,2019-03-09,36,36,VW35-39,36.99%,2433,1797,1802,1800.0
140267,2019-03-16,50,50,VW50-54,55.64%,1808,0,2023,2012.0
140578,2019-03-16,55,55,VW55-59,52.83%,2029,0,2157,2144.0
125003,2019-03-16,59,59,VW55-59,55.14%,2053,2248,3264,2264.0
4442027,2019-03-23,20,24,SW20-24,40.85%,2174,0,2776,1776.0
169141,2019-03-23,56,56,VW55-59,49.03%,2215,2158,2186,2172.0
4973304,2019-03-23,36,36,VW35-39,37.36%,2409,1797,1802,1800.0
131684,2019-03-23,53,53,VW50-54,39.04%,2677,2076,2102,2090.0
166728,2019-03-30,58,58,VW55-59,68.30%,1634,2217,2247,2232.0
140267,2019-03-30,50,50,VW50-54,56.96%,1766,0,2023,2012.0
140578,2019-03-30,55,55,VW55-59,54.31%,1974,0,2157,2144.0
169141,2019-03-30,56,56,VW55-59,49.68%,2186,2158,2186,2172.0
131684,2019-03-30,53,53,VW50-54,38.88%,2688,2076,2102,2090.0
140578,2019-04-06,55,55,VW55-59,54.31%,1974,0,2157,2144.0
140267,2019-04-13,50,50,VW50-54,57.95%,1736,0,2023,2012.0
4442027,2019-04-13,20,24,SW20-24,44.71%,1986,0,2776,1776.0
140267,2019-04-20,50,50,VW50-54,57.35%,1754,0,2023,2012.0
140578,2019-04-20,55,55,VW55-59,55.03%,1948,0,2157,2144.0
4442027,2019-04-20,20,24,SW20-24,41.13%,2159,0,2776,1776.0
131684,2019-04-20,53,53,VW50-54,38.29%,2729,2076,2102,2090.0
4442027,2019-04-27,20,24,SW20-24,46.71%,1901,0,2776,1776.0
140578,2019-04-27,55,55,VW55-59,54.64%,1962,0,2157,2144.0
149010,2019-05-04,63,63,VM60-64,62.53%,1580,1967,1984,1976.0
166728,2019-05-04,58,58,VW55-59,68.89%,1620,2217,2247,2232.0
140578,2019-05-04,55,55,VW55-59,52.60%,2038,0,2157,2144.0
131684,2019-05-04,53,53,VW50-54,38.72%,2699,2076,2102,2090.0
131684,2019-05-11,53,53,VW50-54,38.65%,2704,2076,2102,2090.0
166728,2019-05-18,58,58,VW55-59,71.36%,1564,2217,2247,2232.0
4442027,2019-05-18,20,24,SW20-24,41.40%,2145,0,2776,1776.0
140578,2019-05-18,55,55,VW55-59,47.92%,2237,0,2157,2144.0
131684,2019-05-18,53,53,VW50-54,38.72%,2699,2076,2102,2090.0
140578,2019-05-25,56,56,VW55-59,54.03%,2010,2158,2186,2172.0
131684,2019-05-25,53,53,VW50-54,39.15%,2669,2076,2102,2090.0
173137,2019-06-01,53,53,VW50-54,65.81%,1588,2076,2102,2090.0
169141,2019-06-01,56,56,VW55-59,51.13%,2124,2158,2186,2172.0
131684,2019-06-01,53,53,VW50-54,39.02%,2678,2076,2102,2090.0
140578,2019-06-08,56,56,VW55-59,52.19%,2081,2158,2186,2172.0
131684,2019-06-08,53,53,VW50-54,39.46%,2648,2076,2102,2090.0
131684,2019-06-22,53,53,VW50-54,36.76%,2843,2076,2102,2090.0
140578,2019-06-29,56,56,VW55-59,54.49%,1993,2158,2186,2172.0
128162,2019-06-29,58,58,VW55-59,54.68%,2041,2217,2247,2232.0
140578,2019-07-06,56,56,VW55-59,54.03%,2010,2158,2186,2172.0
169141,2019-07-06,56,56,VW55-59,51.67%,2102,2158,2186,2172.0
4973304,2019-07-06,36,36,VW35-39,36.63%,2457,1797,1802,1800.0
140578,2019-07-13,56,56,VW55-59,53.39%,2034,2158,2186,2172.0
140578,2019-07-20,56,56,VW55-59,53.90%,2015,2158,2186,2172.0
4973304,2019-07-20,36,36,VW35-39,35.91%,2506,1797,1802,1800.0
140267,2019-08-03,51,51,VW50-54,56.71%,1795,2024,2048,2036.0
4973304,2019-08-03,36,36,VW35-39,38.22%,2355,1797,1802,1800.0
140267,2019-08-10,51,51,VW50-54,56.68%,1796,2024,2048,2036.0
140578,2019-08-10,56,56,VW55-59,52.24%,2079,2158,2186,2172.0
131684,2019-08-10,54,54,VW50-54,39.03%,2711,2103,3116,2116.0
140267,2019-08-17,51,51,VW50-54,57.84%,1760,2024,2048,2036.0
4442027,2019-08-17,20,24,SW20-24,40.94%,2169,0,2776,1776.0
169141,2019-08-17,56,56,VW55-59,47.76%,2274,2158,2186,2172.0
131684,2019-08-17,54,54,VW50-54,39.79%,2659,2103,3116,2116.0
140267,2019-08-24,51,51,VW50-54,54.85%,1856,2024,2048,2036.0
4442027,2019-08-24,20,24,SW20-24,43.68%,2033,0,2776,1776.0
140578,2019-08-24,56,56,VW55-59,52.54%,2067,2158,2186,2172.0
128162,2019-08-24,59,59,VW55-59,53.37%,2121,2248,3264,2264.0
169141,2019-08-24,56,56,VW55-59,46.21%,2350,2158,2186,2172.0
131684,2019-08-24,54,54,VW50-54,39.97%,2647,2103,3116,2116.0
140578,2019-08-31,56,56,VW55-59,53.84%,2017,2158,2186,2172.0
4442027,2019-08-31,20,24,SW20-24,40.79%,2177,0,2776,1776.0
4973304,2019-08-31,36,36,VW35-39,35.56%,2531,1797,1802,1800.0
131684,2019-08-31,54,54,VW50-54,39.60%,2672,2103,3116,2116.0
140578,2019-09-07,56,56,VW55-59,53.82%,2018,2158,2186,2172.0
128162,2019-09-07,59,59,VW55-59,54.90%,2062,2248,3264,2264.0
169141,2019-09-07,56,56,VW55-59,50.14%,2166,2158,2186,2172.0
131684,2019-09-07,54,54,VW50-54,40.15%,2635,2103,3116,2116.0
173137,2019-09-14,54,54,VW50-54,65.88%,1606,2103,3116,2116.0
140267,2019-09-14,51,51,VW50-54,58.88%,1729,2024,2048,2036.0
140578,2019-09-14,56,56,VW55-59,54.96%,1976,2158,2186,2172.0
4442027,2019-09-14,20,24,SW20-24,43.04%,2063,0,2776,1776.0
169141,2019-09-14,56,56,VW55-59,50.44%,2153,2158,2186,2172.0
131684,2019-09-14,54,54,VW50-54,40.80%,2593,2103,3116,2116.0
173137,2019-09-21,54,54,VW50-54,66.75%,1585,2103,3116,2116.0
140578,2019-09-21,56,56,VW55-59,54.82%,1981,2158,2186,2172.0
131684,2019-09-21,54,54,VW50-54,40.41%,2618,2103,3116,2116.0
131684,2019-09-28,54,54,VW50-54,40.27%,2627,2103,3116,2116.0
173137,2019-10-05,54,54,VW50-54,68.39%,1547,2103,3116,2116.0
140267,2019-10-05,51,51,VW50-54,56.18%,1812,2024,2048,2036.0
140578,2019-10-05,56,56,VW55-59,57.61%,1885,2158,2186,2172.0
125003,2019-10-05,59,59,VW55-59,54.69%,2070,2248,3264,2264.0
173137,2019-10-12,54,54,VW50-54,60.73%,1742,2103,3116,2116.0
140578,2019-10-12,56,56,VW55-59,56.56%,1920,2158,2186,2172.0
125003,2019-10-12,59,59,VW55-59,54.92%,2061,2248,3264,2264.0
600747,2019-10-19,37,37,VW35-39,54.27%,1664,1803,1810,1806.0
140267,2019-10-19,51,51,VW50-54,56.24%,1810,2024,2048,2036.0
140578,2019-10-19,56,56,VW55-59,56.59%,1919,2158,2186,2172.0
125003,2019-10-19,59,59,VW55-59,54.58%,2074,2248,3264,2264.0
140267,2019-10-26,51,51,VW50-54,56.46%,1803,2024,2048,2036.0
173137,2019-11-02,54,54,VW50-54,59.67%,1773,2103,3116,2116.0
140578,2019-11-02,56,56,VW55-59,55.07%,1972,2158,2186,2172.0
4442027,2019-11-02,20,24,SW20-24,40.49%,2193,0,2776,1776.0
131684,2019-11-02,54,54,VW50-54,38.15%,2773,2103,3116,2116.0
140267,2019-11-09,51,51,VW50-54,58.47%,1741,2024,2048,2036.0
140578,2019-11-09,56,56,VW55-59,55.04%,1973,2158,2186,2172.0
169141,2019-11-09,56,56,VW55-59,51.96%,2090,2158,2186,2172.0
4442027,2019-11-09,18,18,SW18-19,42.28%,2124,1790,2796,1796.0
131684,2019-11-09,54,54,VW50-54,39.92%,2650,2103,3116,2116.0
140267,2019-11-16,51,51,VW50-54,58.98%,1726,2024,2048,2036.0
131684,2019-11-16,54,54,VW50-54,35.95%,2943,2103,3116,2116.0
169141,2019-11-23,56,56,VW55-59,52.19%,2081,2158,2186,2172.0
140578,2019-11-23,56,56,VW55-59,52.11%,2084,2158,2186,2172.0
140267,2019-11-30,51,51,VW50-54,58.11%,1752,2024,2048,2036.0
169141,2019-11-30,56,56,VW55-59,52.59%,2065,2158,2186,2172.0
140578,2019-11-30,56,56,VW55-59,50.94%,2132,2158,2186,2172.0
4973304,2019-11-30,36,36,VW35-39,34.38%,2618,1797,1802,1800.0
140578,2019-12-07,56,56,VW55-59,52.59%,2065,2158,2186,2172.0
173137,2019-12-14,54,54,VW50-54,63.62%,1663,2103,3116,2116.0
614195,2019-12-14,58,58,VW55-59,44.64%,2500,2217,2247,2232.0
1786236,2019-12-21,44,44,VM40-44,67.20%,1256,1682,2688,1688.0
125003,2019-12-21,60,60,VW60-64,54.38%,2111,0,2311,2296.0
140578,2019-12-21,56,56,VW55-59,49.86%,2178,2158,2186,2172.0
3424529,2019-12-21,53,53,VW50-54,47.70%,2191,2076,2102,2090.0
169141,2019-12-21,56,56,VW55-59,49.34%,2201,2158,2186,2172.0
173137,2019-12-28,54,54,VW50-54,64.20%,1648,2103,3116,2116.0
169141,2019-12-28,56,56,VW55-59,53.00%,2049,2158,2186,2172.0
140578,2019-12-28,56,56,VW55-59,52.34%,2075,2158,2186,2172.0
125800,2019-12-28,46,46,VW45-49,43.20%,2227,1915,1933,1924.0
141347,2020-01-01,56,56,VW55-59,63.55%,1709,2158,2186,2172.0
140267,2020-01-01,51,51,VW50-54,56.15%,1813,2024,2048,2036.0
156359,2020-01-01,54,54,VW50-54,53.49%,1978,2103,3116,2116.0
125800,2020-01-01,46,46,VW45-49,43.87%,2193,1915,1933,1924.0
128162,2020-01-01,59,59,VW55-59,51.18%,2212,2248,3264,2264.0
3424529,2020-01-01,53,53,VW50-54,46.88%,2229,2076,2102,2090.0
169141,2020-01-01,56,56,VW55-59,46.29%,2346,2158,2186,2172.0
131684,2020-01-01,54,54,VW50-54,39.13%,2704,2103,3116,2116.0
173137,2020-01-04,54,54,VW50-54,64.47%,1641,2103,3116,2116.0
140267,2020-01-04,51,51,VW50-54,54.91%,1854,2024,2048,2036.0
140578,2020-01-04,56,56,VW55-59,52.16%,2082,2158,2186,2172.0
169141,2020-01-04,56,56,VW55-59,48.99%,2217,2158,2186,2172.0
140267,2020-01-11,51,51,VW50-54,54.70%,1861,2024,2048,2036.0
125800,2020-01-11,46,46,VW45-49,44.05%,2184,1915,1933,1924.0
131684,2020-01-11,54,54,VW50-54,39.30%,2692,2103,3116,2116.0
928783,2020-01-18,37,37,VW35-39,54.79%,1648,1803,1810,1806.0
140267,2020-01-18,51,51,VW50-54,56.71%,1795,2024,2048,2036.0
125800,2020-01-18,46,46,VW45-49,42.95%,2240,1915,1933,1924.0
140267,2020-01-25,51,51,VW50-54,58.64%,1736,2024,2048,2036.0
140578,2020-01-25,56,56,VW55-59,53.98%,2012,2158,2186,2172.0
3424529,2020-01-25,53,53,VW50-54,50.22%,2081,2076,2102,2090.0
125800,2020-01-25,46,46,VW45-49,43.83%,2195,1915,1933,1924.0
140267,2020-02-01,51,51,VW50-54,57.68%,1765,2024,2048,2036.0
140578,2020-02-01,56,56,VW55-59,54.96%,1976,2158,2186,2172.0
140267,2020-02-08,51,51,VW50-54,59.50%,1711,2024,2048,2036.0
1786236,2020-02-15,44,44,VM40-44,69.29%,1218,1682,2688,1688.0
140267,2020-02-15,51,51,VW50-54,57.87%,1759,2024,2048,2036.0
140578,2020-02-15,56,56,VW55-59,54.66%,1987,2158,2186,2172.0
3424529,2020-02-15,54,54,VW50-54,49.35%,2144,2103,3116,2116.0
131684,2020-02-15,54,54,VW50-54,36.97%,2862,2103,3116,2116.0
169141,2020-02-15,57,57,VW55-59,33.07%,3329,2187,2216,2202.0
140267,2020-02-22,51,51,VW50-54,55.39%,1838,2024,2048,2036.0
140578,2020-02-22,56,56,VW55-59,54.27%,2001,2158,2186,2172.0
4973304,2020-02-22,37,37,VW35-39,36.86%,2450,1803,1810,1806.0
131684,2020-02-22,54,54,VW50-54,37.50%,2821,2103,3116,2116.0
140267,2020-02-29,51,51,VW50-54,55.54%,1833,2024,2048,2036.0
140267,2020-03-07,51,51,VW50-54,57.81%,1761,2024,2048,2036.0
140578,2020-03-07,56,56,VW55-59,54.60%,1989,2158,2186,2172.0
131684,2020-03-07,54,54,VW50-54,39.32%,2691,2103,3116,2116.0
140578,2020-03-14,56,56,VW55-59,53.90%,2015,2158,2186,2172.0
4097229,2021-07-24,13,13,JM11-14,59.14%,1471,1722,1762,1740.0
476447,2021-07-31,69,69,VM65-69,48.11%,2174,2081,3092,2092.0
169141,2021-08-14,58,58,VW55-59,52.49%,2126,2217,2247,2232.0
131684,2021-08-14,56,56,VW55-59,37.22%,2918,2158,2186,2172.0
5692217,2021-08-21,46,46,VW45-49,55.16%,1744,1915,1933,1924.0
131684,2021-08-21,56,56,VW55-59,37.49%,2897,2158,2186,2172.0
131684,2021-08-28,56,56,VW55-59,37.56%,2891,2158,2186,2172.0
131684,2021-09-04,56,56,VW55-59,37.37%,2906,2158,2186,2172.0
169141,2021-09-18,58,58,VW55-59,50.09%,2228,2217,2247,2232.0
131684,2021-09-18,56,56,VW55-59,38.47%,2823,2158,2186,2172.0
169141,2021-10-02,58,58,VW55-59,50.96%,2190,2217,2247,2232.0
131684,2021-10-02,56,56,VW55-59,37.26%,2915,2158,2186,2172.0
4300140,2021-10-30,22,24,SM20-24,54.66%,1416,0,1551,1548.0
169141,2021-10-30,58,58,VW55-59,50.02%,2231,2217,2247,2232.0
131684,2021-11-13,56,56,VW55-59,36.66%,2962,2158,2186,2172.0
140267,2021-12-11,53,53,VW50-54,54.26%,1926,2076,2102,2090.0
125003,2021-12-11,62,62,VW60-64,55.21%,2139,2345,2378,2362.0
128162,2021-12-11,61,61,VW60-64,51.44%,2263,2312,2344,2328.0
131684,2021-12-18,56,56,VW55-59,36.07%,3011,2158,2186,2172.0
131684,2022-02-26,56,56,VW55-59,35.95%,3021,2158,2186,2172.0
169141,2022-03-05,59,59,VW55-59,52.29%,2165,2248,3264,2264.0
131684,2022-03-19,56,56,VW55-59,36.59%,2968,2158,2186,2172.0
169141,2022-03-26,59,59,VW55-59,33.49%,3380,2248,3264,2264.0
131684,2022-04-09,56,56,VW55-59,36.52%,2974,2158,2186,2172.0
83295,2022-04-16,67,67,VW65-69,61.35%,2075,2527,2565,2546.0
169141,2022-04-16,59,59,VW55-59,53.62%,2111,2248,3264,2264.0
128162,2022-04-16,61,61,VW60-64,54.83%,2123,2312,2344,2328.0
169141,2022-04-23,59,59,VW55-59,53.67%,2109,2248,3264,2264.0
131684,2022-04-23,56,56,VW55-59,35.97%,3019,2158,2186,2172.0
476447,2022-04-30,69,69,VM65-69,49.43%,2116,2081,3092,2092.0
169141,2022-05-07,59,59,VW55-59,53.32%,2123,2248,3264,2264.0
476447,2022-05-14,70,70,VM70-74,54.15%,1954,0,2128,2116.0
169141,2022-05-14,59,59,VW55-59,53.96%,2098,2248,3264,2264.0
173137,2022-05-21,56,56,VW55-59,66.54%,1632,2158,2186,2172.0
169141,2022-05-21,59,59,VW55-59,51.55%,2196,2248,3264,2264.0
476447,2022-05-28,70,70,VM70-74,52.69%,2008,0,2128,2116.0
131684,2022-05-28,56,56,VW55-59,36.09%,3009,2158,2186,2172.0
476447,2022-06-04,70,70,VM70-74,45.33%,2334,0,2128,2116.0
476447,2022-06-11,70,70,VM70-74,54.88%,1928,0,2128,2116.0
169141,2022-06-11,59,59,VW55-59,51.06%,2217,2248,3264,2264.0
476447,2022-06-18,70,70,VM70-74,56.28%,1880,0,2128,2116.0
476447,2022-06-25,70,70,VM70-74,54.56%,1939,0,2128,2116.0
169141,2022-06-25,59,59,VW55-59,54.42%,2080,2248,3264,2264.0
476447,2022-07-02,70,70,VM70-74,54.20%,1952,0,2128,2116.0
140578,2022-07-02,59,59,VW55-59,57.00%,1986,2248,3264,2264.0
476447,2022-07-16,70,70,VM70-74,53.43%,1980,0,2128,2116.0
169141,2022-07-16,59,59,VW55-59,52.77%,2145,2248,3264,2264.0
476447,2022-07-23,70,70,VM70-74,57.53%,1839,0,2128,2116.0
140578,2022-07-23,59,59,VW55-59,59.17%,1913,2248,3264,2264.0
169141,2022-07-23,59,59,VW55-59,49.52%,2286,2248,3264,2264.0
476447,2022-07-30,70,70,VM70-74,51.74%,2045,0,2128,2116.0
476447,2022-08-06,70,70,VM70-74,52.27%,2024,0,2128,2116.0
83295,2022-08-06,67,67,VW65-69,52.19%,2439,2527,2565,2546.0
173137,2022-08-13,57,57,VW55-59,65.93%,1670,2187,2216,2202.0
455131,2022-08-13,55,55,VM55-59,50.80%,1815,0,1851,1844.0
83295,2022-08-13,67,67,VW65-69,61.29%,2077,2527,2565,2546.0
173137,2022-08-20,57,57,VW55-59,70.22%,1568,2187,2216,2202.0
140578,2022-08-20,59,59,VW55-59,58.84%,1924,2248,3264,2264.0
83295,2022-08-20,67,67,VW65-69,58.23%,2186,2527,2565,2546.0
169141,2022-08-20,59,59,VW55-59,50.02%,2263,2248,3264,2264.0
169141,2022-08-27,59,59,VW55-59,52.53%,2155,2248,3264,2264.0
83295,2022-08-27,67,67,VW65-69,55.74%,2284,2527,2565,2546.0
476447,2022-09-03,70,70,VM70-74,53.79%,1967,0,2128,2116.0
4097229,2022-09-10,14,14,JM11-14,62.53%,1361,0,1721,1702.0
5692217,2022-09-10,47,47,VW45-49,54.88%,1771,1934,1953,1944.0
169141,2022-09-10,59,59,VW55-59,54.27%,2086,2248,3264,2264.0
140578,2022-09-17,59,59,VW55-59,60.73%,1864,2248,3264,2264.0
173137,2022-09-17,57,57,VW55-59,55.02%,2001,2187,2216,2202.0
169141,2022-09-17,59,59,VW55-59,56.07%,2019,2248,3264,2264.0
476447,2022-09-24,70,70,VM70-74,57.69%,1834,0,2128,2116.0
140578,2022-09-24,59,59,VW55-59,60.63%,1867,2248,3264,2264.0
169141,2022-09-24,59,59,VW55-59,56.26%,2012,2248,3264,2264.0
169141,2022-10-01,59,59,VW55-59,55.09%,2055,2248,3264,2264.0
4097229,2022-10-08,14,14,JM11-14,65.56%,1298,0,1721,1702.0
140578,2022-10-08,59,59,VW55-59,59.58%,1900,2248,3264,2264.0
476447,2022-10-08,70,70,VM70-74,54.34%,1947,0,2128,2116.0
4097229,2022-10-15,14,14,JM11-14,65.77%,1294,0,1721,1702.0
476447,2022-10-15,70,70,VM70-74,52.77%,2005,0,2128,2116.0
169141,2022-10-15,59,59,VW55-59,55.60%,2036,2248,3264,2264.0
476447,2022-10-22,70,70,VM70-74,53.17%,1990,0,2128,2116.0
169141,2022-10-22,59,59,VW55-59,54.40%,2081,2248,3264,2264.0
476447,2022-10-29,70,70,VM70-74,55.48%,1907,0,2128,2116.0
140578,2022-11-12,59,59,VW55-59,58.41%,1938,2248,3264,2264.0
476447,2022-11-12,70,70,VM70-74,53.30%,1985,0,2128,2116.0
476447,2022-12-03,70,70,VM70-74,53.98%,1960,0,2128,2116.0
4097229,2022-12-24,15,15,JM15-17,66.16%,1262,1658,2670,1670.0
476447,2022-12-24,70,70,VM70-74,54.48%,1942,0,2128,2116.0
169141,2022-12-24,59,59,VW55-59,50.51%,2241,2248,3264,2264.0
169141,2022-12-31,59,59,VW55-59,51.04%,2218,2248,3264,2264.0
476447,2023-01-01,70,70,VM70-74,55.31%,1913,0,2128,2116.0
156359,2023-01-01,57,57,VW55-59,56.35%,1954,2187,2216,2202.0
169141,2023-01-01,59,59,VW55-59,50.22%,2254,2248,3264,2264.0
476447,2023-01-07,70,70,VM70-74,54.12%,1955,0,2128,2116.0
140578,2023-01-07,59,59,VW55-59,55.22%,2050,2248,3264,2264.0
476447,2023-01-14,70,70,VM70-74,55.80%,1896,0,2128,2116.0
140578,2023-01-21,59,59,VW55-59,58.05%,1950,2248,3264,2264.0
140578,2023-01-28,59,59,VW55-59,58.08%,1949,2248,3264,2264.0
169141,2023-01-28,60,60,VW60-64,53.45%,2148,0,2311,2296.0
140578,2023-02-04,59,59,VW55-59,58.93%,1921,2248,3264,2264.0
169141,2023-02-04,60,60,VW60-64,54.13%,2121,0,2311,2296.0
140578,2023-02-25,59,59,VW55-59,58.47%,1936,2248,3264,2264.0
169141,2023-02-25,60,60,VW60-64,52.66%,2180,0,2311,2296.0
140578,2023-03-04,59,59,VW55-59,60.18%,1881,2248,3264,2264.0
169141,2023-03-04,60,60,VW60-64,53.90%,2130,0,2311,2296.0
140578,2023-03-11,59,59,VW55-59,59.02%,1918,2248,3264,2264.0
140578,2023-03-25,59,59,VW55-59,60.93%,1858,2248,3264,2264.0
83295,2023-03-25,68,68,VW65-69,63.82%,2026,2566,2606,2586.0
140578,2023-04-01,59,59,VW55-59,59.80%,1893,2248,3264,2264.0
83295,2023-04-01,68,68,VW65-69,63.32%,2042,2566,2606,2586.0
476447,2023-04-01,70,70,VM70-74,34.75%,3045,0,2128,2116.0
140578,2023-04-08,59,59,VW55-59,60.08%,1884,2248,3264,2264.0
5692217,2023-04-15,48,48,VW45-49,55.39%,1773,1954,1975,1964.0
83295,2023-04-15,68,68,VW65-69,64.59%,2002,2566,2606,2586.0
140578,2023-04-22,59,59,VW55-59,60.50%,1871,2248,3264,2264.0
83295,2023-04-22,68,68,VW65-69,65.60%,1971,2566,2606,2586.0
508066,2023-05-06,57,57,VW55-59,68.77%,1601,2187,2216,2202.0
140578,2023-05-06,59,59,VW55-59,60.70%,1865,2248,3264,2264.0
476447,2023-05-06,71,71,VM70-74,57.12%,1875,2129,2155,2142.0
140578,2023-05-13,59,59,VW55-59,60.57%,1869,2248,3264,2264.0
476447,2023-05-13,71,71,VM70-74,53.44%,2004,2129,2155,2142.0
140578,2023-05-20,60,60,VW60-64,62.09%,1849,0,2311,2296.0
476447,2023-05-20,71,71,VM70-74,53.44%,2004,2129,2155,2142.0
4097229,2023-05-27,15,15,JM15-17,69.70%,1198,1658,2670,1670.0
140578,2023-05-27,60,60,VW60-64,61.62%,1863,0,2311,2296.0
476447,2023-06-03,71,71,VM70-74,56.31%,1902,2129,2155,2142.0
140578,2023-06-03,60,60,VW60-64,60.07%,1911,0,2311,2296.0
140578,2023-06-10,60,60,VW60-64,60.39%,1901,0,2311,2296.0
476447,2023-06-10,71,71,VM70-74,54.53%,1964,2129,2155,2142.0
476447,2023-06-17,71,71,VM70-74,55.72%,1922,2129,2155,2142.0
140578,2023-06-24,60,60,VW60-64,60.10%,1910,0,2311,2296.0
476447,2023-06-24,71,71,VM70-74,53.36%,2007,2129,2155,2142.0
476447,2023-07-01,71,71,VM70-74,53.95%,1985,2129,2155,2142.0
140578,2023-07-08,60,60,VW60-64,60.23%,1906,0,2311,2296.0
3738636,2023-07-15,50,50,VW50-54,42.22%,2383,0,2023,2012.0
140578,2023-07-22,60,60,VW60-64,61.46%,1868,0,2311,2296.0
173137,2023-07-29,57,57,VW55-59,62.56%,1760,2187,2216,2202.0
140578,2023-07-29,60,60,VW60-64,55.62%,2064,0,2311,2296.0
173137,2023-08-05,58,58,VW55-59,63.63%,1754,2217,2247,2232.0
140578,2023-08-05,60,60,VW60-64,60.71%,1891,0,2311,2296.0
173137,2023-08-12,58,58,VW55-59,63.99%,1744,2217,2247,2232.0
4097229,2023-08-19,15,15,JM15-17,68.22%,1224,1658,2670,1670.0
140578,2023-08-19,60,60,VW60-64,60.42%,1900,0,2311,2296.0
4097229,2023-08-26,15,15,JM15-17,67.23%,1242,1658,2670,1670.0
173137,2023-08-26,58,58,VW55-59,64.21%,1738,2217,2247,2232.0
140578,2023-08-26,60,60,VW60-64,57.80%,1986,0,2311,2296.0
173137,2023-09-02,58,58,VW55-59,63.12%,1768,2217,2247,2232.0
140578,2023-09-09,60,60,VW60-64,58.84%,1951,0,2311,2296.0
4097229,2023-09-16,15,15,JM15-17,69.18%,1207,1658,2670,1670.0
131684,2023-09-16,58,58,VW55-59,31.55%,3537,2217,2247,2232.0
4097229,2023-09-23,15,15,JM15-17,68.67%,1216,1658,2670,1670.0
173137,2023-09-23,58,58,VW55-59,58.22%,1917,2217,2247,2232.0
131684,2023-09-30,58,58,VW55-59,31.92%,3496,2217,2247,2232.0
140578,2023-10-07,60,60,VW60-64,57.69%,1990,0,2311,2296.0
3424529,2023-10-14,57,57,VW55-59,48.74%,2259,2187,2216,2202.0
140578,2023-10-21,60,60,VW60-64,58.84%,1951,0,2311,2296.0
140578,2023-11-04,60,60,VW60-64,58.72%,1955,0,2311,2296.0
5692217,2023-11-11,49,49,VW45-49,56.48%,1760,1976,2988,1988.0
140578,2023-11-11,60,60,VW60-64,60.29%,1904,0,2311,2296.0
140578,2023-12-02,60,60,VW60-64,58.72%,1955,0,2311,2296.0
140578,2023-12-09,60,60,VW60-64,59.05%,1944,0,2311,2296.0
140578,2023-12-16,60,60,VW60-64,62.32%,1842,0,2311,2296.0
4097229,2023-12-30,16,16,JM15-17,66.99%,1227,1633,1657,1644.0
156359,2024-01-01,58,58,VW55-59,54.79%,2037,2217,2247,2232.0
140578,2024-01-06,60,60,VW60-64,57.37%,2001,0,2311,2296.0
3424529,2024-01-06,57,57,VW55-59,47.40%,2323,2187,2216,2202.0
4097229,2024-01-27,16,16,JM15-17,68.39%,1202,1633,1657,1644.0
140578,2024-01-27,60,60,VW60-64,57.03%,2013,0,2311,2296.0
140578,2024-02-03,60,60,VW60-64,60.45%,1899,0,2311,2296.0
5692217,2024-02-10,49,49,VW45-49,57.32%,1734,1976,2988,1988.0
4097229,2024-02-17,16,16,JM15-17,69.02%,1191,1633,1657,1644.0
140578,2024-02-24,60,60,VW60-64,58.13%,1975,0,2311,2296.0
140578,2024-03-02,60,60,VW60-64,60.04%,1912,0,2311,2296.0
140578,2024-03-09,60,60,VW60-64,60.17%,1908,0,2311,2296.0
140578,2024-03-23,60,60,VW60-64,59.45%,1931,0,2311,2296.0
140578,2024-03-30,60,60,VW60-64,61.69%,1861,0,2311,2296.0
140578,2024-04-06,60,60,VW60-64,61.69%,1861,0,2311,2296.0
140578,2024-04-20,60,60,VW60-64,61.29%,1873,0,2311,2296.0
140578,2024-05-04,60,60,VW60-64,62.70%,1831,0,2311,2296.0
140578,2024-05-11,60,60,VW60-64,62.49%,1837,0,2311,2296.0
140578,2024-05-18,60,60,VW60-64,62.19%,1846,0,2311,2296.0
140578,2024-05-25,61,61,VW60-64,63.30%,1839,2312,2344,2328.0
131684,2024-05-25,58,58,VW55-59,28.28%,3946,2217,2247,2232.0
140578,2024-06-01,61,61,VW60-64,63.47%,1834,2312,2344,2328.0
131684,2024-06-01,58,58,VW55-59,32.58%,3425,2217,2247,2232.0
140578,2024-06-15,61,61,VW60-64,63.57%,1831,2312,2344,2328.0
131684,2024-06-15,58,58,VW55-59,33.28%,3353,2217,2247,2232.0
140578,2024-06-22,61,61,VW60-64,64.20%,1813,2312,2344,2328.0
140578,2024-07-20,61,61,VW60-64,61.42%,1895,2312,2344,2328.0
140578,2024-07-27,61,61,VW60-64,60.91%,1911,2312,2344,2328.0
140578,2024-08-03,61,61,VW60-64,59.82%,1946,2312,2344,2328.0
2528702,2024-08-17,31,31,SW30-34,61.14%,1454,1777,1778,1778.0
140578,2024-08-24,61,61,VW60-64,58.38%,1994,2312,2344,2328.0
4097229,2024-08-31,16,16,JM15-17,74.12%,1109,1633,1657,1644.0
131684,2024-08-31,59,59,VW55-59,33.80%,3349,2248,3264,2264.0
140578,2024-09-07,61,61,VW60-64,61.17%,1903,2312,2344,2328.0
140578,2024-09-14,61,61,VW60-64,61.78%,1884,2312,2344,2328.0
4097229,2024-09-28,16,16,JM15-17,74.52%,1103,1633,1657,1644.0
140578,2024-10-05,61,61,VW60-64,60.25%,1932,2312,2344,2328.0
173137,2024-10-12,59,59,VW55-59,62.33%,1816,2248,3264,2264.0
140578,2024-10-12,61,61,VW60-64,60.66%,1919,2312,2344,2328.0
140578,2024-10-19,61,61,VW60-64,60.91%,1911,2312,2344,2328.0
598715,2016-10-15,53,53,VM50-54,63.74%,1423,1806,1820,1814.0
508021,2016-10-15,52,52,VM50-54,57.52%,1563,1791,1805,1798.0
492000,2016-10-15,48,48,VW45-49,62.71%,1566,1954,1975,1964.0
1882503,2016-10-22,58,58,VW55-59,51.17%,2181,2217,2247,2232.0
360902,2017-01-14,54,54,VM50-54,61.14%,1495,1821,2828,1828.0
3196133,2017-02-11,42,42,VM40-44,42.88%,1938,1656,1668,1662.0
3196133,2017-02-25,42,42,VM40-44,39.42%,2108,1656,1668,1662.0
3196133,2017-03-18,10,10,JM10,49.37%,1918,0,1928,1894.0
3196133,2017-04-01,10,10,JM10,49.04%,1931,0,1928,1894.0
3196133,2017-04-22,10,10,JM10,49.71%,1905,0,1928,1894.0
215996,2017-04-29,51,51,VM50-54,76.17%,1171,1777,1790,1784.0
3196133,2017-04-29,10,10,JM10,50.29%,1883,0,1928,1894.0
3196133,2017-05-13,10,10,JM10,51.98%,1822,0,1928,1894.0
3196133,2017-05-27,10,10,JM10,51.58%,1836,0,1928,1894.0
1684429,2017-06-10,39,39,VW35-39,59.22%,1540,1820,2824,1824.0
3196133,2017-06-17,10,10,JM10,52.73%,1796,0,1928,1894.0
3196133,2017-07-01,10,10,JM10,56.00%,1691,0,1928,1894.0
1684429,2017-07-08,39,39,VW35-39,61.83%,1475,1820,2824,1824.0
3196133,2017-07-08,10,10,JM10,56.77%,1668,0,1928,1894.0
1617183,2017-07-29,34,34,SM30-34,59.89%,1314,1570,2574,1574.0
3196133,2017-07-29,10,10,JM10,54.80%,1728,0,1928,1894.0
3196133,2017-09-16,10,10,JM10,54.02%,1753,0,1928,1894.0
3196133,2017-09-23,10,10,JM10,54.39%,1741,0,1928,1894.0
3196133,2017-10-14,10,10,JM10,53.17%,1781,0,1928,1894.0
640896,2017-11-25,47,47,VM45-49,58.66%,1473,1721,1734,1728.0
3196133,2017-11-25,11,11,JM11-14,50.30%,1825,1811,2836,1836.0
3196133,2018-01-06,11,11,JM11-14,51.66%,1777,1811,2836,1836.0
3196133,2018-01-20,11,11,JM11-14,52.46%,1750,1811,2836,1836.0
3196133,2018-01-27,11,11,JM11-14,54.19%,1694,1811,2836,1836.0
3196133,2018-02-03,11,11,JM11-14,55.23%,1662,1811,2836,1836.0
3196133,2018-03-10,11,11,JM11-14,54.26%,1692,1811,2836,1836.0
3196133,2018-04-07,11,11,JM11-14,54.68%,1679,1811,2836,1836.0
3196133,2018-04-14,11,11,JM11-14,53.03%,1731,1811,2836,1836.0
3196133,2018-04-28,11,11,JM11-14,54.97%,1670,1811,2836,1836.0
3196133,2018-05-05,11,11,JM11-14,56.39%,1628,1811,2836,1836.0
3196133,2018-05-19,11,11,JM11-14,56.49%,1625,1811,2836,1836.0
3196133,2018-06-02,11,11,JM11-14,54.71%,1678,1811,2836,1836.0
3196133,2018-06-23,11,11,JM11-14,53.03%,1731,1811,2836,1836.0
3196133,2018-06-30,11,11,JM11-14,56.01%,1639,1811,2836,1836.0
3196133,2018-07-07,11,11,JM11-14,57.66%,1592,1811,2836,1836.0
3196133,2018-07-14,11,11,JM11-14,54.35%,1689,1811,2836,1836.0
3196133,2018-07-21,11,11,JM11-14,54.48%,1685,1811,2836,1836.0
3196133,2018-08-25,11,11,JM11-14,54.00%,1700,1811,2836,1836.0
600747,2018-08-25,36,36,VW35-39,50.68%,1776,1797,1802,1800.0
3196133,2018-09-01,11,11,JM11-14,56.56%,1623,1811,2836,1836.0
3196133,2018-09-08,11,11,JM11-14,53.87%,1704,1811,2836,1836.0
74670,2018-09-08,53,53,VW50-54,49.27%,2121,2076,2102,2090.0
3196133,2018-09-15,11,11,JM11-14,56.98%,1611,1811,2836,1836.0
3196133,2018-10-06,11,11,JM11-14,55.94%,1641,1811,2836,1836.0
1684429,2018-10-20,40,40,VW40-44,59.38%,1546,0,1840,1836.0
3196133,2018-10-20,11,11,JM11-14,58.36%,1573,1811,2836,1836.0
3196133,2018-10-27,11,11,JM11-14,56.67%,1620,1811,2836,1836.0
3196133,2019-01-26,12,12,JM11-14,49.25%,1811,1763,1810,1784.0
1997252,2019-02-16,44,44,VM40-44,73.07%,1155,1682,2688,1688.0
3196133,2019-02-16,12,12,JM11-14,50.03%,1783,1763,1810,1784.0
3196133,2019-02-23,12,12,JM11-14,52.72%,1692,1763,1810,1784.0
820431,2019-02-23,51,51,VW50-54,36.76%,2769,2024,2048,2036.0
3196133,2019-03-09,12,12,JM11-14,53.22%,1676,1763,1810,1784.0
3196133,2019-03-23,12,12,JM11-14,48.66%,1833,1763,1810,1784.0
5012495,2019-03-30,45,45,VM45-49,37.69%,2258,0,1707,1702.0
3196133,2019-04-06,12,12,JM11-14,50.08%,1781,1763,1810,1784.0
3196133,2019-04-20,12,12,JM11-14,52.07%,1713,1763,1810,1784.0
5235438,2019-04-27,34,34,SW30-34,42.71%,2093,1786,2788,1788.0
3196133,2019-05-04,12,12,JM11-14,50.57%,1764,1763,1810,1784.0
3196133,2019-05-18,12,12,JM11-14,53.70%,1661,1763,1810,1784.0
5235438,2019-05-25,34,34,SW30-34,40.16%,2226,1786,2788,1788.0
1997252,2019-06-01,44,44,VM40-44,75.56%,1117,1682,2688,1688.0
5235438,2019-06-01,34,34,SW30-34,40.09%,2230,1786,2788,1788.0
1684429,2019-06-08,41,41,VW40-44,56.70%,1628,1841,1852,1846.0
3196133,2019-06-08,12,12,JM11-14,50.57%,1764,1763,1810,1784.0
5235438,2019-06-08,34,34,SW30-34,41.54%,2152,1786,2788,1788.0
3196133,2019-06-15,12,12,JM11-14,54.76%,1629,1763,1810,1784.0
5235438,2019-06-15,34,34,SW30-34,43.00%,2079,1786,2788,1788.0
1684429,2019-06-22,41,41,VW40-44,55.67%,1658,1841,1852,1846.0
3196133,2019-06-29,12,12,JM11-14,51.89%,1719,1763,1810,1784.0
5235438,2019-06-29,35,35,VW35-39,42.05%,2133,0,1796,1794.0
5235438,2019-07-06,35,35,VW35-39,41.22%,2176,0,1796,1794.0
5235438,2019-07-20,35,35,VW35-39,44.32%,2024,0,1796,1794.0
3196133,2019-07-27,12,12,JM11-14,52.38%,1703,1763,1810,1784.0
1684429,2019-08-03,41,41,VW40-44,59.59%,1549,1841,1852,1846.0
5235438,2019-08-03,35,35,VW35-39,43.95%,2041,0,1796,1794.0
5235438,2019-08-17,35,35,VW35-39,44.43%,2019,0,1796,1794.0
5235438,2019-08-31,35,35,VW35-39,43.65%,2055,0,1796,1794.0
3196133,2019-09-07,12,12,JM11-14,52.26%,1707,1763,1810,1784.0
5235438,2019-09-07,35,35,VW35-39,45.67%,1964,0,1796,1794.0
5852141,2019-09-07,44,44,VW40-44,34.14%,2765,1881,2888,1888.0
5852141,2019-09-14,34,34,SW30-34,34.29%,2607,1786,2788,1788.0
1684429,2019-09-21,41,41,VW40-44,44.06%,2095,1841,1852,1846.0
5235438,2019-09-21,35,35,VW35-39,41.97%,2137,0,1796,1794.0
5235438,2019-09-28,31,31,SW30-34,44.43%,2001,1777,1778,1778.0
3196133,2019-10-05,12,12,JM11-14,50.28%,1774,1763,1810,1784.0
5235438,2019-10-05,31,31,SW30-34,43.71%,2034,1777,1778,1778.0
3196133,2019-10-12,12,12,JM11-14,52.87%,1687,1763,1810,1784.0
3196133,2019-10-19,12,12,JM11-14,52.26%,1707,1763,1810,1784.0
3196133,2019-10-26,12,12,JM11-14,52.41%,1702,1763,1810,1784.0
3196133,2019-11-09,13,13,JM11-14,50.97%,1707,1722,1762,1740.0
3196133,2019-11-23,13,13,JM11-14,51.15%,1701,1722,1762,1740.0
3196133,2019-12-07,13,13,JM11-14,47.96%,1814,1722,1762,1740.0
6419492,2019-12-28,17,17,JM15-17,59.78%,1355,0,1632,1620.0
3196133,2019-12-28,13,13,JM11-14,48.49%,1794,1722,1762,1740.0
980314,2020-01-01,39,39,VM35-39,53.81%,1511,1620,2626,1626.0
3196133,2020-01-01,13,13,JM11-14,49.26%,1766,1722,1762,1740.0
3196133,2020-01-04,13,13,JM11-14,50.32%,1729,1722,1762,1740.0
980314,2020-01-25,39,39,VM35-39,52.02%,1563,1620,2626,1626.0
3196133,2020-01-25,13,13,JM11-14,46.82%,1858,1722,1762,1740.0
3196133,2020-03-07,13,13,JM11-14,47.80%,1820,1722,1762,1740.0
3196133,2020-03-14,13,13,JM11-14,49.10%,1772,1722,1762,1740.0
3196133,2021-08-07,14,14,JM11-14,55.48%,1534,0,1721,1702.0
156359,2021-08-21,56,56,VW55-59,55.52%,1956,2158,2186,2172.0
3196133,2021-09-04,14,14,JM11-14,56.58%,1504,0,1721,1702.0
6419492,2021-09-04,14,14,JM11-14,49.16%,1731,0,1721,1702.0
3196133,2021-09-18,14,14,JM11-14,58.81%,1447,0,1721,1702.0
3196133,2021-09-25,14,14,JM11-14,56.58%,1504,0,1721,1702.0
1684429,2021-09-25,43,43,VW40-44,44.39%,2111,1867,1880,1874.0
3196133,2021-10-09,14,14,JM11-14,59.34%,1434,0,1721,1702.0
3196133,2021-10-16,14,14,JM11-14,58.73%,1449,0,1721,1702.0
3196133,2021-10-30,15,15,JM15-17,55.08%,1516,1658,2670,1670.0
3196133,2021-11-13,15,15,JM15-17,57.79%,1445,1658,2670,1670.0
3196133,2021-11-20,15,15,JM15-17,55.56%,1503,1658,2670,1670.0
1684429,2021-11-20,43,43,VW40-44,41.91%,2236,1867,1880,1874.0
3196133,2021-12-04,15,15,JM15-17,55.56%,1503,1658,2670,1670.0
3196133,2021-12-11,15,15,JM15-17,56.69%,1473,1658,2670,1670.0
3196133,2022-01-08,15,15,JM15-17,54.40%,1535,1658,2670,1670.0
3196133,2022-01-15,15,15,JM15-17,55.70%,1499,1658,2670,1670.0
3196133,2022-01-22,15,15,JM15-17,55.97%,1492,1658,2670,1670.0
508066,2022-02-05,56,56,VW55-59,61.36%,1770,2158,2186,2172.0
3196133,2022-02-12,15,15,JM15-17,52.98%,1576,1658,2670,1670.0
1684429,2022-02-19,43,43,VW40-44,44.98%,2083,1867,1880,1874.0
3196133,2022-02-26,15,15,JM15-17,54.79%,1524,1658,2670,1670.0
3196133,2022-03-05,15,15,JM15-17,53.42%,1563,1658,2670,1670.0
3196133,2022-03-12,15,15,JM15-17,57.67%,1448,1658,2670,1670.0
1684429,2022-03-26,43,43,VW40-44,48.93%,1915,1867,1880,1874.0
3196133,2022-04-09,15,15,JM15-17,52.32%,1596,1658,2670,1670.0
1684429,2022-04-16,43,43,VW40-44,50.38%,1860,1867,1880,1874.0
3196133,2022-05-14,15,15,JM15-17,56.50%,1478,1658,2670,1670.0
3196133,2022-05-21,15,15,JM15-17,56.92%,1467,1658,2670,1670.0
614195,2022-05-28,60,60,VW60-64,37.41%,3069,0,2311,2296.0
3196133,2022-06-04,15,15,JM15-17,56.88%,1468,1658,2670,1670.0
1684429,2022-06-04,44,44,VW40-44,50.62%,1865,1881,2888,1888.0
3196133,2022-06-11,15,15,JM15-17,58.64%,1424,1658,2670,1670.0
1684429,2022-06-11,44,44,VW40-44,52.91%,1784,1881,2888,1888.0
1684429,2022-07-02,44,44,VW40-44,51.19%,1844,1881,2888,1888.0
1029873,2022-08-20,15,15,JM15-17,62.45%,1337,1658,2670,1670.0
156359,2022-08-20,57,57,VW55-59,57.92%,1901,2187,2216,2202.0
6419492,2022-08-20,15,15,JM15-17,43.56%,1917,1658,2670,1670.0
1684429,2022-09-24,44,44,VW40-44,47.25%,1998,1881,2888,1888.0
1684429,2022-10-08,44,44,VW40-44,50.59%,1866,1881,2888,1888.0
3196133,2022-10-15,15,15,JM15-17,58.97%,1416,1658,2670,1670.0
1684429,2022-10-22,44,44,VW40-44,49.97%,1889,1881,2888,1888.0
3196133,2022-10-29,15,15,JM15-17,58.89%,1418,1658,2670,1670.0
1684429,2022-10-29,44,44,VW40-44,50.35%,1875,1881,2888,1888.0
3196133,2022-11-05,16,16,JM15-17,58.59%,1403,1633,1657,1644.0
1684429,2022-11-12,44,44,VW40-44,52.01%,1815,1881,2888,1888.0
3196133,2022-12-03,16,16,JM15-17,58.71%,1400,1633,1657,1644.0
3196133,2022-12-10,16,16,JM15-17,57.85%,1421,1633,1657,1644.0
3196133,2022-12-31,16,16,JM15-17,58.97%,1394,1633,1657,1644.0
1684429,2023-01-07,44,44,VW40-44,46.39%,2035,1881,2888,1888.0
3196133,2023-01-28,16,16,JM15-17,59.44%,1383,1633,1657,1644.0
3196133,2023-02-11,16,16,JM15-17,61.02%,1347,1633,1657,1644.0
3196133,2023-02-25,16,16,JM15-17,62.51%,1315,1633,1657,1644.0
3196133,2023-03-04,16,16,JM15-17,62.60%,1313,1633,1657,1644.0
3196133,2023-03-18,16,16,JM15-17,60.80%,1352,1633,1657,1644.0
3196133,2023-03-25,16,16,JM15-17,60.18%,1366,1633,1657,1644.0
3196133,2023-04-01,16,16,JM15-17,60.40%,1361,1633,1657,1644.0
3196133,2023-04-08,16,16,JM15-17,61.57%,1335,1633,1657,1644.0
3196133,2023-04-22,16,16,JM15-17,61.99%,1326,1633,1657,1644.0
3196133,2023-04-29,16,16,JM15-17,58.92%,1395,1633,1657,1644.0
3196133,2023-05-06,16,16,JM15-17,61.34%,1340,1633,1657,1644.0
3196133,2023-05-13,16,16,JM15-17,61.80%,1330,1633,1657,1644.0
3196133,2023-05-20,16,16,JM15-17,62.23%,1321,1633,1657,1644.0
3196133,2023-05-27,16,16,JM15-17,61.67%,1333,1633,1657,1644.0
3196133,2023-06-17,16,16,JM15-17,59.31%,1386,1633,1657,1644.0
3196133,2023-06-24,16,16,JM15-17,60.00%,1370,1633,1657,1644.0
3196133,2023-07-01,16,16,JM15-17,61.48%,1337,1633,1657,1644.0
1617183,2023-07-08,40,40,VM40-44,55.64%,1472,0,1643,1638.0
3196133,2023-07-22,16,16,JM15-17,62.04%,1325,1633,1657,1644.0
3196133,2023-08-12,16,16,JM15-17,60.18%,1366,1633,1657,1644.0
156359,2023-08-19,58,58,VW55-59,56.36%,1980,2217,2247,2232.0
3196133,2023-08-26,16,16,JM15-17,56.65%,1451,1633,1657,1644.0
3196133,2023-09-16,16,16,JM15-17,60.66%,1355,1633,1657,1644.0
3196133,2023-10-21,16,16,JM15-17,59.39%,1384,1633,1657,1644.0
5012495,2023-10-21,49,49,VM45-49,37.08%,2368,1749,2756,1756.0
3196133,2023-10-28,16,16,JM15-17,61.02%,1347,1633,1657,1644.0
1071062,2023-10-28,58,58,VW55-59,61.15%,1825,2217,2247,2232.0
3196133,2023-11-04,17,17,JM15-17,60.86%,1331,0,1632,1620.0
5012495,2023-11-04,49,49,VM45-49,36.18%,2427,1749,2756,1756.0
3196133,2023-11-18,17,17,JM15-17,60.90%,1330,0,1632,1620.0
3196133,2023-12-02,17,17,JM15-17,61.13%,1325,0,1632,1620.0
3196133,2023-12-09,17,17,JM15-17,62.55%,1295,0,1632,1620.0
3196133,2023-12-23,17,17,JM15-17,58.02%,1396,0,1632,1620.0
3196133,2023-12-30,17,17,JM15-17,60.22%,1345,0,1632,1620.0
3196133,2024-01-01,17,17,JM15-17,57.20%,1416,0,1632,1620.0
3196133,2024-01-06,17,17,JM15-17,59.52%,1361,0,1632,1620.0
3196133,2024-01-13,17,17,JM15-17,61.27%,1322,0,1632,1620.0
3196133,2024-02-03,17,17,JM15-17,63.18%,1282,0,1632,1620.0
3196133,2024-03-02,17,17,JM15-17,60.36%,1342,0,1632,1620.0
3196133,2024-03-09,17,17,JM15-17,63.73%,1271,0,1632,1620.0
3196133,2024-04-20,17,17,JM15-17,60.04%,1349,0,1632,1620.0
3196133,2024-05-04,17,17,JM15-17,55.03%,1472,0,1632,1620.0
3196133,2024-05-25,17,17,JM15-17,61.04%,1327,0,1632,1620.0
3196133,2024-06-01,17,17,JM15-17,60.40%,1341,0,1632,1620.0
972186,2024-06-01,60,60,VM60-64,65.44%,1470,0,1932,1924.0
3196133,2024-06-15,17,17,JM15-17,58.32%,1389,0,1632,1620.0
3196133,2024-06-22,17,17,JM15-17,55.71%,1454,0,1632,1620.0
3196133,2024-09-28,17,17,JM15-17,50.63%,1600,0,1632,1620.0
3196133,2024-10-05,17,17,JM15-17,54.51%,1486,0,1632,1620.0
215996,2017-01-21,51,51,VM50-54,74.90%,1191,1777,1790,1784.0
1752380,2024-10-26,57,57,VM55-59,65.92%,1423,1868,1883,1876.0
2528702,2024-10-26,32,32,SW30-34,44.41%,2004,1779,1781,1780.0
769960,2024-10-26,39,39,VW35-39,43.57%,2093,1820,2824,1824.0
820431,2024-10-26,53,53,VW50-54,45.42%,2301,2076,2102,2090.0
455131,2024-10-26,54,54,VM50-54,49.78%,1836,1821,2828,1828.0
2038021,2024-10-26,37,37,VM35-39,65.12%,1230,1597,1607,1602.0
1071062,2024-10-26,59,59,VW55-59,56.46%,2005,2248,3264,2264.0
356941,2024-10-26,58,58,VW55-59,57.41%,1944,2217,2247,2232.0
2225632,2024-10-26,65,65,VW65-69,55.11%,2241,0,2488,2470.0
2048645,2024-10-26,60,60,VM60-64,57.95%,1660,0,1932,1924.0
4097229,2024-10-26,17,17,JM15-17,72.91%,1111,0,1632,1620.0
173137,2024-10-26,59,59,VW55-59,61.86%,1830,2248,3264,2264.0
140578,2024-10-26,61,61,VW60-64,62.18%,1872,2312,2344,2328.0
215996,2019-08-10,53,53,VM50-54,77.85%,1165,1806,1820,1814.0
128724,2019-10-05,61,61,VW60-64,63.12%,1844,2312,2344,2328.0
928783,2020-01-01,37,37,VW35-39,55.67%,1622,1803,1810,1806.0
508066,2022-01-15,56,56,VW55-59,63.29%,1716,2158,2186,2172.0
74670,2022-08-13,57,57,VW55-59,33.62%,3275,2187,2216,2202.0
1296162,2022-08-20,11,11,JW11-14,43.07%,2317,1976,2996,1996.0
614195,2023-10-14,62,62,VW60-64,45.60%,2590,2345,2378,2362.0
455131,2024-09-28,54,54,VM50-54,52.26%,1749,1821,2828,1828.0
74670,2014-03-01,48,48,VW45-49,47.08%,2086,1954,1975,1964.0
508021,2014-07-19,49,49,VM45-49,55.99%,1568,1749,2756,1756.0
492000,2014-07-19,46,46,VW45-49,59.57%,1615,1915,1933,1924.0
508021,2014-07-26,49,49,VM45-49,57.73%,1521,1749,2756,1756.0
492000,2014-07-26,46,46,VW45-49,61.86%,1555,1915,1933,1924.0
508021,2014-08-16,49,49,VM45-49,56.35%,1558,1749,2756,1756.0
492000,2014-08-16,46,46,VW45-49,61.00%,1577,1915,1933,1924.0
492000,2015-02-07,46,46,VW45-49,67.27%,1430,1915,1933,1924.0
508021,2015-02-07,50,50,VM50-54,58.61%,1510,0,1776,1770.0
492000,2015-02-14,46,46,VW45-49,67.13%,1433,1915,1933,1924.0
508021,2015-02-14,50,50,VM50-54,61.54%,1438,0,1776,1770.0
598715,2015-02-28,51,51,VM50-54,39.38%,2265,1777,1790,1784.0
492000,2015-03-28,46,46,VW45-49,67.79%,1419,1915,1933,1924.0
508021,2015-03-28,50,50,VM50-54,61.80%,1432,0,1776,1770.0
492000,2015-04-04,46,46,VW45-49,68.28%,1409,1915,1933,1924.0
508021,2015-04-04,50,50,VM50-54,60.16%,1471,0,1776,1770.0
508021,2015-05-23,50,50,VM50-54,60.20%,1470,0,1776,1770.0
492000,2015-05-23,47,47,VW45-49,65.50%,1484,1934,1953,1944.0
492000,2015-06-20,47,47,VW45-49,64.97%,1496,1934,1953,1944.0
508021,2015-06-20,50,50,VM50-54,54.87%,1613,0,1776,1770.0
360902,2015-06-27,52,52,VM50-54,43.60%,2062,1791,1805,1798.0
508021,2015-09-26,51,51,VM50-54,60.64%,1471,1777,1790,1784.0
492000,2015-09-26,47,47,VW45-49,65.23%,1490,1934,1953,1944.0
440770,2015-12-12,16,16,JM15-17,65.60%,1253,1633,1657,1644.0
440770,2016-01-01,16,16,JM15-17,62.94%,1306,1633,1657,1644.0
492000,2016-01-01,47,47,VW45-49,60.37%,1610,1934,1953,1944.0
508021,2016-01-01,51,51,VM50-54,53.32%,1673,1777,1790,1784.0
440770,2016-01-02,16,16,JM15-17,63.57%,1293,1633,1657,1644.0
517629,2016-01-02,14,14,JW11-14,46.82%,2014,0,1901,1886.0
440770,2016-02-27,16,16,JM15-17,62.04%,1325,1633,1657,1644.0
517629,2016-02-27,15,15,JW15-17,51.64%,1801,1849,2860,1860.0
1320223,2016-06-04,42,42,VM40-44,66.37%,1252,1656,1668,1662.0
1029873,2016-07-30,9,9,JM10,62.21%,1577,1929,2002,1962.0
598715,2016-07-30,52,52,VM50-54,54.48%,1650,1791,1805,1798.0
1997252,2016-08-13,41,41,VM40-44,75.34%,1095,1644,1655,1650.0
1320223,2016-12-03,43,43,VM40-44,73.00%,1148,1669,1681,1676.0
2491375,2016-12-24,8,8,JM10,52.36%,1950,2003,2089,2042.0
2491375,2016-12-31,8,8,JM10,34.92%,2924,2003,2089,2042.0
1320223,2017-01-14,43,43,VM40-44,72.06%,1163,1669,1681,1676.0
1320223,2017-01-28,43,43,VM40-44,70.13%,1195,1669,1681,1676.0
2048645,2017-02-25,52,52,VM50-54,57.01%,1577,1791,1805,1798.0
1320223,2017-04-01,43,43,VM40-44,69.37%,1208,1669,1681,1676.0
215996,2017-05-13,51,51,VM50-54,78.45%,1137,1777,1790,1784.0
1320223,2017-05-13,43,43,VM40-44,60.72%,1380,1669,1681,1676.0
1320223,2017-06-03,43,43,VM40-44,70.07%,1196,1669,1681,1676.0
1320223,2017-06-10,43,43,VM40-44,68.35%,1226,1669,1681,1676.0
3610407,2017-06-24,39,39,VM35-39,37.28%,2181,1620,2626,1626.0
1320223,2017-07-29,43,43,VM40-44,50.48%,1660,1669,1681,1676.0
1320223,2017-08-05,44,44,VM40-44,70.27%,1201,1682,2688,1688.0
1320223,2017-08-19,44,44,VM40-44,68.56%,1231,1682,2688,1688.0
3797011,2017-09-02,49,49,VM45-49,36.09%,2433,1749,2756,1756.0
3797011,2017-09-09,49,49,VM45-49,39.11%,2245,1749,2756,1756.0
3844740,2017-09-16,45,45,VW45-49,28.25%,3374,0,1914,1906.0
3844740,2017-09-23,14,14,JW11-14,41.27%,2285,0,1901,1886.0
3844740,2017-10-07,14,14,JW11-14,40.25%,2343,0,1901,1886.0
1320223,2017-10-21,44,44,VM40-44,68.62%,1230,1682,2688,1688.0
1320223,2017-12-09,44,44,VM40-44,67.74%,1246,1682,2688,1688.0
3844740,2018-01-01,14,14,JW11-14,40.13%,2350,0,1901,1886.0
440770,2018-01-13,18,18,SM18-19,56.66%,1412,1592,2600,1600.0
3844740,2018-01-13,14,14,JW11-14,41.84%,2254,0,1901,1886.0
3844740,2018-02-17,15,15,JW15-17,32.12%,2895,1849,2860,1860.0
3844740,2018-04-07,15,15,JW15-17,40.77%,2281,1849,2860,1860.0
3844740,2018-04-14,15,15,JW15-17,37.94%,2451,1849,2860,1860.0
3844740,2018-04-28,15,15,JW15-17,33.31%,2792,1849,2860,1860.0
3844740,2018-05-05,15,15,JW15-17,27.37%,3398,1849,2860,1860.0
523,2018-05-19,54,54,VM50-54,66.67%,1371,1821,2828,1828.0
1320223,2018-05-26,44,44,VM40-44,70.45%,1198,1682,2688,1688.0
3844740,2018-05-26,15,15,JW15-17,38.11%,2440,1849,2860,1860.0
1320223,2018-06-02,44,44,VM40-44,68.45%,1233,1682,2688,1688.0
3844740,2018-06-02,15,15,JW15-17,36.05%,2580,1849,2860,1860.0
1320223,2018-06-09,44,44,VM40-44,67.74%,1246,1682,2688,1688.0
523,2018-06-09,54,54,VM50-54,66.33%,1378,1821,2828,1828.0
598715,2018-06-09,54,54,VM50-54,61.92%,1476,1821,2828,1828.0
1320223,2018-06-16,44,44,VM40-44,70.98%,1189,1682,2688,1688.0
1320223,2018-06-23,44,44,VM40-44,72.76%,1160,1682,2688,1688.0
1320223,2018-06-30,44,44,VM40-44,73.01%,1156,1682,2688,1688.0
1320223,2018-07-07,44,44,VM40-44,73.14%,1154,1682,2688,1688.0
1320223,2018-07-14,44,44,VM40-44,73.39%,1150,1682,2688,1688.0
1320223,2018-07-21,44,44,VM40-44,73.52%,1148,1682,2688,1688.0
3610407,2018-08-04,9,9,JM10,46.78%,2097,1929,2002,1962.0
523,2018-08-25,54,54,VM50-54,67.30%,1358,1821,2828,1828.0
2491375,2018-09-01,10,10,JM10,45.29%,2091,0,1928,1894.0
523,2018-09-08,54,54,VM50-54,59.04%,1548,1821,2828,1828.0
5012495,2018-10-06,44,44,VM40-44,33.03%,2555,1682,2688,1688.0
5012495,2018-10-13,44,44,VM40-44,35.51%,2377,1682,2688,1688.0
5012495,2018-10-20,44,44,VM40-44,36.29%,2326,1682,2688,1688.0
5012495,2018-10-27,44,44,VM40-44,38.04%,2219,1682,2688,1688.0
1997252,2018-11-03,43,43,VM40-44,69.95%,1198,1669,1681,1676.0
523,2018-11-03,55,55,VM55-59,66.91%,1378,0,1851,1844.0
5012495,2018-11-03,44,44,VM40-44,38.22%,2208,1682,2688,1688.0
5012495,2018-11-10,44,44,VM40-44,38.93%,2168,1682,2688,1688.0
5012495,2018-11-17,45,45,VM45-49,40.43%,2105,0,1707,1702.0
5012495,2018-11-24,45,45,VM45-49,40.60%,2096,0,1707,1702.0
5012495,2018-12-01,45,45,VM45-49,40.39%,2107,0,1707,1702.0
5012495,2018-12-15,45,45,VM45-49,Unknown,2140,0,1707,0.0
598715,2019-01-05,55,55,VM55-59,48.42%,1904,0,1851,1844.0
5012495,2019-01-05,45,45,VM45-49,38.52%,2209,0,1707,1702.0
1320223,2019-01-12,45,45,VM45-49,60.66%,1403,0,1707,1702.0
3797011,2019-01-12,12,12,JM11-14,42.99%,2075,1763,1810,1784.0
5012495,2019-01-12,45,45,VM45-49,Unknown,2080,0,1707,0.0
5012495,2019-01-19,45,45,VM45-49,Unknown,2259,0,1707,0.0
5012495,2019-01-26,45,45,VM45-49,Unknown,2118,0,1707,0.0
5012495,2019-02-09,45,45,VM45-49,Unknown,2223,0,1707,0.0
5012495,2019-04-13,45,45,VM45-49,37.57%,2265,0,1707,1702.0
5012495,2019-04-20,45,45,VM45-49,38.33%,2220,0,1707,1702.0
5012495,2019-05-11,45,45,VM45-49,Unknown,2166,0,1707,0.0
5012495,2019-05-18,45,45,VM45-49,Unknown,2133,0,1707,0.0
492000,2019-06-01,51,51,VW50-54,59.64%,1707,2024,2048,2036.0
3797011,2019-06-01,13,13,JM11-14,43.67%,1992,1722,1762,1740.0
523,2019-06-08,55,55,VM55-59,66.33%,1390,0,1851,1844.0
2491375,2019-06-08,11,11,JM11-14,55.04%,1668,1811,2836,1836.0
492000,2019-06-08,51,51,VW50-54,52.99%,1921,2024,2048,2036.0
5012495,2019-06-08,45,45,VM45-49,Unknown,2138,0,1707,0.0
2491375,2019-06-15,11,11,JM11-14,54.84%,1674,1811,2836,1836.0
5012495,2019-06-15,45,45,VM45-49,Unknown,2084,0,1707,0.0
5012495,2019-06-22,45,45,VM45-49,Unknown,2104,0,1707,0.0
5012495,2019-06-29,45,45,VM45-49,Unknown,2216,0,1707,0.0
523,2019-07-06,55,55,VM55-59,69.17%,1333,0,1851,1844.0
1320223,2019-07-13,45,45,VM45-49,74.00%,1150,0,1707,1702.0
1794504,2019-07-13,31,31,SM30-34,54.18%,1436,1554,1557,1556.0
2491375,2019-07-13,10,10,JM10,60.40%,1568,0,1928,1894.0
5012495,2019-07-13,45,45,VM45-49,Unknown,2087,0,1707,0.0
523,2019-07-20,55,55,VM55-59,71.03%,1298,0,1851,1844.0
5012495,2019-07-20,45,45,VM45-49,Unknown,2238,0,1707,0.0
523,2019-07-27,55,55,VM55-59,68.96%,1337,0,1851,1844.0
1794504,2019-07-27,31,31,SM30-34,49.49%,1572,1554,1557,1556.0
523,2019-08-03,55,55,VM55-59,68.50%,1346,0,1851,1844.0
3797011,2019-08-03,13,13,JM11-14,50.94%,1708,1722,1762,1740.0
5012495,2019-08-03,45,45,VM45-49,Unknown,2219,0,1707,0.0
2491375,2019-08-31,10,10,JM10,54.36%,1742,0,1928,1894.0
1794504,2019-08-31,31,31,SM30-34,43.78%,1777,1554,1557,1556.0
5012495,2019-08-31,45,45,VM45-49,Unknown,2186,0,1707,0.0
1794504,2019-09-07,31,31,SM30-34,49.49%,1572,1554,1557,1556.0
5012495,2019-09-07,45,45,VM45-49,Unknown,2219,0,1707,0.0
523,2019-09-14,55,55,VM55-59,69.27%,1331,0,1851,1844.0
3797011,2019-09-14,13,13,JM11-14,44.18%,1969,1722,1762,1740.0
5012495,2019-09-14,45,45,VM45-49,Unknown,2122,0,1707,0.0
3797011,2019-09-21,13,13,JM11-14,48.85%,1781,1722,1762,1740.0
5012495,2019-09-21,45,45,VM45-49,40.43%,2105,0,1707,1702.0
3797011,2019-09-28,13,13,JM11-14,45.08%,1930,1722,1762,1740.0
5012495,2019-09-28,45,45,VM45-49,Unknown,2064,0,1707,0.0
1320223,2019-10-05,46,46,VM45-49,49.51%,1731,1708,1720,1714.0
5012495,2019-10-19,45,45,VM45-49,Unknown,2191,0,1707,0.0
5012495,2019-10-26,45,45,VM45-49,Unknown,2145,0,1707,0.0
5012495,2019-11-02,45,45,VM45-49,Unknown,2183,0,1707,0.0
5012495,2019-11-09,45,45,VM45-49,36.87%,2308,0,1707,1702.0
5012495,2019-11-16,45,45,VM45-49,Unknown,2162,0,1707,0.0
5012495,2019-11-30,45,45,VM45-49,Unknown,2235,0,1707,0.0
5012495,2019-12-14,46,46,VM45-49,38.57%,2222,1708,1720,1714.0
3797011,2019-12-25,13,13,JM11-14,27.91%,3117,1722,1762,1740.0
5012495,2020-01-01,45,45,VM45-49,Unknown,2173,0,1707,0.0
5012495,2020-01-04,45,45,VM45-49,Unknown,2162,0,1707,0.0
5012495,2020-01-11,46,46,VM45-49,39.77%,2155,1708,1720,1714.0
5012495,2020-01-18,46,46,VM45-49,39.80%,2153,1708,1720,1714.0
5012495,2020-01-25,45,45,VM45-49,Unknown,2065,0,1707,0.0
5012495,2020-02-01,45,45,VM45-49,Unknown,2059,0,1707,0.0
5012495,2020-02-08,46,46,VM45-49,41.22%,2079,1708,1720,1714.0
5012495,2020-02-15,46,46,VM45-49,41.18%,2081,1708,1720,1714.0
598715,2020-02-22,56,56,VM55-59,53.14%,1750,1852,1867,1860.0
5012495,2020-03-07,45,45,VM45-49,Unknown,2128,0,1707,0.0
5012495,2020-03-14,46,46,VM45-49,40.62%,2110,1708,1720,1714.0
1320223,2021-07-24,47,47,VM45-49,48.76%,1772,1721,1734,1728.0
1320223,2021-07-31,48,48,VM45-49,72.16%,1207,1735,1748,1742.0
523,2021-08-21,57,57,VM55-59,67.92%,1381,1868,1883,1876.0
523,2021-08-28,57,57,VM55-59,69.38%,1352,1868,1883,1876.0
1320223,2021-09-04,48,48,VM45-49,72.52%,1201,1735,1748,1742.0
1320223,2021-09-11,48,48,VM45-49,75.87%,1148,1735,1748,1742.0
1320223,2021-09-25,48,48,VM45-49,61.29%,1421,1735,1748,1742.0
523,2022-01-01,58,58,VM55-59,58.11%,1628,1884,1899,1892.0
1320223,2022-01-08,48,48,VM45-49,71.57%,1217,1735,1748,1742.0
1320223,2022-02-12,48,48,VM45-49,60.91%,1430,1735,1748,1742.0
1320223,2022-02-26,48,48,VM45-49,72.83%,1196,1735,1748,1742.0
1794504,2022-04-02,34,34,SM30-34,45.57%,1727,1570,2574,1574.0
1320223,2022-04-30,48,48,VM45-49,72.40%,1203,1735,1748,1742.0
1320223,2022-05-28,48,48,VM45-49,74.19%,1174,1735,1748,1742.0
1320223,2022-06-04,48,48,VM45-49,73.94%,1178,1735,1748,1742.0
1320223,2022-10-08,49,49,VM45-49,74.91%,1172,1749,2756,1756.0
1320223,2022-10-15,49,49,VM45-49,73.35%,1197,1749,2756,1756.0
1794504,2022-10-29,34,34,SM30-34,45.97%,1712,1570,2574,1574.0
1320223,2022-11-12,49,49,VM45-49,72.62%,1209,1749,2756,1756.0
1320223,2022-12-03,49,49,VM45-49,72.62%,1209,1749,2756,1756.0
1320223,2022-12-31,49,49,VM45-49,68.17%,1288,1749,2756,1756.0
523,2022-12-31,59,59,VM55-59,58.21%,1639,1900,2908,1908.0
1320223,2023-01-07,49,49,VM45-49,68.17%,1288,1749,2756,1756.0
1794504,2023-01-14,34,34,SM30-34,46.76%,1683,1570,2574,1574.0
1320223,2023-02-11,49,49,VM45-49,74.28%,1182,1749,2756,1756.0
1320223,2023-05-20,49,49,VM45-49,73.91%,1188,1749,2756,1756.0
1320223,2023-05-27,49,49,VM45-49,74.16%,1184,1749,2756,1756.0
1320223,2023-07-15,49,49,VM45-49,76.28%,1151,1749,2756,1756.0
5012495,2023-07-22,49,49,VM45-49,32.72%,2683,1749,2756,1756.0
5012495,2023-07-29,49,49,VM45-49,33.94%,2587,1749,2756,1756.0
5012495,2023-08-12,49,49,VM45-49,34.94%,2513,1749,2756,1756.0
1320223,2023-09-02,50,50,VM50-54,77.23%,1146,0,1776,1770.0
1646899,2023-09-16,52,52,VW50-54,49.45%,2085,2049,2075,2062.0
4300140,2023-12-23,20,24,SW20-24,56.06%,1584,0,2776,1776.0
1794504,2024-01-13,35,35,VM35-39,43.01%,1839,0,1586,1582.0
1320223,2024-01-27,50,50,VM50-54,60.53%,1462,0,1776,1770.0
1794504,2024-02-17,35,35,VM35-39,44.71%,1769,0,1586,1582.0
1320223,2024-06-08,50,50,VM50-54,62.77%,1410,0,1776,1770.0
1320223,2024-06-15,50,50,VM50-54,61.16%,1447,0,1776,1770.0
1794504,2024-06-15,36,36,VM35-39,43.59%,1826,1587,1596,1592.0
2038021,2024-06-22,37,37,VM35-39,68.05%,1177,1597,1607,1602.0
1320223,2024-06-22,50,50,VM50-54,62.94%,1406,0,1776,1770.0
1320223,2024-07-20,50,50,VM50-54,75.00%,1180,0,1776,1770.0
1320223,2024-07-27,50,50,VM50-54,75.26%,1176,0,1776,1770.0
1320223,2024-08-10,51,51,VM50-54,64.87%,1375,1777,1790,1784.0
1320223,2024-09-21,51,51,VM50-54,62.29%,1432,1777,1790,1784.0
1320223,2024-09-28,51,51,VM50-54,60.80%,1467,1777,1790,1784.0
2038021,2024-10-05,37,37,VM35-39,68.76%,1165,1597,1607,1602.0
1320223,2024-10-19,51,51,VM50-54,77.16%,1156,1777,1790,1784.0
1320223,2024-10-26,51,51,VM50-54,60.31%,1479,1777,1790,1784.0
122015,2013-04-06,50,50,VW50-54,68.44%,1470,0,2023,2012.0
492000,2013-04-13,44,44,VW40-44,59.67%,1582,1881,2888,1888.0
492000,2013-04-27,44,44,VW40-44,59.52%,1586,1881,2888,1888.0
492000,2013-05-11,45,45,VW45-49,62.78%,1518,0,1914,1906.0
508021,2013-05-11,48,48,VM45-49,53.60%,1625,1735,1748,1742.0
495027,2013-05-11,43,43,VW40-44,39.72%,2359,1867,1880,1874.0
508021,2013-05-18,48,48,VM45-49,58.14%,1498,1735,1748,1742.0
492000,2013-05-18,45,45,VW45-49,62.70%,1520,0,1914,1906.0
495027,2013-05-18,43,43,VW40-44,42.09%,2226,1867,1880,1874.0
508021,2013-05-25,48,48,VM45-49,59.17%,1472,1735,1748,1742.0
492000,2013-05-25,45,45,VW45-49,64.61%,1475,0,1914,1906.0
495027,2013-05-25,43,43,VW40-44,40.34%,2323,1867,1880,1874.0
508021,2013-06-08,48,48,VM45-49,60.15%,1448,1735,1748,1742.0
492000,2013-06-08,45,45,VW45-49,64.48%,1478,0,1914,1906.0
495027,2013-06-08,43,43,VW40-44,43.20%,2169,1867,1880,1874.0
508021,2013-06-15,48,48,VM45-49,59.54%,1463,1735,1748,1742.0
492000,2013-06-15,45,45,VW45-49,64.05%,1488,0,1914,1906.0
122015,2013-06-15,50,50,VW50-54,65.20%,1543,0,2023,2012.0
492000,2013-06-29,45,45,VW45-49,64.09%,1487,0,1914,1906.0
495027,2013-06-29,43,43,VW40-44,43.56%,2151,1867,1880,1874.0
492000,2013-07-06,45,45,VW45-49,64.44%,1479,0,1914,1906.0
495027,2013-07-06,43,43,VW40-44,50.32%,1862,1867,1880,1874.0
495027,2013-07-13,43,43,VW40-44,53.82%,1741,1867,1880,1874.0
598715,2013-07-27,49,49,VM45-49,51.74%,1697,1749,2756,1756.0
602680,2013-07-27,5,5,JM10,68.32%,1736,2309,2376,2372.0
495027,2013-07-27,43,43,VW40-44,43.14%,2172,1867,1880,1874.0
492000,2013-08-03,45,45,VW45-49,62.70%,1520,0,1914,1906.0
508021,2013-08-03,48,48,VM45-49,53.93%,1615,1735,1748,1742.0
602680,2013-08-10,5,5,JM10,75.02%,1581,2309,2376,2372.0
495027,2013-08-10,43,43,VW40-44,40.01%,2342,1867,1880,1874.0
492000,2013-08-17,45,45,VW45-49,61.96%,1538,0,1914,1906.0
508021,2013-08-17,48,48,VM45-49,54.54%,1597,1735,1748,1742.0
602680,2013-08-17,5,5,JM10,73.57%,1612,2309,2376,2372.0
598715,2013-08-17,49,49,VM45-49,52.05%,1687,1749,2756,1756.0
495027,2013-08-17,43,43,VW40-44,42.40%,2210,1867,1880,1874.0
495027,2013-08-31,43,43,VW40-44,42.38%,2211,1867,1880,1874.0
492000,2013-09-07,45,45,VW45-49,61.88%,1540,0,1914,1906.0
602680,2013-09-07,5,5,JM10,73.16%,1621,2309,2376,2372.0
492000,2013-09-14,45,45,VW45-49,63.07%,1511,0,1914,1906.0
495027,2013-09-14,43,43,VW40-44,53.24%,1760,1867,1880,1874.0
492000,2013-09-28,45,45,VW45-49,60.78%,1568,0,1914,1906.0
495027,2013-10-26,43,43,VW40-44,52.43%,1787,1867,1880,1874.0
495027,2013-12-14,44,44,VW40-44,53.76%,1756,1881,2888,1888.0
598715,2013-12-21,50,50,VM50-54,63.26%,1399,0,1776,1770.0
508021,2013-12-28,49,49,VM45-49,52.92%,1659,1749,2756,1756.0
492000,2013-12-28,45,45,VW45-49,57.44%,1659,0,1914,1906.0
508021,2014-01-18,49,49,VM45-49,54.30%,1617,1749,2756,1756.0
492000,2014-01-18,45,45,VW45-49,57.55%,1656,0,1914,1906.0
508021,2014-01-25,49,49,VM45-49,52.20%,1682,1749,2756,1756.0
492000,2014-01-25,45,45,VW45-49,50.80%,1876,0,1914,1906.0
508021,2014-02-01,49,49,VM45-49,55.29%,1588,1749,2756,1756.0
492000,2014-02-01,45,45,VW45-49,58.83%,1620,0,1914,1906.0
122015,2014-02-08,51,51,VW50-54,68.74%,1481,2024,2048,2036.0
122015,2014-02-15,51,51,VW50-54,67.19%,1515,2024,2048,2036.0
508021,2014-02-15,49,49,VM45-49,54.64%,1607,1749,2756,1756.0
492000,2014-02-15,45,45,VW45-49,57.17%,1667,0,1914,1906.0
508021,2014-02-22,49,49,VM45-49,56.87%,1544,1749,2756,1756.0
492000,2014-02-22,45,45,VW45-49,58.47%,1630,0,1914,1906.0
508021,2014-03-08,49,49,VM45-49,57.42%,1529,1749,2756,1756.0
492000,2014-03-08,45,45,VW45-49,60.89%,1565,0,1914,1906.0
122015,2014-03-15,51,51,VW50-54,69.11%,1473,2024,2048,2036.0
508021,2014-03-15,49,49,VM45-49,57.57%,1525,1749,2756,1756.0
508021,2014-03-22,49,49,VM45-49,57.57%,1525,1749,2756,1756.0
492000,2014-03-22,45,45,VW45-49,59.67%,1597,0,1914,1906.0
508021,2014-04-05,49,49,VM45-49,59.24%,1482,1749,2756,1756.0
492000,2014-04-05,45,45,VW45-49,62.04%,1536,0,1914,1906.0
598715,2014-04-12,50,50,VM50-54,63.21%,1400,0,1776,1770.0
508021,2014-04-12,49,49,VM45-49,59.20%,1483,1749,2756,1756.0
492000,2014-04-12,45,45,VW45-49,61.44%,1551,0,1914,1906.0
508021,2014-04-19,49,49,VM45-49,58.97%,1489,1749,2756,1756.0
492000,2014-04-19,45,45,VW45-49,61.68%,1545,0,1914,1906.0
508021,2014-04-26,49,49,VM45-49,57.99%,1514,1749,2756,1756.0
492000,2014-04-26,45,45,VW45-49,60.47%,1576,0,1914,1906.0
495027,2014-05-03,44,44,VW40-44,54.66%,1727,1881,2888,1888.0
598715,2014-05-10,50,50,VM50-54,46.80%,1891,0,1776,1770.0
980314,2014-05-10,33,33,SM30-34,38.84%,2016,1563,1569,1566.0
508021,2014-05-17,49,49,VM45-49,59.12%,1485,1749,2756,1756.0
122015,2014-05-17,51,51,VW50-54,67.46%,1509,2024,2048,2036.0
492000,2014-05-17,46,46,VW45-49,61.20%,1572,1915,1933,1924.0
495027,2014-05-17,43,43,VW40-44,55.41%,1691,1867,1880,1874.0
980314,2014-05-17,33,33,SM30-34,41.15%,1903,1563,1569,1566.0
122015,2014-05-24,51,51,VW50-54,66.75%,1525,2024,2048,2036.0
980314,2014-05-24,33,33,SM30-34,41.54%,1885,1563,1569,1566.0
492000,2014-05-31,46,46,VW45-49,62.02%,1551,1915,1933,1924.0
980314,2014-05-31,33,33,SM30-34,42.58%,1839,1563,1569,1566.0
492000,2014-06-07,46,46,VW45-49,61.04%,1576,1915,1933,1924.0
508021,2014-06-07,49,49,VM45-49,50.78%,1729,1749,2756,1756.0
598715,2014-06-14,50,50,VM50-54,49.94%,1772,0,1776,1770.0
980314,2014-06-14,34,34,SM30-34,43.22%,1821,1570,2574,1574.0
572070,2014-06-14,45,45,VM45-49,43.42%,1960,0,1707,1702.0
508021,2014-06-21,49,49,VM45-49,56.76%,1547,1749,2756,1756.0
492000,2014-06-21,46,46,VW45-49,61.23%,1571,1915,1933,1924.0
598715,2014-06-21,50,50,VM50-54,47.48%,1864,0,1776,1770.0
122015,2014-06-28,51,51,VW50-54,65.59%,1552,2024,2048,2036.0
508021,2014-06-28,49,49,VM45-49,56.35%,1558,1749,2756,1756.0
492000,2014-06-28,46,46,VW45-49,61.23%,1571,1915,1933,1924.0
508021,2014-07-12,49,49,VM45-49,55.53%,1581,1749,2756,1756.0
492000,2014-07-12,46,46,VW45-49,57.74%,1666,1915,1933,1924.0
602680,2014-08-23,6,6,JM10,49.87%,2250,2191,2308,2244.0
508021,2014-08-30,50,50,VM50-54,56.62%,1563,0,1776,1770.0
492000,2014-08-30,46,46,VW45-49,60.20%,1598,1915,1933,1924.0
492000,2014-09-13,46,46,VW45-49,59.98%,1604,1915,1933,1924.0
508021,2014-09-27,50,50,VM50-54,55.56%,1593,0,1776,1770.0
492000,2014-09-27,46,46,VW45-49,58.48%,1645,1915,1933,1924.0
495027,2014-10-04,43,43,VW40-44,51.63%,1815,1867,1880,1874.0
508021,2014-10-11,50,50,VM50-54,56.77%,1559,0,1776,1770.0
492000,2014-10-11,46,46,VW45-49,60.62%,1587,1915,1933,1924.0
508021,2014-10-18,50,50,VM50-54,57.13%,1549,0,1776,1770.0
492000,2014-10-18,46,46,VW45-49,61.27%,1570,1915,1933,1924.0
495027,2014-10-18,43,43,VW40-44,56.18%,1668,1867,1880,1874.0
492000,2014-10-25,46,46,VW45-49,61.35%,1568,1915,1933,1924.0
508021,2014-10-25,50,50,VM50-54,51.60%,1715,0,1776,1770.0
602680,2014-10-25,6,6,JM10,51.63%,2173,2191,2308,2244.0
495027,2014-11-01,43,43,VW40-44,56.14%,1669,1867,1880,1874.0
492000,2014-11-08,46,46,VW45-49,63.92%,1505,1915,1933,1924.0
508021,2014-11-08,50,50,VM50-54,55.42%,1597,0,1776,1770.0
492000,2014-11-15,46,46,VW45-49,63.46%,1516,1915,1933,1924.0
508021,2014-11-15,50,50,VM50-54,54.63%,1620,0,1776,1770.0
495027,2014-11-15,43,43,VW40-44,56.11%,1670,1867,1880,1874.0
492000,2014-11-22,46,46,VW45-49,64.39%,1494,1915,1933,1924.0
508021,2014-11-22,50,50,VM50-54,54.10%,1636,0,1776,1770.0
1320223,2014-12-06,41,41,VM40-44,63.90%,1291,1644,1655,1650.0
508021,2014-12-06,50,50,VM50-54,55.80%,1586,0,1776,1770.0
492000,2014-12-13,46,46,VW45-49,64.22%,1498,1915,1933,1924.0
508021,2014-12-13,50,50,VM50-54,55.38%,1598,0,1776,1770.0
492000,2014-12-20,46,46,VW45-49,64.48%,1492,1915,1933,1924.0
508021,2014-12-20,50,50,VM50-54,55.24%,1602,0,1776,1770.0
508021,2014-12-25,50,50,VM50-54,52.71%,1679,0,1776,1770.0
495027,2014-12-25,44,44,VW40-44,55.63%,1697,1881,2888,1888.0
492000,2014-12-27,46,46,VW45-49,63.67%,1511,1915,1933,1924.0
508021,2014-12-27,50,50,VM50-54,51.78%,1709,0,1776,1770.0
492000,2015-01-01,46,46,VW45-49,62.83%,1531,1915,1933,1924.0
495027,2015-01-01,44,44,VW40-44,56.26%,1678,1881,2888,1888.0
508021,2015-01-01,50,50,VM50-54,51.66%,1713,0,1776,1770.0
492000,2015-01-03,46,46,VW45-49,64.13%,1500,1915,1933,1924.0
508021,2015-01-03,50,50,VM50-54,57.62%,1536,0,1776,1770.0
492000,2015-01-10,46,46,VW45-49,63.50%,1515,1915,1933,1924.0
508021,2015-01-10,50,50,VM50-54,54.46%,1625,0,1776,1770.0
492000,2015-01-17,46,46,VW45-49,65.94%,1459,1915,1933,1924.0
508021,2015-01-17,50,50,VM50-54,57.88%,1529,0,1776,1770.0
1320223,2015-01-24,41,41,VM40-44,60.26%,1369,1644,1655,1650.0
492000,2015-01-24,46,46,VW45-49,64.69%,1487,1915,1933,1924.0
508021,2015-01-24,50,50,VM50-54,57.77%,1532,0,1776,1770.0
492000,2015-01-31,46,46,VW45-49,63.67%,1511,1915,1933,1924.0
508021,2015-01-31,50,50,VM50-54,53.57%,1652,0,1776,1770.0
598715,2015-02-07,51,51,VM50-54,48.35%,1845,1777,1790,1784.0
508021,2015-02-21,50,50,VM50-54,59.48%,1488,0,1776,1770.0
492000,2015-02-21,46,46,VW45-49,64.30%,1496,1915,1933,1924.0
980314,2015-02-21,35,35,VM35-39,40.07%,1974,0,1586,1582.0
602680,2015-02-21,6,6,JM10,53.92%,2081,2191,2308,2244.0
492000,2015-02-28,46,46,VW45-49,65.35%,1472,1915,1933,1924.0
508021,2015-02-28,50,50,VM50-54,58.69%,1508,0,1776,1770.0
602680,2015-02-28,6,6,JM10,53.02%,2116,2191,2308,2244.0
980314,2015-03-07,35,35,VM35-39,43.92%,1801,0,1586,1582.0
602680,2015-03-07,6,6,JM10,54.15%,2072,2191,2308,2244.0
492000,2015-03-14,46,46,VW45-49,65.13%,1477,1915,1933,1924.0
508021,2015-03-14,50,50,VM50-54,57.65%,1535,0,1776,1770.0
980314,2015-03-21,35,35,VM35-39,44.12%,1793,0,1586,1582.0
640896,2015-03-21,45,45,VM45-49,31.64%,2690,0,1707,1702.0
602680,2015-03-28,6,6,JM10,54.33%,2065,2191,2308,2244.0
122015,2015-04-04,52,52,VW50-54,64.92%,1588,2049,2075,2062.0
640896,2015-04-04,45,45,VM45-49,50.87%,1673,0,1707,1702.0
602680,2015-04-04,6,6,JM10,54.87%,2045,2191,2308,2244.0
492000,2015-04-11,46,46,VW45-49,65.04%,1479,1915,1933,1924.0
640896,2015-04-11,45,45,VM45-49,53.32%,1596,0,1707,1702.0
508021,2015-04-11,50,50,VM50-54,54.60%,1621,0,1776,1770.0
980314,2015-04-11,35,35,VM35-39,42.55%,1859,0,1586,1582.0
602680,2015-04-11,6,6,JM10,57.16%,1963,2191,2308,2244.0
1320223,2015-04-18,41,41,VM40-44,61.48%,1342,1644,1655,1650.0
640896,2015-04-18,45,45,VM45-49,57.38%,1483,0,1707,1702.0
980314,2015-04-25,35,35,VM35-39,42.21%,1874,0,1586,1582.0
640896,2015-05-02,45,45,VM45-49,50.90%,1672,0,1707,1702.0
980314,2015-05-02,35,35,VM35-39,44.12%,1793,0,1586,1582.0
640896,2015-05-09,46,46,VM45-49,58.70%,1460,1708,1720,1714.0
640896,2015-05-16,46,46,VM45-49,57.44%,1492,1708,1720,1714.0
640896,2015-05-23,46,46,VM45-49,62.01%,1382,1708,1720,1714.0
602680,2015-05-23,6,6,JM10,60.98%,1840,2191,2308,2244.0
640896,2015-05-30,46,46,VM45-49,54.55%,1571,1708,1720,1714.0
602680,2015-05-30,6,6,JM10,59.59%,1883,2191,2308,2244.0
602680,2015-06-06,6,6,JM10,55.88%,2008,2191,2308,2244.0
980314,2015-06-20,36,36,VM35-39,42.23%,1885,1587,1596,1592.0
1320223,2015-06-27,41,41,VM40-44,65.74%,1255,1644,1655,1650.0
640896,2015-07-04,46,46,VM45-49,47.14%,1818,1708,1720,1714.0
980314,2015-07-11,36,36,VM35-39,41.26%,1929,1587,1596,1592.0
602680,2015-07-11,7,7,JM10,54.94%,1944,2090,2190,2136.0
640896,2015-07-11,46,46,VM45-49,30.69%,2792,1708,1720,1714.0
640896,2015-07-18,46,46,VM45-49,58.30%,1470,1708,1720,1714.0
492000,2015-07-18,47,47,VW45-49,62.99%,1543,1934,1953,1944.0
508021,2015-07-18,50,50,VM50-54,56.48%,1567,0,1776,1770.0
602680,2015-07-18,7,7,JM10,53.94%,1980,2090,2190,2136.0
640896,2015-07-25,46,46,VM45-49,58.78%,1458,1708,1720,1714.0
602680,2015-07-25,7,7,JM10,49.65%,2151,2090,2190,2136.0
1320223,2015-08-01,42,42,VM40-44,66.69%,1246,1656,1668,1662.0
640896,2015-08-01,46,46,VM45-49,57.56%,1489,1708,1720,1714.0
640896,2015-08-15,46,46,VM45-49,56.23%,1524,1708,1720,1714.0
640896,2015-08-22,46,46,VM45-49,60.78%,1410,1708,1720,1714.0
508021,2015-08-29,51,51,VM50-54,61.39%,1453,1777,1790,1784.0
492000,2015-08-29,47,47,VW45-49,66.08%,1471,1934,1953,1944.0
602680,2015-09-05,7,7,JM10,47.68%,2240,2090,2190,2136.0
640896,2015-09-12,46,46,VM45-49,43.59%,1966,1708,1720,1714.0
1882503,2015-09-12,59,59,VW55-59,51.27%,2208,2248,3264,2264.0
602680,2015-09-19,7,7,JM10,51.97%,2055,2090,2190,2136.0
1882503,2015-09-19,59,59,VW55-59,51.48%,2199,2248,3264,2264.0
640896,2015-09-26,46,46,VM45-49,57.87%,1481,1708,1720,1714.0
1882503,2015-09-26,59,59,VW55-59,51.55%,2196,2248,3264,2264.0
602680,2015-09-26,7,7,JM10,46.72%,2286,2090,2190,2136.0
602680,2015-10-03,7,7,JM10,52.58%,2031,2090,2190,2136.0
640896,2015-10-03,46,46,VM45-49,40.35%,2124,1708,1720,1714.0
1882503,2015-10-03,59,59,VW55-59,52.43%,2159,2248,3264,2264.0
1320223,2015-10-10,42,42,VM40-44,53.86%,1543,1656,1668,1662.0
1882503,2015-10-10,59,59,VW55-59,53.32%,2123,2248,3264,2264.0
1320223,2015-10-24,42,42,VM40-44,66.27%,1254,1656,1668,1662.0
508021,2015-10-24,51,51,VM50-54,59.71%,1494,1777,1790,1784.0
492000,2015-10-24,47,47,VW45-49,62.07%,1566,1934,1953,1944.0
495027,2015-10-24,44,44,VW40-44,57.04%,1655,1881,2888,1888.0
602680,2015-10-24,7,7,JM10,53.08%,2012,2090,2190,2136.0
1882503,2015-10-24,59,59,VW55-59,51.78%,2186,2248,3264,2264.0
1997252,2015-10-31,40,40,VM40-44,67.91%,1206,0,1643,1638.0
1882503,2015-10-31,59,59,VW55-59,47.80%,2368,2248,3264,2264.0
1320223,2015-11-07,42,42,VM40-44,65.80%,1263,1656,1668,1662.0
492000,2015-11-07,47,47,VW45-49,59.49%,1634,1934,1953,1944.0
508021,2015-11-07,51,51,VM50-54,53.32%,1673,1777,1790,1784.0
1882503,2015-11-07,59,59,VW55-59,44.13%,2565,2248,3264,2264.0
640896,2015-11-14,46,46,VM45-49,39.03%,2196,1708,1720,1714.0
1882503,2015-11-14,59,59,VW55-59,49.17%,2302,2248,3264,2264.0
508021,2015-11-21,51,51,VM50-54,57.59%,1549,1777,1790,1784.0
492000,2015-11-21,47,47,VW45-49,60.45%,1608,1934,1953,1944.0
1882503,2015-11-21,59,59,VW55-59,51.18%,2212,2248,3264,2264.0
1997252,2015-11-28,41,41,VM40-44,66.64%,1238,1644,1655,1650.0
1292590,2015-11-28,14,14,JM11-14,59.43%,1432,0,1721,1702.0
640896,2015-11-28,46,46,VM45-49,50.06%,1712,1708,1720,1714.0
1882503,2015-11-28,59,59,VW55-59,52.70%,2148,2248,3264,2264.0
640896,2015-12-05,46,46,VM45-49,45.01%,1904,1708,1720,1714.0
1997252,2015-12-12,41,41,VM40-44,68.46%,1205,1644,1655,1650.0
1320223,2015-12-12,42,42,VM40-44,66.75%,1245,1656,1668,1662.0
640896,2015-12-12,46,46,VM45-49,53.26%,1609,1708,1720,1714.0
1882503,2015-12-12,59,59,VW55-59,51.34%,2205,2248,3264,2264.0
1320223,2015-12-19,42,42,VM40-44,64.52%,1288,1656,1668,1662.0
640896,2015-12-19,46,46,VM45-49,53.03%,1616,1708,1720,1714.0
1882503,2015-12-19,59,59,VW55-59,52.65%,2150,2248,3264,2264.0
508021,2015-12-25,51,51,VM50-54,54.72%,1630,1777,1790,1784.0
640896,2015-12-25,46,46,VM45-49,50.62%,1693,1708,1720,1714.0
640896,2015-12-26,46,46,VM45-49,30.59%,2802,1708,1720,1714.0
1320223,2016-01-01,42,42,VM40-44,56.61%,1468,1656,1668,1662.0
492000,2016-01-01,47,47,VW45-49,60.83%,1598,1934,1953,1944.0
508021,2016-01-01,51,51,VM50-54,53.29%,1674,1777,1790,1784.0
980314,2016-01-01,35,35,VM35-39,45.70%,1731,0,1586,1582.0
1320223,2016-01-02,42,42,VM40-44,66.43%,1251,1656,1668,1662.0
508021,2016-01-02,51,51,VM50-54,57.18%,1560,1777,1790,1784.0
492000,2016-01-02,47,47,VW45-49,59.71%,1628,1934,1953,1944.0
602680,2016-01-02,7,7,JM10,52.22%,2045,2090,2190,2136.0
1882503,2016-01-02,59,59,VW55-59,51.88%,2182,2248,3264,2264.0
1997252,2016-01-09,41,41,VM40-44,68.41%,1206,1644,1655,1650.0
1320223,2016-01-09,42,42,VM40-44,67.18%,1237,1656,1668,1662.0
640896,2016-01-09,46,46,VM45-49,52.97%,1618,1708,1720,1714.0
1882503,2016-01-09,59,59,VW55-59,53.80%,2104,2248,3264,2264.0
1997252,2016-01-16,41,41,VM40-44,69.80%,1182,1644,1655,1650.0
640896,2016-01-16,46,46,VM45-49,51.72%,1657,1708,1720,1714.0
1882503,2016-01-16,59,59,VW55-59,54.21%,2088,2248,3264,2264.0
1292590,2016-01-23,14,14,JM11-14,56.85%,1497,0,1721,1702.0
1882503,2016-01-23,59,59,VW55-59,56.18%,2015,2248,3264,2264.0
640896,2016-01-23,46,46,VM45-49,34.91%,2455,1708,1720,1714.0
1320223,2016-01-30,42,42,VM40-44,54.89%,1514,1656,1668,1662.0
640896,2016-01-30,46,46,VM45-49,55.51%,1544,1708,1720,1714.0
1882503,2016-01-30,59,59,VW55-59,54.77%,2067,2248,3264,2264.0
74670,2016-01-30,50,50,VW50-54,45.48%,2212,0,2023,2012.0
1997252,2016-02-06,41,41,VM40-44,71.37%,1156,1644,1655,1650.0
1320223,2016-02-06,42,42,VM40-44,63.15%,1316,1656,1668,1662.0
1882503,2016-02-06,59,59,VW55-59,55.00%,2058,2248,3264,2264.0
640896,2016-02-06,46,46,VM45-49,33.42%,2564,1708,1720,1714.0
640896,2016-02-13,46,46,VM45-49,57.79%,1483,1708,1720,1714.0
1882503,2016-02-13,59,59,VW55-59,56.57%,2001,2248,3264,2264.0
1882503,2016-02-20,59,59,VW55-59,54.32%,2084,2248,3264,2264.0
640896,2016-02-20,46,46,VM45-49,31.55%,2716,1708,1720,1714.0
640896,2016-02-27,46,46,VM45-49,57.83%,1482,1708,1720,1714.0
1882503,2016-02-27,57,57,VW55-59,53.73%,2049,2187,2216,2202.0
1997252,2016-03-05,41,41,VM40-44,71.74%,1150,1644,1655,1650.0
640896,2016-03-05,46,46,VM45-49,61.08%,1403,1708,1720,1714.0
1882503,2016-03-05,59,59,VW55-59,50.99%,2220,2248,3264,2264.0
640896,2016-03-12,46,46,VM45-49,58.30%,1470,1708,1720,1714.0
1882503,2016-03-12,57,57,VW55-59,52.50%,2097,2187,2216,2202.0
1882503,2016-03-19,57,57,VW55-59,52.25%,2107,2187,2216,2202.0
640896,2016-03-19,46,46,VM45-49,33.62%,2549,1708,1720,1714.0
640896,2016-03-26,46,46,VM45-49,57.25%,1497,1708,1720,1714.0
508021,2016-03-26,51,51,VM50-54,53.38%,1671,1777,1790,1784.0
1997252,2016-03-26,41,41,VM40-44,43.38%,1902,1644,1655,1650.0
492000,2016-03-26,47,47,VW45-49,49.52%,1963,1934,1953,1944.0
1882503,2016-03-26,57,57,VW55-59,49.86%,2208,2187,2216,2202.0
1882503,2016-04-02,57,57,VW55-59,48.46%,2272,2187,2216,2202.0
640896,2016-04-02,46,46,VM45-49,32.71%,2620,1708,1720,1714.0
1997252,2016-04-09,41,41,VM40-44,70.27%,1174,1644,1655,1650.0
508021,2016-04-09,51,51,VM50-54,52.59%,1696,1777,1790,1784.0
2378240,2016-04-09,39,39,VW35-39,53.15%,1716,1820,2824,1824.0
492000,2016-04-09,47,47,VW45-49,52.48%,1852,1934,1953,1944.0
640896,2016-04-09,46,46,VM45-49,44.78%,1914,1708,1720,1714.0
1882503,2016-04-09,57,57,VW55-59,50.60%,2176,2187,2216,2202.0
2378240,2016-04-16,39,39,VW35-39,55.04%,1657,1820,2824,1824.0
1882503,2016-04-16,57,57,VW55-59,52.68%,2090,2187,2216,2202.0
640896,2016-04-16,46,46,VM45-49,24.03%,3567,1708,1720,1714.0
1320223,2016-04-23,42,42,VM40-44,56.07%,1482,1656,1668,1662.0
508021,2016-04-23,51,51,VM50-54,57.44%,1553,1777,1790,1784.0
1882503,2016-04-23,57,57,VW55-59,53.34%,2064,2187,2216,2202.0
1997252,2016-04-30,41,41,VM40-44,72.82%,1133,1644,1655,1650.0
1320223,2016-04-30,42,42,VM40-44,64.27%,1293,1656,1668,1662.0
640896,2016-04-30,46,46,VM45-49,56.72%,1511,1708,1720,1714.0
602680,2016-04-30,7,7,JM10,54.49%,1960,2090,2190,2136.0
1882503,2016-04-30,57,57,VW55-59,51.74%,2128,2187,2216,2202.0
2378240,2016-05-07,39,39,VW35-39,58.69%,1554,1820,2824,1824.0
1882503,2016-05-07,57,57,VW55-59,48.54%,2268,2187,2216,2202.0
1997252,2016-05-14,41,41,VM40-44,72.62%,1136,1644,1655,1650.0
1320223,2016-05-14,42,42,VM40-44,67.67%,1228,1656,1668,1662.0
2378240,2016-05-14,39,39,VW35-39,60.92%,1497,1820,2824,1824.0
640896,2016-05-14,47,47,VM45-49,27.50%,3142,1721,1734,1728.0
1997252,2016-05-21,41,41,VM40-44,72.82%,1133,1644,1655,1650.0
2378240,2016-05-21,39,39,VW35-39,60.88%,1498,1820,2824,1824.0
602680,2016-05-21,7,7,JM10,54.85%,1947,2090,2190,2136.0
1320223,2016-05-28,42,42,VM40-44,67.23%,1236,1656,1668,1662.0
640896,2016-05-28,47,47,VM45-49,57.18%,1511,1721,1734,1728.0
2378240,2016-06-04,39,39,VW35-39,63.55%,1435,1820,2824,1824.0
1882503,2016-06-04,57,57,VW55-59,51.33%,2145,2187,2216,2202.0
2378240,2016-06-11,39,39,VW35-39,64.73%,1409,1820,2824,1824.0
640896,2016-06-11,47,47,VM45-49,58.38%,1480,1721,1734,1728.0
508021,2016-06-11,51,51,VM50-54,55.65%,1603,1777,1790,1784.0
492000,2016-06-11,48,48,VW45-49,61.03%,1609,1954,1975,1964.0
1882503,2016-06-11,57,57,VW55-59,51.19%,2151,2187,2216,2202.0
2378240,2016-06-18,39,39,VW35-39,66.09%,1380,1820,2824,1824.0
1882503,2016-06-18,57,57,VW55-59,51.52%,2137,2187,2216,2202.0
2378240,2016-06-25,39,39,VW35-39,64.86%,1406,1820,2824,1824.0
1882503,2016-06-25,57,57,VW55-59,47.42%,2322,2187,2216,2202.0
2378240,2016-07-02,39,39,VW35-39,66.52%,1371,1820,2824,1824.0
1320223,2016-07-02,42,42,VM40-44,58.69%,1416,1656,1668,1662.0
640896,2016-07-02,46,46,VM45-49,60.06%,1427,1708,1720,1714.0
492000,2016-07-02,48,48,VW45-49,58.49%,1679,1954,1975,1964.0
508021,2016-07-02,51,51,VM50-54,53.10%,1680,1777,1790,1784.0
1882503,2016-07-02,57,57,VW55-59,51.21%,2150,2187,2216,2202.0
602680,2016-07-09,8,8,JM10,52.44%,1947,2003,2089,2042.0
1882503,2016-07-09,57,57,VW55-59,49.68%,2216,2187,2216,2202.0
640896,2016-07-16,46,46,VM45-49,53.56%,1600,1708,1720,1714.0
1882503,2016-07-16,57,57,VW55-59,53.76%,2048,2187,2216,2202.0
2378240,2016-07-23,39,39,VW35-39,65.05%,1402,1820,2824,1824.0
508021,2016-07-23,51,51,VM50-54,55.06%,1620,1777,1790,1784.0
492000,2016-07-23,48,48,VW45-49,56.70%,1732,1954,1975,1964.0
1997252,2016-07-30,41,41,VM40-44,70.21%,1175,1644,1655,1650.0
2378240,2016-08-06,39,39,VW35-39,64.14%,1422,1820,2824,1824.0
2378240,2016-08-13,39,39,VW35-39,62.85%,1451,1820,2824,1824.0
2378240,2016-08-20,39,39,VW35-39,64.68%,1410,1820,2824,1824.0
1882503,2016-08-20,58,58,VW55-59,49.01%,2277,2217,2247,2232.0
2378240,2016-08-27,39,39,VW35-39,65.33%,1396,1820,2824,1824.0
1320223,2016-08-27,43,43,VM40-44,58.23%,1439,1669,1681,1676.0
1997252,2016-08-27,41,41,VM40-44,40.20%,2052,1644,1655,1650.0
1882503,2016-08-27,58,58,VW55-59,49.75%,2243,2217,2247,2232.0
1997252,2016-09-03,41,41,VM40-44,73.60%,1121,1644,1655,1650.0
1320223,2016-09-03,43,43,VM40-44,70.24%,1193,1669,1681,1676.0
2378240,2016-09-03,39,39,VW35-39,62.25%,1465,1820,2824,1824.0
640896,2016-09-03,46,46,VM45-49,46.45%,1845,1708,1720,1714.0
1882503,2016-09-03,58,58,VW55-59,49.45%,2257,2217,2247,2232.0
2378240,2016-09-10,39,39,VW35-39,67.51%,1351,1820,2824,1824.0
1320223,2016-09-10,43,43,VM40-44,61.12%,1371,1669,1681,1676.0
640896,2016-09-10,46,46,VM45-49,53.97%,1588,1708,1720,1714.0
640896,2016-09-17,46,46,VM45-49,49.31%,1738,1708,1720,1714.0
1997252,2016-09-17,41,41,VM40-44,46.53%,1773,1644,1655,1650.0
1882503,2016-09-17,58,58,VW55-59,54.28%,2056,2217,2247,2232.0
2378240,2016-09-24,39,39,VW35-39,63.64%,1433,1820,2824,1824.0
640896,2016-09-24,46,46,VM45-49,55.94%,1532,1708,1720,1714.0
602680,2016-09-24,8,8,JM10,54.42%,1876,2003,2089,2042.0
1882503,2016-09-24,58,58,VW55-59,53.58%,2083,2217,2247,2232.0
1320223,2016-10-01,43,43,VM40-44,70.18%,1194,1669,1681,1676.0
2378240,2016-10-01,39,39,VW35-39,64.27%,1419,1820,2824,1824.0
640896,2016-10-01,46,46,VM45-49,58.46%,1466,1708,1720,1714.0
2378240,2016-10-08,39,39,VW35-39,65.52%,1392,1820,2824,1824.0
1882503,2016-10-08,58,58,VW55-59,53.35%,2092,2217,2247,2232.0
1320223,2016-10-15,43,43,VM40-44,70.54%,1188,1669,1681,1676.0
2378240,2016-10-15,39,39,VW35-39,64.96%,1404,1820,2824,1824.0
1882503,2016-10-15,58,58,VW55-59,52.13%,2141,2217,2247,2232.0
1997252,2016-10-22,41,41,VM40-44,71.24%,1158,1644,1655,1650.0
2378240,2016-10-22,39,39,VW35-39,67.31%,1355,1820,2824,1824.0
640896,2016-10-22,46,46,VM45-49,38.53%,2224,1708,1720,1714.0
2378240,2016-10-29,39,39,VW35-39,66.28%,1376,1820,2824,1824.0
1882503,2016-10-29,58,58,VW55-59,52.35%,2132,2217,2247,2232.0
2378240,2016-11-05,39,39,VW35-39,63.07%,1446,1820,2824,1824.0
508021,2016-11-05,52,52,VM50-54,51.55%,1744,1791,1805,1798.0
492000,2016-11-05,48,48,VW45-49,54.83%,1791,1954,1975,1964.0
1882503,2016-11-05,58,58,VW55-59,51.83%,2153,2217,2247,2232.0
2378240,2016-11-12,39,39,VW35-39,64.77%,1408,1820,2824,1824.0
2378240,2016-11-19,39,39,VW35-39,66.04%,1381,1820,2824,1824.0
1997252,2016-11-19,42,42,VM40-44,51.61%,1610,1656,1668,1662.0
1882503,2016-11-19,58,58,VW55-59,54.57%,2045,2217,2247,2232.0
1320223,2016-11-26,43,43,VM40-44,70.30%,1192,1669,1681,1676.0
2378240,2016-11-26,39,39,VW35-39,66.52%,1371,1820,2824,1824.0
508021,2016-11-26,52,52,VM50-54,57.01%,1577,1791,1805,1798.0
492000,2016-11-26,48,48,VW45-49,61.07%,1608,1954,1975,1964.0
1882503,2016-11-26,58,58,VW55-59,42.81%,2607,2217,2247,2232.0
2378240,2016-12-10,39,39,VW35-39,65.42%,1394,1820,2824,1824.0
492000,2016-12-10,48,48,VW45-49,59.99%,1637,1954,1975,1964.0
508021,2016-12-10,52,52,VM50-54,48.46%,1855,1791,1805,1798.0
602680,2016-12-10,8,8,JM10,53.20%,1919,2003,2089,2042.0
1882503,2016-12-10,58,58,VW55-59,54.02%,2066,2217,2247,2232.0
2378240,2016-12-17,39,39,VW35-39,64.27%,1419,1820,2824,1824.0
2378240,2016-12-24,39,39,VW35-39,62.38%,1462,1820,2824,1824.0
602680,2016-12-24,8,8,JM10,59.39%,1719,2003,2089,2042.0
1882503,2016-12-24,58,58,VW55-59,55.25%,2020,2217,2247,2232.0
508021,2016-12-25,52,52,VM50-54,51.05%,1761,1791,1805,1798.0
2378240,2016-12-31,39,39,VW35-39,64.23%,1420,1820,2824,1824.0
1882503,2016-12-31,58,58,VW55-59,53.73%,2077,2217,2247,2232.0
1997252,2017-01-01,42,42,VM40-44,73.09%,1137,1656,1668,1662.0
1320223,2017-01-01,43,43,VM40-44,60.42%,1387,1669,1681,1676.0
1138623,2017-01-01,44,44,VM40-44,52.98%,1593,1682,2688,1688.0
492000,2017-01-01,48,48,VW45-49,60.80%,1615,1954,1975,1964.0
508021,2017-01-01,52,52,VM50-54,46.20%,1946,1791,1805,1798.0
1882503,2017-01-01,58,58,VW55-59,51.33%,2174,2217,2247,2232.0
2378240,2017-01-07,40,40,VW40-44,61.94%,1482,0,1840,1836.0
598715,2017-01-07,53,53,VM50-54,52.25%,1736,1806,1820,1814.0
1882503,2017-01-14,58,58,VW55-59,52.99%,2106,2217,2247,2232.0
1882503,2017-01-21,58,58,VW55-59,53.40%,2090,2217,2247,2232.0
492000,2017-01-28,48,48,VW45-49,57.60%,1705,1954,1975,1964.0
602680,2017-02-04,8,8,JM10,54.66%,1868,2003,2089,2042.0
1882503,2017-02-04,58,58,VW55-59,50.87%,2194,2217,2247,2232.0
1882503,2017-02-11,58,58,VW55-59,50.98%,2189,2217,2247,2232.0
2378240,2017-02-25,40,40,VW40-44,62.11%,1478,0,1840,1836.0
602680,2017-02-25,8,8,JM10,54.40%,1877,2003,2089,2042.0
2378240,2017-03-04,40,40,VW40-44,61.49%,1493,0,1840,1836.0
602680,2017-03-11,8,8,JM10,58.88%,1734,2003,2089,2042.0
2378240,2017-03-18,40,40,VW40-44,63.05%,1456,0,1840,1836.0
2378240,2017-03-25,40,40,VW40-44,64.60%,1421,0,1840,1836.0
2378240,2017-04-01,40,40,VW40-44,62.36%,1472,0,1840,1836.0
1882503,2017-04-01,58,58,VW55-59,51.36%,2173,2217,2247,2232.0
1997252,2017-04-08,42,42,VM40-44,73.02%,1138,1656,1668,1662.0
1320223,2017-04-08,43,43,VM40-44,61.44%,1364,1669,1681,1676.0
2378240,2017-04-08,40,40,VW40-44,66.72%,1376,0,1840,1836.0
602680,2017-04-08,8,8,JM10,59.09%,1728,2003,2089,2042.0
1882503,2017-04-08,58,58,VW55-59,49.82%,2240,2217,2247,2232.0
2378240,2017-04-15,40,40,VW40-44,66.00%,1391,0,1840,1836.0
1320223,2017-04-15,43,43,VM40-44,47.53%,1763,1669,1681,1676.0
1882503,2017-04-15,58,58,VW55-59,53.60%,2082,2217,2247,2232.0
2378240,2017-04-22,40,40,VW40-44,65.81%,1395,0,1840,1836.0
1882503,2017-04-22,58,58,VW55-59,53.22%,2097,2217,2247,2232.0
2378240,2017-04-29,40,40,VW40-44,65.06%,1411,0,1840,1836.0
1320223,2017-04-29,43,43,VM40-44,54.49%,1538,1669,1681,1676.0
1684429,2017-04-29,38,38,VW35-39,56.15%,1617,1811,1819,1816.0
602680,2017-04-29,8,8,JM10,58.08%,1758,2003,2089,2042.0
1882503,2017-04-29,58,58,VW55-59,48.95%,2280,2217,2247,2232.0
2378240,2017-05-06,40,40,VW40-44,66.28%,1385,0,1840,1836.0
980314,2017-05-06,36,36,VM35-39,50.35%,1581,1587,1596,1592.0
2378240,2017-05-13,40,40,VW40-44,62.75%,1463,0,1840,1836.0
2378240,2017-05-20,40,40,VW40-44,65.76%,1396,0,1840,1836.0
602680,2017-05-20,6,6,JM10,61.21%,1833,2191,2308,2244.0
1997252,2017-05-20,42,42,VM40-44,39.78%,2089,1656,1668,1662.0
2378240,2017-05-27,40,40,VW40-44,65.95%,1392,0,1840,1836.0
1684429,2017-06-03,39,39,VW35-39,55.85%,1633,1820,2824,1824.0
3565261,2017-06-03,51,51,VM50-54,53.06%,1681,1777,1790,1784.0
2378240,2017-06-10,40,40,VW40-44,66.52%,1380,0,1840,1836.0
3565261,2017-06-10,51,51,VM50-54,54.03%,1651,1777,1790,1784.0
1882503,2017-06-10,58,58,VW55-59,50.18%,2224,2217,2247,2232.0
2378240,2017-06-24,40,40,VW40-44,64.56%,1422,0,1840,1836.0
3565261,2017-06-24,51,51,VM50-54,55.16%,1617,1777,1790,1784.0
508021,2017-06-24,52,52,VM50-54,52.76%,1704,1791,1805,1798.0
2378240,2017-07-01,40,40,VW40-44,66.23%,1386,0,1840,1836.0
602680,2017-07-01,6,6,JM10,64.63%,1736,2191,2308,2244.0
492000,2017-07-08,49,49,VW45-49,59.17%,1680,1976,2988,1988.0
508021,2017-07-08,52,52,VM50-54,53.38%,1684,1791,1805,1798.0
602680,2017-07-08,6,6,JM10,60.95%,1841,2191,2308,2244.0
1882503,2017-07-15,58,58,VW55-59,50.77%,2198,2217,2247,2232.0
602680,2017-07-15,6,6,JM10,45.89%,2445,2191,2308,2244.0
2378240,2017-07-22,40,40,VW40-44,58.06%,1581,0,1840,1836.0
602680,2017-07-22,7,7,JM10,60.44%,1767,2090,2190,2136.0
2378240,2017-07-29,40,40,VW40-44,62.24%,1475,0,1840,1836.0
1882503,2017-07-29,59,59,VW55-59,48.81%,2319,2248,3264,2264.0
1875696,2017-08-05,22,24,SM20-24,58.81%,1316,0,1551,1548.0
2378240,2017-08-05,40,40,VW40-44,62.36%,1472,0,1840,1836.0
3565261,2017-08-05,52,52,VM50-54,53.23%,1689,1791,1805,1798.0
602680,2017-08-05,7,7,JM10,57.45%,1859,2090,2190,2136.0
2378240,2017-08-12,40,40,VW40-44,61.99%,1481,0,1840,1836.0
3565261,2017-08-12,52,52,VM50-54,52.21%,1722,1791,1805,1798.0
1882503,2017-08-12,59,59,VW55-59,47.54%,2381,2248,3264,2264.0
2378240,2017-08-19,39,39,VW35-39,61.58%,1481,1820,2824,1824.0
3565261,2017-08-19,52,52,VM50-54,53.70%,1674,1791,1805,1798.0
602680,2017-08-19,7,7,JM10,56.99%,1874,2090,2190,2136.0
2378240,2017-08-26,39,39,VW35-39,59.26%,1539,1820,2824,1824.0
1882503,2017-08-26,59,59,VW55-59,52.55%,2154,2248,3264,2264.0
2378240,2017-09-02,39,39,VW35-39,62.34%,1463,1820,2824,1824.0
1882503,2017-09-02,59,59,VW55-59,49.63%,2281,2248,3264,2264.0
602680,2017-09-09,7,7,JM10,60.65%,1761,2090,2190,2136.0
602680,2017-09-16,7,7,JM10,54.57%,1957,2090,2190,2136.0
2378240,2017-09-23,39,39,VW35-39,58.05%,1571,1820,2824,1824.0
1882503,2017-09-23,59,59,VW55-59,46.47%,2436,2248,3264,2264.0
1997252,2017-09-30,42,42,VM40-44,71.95%,1155,1656,1668,1662.0
2378240,2017-09-30,39,39,VW35-39,64.00%,1425,1820,2824,1824.0
602680,2017-09-30,7,7,JM10,61.88%,1726,2090,2190,2136.0
602680,2017-10-07,7,7,JM10,61.34%,1741,2090,2190,2136.0
2378240,2017-10-14,39,39,VW35-39,63.64%,1433,1820,2824,1824.0
1997252,2017-10-21,42,42,VM40-44,69.95%,1188,1656,1668,1662.0
2378240,2017-10-21,39,39,VW35-39,64.04%,1424,1820,2824,1824.0
1882503,2017-10-21,59,59,VW55-59,52.50%,2156,2248,3264,2264.0
2378240,2017-10-28,39,39,VW35-39,64.23%,1420,1820,2824,1824.0
1320223,2017-10-28,44,44,VM40-44,52.03%,1622,1682,2688,1688.0
2378240,2017-11-04,39,39,VW35-39,63.47%,1437,1820,2824,1824.0
1882503,2017-11-11,59,59,VW55-59,53.42%,2119,2248,3264,2264.0
1320223,2017-11-18,44,44,VM40-44,66.83%,1263,1682,2688,1688.0
2378240,2017-11-18,39,39,VW35-39,62.04%,1470,1820,2824,1824.0
1882503,2017-11-18,59,59,VW55-59,55.22%,2050,2248,3264,2264.0
2378240,2017-11-25,39,39,VW35-39,63.60%,1434,1820,2824,1824.0
492000,2017-11-25,49,49,VW45-49,60.83%,1634,1976,2988,1988.0
602680,2017-11-25,7,7,JM10,62.02%,1722,2090,2190,2136.0
1882503,2017-11-25,59,59,VW55-59,55.96%,2023,2248,3264,2264.0
2378240,2017-12-02,39,39,VW35-39,61.50%,1483,1820,2824,1824.0
492000,2017-12-02,49,49,VW45-49,60.32%,1648,1976,2988,1988.0
602680,2017-12-02,7,7,JM10,63.99%,1669,2090,2190,2136.0
1882503,2017-12-02,59,59,VW55-59,56.69%,1997,2248,3264,2264.0
602680,2017-12-09,7,7,JM10,60.92%,1753,2090,2190,2136.0
492000,2017-12-09,49,49,VW45-49,55.25%,1799,1976,2988,1988.0
1882503,2017-12-09,59,59,VW55-59,53.85%,2102,2248,3264,2264.0
2378240,2017-12-16,39,39,VW35-39,57.72%,1580,1820,2824,1824.0
602680,2017-12-16,7,7,JM10,63.05%,1694,2090,2190,2136.0
1997252,2017-12-23,43,43,VM40-44,69.14%,1212,1669,1681,1676.0
2378240,2017-12-23,39,39,VW35-39,60.20%,1515,1820,2824,1824.0
1882503,2017-12-23,59,59,VW55-59,50.72%,2232,2248,3264,2264.0
3784285,2017-12-30,34,34,SM30-34,63.67%,1236,1570,2574,1574.0
1882503,2017-12-30,59,59,VW55-59,45.44%,2491,2248,3264,2264.0
1997252,2018-01-01,43,43,VM40-44,58.85%,1424,1669,1681,1676.0
2378240,2018-01-01,40,40,VW40-44,61.16%,1501,0,1840,1836.0
980314,2018-01-01,37,37,VM35-39,52.32%,1531,1597,1607,1602.0
492000,2018-01-01,49,49,VW45-49,54.41%,1827,1976,2988,1988.0
1882503,2018-01-01,59,59,VW55-59,52.14%,2171,2248,3264,2264.0
1320223,2018-01-06,44,44,VM40-44,65.58%,1287,1682,2688,1688.0
2378240,2018-01-06,40,40,VW40-44,61.04%,1504,0,1840,1836.0
602680,2018-01-06,7,7,JM10,59.87%,1784,2090,2190,2136.0
1882503,2018-01-06,59,59,VW55-59,52.36%,2162,2248,3264,2264.0
640896,2018-01-20,47,47,VM45-49,54.07%,1598,1721,1734,1728.0
1882503,2018-01-20,59,59,VW55-59,41.33%,2739,2248,3264,2264.0
1997252,2018-01-27,43,43,VM40-44,71.99%,1164,1669,1681,1676.0
2378240,2018-01-27,40,40,VW40-44,60.79%,1510,0,1840,1836.0
1882503,2018-01-27,59,59,VW55-59,48.54%,2332,2248,3264,2264.0
1997252,2018-02-03,43,43,VM40-44,67.58%,1240,1669,1681,1676.0
1882503,2018-02-03,59,59,VW55-59,48.40%,2339,2248,3264,2264.0
2378240,2018-02-10,40,40,VW40-44,59.80%,1535,0,1840,1836.0
602680,2018-02-10,7,7,JM10,59.83%,1785,2090,2190,2136.0
1882503,2018-02-10,59,59,VW55-59,50.99%,2220,2248,3264,2264.0
1997252,2018-02-17,43,43,VM40-44,62.58%,1339,1669,1681,1676.0
2378240,2018-02-17,40,40,VW40-44,60.20%,1525,0,1840,1836.0
598715,2018-02-17,54,54,VM50-54,59.39%,1539,1821,2828,1828.0
602680,2018-02-24,7,7,JM10,63.31%,1687,2090,2190,2136.0
1882503,2018-02-24,59,59,VW55-59,52.14%,2171,2248,3264,2264.0
598715,2018-02-24,54,54,VM50-54,32.29%,2831,1821,2828,1828.0
1320223,2018-03-10,44,44,VM40-44,71.28%,1184,1682,2688,1688.0
1997252,2018-03-10,43,43,VM40-44,59.10%,1418,1669,1681,1676.0
2378240,2018-03-10,40,40,VW40-44,60.88%,1508,0,1840,1836.0
602680,2018-03-10,7,7,JM10,67.72%,1577,2090,2190,2136.0
1882503,2018-03-10,59,59,VW55-59,50.24%,2253,2248,3264,2264.0
2378240,2018-03-17,40,40,VW40-44,62.03%,1480,0,1840,1836.0
492000,2018-03-17,49,49,VW45-49,56.54%,1758,1976,2988,1988.0
1882503,2018-03-17,59,59,VW55-59,42.13%,2687,2248,3264,2264.0
602680,2018-03-24,7,7,JM10,62.68%,1704,2090,2190,2136.0
1882503,2018-03-24,59,59,VW55-59,48.31%,2343,2248,3264,2264.0
602680,2018-03-31,7,7,JM10,64.69%,1651,2090,2190,2136.0
1882503,2018-04-07,59,59,VW55-59,51.11%,2215,2248,3264,2264.0
2378240,2018-04-21,40,40,VW40-44,61.16%,1501,0,1840,1836.0
2378240,2018-04-28,40,40,VW40-44,61.74%,1487,0,1840,1836.0
602680,2018-04-28,7,7,JM10,67.59%,1580,2090,2190,2136.0
1320223,2018-05-05,44,44,VM40-44,64.18%,1315,1682,2688,1688.0
2378240,2018-05-05,40,40,VW40-44,62.53%,1468,0,1840,1836.0
2378240,2018-05-12,40,40,VW40-44,62.96%,1458,0,1840,1836.0
602680,2018-05-12,7,7,JM10,66.17%,1614,2090,2190,2136.0
1997252,2018-05-19,43,43,VM40-44,69.37%,1208,1669,1681,1676.0
2378240,2018-05-19,40,40,VW40-44,62.79%,1462,0,1840,1836.0
2378240,2018-06-02,40,40,VW40-44,63.27%,1451,0,1840,1836.0
1675506,2018-06-02,15,15,JM15-17,54.83%,1523,1658,2670,1670.0
2378240,2018-06-23,40,40,VW40-44,64.33%,1427,0,1840,1836.0
1882503,2018-06-23,59,59,VW55-59,53.12%,2131,2248,3264,2264.0
2378240,2018-06-30,40,40,VW40-44,63.44%,1447,0,1840,1836.0
1882503,2018-06-30,59,59,VW55-59,52.00%,2177,2248,3264,2264.0
2378240,2018-07-07,40,40,VW40-44,63.53%,1445,0,1840,1836.0
2378240,2018-07-14,40,40,VW40-44,57.63%,1593,0,1840,1836.0
1882503,2018-07-14,59,59,VW55-59,44.94%,2519,2248,3264,2264.0
2378240,2018-07-21,40,40,VW40-44,62.49%,1469,0,1840,1836.0
1882503,2018-07-21,60,60,VW60-64,47.85%,2399,0,2311,2296.0
1320223,2018-07-28,44,44,VM40-44,67.90%,1243,1682,2688,1688.0
2378240,2018-07-28,40,40,VW40-44,63.93%,1436,0,1840,1836.0
3196133,2018-07-28,11,11,JM11-14,55.87%,1643,1811,2836,1836.0
1997252,2018-08-04,43,43,VM40-44,66.51%,1260,1669,1681,1676.0
2378240,2018-08-04,40,40,VW40-44,59.96%,1531,0,1840,1836.0
492000,2018-08-04,50,50,VW50-54,52.73%,1908,0,2023,2012.0
1882503,2018-08-04,60,60,VW60-64,50.00%,2296,0,2311,2296.0
1997252,2018-08-11,43,43,VM40-44,23.28%,3599,1669,1681,1676.0
3565261,2018-08-11,53,53,VM50-54,25.20%,3599,1806,1820,1814.0
602680,2018-08-11,8,8,JM10,28.37%,3599,2003,2089,2042.0
1882503,2018-08-11,60,60,VW60-64,31.90%,3599,0,2311,2296.0
3784285,2018-08-18,35,35,VM35-39,64.57%,1225,0,1586,1582.0
3565261,2018-08-18,53,53,VM50-54,56.58%,1603,1806,1820,1814.0
1882503,2018-08-18,60,60,VW60-64,53.37%,2151,0,2311,2296.0
3784285,2018-08-25,35,35,VM35-39,66.03%,1198,0,1586,1582.0
2378240,2018-08-25,40,40,VW40-44,61.69%,1488,0,1840,1836.0
3565261,2018-08-25,53,53,VM50-54,44.18%,2053,1806,1820,1814.0
2378240,2018-09-01,40,40,VW40-44,61.12%,1502,0,1840,1836.0
3565261,2018-09-01,53,53,VM50-54,57.19%,1586,1806,1820,1814.0
602680,2018-09-01,8,8,JM10,60.74%,1681,2003,2089,2042.0
1882503,2018-09-01,60,60,VW60-64,52.66%,2180,0,2311,2296.0
2378240,2018-09-08,40,40,VW40-44,61.78%,1486,0,1840,1836.0
1882503,2018-09-15,60,60,VW60-64,54.46%,2108,0,2311,2296.0
602680,2018-09-22,8,8,JM10,63.65%,1604,2003,2089,2042.0
1320223,2018-09-22,45,45,VM45-49,51.83%,1642,0,1707,1702.0
1882503,2018-09-22,60,60,VW60-64,55.41%,2072,0,2311,2296.0
1320223,2018-09-29,45,45,VM45-49,65.41%,1301,0,1707,1702.0
602680,2018-09-29,8,8,JM10,67.71%,1508,2003,2089,2042.0
3565261,2018-09-29,53,53,VM50-54,58.93%,1539,1806,1820,1814.0
2378240,2018-09-29,40,40,VW40-44,59.42%,1545,0,1840,1836.0
1320223,2018-10-06,45,45,VM45-49,73.62%,1156,0,1707,1702.0
3784285,2018-10-06,35,35,VM35-39,63.33%,1249,0,1586,1582.0
602680,2018-10-06,8,8,JM10,66.04%,1546,2003,2089,2042.0
492000,2018-10-06,50,50,VW50-54,50.78%,1981,0,2023,2012.0
1320223,2018-10-13,45,45,VM45-49,63.55%,1339,0,1707,1702.0
2378240,2018-10-13,40,40,VW40-44,58.62%,1566,0,1840,1836.0
3196133,2018-10-13,11,11,JM11-14,56.91%,1613,1811,2836,1836.0
3565261,2018-10-13,53,53,VM50-54,52.04%,1743,1806,1820,1814.0
602680,2018-10-13,8,8,JM10,56.91%,1794,2003,2089,2042.0
2378240,2018-10-20,40,40,VW40-44,58.51%,1569,0,1840,1836.0
1882503,2018-10-20,60,60,VW60-64,55.01%,2087,0,2311,2296.0
2378240,2018-10-27,40,40,VW40-44,57.52%,1596,0,1840,1836.0
1882503,2018-10-27,60,60,VW60-64,53.85%,2132,0,2311,2296.0
1320223,2018-11-03,45,45,VM45-49,61.80%,1377,0,1707,1702.0
2378240,2018-11-03,40,40,VW40-44,57.88%,1586,0,1840,1836.0
1997252,2018-11-10,44,44,VM40-44,73.46%,1149,1682,2688,1688.0
1320223,2018-11-17,45,45,VM45-49,61.18%,1391,0,1707,1702.0
3196133,2018-11-17,12,12,JM11-14,54.96%,1623,1763,1810,1784.0
3565261,2018-12-01,53,53,VM50-54,56.13%,1616,1806,1820,1814.0
492000,2018-12-01,50,50,VW50-54,51.59%,1950,0,2023,2012.0
1882503,2018-12-01,60,60,VW60-64,48.48%,2368,0,2311,2296.0
1320223,2018-12-08,45,45,VM45-49,72.98%,1166,0,1707,1702.0
602680,2018-12-08,8,8,JM10,64.09%,1593,2003,2089,2042.0
2378240,2018-12-08,40,40,VW40-44,54.87%,1673,0,1840,1836.0
492000,2018-12-08,50,50,VW50-54,52.51%,1916,0,2023,2012.0
3565261,2018-12-08,53,53,VM50-54,44.18%,2053,1806,1820,1814.0
1882503,2018-12-08,60,60,VW60-64,49.91%,2300,0,2311,2296.0
1320223,2018-12-15,45,45,VM45-49,71.94%,1183,0,1707,1702.0
602680,2018-12-15,8,8,JM10,64.91%,1573,2003,2089,2042.0
3565261,2018-12-15,53,53,VM50-54,56.69%,1600,1806,1820,1814.0
2378240,2018-12-15,40,40,VW40-44,56.67%,1620,0,1840,1836.0
492000,2018-12-15,50,50,VW50-54,52.53%,1915,0,2023,2012.0
1320223,2018-12-22,45,45,VM45-49,72.74%,1170,0,1707,1702.0
3784285,2018-12-22,35,35,VM35-39,61.94%,1277,0,1586,1582.0
2378240,2018-12-22,40,40,VW40-44,53.62%,1712,0,1840,1836.0
492000,2018-12-22,50,50,VW50-54,50.45%,1994,0,2023,2012.0
1882503,2018-12-22,60,60,VW60-64,55.03%,2086,0,2311,2296.0
1997252,2018-12-25,44,44,VM40-44,71.16%,1186,1682,2688,1688.0
2378240,2018-12-25,40,40,VW40-44,53.75%,1708,0,1840,1836.0
1997252,2018-12-29,44,44,VM40-44,74.82%,1128,1682,2688,1688.0
2378240,2018-12-29,40,40,VW40-44,59.69%,1538,0,1840,1836.0
5235438,2018-12-29,34,34,SW30-34,41.56%,2151,1786,2788,1788.0
1320223,2019-01-01,45,45,VM45-49,74.85%,1137,0,1707,1702.0
2378240,2019-01-01,41,41,VW40-44,58.64%,1574,1841,1852,1846.0
602680,2019-01-01,8,8,JM10,64.62%,1580,2003,2089,2042.0
2378240,2019-01-05,41,41,VW40-44,59.66%,1547,1841,1852,1846.0
1882503,2019-01-05,60,60,VW60-64,48.85%,2350,0,2311,2296.0
602680,2019-01-12,8,8,JM10,66.51%,1535,2003,2089,2042.0
2378240,2019-01-12,41,41,VW40-44,58.53%,1577,1841,1852,1846.0
3565261,2019-01-12,53,53,VM50-54,57.01%,1591,1806,1820,1814.0
1882503,2019-01-12,60,60,VW60-64,51.34%,2236,0,2311,2296.0
1997252,2019-01-19,44,44,VM40-44,68.45%,1233,1682,2688,1688.0
1320223,2019-01-19,45,45,VM45-49,61.98%,1373,0,1707,1702.0
2378240,2019-01-19,41,41,VW40-44,60.41%,1528,1841,1852,1846.0
602680,2019-01-19,8,8,JM10,65.74%,1553,2003,2089,2042.0
1684429,2019-01-19,40,40,VW40-44,55.20%,1663,0,1840,1836.0
1882503,2019-01-19,60,60,VW60-64,48.38%,2373,0,2311,2296.0
2378240,2019-01-26,41,41,VW40-44,59.82%,1543,1841,1852,1846.0
3565261,2019-01-26,53,53,VM50-54,47.54%,1908,1806,1820,1814.0
1882503,2019-01-26,60,60,VW60-64,52.21%,2199,0,2311,2296.0
492000,2019-02-02,50,50,VW50-54,52.02%,1934,0,2023,2012.0
1949590,2019-02-02,57,57,VW55-59,51.50%,2138,2187,2216,2202.0
1882503,2019-02-02,60,60,VW60-64,51.97%,2209,0,2311,2296.0
5012495,2019-02-02,45,45,VM45-49,35.38%,2405,0,1707,1702.0
1320223,2019-02-09,45,45,VM45-49,74.45%,1143,0,1707,1702.0
602680,2019-02-09,8,8,JM10,65.20%,1566,2003,2089,2042.0
2378240,2019-02-09,41,41,VW40-44,57.58%,1603,1841,1852,1846.0
1882503,2019-02-09,60,60,VW60-64,50.89%,2256,0,2311,2296.0
2378240,2019-02-16,41,41,VW40-44,58.49%,1578,1841,1852,1846.0
492000,2019-02-16,50,50,VW50-54,55.76%,1804,0,2023,2012.0
1882503,2019-02-16,60,60,VW60-64,51.50%,2229,0,2311,2296.0
1320223,2019-02-23,45,45,VM45-49,62.76%,1356,0,1707,1702.0
2378240,2019-02-23,41,41,VW40-44,56.28%,1640,1841,1852,1846.0
3565261,2019-02-23,53,53,VM50-54,52.64%,1723,1806,1820,1814.0
1882503,2019-02-23,60,60,VW60-64,51.95%,2210,0,2311,2296.0
3565261,2019-03-02,53,53,VM50-54,57.88%,1567,1806,1820,1814.0
602680,2019-03-02,8,8,JM10,51.57%,1980,2003,2089,2042.0
1882503,2019-03-02,60,60,VW60-64,52.90%,2170,0,2311,2296.0
1882503,2019-03-09,60,60,VW60-64,49.63%,2313,0,2311,2296.0
2378240,2019-03-16,41,41,VW40-44,58.98%,1565,1841,1852,1846.0
3565261,2019-03-16,53,53,VM50-54,52.64%,1723,1806,1820,1814.0
1882503,2019-03-16,60,60,VW60-64,50.95%,2253,0,2311,2296.0
1882503,2019-03-23,60,60,VW60-64,49.72%,2309,0,2311,2296.0
2378240,2019-03-30,41,41,VW40-44,61.66%,1497,1841,1852,1846.0
602680,2019-03-30,8,8,JM10,56.50%,1807,2003,2089,2042.0
1882503,2019-03-30,60,60,VW60-64,48.83%,2351,0,2311,2296.0
1997252,2019-04-06,44,44,VM40-44,68.56%,1231,1682,2688,1688.0
2378240,2019-04-06,41,41,VW40-44,61.25%,1507,1841,1852,1846.0
1882503,2019-04-06,60,60,VW60-64,51.69%,2221,0,2311,2296.0
602680,2019-04-13,8,8,JM10,67.17%,1520,2003,2089,2042.0
2378240,2019-04-13,41,41,VW40-44,59.74%,1545,1841,1852,1846.0
1882503,2019-04-13,60,60,VW60-64,53.05%,2164,0,2311,2296.0
1320223,2019-04-20,45,45,VM45-49,65.92%,1291,0,1707,1702.0
1882503,2019-04-20,60,60,VW60-64,51.41%,2233,0,2311,2296.0
2378240,2019-04-27,41,41,VW40-44,62.53%,1476,1841,1852,1846.0
2378240,2019-05-04,41,41,VW40-44,63.05%,1464,1841,1852,1846.0
3565261,2019-05-04,53,53,VM50-54,51.45%,1763,1806,1820,1814.0
1882503,2019-05-04,60,60,VW60-64,46.38%,2475,0,2311,2296.0
2378240,2019-05-11,41,41,VW40-44,59.78%,1544,1841,1852,1846.0
2378240,2019-05-18,41,41,VW40-44,63.88%,1445,1841,1852,1846.0
2378240,2019-05-25,41,41,VW40-44,61.70%,1496,1841,1852,1846.0
3565261,2019-06-01,53,53,VM50-54,54.41%,1667,1806,1820,1814.0
602680,2019-06-01,8,8,JM10,56.91%,1794,2003,2089,2042.0
602680,2019-06-15,8,8,JM10,54.77%,1864,2003,2089,2042.0
2378240,2019-06-15,41,41,VW40-44,49.38%,1869,1841,1852,1846.0
3565261,2019-06-15,53,53,VM50-54,35.67%,2543,1806,1820,1814.0
602680,2019-06-22,8,8,JM10,47.84%,2134,2003,2089,2042.0
2378240,2019-06-29,41,41,VW40-44,60.64%,1522,1841,1852,1846.0
1882503,2019-06-29,60,60,VW60-64,43.88%,2616,0,2311,2296.0
2378240,2019-07-13,41,41,VW40-44,58.94%,1566,1841,1852,1846.0
3565261,2019-07-13,53,53,VM50-54,55.58%,1632,1806,1820,1814.0
2378240,2019-07-20,41,41,VW40-44,59.90%,1541,1841,1852,1846.0
1684429,2019-07-27,41,41,VW40-44,55.97%,1649,1841,1852,1846.0
640896,2019-07-27,49,49,VM45-49,39.67%,2213,1749,2756,1756.0
2378240,2019-08-03,41,41,VW40-44,62.96%,1466,1841,1852,1846.0
3565261,2019-08-03,54,54,VM50-54,55.36%,1651,1821,2828,1828.0
2378240,2019-08-10,41,41,VW40-44,63.44%,1455,1841,1852,1846.0
2378240,2019-08-17,41,41,VW40-44,62.49%,1477,1841,1852,1846.0
3565261,2019-08-17,54,54,VM50-54,52.20%,1751,1821,2828,1828.0
602680,2019-08-17,9,9,JM10,45.65%,2149,1929,2002,1962.0
1997252,2019-08-24,44,44,VM40-44,75.22%,1122,1682,2688,1688.0
2378240,2019-08-24,41,41,VW40-44,63.44%,1455,1841,1852,1846.0
600747,2019-08-24,37,37,VW35-39,48.16%,1875,1803,1810,1806.0
1882503,2019-08-24,61,61,VW60-64,49.20%,2366,2312,2344,2328.0
2378240,2019-08-31,41,41,VW40-44,64.32%,1435,1841,1852,1846.0
3565261,2019-08-31,54,54,VM50-54,58.22%,1570,1821,2828,1828.0
1684429,2019-08-31,41,41,VW40-44,54.36%,1698,1841,1852,1846.0
1882503,2019-08-31,61,61,VW60-64,51.01%,2282,2312,2344,2328.0
1320223,2019-09-07,46,46,VM45-49,60.69%,1412,1708,1720,1714.0
2378240,2019-09-07,41,41,VW40-44,63.31%,1458,1841,1852,1846.0
602680,2019-09-07,9,9,JM10,63.50%,1545,1929,2002,1962.0
2378240,2019-09-14,41,41,VW40-44,66.64%,1385,1841,1852,1846.0
3565261,2019-09-14,54,54,VM50-54,54.02%,1692,1821,2828,1828.0
602680,2019-09-14,9,9,JM10,44.96%,2182,1929,2002,1962.0
1882503,2019-09-14,61,61,VW60-64,48.08%,2421,2312,2344,2328.0
3565261,2019-09-21,54,54,VM50-54,57.48%,1590,1821,2828,1828.0
602680,2019-09-21,9,9,JM10,60.82%,1613,1929,2002,1962.0
1882503,2019-09-21,61,61,VW60-64,48.99%,2376,2312,2344,2328.0
2378240,2019-09-28,41,41,VW40-44,65.00%,1420,1841,1852,1846.0
602680,2019-09-28,9,9,JM10,61.97%,1583,1929,2002,1962.0
2378240,2019-10-05,41,41,VW40-44,64.95%,1421,1841,1852,1846.0
1684429,2019-10-05,41,41,VW40-44,44.52%,2073,1841,1852,1846.0
1882503,2019-10-05,61,61,VW60-64,35.30%,3297,2312,2344,2328.0
1320223,2019-10-12,46,46,VM45-49,67.27%,1274,1708,1720,1714.0
2378240,2019-10-12,41,41,VW40-44,63.70%,1449,1841,1852,1846.0
3565261,2019-10-12,54,54,VM50-54,60.05%,1522,1821,2828,1828.0
3565261,2019-10-19,54,54,VM50-54,61.10%,1496,1821,2828,1828.0
614195,2019-10-19,58,58,VW55-59,54.04%,2065,2217,2247,2232.0
2378240,2019-10-26,41,41,VW40-44,62.53%,1476,1841,1852,1846.0
3565261,2019-10-26,54,54,VM50-54,56.95%,1605,1821,2828,1828.0
2378240,2019-11-02,41,41,VW40-44,62.32%,1481,1841,1852,1846.0
3565261,2019-11-02,53,53,VM50-54,54.08%,1677,1806,1820,1814.0
2378240,2019-11-09,41,41,VW40-44,62.49%,1477,1841,1852,1846.0
602680,2019-11-09,9,9,JM10,47.25%,2076,1929,2002,1962.0
1882503,2019-11-09,61,61,VW60-64,49.41%,2356,2312,2344,2328.0
2378240,2019-11-16,41,41,VW40-44,62.28%,1482,1841,1852,1846.0
3565261,2019-11-16,53,53,VM50-54,56.23%,1613,1806,1820,1814.0
602680,2019-11-16,9,9,JM10,54.90%,1787,1929,2002,1962.0
1882503,2019-11-16,61,61,VW60-64,51.69%,2252,2312,2344,2328.0
2378240,2019-11-23,41,41,VW40-44,62.75%,1471,1841,1852,1846.0
1882503,2019-11-23,61,61,VW60-64,52.10%,2234,2312,2344,2328.0
2378240,2019-11-30,41,41,VW40-44,60.13%,1535,1841,1852,1846.0
3565261,2019-11-30,53,53,VM50-54,53.13%,1707,1806,1820,1814.0
1882503,2019-11-30,61,61,VW60-64,51.99%,2239,2312,2344,2328.0
1997252,2019-12-07,45,45,VM45-49,65.36%,1302,0,1707,1702.0
2378240,2019-12-07,41,41,VW40-44,62.75%,1471,1841,1852,1846.0
1882503,2019-12-07,61,61,VW60-64,51.85%,2245,2312,2344,2328.0
2378240,2019-12-14,41,41,VW40-44,61.09%,1511,1841,1852,1846.0
602680,2019-12-14,9,9,JM10,62.48%,1570,1929,2002,1962.0
3565261,2019-12-14,53,53,VM50-54,54.18%,1674,1806,1820,1814.0
1320223,2019-12-14,46,46,VM45-49,48.94%,1751,1708,1720,1714.0
3565261,2019-12-21,53,53,VM50-54,43.97%,2063,1806,1820,1814.0
1882503,2019-12-21,61,61,VW60-64,47.30%,2461,2312,2344,2328.0
1997252,2019-12-25,45,45,VM45-49,69.41%,1226,0,1707,1702.0
2378240,2019-12-25,41,41,VW40-44,58.75%,1571,1841,1852,1846.0
3784285,2019-12-28,33,33,SM30-34,67.21%,1165,1563,1569,1566.0
2378240,2019-12-28,41,41,VW40-44,65.60%,1407,1841,1852,1846.0
598715,2019-12-28,56,56,VM55-59,53.23%,1747,1852,1867,1860.0
3784285,2020-01-01,33,33,SM30-34,64.23%,1219,1563,1569,1566.0
1997252,2020-01-01,45,45,VM45-49,69.24%,1229,0,1707,1702.0
3565261,2020-01-01,53,53,VM50-54,50.19%,1807,1806,1820,1814.0
1684429,2020-01-01,41,41,VW40-44,37.55%,2458,1841,1852,1846.0
495027,2020-01-04,49,49,VW45-49,43.43%,2289,1976,2988,1988.0
1997252,2020-01-18,45,45,VM45-49,66.38%,1282,0,1707,1702.0
2378240,2020-01-18,42,42,VW40-44,58.56%,1588,1853,1866,1860.0
602680,2020-01-18,9,9,JM10,58.85%,1667,1929,2002,1962.0
3565261,2020-01-18,53,53,VM50-54,52.07%,1742,1806,1820,1814.0
2378240,2020-01-25,42,42,VW40-44,61.06%,1523,1853,1866,1860.0
1882503,2020-01-25,61,61,VW60-64,50.99%,2283,2312,2344,2328.0
2378240,2020-02-01,42,42,VW40-44,58.75%,1583,1853,1866,1860.0
3565261,2020-02-01,53,53,VM50-54,47.94%,1892,1806,1820,1814.0
1882503,2020-02-01,61,61,VW60-64,53.27%,2185,2312,2344,2328.0
1997252,2020-02-08,45,45,VM45-49,74.26%,1146,0,1707,1702.0
2378240,2020-02-08,42,42,VW40-44,58.97%,1577,1853,1866,1860.0
1882503,2020-02-08,61,61,VW60-64,51.08%,2279,2312,2344,2328.0
1882503,2020-02-15,61,61,VW60-64,50.04%,2326,2312,2344,2328.0
2378240,2020-02-22,42,42,VW40-44,56.50%,1646,1853,1866,1860.0
602680,2020-02-22,9,9,JM10,59.10%,1660,1929,2002,1962.0
3565261,2020-02-22,53,53,VM50-54,50.47%,1797,1806,1820,1814.0
1882503,2020-02-22,61,61,VW60-64,49.49%,2352,2312,2344,2328.0
2378240,2020-02-29,42,42,VW40-44,56.92%,1634,1853,1866,1860.0
1882503,2020-02-29,61,61,VW60-64,47.47%,2452,2312,2344,2328.0
1882503,2020-03-07,61,61,VW60-64,50.37%,2311,2312,2344,2328.0
3897841,2020-03-14,48,48,VM45-49,49.89%,1746,1735,1748,1742.0
1882503,2020-03-14,61,61,VW60-64,50.41%,2309,2312,2344,2328.0
1997252,2021-07-24,46,46,VM45-49,76.72%,1117,1708,1720,1714.0
1320223,2021-08-07,48,48,VM45-49,52.60%,1656,1735,1748,1742.0
769960,2021-08-14,36,36,VW35-39,43.21%,2083,1797,1802,1800.0
1882503,2021-08-14,63,63,VW60-64,50.25%,2384,2379,2413,2396.0
3784285,2021-08-21,35,35,VM35-39,66.64%,1187,0,1586,1582.0
602680,2021-08-21,11,11,JM11-14,52.04%,1764,1811,2836,1836.0
1882503,2021-08-28,63,63,VW60-64,51.88%,2309,2379,2413,2396.0
602680,2021-09-04,11,11,JM11-14,45.20%,2031,1811,2836,1836.0
1882503,2021-09-04,63,63,VW60-64,48.56%,2467,2379,2413,2396.0
602680,2021-09-11,11,11,JM11-14,53.72%,1709,1811,2836,1836.0
1684429,2021-09-11,43,43,VW40-44,43.14%,2172,1867,1880,1874.0
1882503,2021-09-11,63,63,VW60-64,50.42%,2376,2379,2413,2396.0
602680,2021-09-18,11,11,JM11-14,52.82%,1738,1811,2836,1836.0
1882503,2021-09-18,63,63,VW60-64,49.26%,2432,2379,2413,2396.0
1997252,2021-09-25,46,46,VM45-49,75.37%,1137,1708,1720,1714.0
1882503,2021-09-25,63,63,VW60-64,49.38%,2426,2379,2413,2396.0
1882503,2021-10-09,63,63,VW60-64,54.23%,2209,2379,2413,2396.0
602680,2021-10-16,11,11,JM11-14,54.38%,1688,1811,2836,1836.0
1882503,2021-10-16,63,63,VW60-64,54.43%,2201,2379,2413,2396.0
508066,2021-10-30,56,56,VW55-59,54.60%,1989,2158,2186,2172.0
1882503,2021-10-30,63,63,VW60-64,53.24%,2250,2379,2413,2396.0
602680,2021-11-06,11,11,JM11-14,55.81%,1645,1811,2836,1836.0
1882503,2021-11-06,63,63,VW60-64,54.18%,2211,2379,2413,2396.0
602680,2021-11-13,11,11,JM11-14,55.30%,1660,1811,2836,1836.0
1882503,2021-11-13,63,63,VW60-64,49.32%,2429,2379,2413,2396.0
602680,2021-11-20,11,11,JM11-14,56.63%,1621,1811,2836,1836.0
1882503,2021-11-20,63,63,VW60-64,51.42%,2330,2379,2413,2396.0
1882503,2021-11-27,63,63,VW60-64,49.77%,2407,2379,2413,2396.0
1882503,2021-12-18,63,63,VW60-64,51.17%,2341,2379,2413,2396.0
3565261,2022-01-01,55,55,VM55-59,55.64%,1657,0,1851,1844.0
1882503,2022-01-01,63,63,VW60-64,49.32%,2429,2379,2413,2396.0
7364676,2022-01-08,22,24,SM20-24,35.62%,2173,0,1551,1548.0
1882503,2022-01-08,63,63,VW60-64,51.79%,2313,2379,2413,2396.0
3565261,2022-01-15,55,55,VM55-59,53.42%,1726,0,1851,1844.0
1882503,2022-01-15,63,63,VW60-64,52.02%,2303,2379,2413,2396.0
3565261,2022-01-22,55,55,VM55-59,51.83%,1779,0,1851,1844.0
1882503,2022-01-22,63,63,VW60-64,51.24%,2338,2379,2413,2396.0
3565261,2022-01-29,55,55,VM55-59,54.11%,1704,0,1851,1844.0
1882503,2022-01-29,63,63,VW60-64,51.37%,2332,2379,2413,2396.0
3565261,2022-02-05,55,55,VM55-59,54.08%,1705,0,1851,1844.0
1882503,2022-02-05,63,63,VW60-64,52.75%,2271,2379,2413,2396.0
3565261,2022-02-12,55,55,VM55-59,50.97%,1809,0,1851,1844.0
1882503,2022-02-12,63,63,VW60-64,51.79%,2313,2379,2413,2396.0
3565261,2022-02-26,55,55,VM55-59,54.27%,1699,0,1851,1844.0
1997252,2022-03-05,47,47,VM45-49,75.72%,1141,1721,1734,1728.0
3565261,2022-03-05,55,55,VM55-59,55.95%,1648,0,1851,1844.0
1882503,2022-03-05,63,63,VW60-64,45.87%,2612,2379,2413,2396.0
3784285,2022-03-12,35,35,VM35-39,66.86%,1183,0,1586,1582.0
3565261,2022-03-12,55,55,VM55-59,35.81%,2575,0,1851,1844.0
3196133,2022-03-19,15,15,JM15-17,55.48%,1505,1658,2670,1670.0
1882503,2022-03-19,63,63,VW60-64,44.45%,2695,2379,2413,2396.0
1997252,2022-03-26,47,47,VM45-49,75.79%,1140,1721,1734,1728.0
3565261,2022-03-26,55,55,VM55-59,56.25%,1639,0,1851,1844.0
1882503,2022-03-26,63,63,VW60-64,50.34%,2380,2379,2413,2396.0
1997252,2022-04-02,47,47,VM45-49,71.40%,1210,1721,1734,1728.0
3565261,2022-04-02,55,55,VM55-59,56.46%,1633,0,1851,1844.0
3784285,2022-04-16,36,36,VM35-39,68.56%,1161,1587,1596,1592.0
3565261,2022-04-16,55,55,VM55-59,52.48%,1757,0,1851,1844.0
1882503,2022-04-16,63,63,VW60-64,50.34%,2380,2379,2413,2396.0
3784285,2022-04-23,36,36,VM35-39,68.62%,1160,1587,1596,1592.0
1882503,2022-05-07,63,63,VW60-64,52.73%,2272,2379,2413,2396.0
1882503,2022-05-14,63,63,VW60-64,50.72%,2362,2379,2413,2396.0
1882503,2022-05-28,63,63,VW60-64,52.09%,2300,2379,2413,2396.0
3784285,2022-06-18,36,36,VM35-39,68.21%,1167,1587,1596,1592.0
3565261,2022-06-18,55,55,VM55-59,52.30%,1763,0,1851,1844.0
2378240,2022-06-18,44,44,VW40-44,49.42%,1910,1881,2888,1888.0
1997252,2022-06-25,47,47,VM45-49,74.93%,1153,1721,1734,1728.0
2378240,2022-06-25,44,44,VW40-44,53.51%,1764,1881,2888,1888.0
3784285,2022-07-02,36,36,VM35-39,68.92%,1155,1587,1596,1592.0
3196133,2022-07-02,15,15,JM15-17,56.50%,1478,1658,2670,1670.0
2378240,2022-07-02,44,44,VW40-44,54.85%,1721,1881,2888,1888.0
1882503,2022-07-02,63,63,VW60-64,47.52%,2521,2379,2413,2396.0
1997252,2022-07-09,47,47,VM45-49,70.99%,1217,1721,1734,1728.0
2378240,2022-07-09,44,44,VW40-44,56.49%,1671,1881,2888,1888.0
1882503,2022-07-09,63,63,VW60-64,43.71%,2741,2379,2413,2396.0
2378240,2022-07-16,44,44,VW40-44,57.60%,1639,1881,2888,1888.0
1882503,2022-07-16,63,63,VW60-64,45.64%,2625,2379,2413,2396.0
2378240,2022-07-23,44,44,VW40-44,56.43%,1673,1881,2888,1888.0
2378240,2022-07-30,44,44,VW40-44,55.53%,1700,1881,2888,1888.0
2378240,2022-08-06,44,44,VW40-44,58.31%,1619,1881,2888,1888.0
7364676,2022-08-06,20,24,SW20-24,42.53%,2088,0,2776,1776.0
3784285,2022-08-13,36,36,VM35-39,69.64%,1143,1587,1596,1592.0
2378240,2022-08-13,44,44,VW40-44,56.94%,1658,1881,2888,1888.0
3565261,2022-08-13,56,56,VM55-59,55.13%,1687,1852,1867,1860.0
2378240,2022-08-20,44,44,VW40-44,59.00%,1600,1881,2888,1888.0
3565261,2022-08-20,56,56,VM55-59,55.29%,1682,1852,1867,1860.0
7364676,2022-08-20,20,24,SW20-24,39.89%,2226,0,2776,1776.0
3784285,2022-08-27,36,36,VM35-39,70.50%,1129,1587,1596,1592.0
3784285,2022-09-17,36,36,VM35-39,71.52%,1113,1587,1596,1592.0
3565261,2022-09-17,56,56,VM55-59,55.49%,1676,1852,1867,1860.0
3565261,2022-09-24,56,56,VM55-59,58.42%,1592,1852,1867,1860.0
2378240,2022-09-24,44,44,VW40-44,55.50%,1701,1881,2888,1888.0
3565261,2022-10-01,56,56,VM55-59,57.37%,1621,1852,1867,1860.0
2378240,2022-10-01,44,44,VW40-44,55.33%,1706,1881,2888,1888.0
7929571,2022-10-08,18,18,SM18-19,46.19%,1732,1592,2600,1600.0
7929571,2022-11-05,15,15,JM15-17,48.15%,1734,1658,2670,1670.0
7364676,2022-11-05,20,24,SW20-24,38.24%,2322,0,2776,1776.0
215996,2022-11-19,57,57,VM55-59,77.58%,1209,1868,1883,1876.0
2378240,2022-11-19,44,44,VW40-44,50.97%,1852,1881,2888,1888.0
7929571,2022-12-03,15,15,JM15-17,52.42%,1593,1658,2670,1670.0
1882503,2022-12-03,64,64,VW60-64,51.77%,2349,2414,3432,2432.0
1997252,2022-12-25,48,48,VM45-49,70.87%,1229,1735,1748,1742.0
1882503,2022-12-31,64,64,VW60-64,45.46%,2675,2414,3432,2432.0
7929571,2023-01-14,15,15,JM15-17,51.48%,1622,1658,2670,1670.0
1997252,2023-01-28,48,48,VM45-49,74.64%,1167,1735,1748,1742.0
1882503,2023-02-11,64,64,VW60-64,50.96%,2386,2414,3432,2432.0
4300140,2023-02-18,22,24,SM20-24,57.68%,1342,0,1551,1548.0
1882503,2023-03-04,64,64,VW60-64,36.02%,3376,2414,3432,2432.0
8286970,2023-03-11,52,52,VM50-54,53.26%,1688,1791,1805,1798.0
7929571,2023-03-11,15,15,JM15-17,46.83%,1783,1658,2670,1670.0
8286970,2023-03-18,52,52,VM50-54,50.88%,1767,1791,1805,1798.0
1997252,2023-03-25,48,48,VM45-49,63.90%,1363,1735,1748,1742.0
8286970,2023-04-01,52,52,VM50-54,54.88%,1638,1791,1805,1798.0
3565261,2023-04-08,56,56,VM55-59,56.09%,1658,1852,1867,1860.0
1882503,2023-04-08,64,64,VW60-64,50.12%,2426,2414,3432,2432.0
8286970,2023-04-22,53,53,VM50-54,54.54%,1663,1806,1820,1814.0
1882503,2023-04-29,64,64,VW60-64,48.70%,2497,2414,3432,2432.0
7929571,2023-06-17,15,15,JM15-17,49.32%,1693,1658,2670,1670.0
2378240,2023-06-17,45,45,VW45-49,46.83%,2035,0,1914,1906.0
2378240,2023-06-24,45,45,VW45-49,49.95%,1908,0,1914,1906.0
3565261,2023-07-01,56,56,VM55-59,57.06%,1630,1852,1867,1860.0
2378240,2023-07-01,45,45,VW45-49,50.13%,1901,0,1914,1906.0
3565261,2023-07-08,56,56,VM55-59,55.00%,1691,1852,1867,1860.0
2378240,2023-07-08,45,45,VW45-49,49.84%,1912,0,1914,1906.0
2378240,2023-07-15,45,45,VW45-49,52.31%,1822,0,1914,1906.0
1882503,2023-07-15,64,64,VW60-64,47.72%,2548,2414,3432,2432.0
2378240,2023-07-22,45,45,VW45-49,51.85%,1838,0,1914,1906.0
2378240,2023-07-29,45,45,VW45-49,54.77%,1740,0,1914,1906.0
2378240,2023-08-05,45,45,VW45-49,53.66%,1776,0,1914,1906.0
2378240,2023-08-12,45,45,VW45-49,51.54%,1849,0,1914,1906.0
949684,2023-08-19,54,54,VM50-54,77.72%,1176,1821,2828,1828.0
7929571,2023-08-26,16,16,JM15-17,48.52%,1694,1633,1657,1644.0
2378240,2023-09-16,45,45,VW45-49,52.13%,1828,0,1914,1906.0
5012495,2023-09-16,49,49,VM45-49,32.75%,2681,1749,2756,1756.0
2378240,2023-09-23,45,45,VW45-49,52.68%,1809,0,1914,1906.0
2378240,2023-09-30,45,45,VW45-49,52.77%,1806,0,1914,1906.0
2378240,2023-10-07,45,45,VW45-49,53.54%,1780,0,1914,1906.0
1882503,2023-10-07,65,65,VW65-69,45.72%,2701,0,2488,2470.0
2378240,2023-10-14,45,45,VW45-49,55.12%,1729,0,1914,1906.0
2378240,2023-10-28,45,45,VW45-49,54.74%,1741,0,1914,1906.0
5012495,2023-10-28,49,49,VM45-49,36.37%,2414,1749,2756,1756.0
1320223,2023-11-11,50,50,VM50-54,65.90%,1343,0,1776,1770.0
3196133,2023-11-11,17,17,JM15-17,59.69%,1357,0,1632,1620.0
5012495,2023-11-11,49,49,VM45-49,35.60%,2466,1749,2756,1756.0
5012495,2023-11-18,50,50,VM50-54,35.71%,2478,0,1776,1770.0
2378240,2023-12-02,45,45,VW45-49,52.08%,1830,0,1914,1906.0
5012495,2023-12-09,50,50,VM50-54,35.30%,2507,0,1776,1770.0
8286970,2023-12-16,53,53,VM50-54,56.41%,1608,1806,1820,1814.0
5012495,2023-12-16,50,50,VM50-54,36.68%,2413,0,1776,1770.0
5012495,2023-12-23,50,50,VM50-54,38.83%,2279,0,1776,1770.0
1997252,2023-12-25,49,49,VM45-49,70.98%,1237,1749,2756,1756.0
3565261,2023-12-30,57,57,VM55-59,57.02%,1645,1868,1883,1876.0
8286970,2023-12-30,53,53,VM50-54,53.86%,1684,1806,1820,1814.0
2378240,2024-01-20,46,46,VW45-49,53.00%,1815,1915,1933,1924.0
8286970,2024-01-20,53,53,VM50-54,48.27%,1879,1806,1820,1814.0
5012495,2024-01-20,50,50,VM50-54,37.00%,2392,0,1776,1770.0
1997252,2024-01-27,49,49,VM45-49,75.82%,1158,1749,2756,1756.0
2378240,2024-01-27,46,46,VW45-49,54.23%,1774,1915,1933,1924.0
2378240,2024-02-03,46,46,VW45-49,54.20%,1775,1915,1933,1924.0
3565261,2024-02-10,57,57,VM55-59,37.79%,2482,1868,1883,1876.0
2378240,2024-02-17,46,46,VW45-49,56.03%,1717,1915,1933,1924.0
5012495,2024-02-17,50,50,VM50-54,38.49%,2299,0,1776,1770.0
8286970,2024-02-24,52,52,VM50-54,53.35%,1685,1791,1805,1798.0
2378240,2024-02-24,46,46,VW45-49,56.00%,1718,1915,1933,1924.0
5012495,2024-02-24,50,50,VM50-54,39.72%,2228,0,1776,1770.0
3565261,2024-02-24,57,57,VM55-59,33.70%,2783,1868,1883,1876.0
2378240,2024-03-09,46,46,VW45-49,53.62%,1794,1915,1933,1924.0
5012495,2024-03-09,50,50,VM50-54,38.00%,2329,0,1776,1770.0
5012495,2024-03-16,50,50,VM50-54,39.85%,2221,0,1776,1770.0
1997252,2024-03-23,49,49,VM45-49,73.29%,1198,1749,2756,1756.0
8286970,2024-03-23,52,52,VM50-54,57.41%,1566,1791,1805,1798.0
5012495,2024-03-23,50,50,VM50-54,39.14%,2261,0,1776,1770.0
1882503,2024-03-23,65,65,VW65-69,47.55%,2597,0,2488,2470.0
1997252,2024-03-30,49,49,VM45-49,64.23%,1367,1749,2756,1756.0
2378240,2024-03-30,46,46,VW45-49,56.22%,1711,1915,1933,1924.0
1882503,2024-03-30,65,65,VW65-69,46.85%,2636,0,2488,2470.0
2378240,2024-04-06,46,46,VW45-49,55.35%,1738,1915,1933,1924.0
5012495,2024-04-13,50,50,VM50-54,37.85%,2338,0,1776,1770.0
1320223,2024-04-20,50,50,VM50-54,63.99%,1383,0,1776,1770.0
5012495,2024-04-20,50,50,VM50-54,39.07%,2265,0,1776,1770.0
3565261,2024-04-27,57,57,VM55-59,52.46%,1788,1868,1883,1876.0
5012495,2024-04-27,50,50,VM50-54,39.44%,2244,0,1776,1770.0
3565261,2024-05-04,57,57,VM55-59,53.72%,1746,1868,1883,1876.0
2378240,2024-05-04,46,46,VW45-49,52.51%,1832,1915,1933,1924.0
3565261,2024-05-11,57,57,VM55-59,55.67%,1685,1868,1883,1876.0
2378240,2024-05-11,46,46,VW45-49,54.66%,1760,1915,1933,1924.0
5012495,2024-05-11,50,50,VM50-54,39.83%,2222,0,1776,1770.0
3565261,2024-05-18,57,57,VM55-59,58.44%,1605,1868,1883,1876.0
2378240,2024-05-18,46,46,VW45-49,56.92%,1690,1915,1933,1924.0
1882503,2024-05-18,65,65,VW65-69,51.89%,2380,0,2488,2470.0
2378240,2024-06-01,46,46,VW45-49,53.65%,1793,1915,1933,1924.0
5012495,2024-06-01,50,50,VM50-54,33.73%,2624,0,1776,1770.0
2378240,2024-06-08,46,46,VW45-49,58.44%,1646,1915,1933,1924.0
5012495,2024-06-08,50,50,VM50-54,39.53%,2239,0,1776,1770.0
2378240,2024-06-22,46,46,VW45-49,57.09%,1685,1915,1933,1924.0
2378240,2024-06-29,46,46,VW45-49,56.32%,1708,1915,1933,1924.0
1320223,2024-07-06,50,50,VM50-54,65.27%,1356,0,1776,1770.0
2378240,2024-07-06,46,46,VW45-49,57.09%,1685,1915,1933,1924.0
5012495,2024-07-06,50,50,VM50-54,36.89%,2399,0,1776,1770.0
3565261,2024-07-20,57,57,VM55-59,51.06%,1837,1868,1883,1876.0
5012495,2024-07-20,50,50,VM50-54,36.86%,2401,0,1776,1770.0
2378240,2024-07-27,46,46,VW45-49,53.56%,1796,1915,1933,1924.0
5012495,2024-07-27,50,50,VM50-54,36.11%,2451,0,1776,1770.0
2378240,2024-08-03,46,46,VW45-49,56.13%,1714,1915,1933,1924.0
5012495,2024-08-10,50,50,VM50-54,36.78%,2406,0,1776,1770.0
2378240,2024-08-17,46,46,VW45-49,56.76%,1695,1915,1933,1924.0
2378240,2024-08-24,46,46,VW45-49,56.13%,1714,1915,1933,1924.0
5012495,2024-08-31,50,50,VM50-54,38.46%,2301,0,1776,1770.0
5012495,2024-09-07,50,50,VM50-54,38.71%,2286,0,1776,1770.0
2378240,2024-09-14,46,46,VW45-49,55.35%,1738,1915,1933,1924.0
5012495,2024-09-21,50,50,VM50-54,37.90%,2335,0,1776,1770.0
2378240,2024-09-28,46,46,VW45-49,56.32%,1708,1915,1933,1924.0
5012495,2024-09-28,50,50,VM50-54,40.08%,2208,0,1776,1770.0
8286970,2024-10-05,53,53,VM50-54,54.28%,1671,1806,1820,1814.0
2378240,2024-10-05,46,46,VW45-49,55.22%,1742,1915,1933,1924.0
2378240,2024-10-12,46,46,VW45-49,58.13%,1655,1915,1933,1924.0
5012495,2024-10-12,50,50,VM50-54,40.37%,2192,0,1776,1770.0
5012495,2024-10-19,50,50,VM50-54,37.29%,2373,0,1776,1770.0
2378240,2024-10-26,46,46,VW45-49,54.72%,1758,1915,1933,1924.0
1752380,2024-11-02,57,57,VM55-59,63.34%,1481,1868,1883,1876.0
1014475,2024-11-02,62,62,VM60-64,53.32%,1836,1950,1966,1958.0
2038021,2024-11-02,37,37,VM35-39,35.90%,2231,1597,1607,1602.0
4724979,2024-11-02,57,57,VM55-59,54.63%,1717,1868,1883,1876.0
140578,2024-11-02,61,61,VW60-64,63.26%,1840,2312,2344,2328.0
2378240,2024-11-02,46,46,VW45-49,54.60%,1762,1915,1933,1924.0
598715,2014-11-08,51,51,VM50-54,55.30%,1613,1777,1790,1784.0
125003,2014-11-08,54,54,VW50-54,51.48%,2055,2103,3116,2116.0
74670,2015-03-14,49,49,VW45-49,44.90%,2214,1976,2988,1988.0
1468454,2015-04-25,11,11,JW11-14,39.98%,2496,1976,2996,1996.0
215996,2015-08-01,49,49,VM45-49,73.11%,1201,1749,2756,1756.0
598715,2015-11-14,52,52,VM50-54,26.07%,3449,1791,1805,1798.0
598715,2016-11-12,53,53,VM50-54,51.65%,1756,1806,1820,1814.0
598715,2017-06-03,53,53,VM50-54,48.40%,1874,1806,1820,1814.0
1138623,2017-12-25,44,44,VM40-44,49.18%,1716,1682,2688,1688.0
3738636,2018-04-07,46,46,VW45-49,35.86%,2683,1915,1933,1924.0
572070,2018-04-14,49,49,VM45-49,45.33%,1937,1749,2756,1756.0
3738636,2018-10-27,46,46,VW45-49,29.13%,3303,1915,1933,1924.0
3738636,2018-11-03,46,46,VW45-49,34.82%,2763,1915,1933,1924.0
3738636,2018-11-10,46,46,VW45-49,32.98%,2917,1915,1933,1924.0
3738636,2018-11-24,47,47,VW45-49,36.19%,2686,1934,1953,1944.0
3738636,2018-12-15,47,47,VW45-49,33.96%,2862,1934,1953,1944.0
3738636,2018-12-29,47,47,VW45-49,35.85%,2711,1934,1953,1944.0
3738636,2019-01-05,47,47,VW45-49,36.20%,2685,1934,1953,1944.0
3738636,2019-01-12,47,47,VW45-49,39.45%,2464,1934,1953,1944.0
3738636,2019-01-26,47,47,VW45-49,38.77%,2507,1934,1953,1944.0
3738636,2019-02-02,47,47,VW45-49,37.89%,2565,1934,1953,1944.0
3738636,2019-02-16,47,47,VW45-49,37.28%,2607,1934,1953,1944.0
3738636,2019-02-23,47,47,VW45-49,37.89%,2565,1934,1953,1944.0
3738636,2019-03-02,47,47,VW45-49,39.82%,2441,1934,1953,1944.0
3738636,2019-03-09,47,47,VW45-49,39.82%,2441,1934,1953,1944.0
3738636,2019-03-23,46,46,VW45-49,42.14%,2283,1915,1933,1924.0
3738636,2019-04-13,46,46,VW45-49,39.12%,2459,1915,1933,1924.0
3738636,2019-04-20,46,46,VW45-49,42.55%,2261,1915,1933,1924.0
3738636,2019-04-27,46,46,VW45-49,42.76%,2250,1915,1933,1924.0
3738636,2019-05-18,46,46,VW45-49,41.34%,2327,1915,1933,1924.0
3738636,2019-06-01,46,46,VW45-49,41.09%,2341,1915,1933,1924.0
3738636,2019-06-15,46,46,VW45-49,42.62%,2257,1915,1933,1924.0
3738636,2019-06-22,46,46,VW45-49,42.27%,2276,1915,1933,1924.0
3738636,2019-07-13,46,46,VW45-49,45.12%,2132,1915,1933,1924.0
598715,2019-08-03,55,55,VM55-59,53.11%,1736,0,1851,1844.0
3738636,2019-08-03,46,46,VW45-49,42.38%,2270,1915,1933,1924.0
3738636,2019-08-10,46,46,VW45-49,44.50%,2162,1915,1933,1924.0
3738636,2019-08-17,46,46,VW45-49,43.14%,2230,1915,1933,1924.0
3738636,2019-08-31,46,46,VW45-49,43.02%,2236,1915,1933,1924.0
3738636,2019-09-07,46,46,VW45-49,44.91%,2142,1915,1933,1924.0
3738636,2019-09-21,46,46,VW45-49,26.77%,3594,1915,1933,1924.0
3738636,2019-09-28,46,46,VW45-49,28.22%,3409,1915,1933,1924.0
3738636,2019-10-05,46,46,VW45-49,29.88%,3220,1915,1933,1924.0
3738636,2019-10-12,46,46,VW45-49,27.62%,3483,1915,1933,1924.0
3738636,2019-10-19,46,46,VW45-49,39.19%,2455,1915,1933,1924.0
3738636,2019-10-26,46,46,VW45-49,43.81%,2196,1915,1933,1924.0
3738636,2019-11-02,46,46,VW45-49,43.65%,2204,1915,1933,1924.0
3738636,2019-11-09,46,46,VW45-49,29.07%,3309,1915,1933,1924.0
3738636,2019-11-16,46,46,VW45-49,40.54%,2373,1915,1933,1924.0
3738636,2019-11-23,47,47,VW45-49,43.14%,2253,1934,1953,1944.0
3738636,2019-12-07,47,47,VW45-49,30.73%,3163,1934,1953,1944.0
3738636,2019-12-14,47,47,VW45-49,40.50%,2400,1934,1953,1944.0
3738636,2019-12-21,47,47,VW45-49,41.75%,2328,1934,1953,1944.0
3738636,2019-12-25,47,47,VW45-49,41.19%,2360,1934,1953,1944.0
3738636,2020-01-18,47,47,VW45-49,44.02%,2208,1934,1953,1944.0
3738636,2020-01-25,47,47,VW45-49,45.15%,2153,1934,1953,1944.0
3738636,2020-02-01,47,47,VW45-49,44.67%,2176,1934,1953,1944.0
3738636,2020-02-08,47,47,VW45-49,45.61%,2131,1934,1953,1944.0
3738636,2020-02-15,47,47,VW45-49,45.51%,2136,1934,1953,1944.0
3738636,2020-02-22,47,47,VW45-49,43.37%,2241,1934,1953,1944.0
3738636,2020-02-29,47,47,VW45-49,44.53%,2183,1934,1953,1944.0
3738636,2020-03-07,47,47,VW45-49,45.72%,2126,1934,1953,1944.0
3738636,2021-07-31,48,48,VW45-49,42.81%,2294,1954,1975,1964.0
3738636,2021-08-21,48,48,VW45-49,44.08%,2228,1954,1975,1964.0
3738636,2021-08-28,48,48,VW45-49,44.68%,2198,1954,1975,1964.0
3738636,2021-09-04,48,48,VW45-49,44.41%,2211,1954,1975,1964.0
3738636,2021-09-11,48,48,VW45-49,44.60%,2202,1954,1975,1964.0
3738636,2021-09-18,48,48,VW45-49,45.48%,2159,1954,1975,1964.0
3738636,2021-09-25,48,48,VW45-49,46.76%,2100,1954,1975,1964.0
3738636,2022-04-02,49,49,VW45-49,33.64%,2955,1976,2988,1988.0
508066,2022-04-16,56,56,VW55-59,69.30%,1567,2158,2186,2172.0
3738636,2022-05-28,49,49,VW45-49,41.61%,2389,1976,2988,1988.0
3738636,2022-06-11,49,49,VW45-49,39.98%,2486,1976,2988,1988.0
3738636,2022-06-18,49,49,VW45-49,40.94%,2428,1976,2988,1988.0
3738636,2022-06-25,49,49,VW45-49,41.50%,2395,1976,2988,1988.0
3738636,2022-07-02,49,49,VW45-49,41.69%,2384,1976,2988,1988.0
1646899,2022-11-26,51,51,VW50-54,50.10%,2032,2024,2048,2036.0
3738636,2022-12-31,50,50,VW50-54,31.75%,3169,0,2023,2012.0
3738636,2023-01-07,50,50,VW50-54,28.59%,3519,0,2023,2012.0
614195,2023-01-14,61,61,VW60-64,37.82%,3078,2312,2344,2328.0
3738636,2023-01-14,50,50,VW50-54,31.87%,3157,0,2023,2012.0
3738636,2023-01-28,50,50,VW50-54,36.84%,2731,0,2023,2012.0
4300140,2023-02-04,22,24,SM20-24,58.73%,1318,0,1551,1548.0
3738636,2023-02-04,50,50,VW50-54,36.72%,2740,0,2023,2012.0
600747,2023-02-11,41,41,VW40-44,43.81%,2107,1841,1852,1846.0
3738636,2023-02-11,50,50,VW50-54,37.00%,2719,0,2023,2012.0
3738636,2023-02-18,50,50,VW50-54,36.52%,2755,0,2023,2012.0
3738636,2023-02-25,50,50,VW50-54,38.19%,2634,0,2023,2012.0
3738636,2023-03-11,50,50,VW50-54,39.13%,2571,0,2023,2012.0
3738636,2023-03-18,50,50,VW50-54,39.19%,2567,0,2023,2012.0
3738636,2023-05-27,50,50,VW50-54,39.07%,2575,0,2023,2012.0
3738636,2023-07-08,50,50,VW50-54,37.79%,2662,0,2023,2012.0
3738636,2023-07-22,50,50,VW50-54,42.39%,2373,0,2023,2012.0
3738636,2023-08-12,50,50,VW50-54,39.78%,2529,0,2023,2012.0
3738636,2023-08-19,50,50,VW50-54,38.99%,2580,0,2023,2012.0
3738636,2023-09-23,50,50,VW50-54,33.19%,3031,0,2023,2012.0
3738636,2023-10-07,50,50,VW50-54,33.77%,2979,0,2023,2012.0
3738636,2023-10-28,50,50,VW50-54,33.87%,2970,0,2023,2012.0
3738636,2023-11-04,50,50,VW50-54,39.08%,2574,0,2023,2012.0
2528702,2023-11-11,31,31,SW30-34,58.45%,1521,1777,1778,1778.0
3738636,2023-11-25,51,51,VW50-54,39.27%,2592,2024,2048,2036.0
3738636,2023-12-23,51,51,VW50-54,39.64%,2568,2024,2048,2036.0
3738636,2023-12-25,51,51,VW50-54,39.78%,2559,2024,2048,2036.0
3738636,2024-01-01,51,51,VW50-54,38.31%,2657,2024,2048,2036.0
3738636,2024-01-06,51,51,VW50-54,42.65%,2387,2024,2048,2036.0
5692217,2024-01-20,49,49,VW45-49,56.22%,1768,1976,2988,1988.0
152395,2011-06-04,54,54,VW50-54,72.61%,1453,2103,3116,2110.0
149996,2011-06-04,51,51,VW50-54,51.79%,1960,2024,2048,2030.0
152395,2011-06-11,54,54,VW50-54,72.46%,1456,2103,3116,2110.0
149996,2011-06-11,51,51,VW50-54,52.92%,1918,2024,2048,2030.0
152395,2011-06-18,54,54,VW50-54,72.96%,1446,2103,3116,2110.0
85082,2011-06-18,42,42,VW40-44,43.64%,2138,1853,1866,1866.0
152395,2011-06-25,54,54,VW50-54,74.72%,1412,2103,3116,2110.0
152395,2011-07-02,54,54,VW50-54,75.14%,1404,2103,3116,2110.0
85082,2011-07-02,42,42,VW40-44,44.90%,2078,1853,1866,1866.0
152395,2011-07-09,54,54,VW50-54,74.66%,1413,2103,3116,2110.0
164707,2011-07-09,49,49,VW45-49,57.45%,1725,1976,2988,1982.0
85082,2011-07-09,42,42,VW40-44,46.60%,2002,1853,1866,1866.0
152395,2011-07-16,54,54,VW50-54,75.46%,1398,2103,3116,2110.0
141347,2011-07-16,48,48,VW45-49,58.52%,1673,1954,1975,1958.0
83295,2011-07-16,57,57,VW55-59,62.44%,1757,2187,2216,2194.0
85082,2011-07-16,42,42,VW40-44,48.17%,1937,1853,1866,1866.0
152395,2011-07-23,54,54,VW50-54,75.63%,1395,2103,3116,2110.0
141347,2011-07-23,48,48,VW45-49,58.34%,1678,1954,1975,1958.0
83295,2011-07-23,57,57,VW55-59,65.22%,1682,2187,2216,2194.0
170829,2011-07-23,42,42,VW40-44,43.58%,2141,1853,1866,1866.0
141347,2011-07-30,48,48,VW45-49,59.77%,1638,1954,1975,1958.0
164707,2011-07-30,49,49,VW45-49,57.25%,1731,1976,2988,1982.0
162024,2011-07-30,59,59,VW55-59,55.11%,2047,2248,3264,2256.0
170829,2011-07-30,42,42,VW40-44,44.88%,2079,1853,1866,1866.0
152395,2011-08-06,54,54,VW50-54,76.01%,1388,2103,3116,2110.0
164707,2011-08-06,49,49,VW45-49,57.52%,1723,1976,2988,1982.0
170829,2011-08-06,42,42,VW40-44,45.58%,2047,1853,1866,1866.0
141347,2011-08-20,48,48,VW45-49,58.14%,1684,1954,1975,1958.0
164707,2011-08-27,49,49,VW45-49,60.43%,1640,1976,2988,1982.0
141347,2011-08-27,48,48,VW45-49,59.66%,1641,1954,1975,1958.0
164707,2011-09-03,49,49,VW45-49,57.48%,1724,1976,2988,1982.0
170829,2011-09-03,44,44,VW40-44,44.47%,2116,1881,2888,1882.0
152395,2011-09-10,54,54,VW50-54,73.83%,1429,2103,3116,2110.0
141347,2011-09-10,48,48,VW45-49,59.95%,1633,1954,1975,1958.0
164707,2011-09-10,49,49,VW45-49,58.54%,1693,1976,2988,1982.0
170829,2011-09-10,44,44,VW40-44,44.62%,2109,1881,2888,1882.0
152395,2011-09-17,54,54,VW50-54,75.25%,1402,2103,3116,2110.0
164707,2011-09-17,49,49,VW45-49,58.95%,1681,1976,2988,1982.0
149996,2011-09-17,52,52,VW50-54,52.69%,1951,2049,2075,2056.0
170829,2011-09-17,44,44,VW40-44,44.03%,2137,1881,2888,1882.0
141347,2011-09-24,48,48,VW45-49,60.25%,1625,1954,1975,1958.0
164707,2011-09-24,49,49,VW45-49,59.56%,1664,1976,2988,1982.0
85082,2011-09-24,44,44,VW40-44,49.04%,1919,1881,2888,1882.0
152395,2011-10-01,54,54,VW50-54,74.14%,1423,2103,3116,2110.0
141347,2011-10-01,49,49,VW45-49,60.91%,1627,1976,2988,1982.0
149996,2011-10-01,52,52,VW50-54,53.49%,1922,2049,2075,2056.0
152395,2011-10-08,54,54,VW50-54,74.09%,1424,2103,3116,2110.0
164707,2011-10-08,49,49,VW45-49,60.17%,1647,1976,2988,1982.0
141347,2011-10-08,49,49,VW45-49,60.13%,1648,1976,2988,1982.0
170829,2011-10-08,44,44,VW40-44,45.11%,2086,1881,2888,1882.0
152395,2011-10-15,54,54,VW50-54,75.14%,1404,2103,3116,2110.0
195736,2011-10-15,48,48,VW45-49,53.09%,1844,1954,1975,1958.0
152395,2011-10-22,54,54,VW50-54,75.46%,1398,2103,3116,2110.0
141347,2011-10-22,49,49,VW45-49,61.98%,1599,1976,2988,1982.0
152395,2011-10-29,53,53,VW50-54,76.33%,1369,2076,2102,2090.0
141347,2011-10-29,48,48,VW45-49,60.47%,1624,1954,1975,1964.0
149996,2011-10-29,51,51,VW50-54,52.04%,1956,2024,2048,2036.0
152395,2011-11-05,53,53,VW50-54,75.45%,1385,2076,2102,2090.0
164707,2011-11-05,48,48,VW45-49,59.09%,1662,1954,1975,1964.0
195736,2011-11-05,47,47,VW45-49,54.39%,1787,1934,1953,1944.0
170829,2011-11-05,43,43,VW40-44,45.60%,2055,1867,1880,1874.0
141347,2011-11-12,48,48,VW45-49,60.13%,1633,1954,1975,1964.0
164707,2011-11-12,48,48,VW45-49,58.80%,1670,1954,1975,1964.0
195736,2011-11-12,47,47,VW45-49,54.51%,1783,1934,1953,1944.0
152395,2011-11-12,53,53,VW50-54,58.58%,1784,2076,2102,2090.0
164707,2011-11-19,48,48,VW45-49,59.88%,1640,1954,1975,1964.0
141347,2011-11-26,48,48,VW45-49,59.91%,1639,1954,1975,1964.0
83295,2011-12-03,56,56,VW55-59,63.88%,1700,2158,2186,2172.0
164707,2011-12-10,48,48,VW45-49,59.88%,1640,1954,1975,1964.0
141347,2011-12-10,48,48,VW45-49,59.84%,1641,1954,1975,1964.0
164707,2011-12-17,48,48,VW45-49,60.17%,1632,1954,1975,1964.0
164707,2011-12-24,48,48,VW45-49,59.44%,1652,1954,1975,1964.0
85082,2011-12-24,43,43,VW40-44,44.88%,2088,1867,1880,1874.0
170829,2011-12-24,43,43,VW40-44,44.73%,2095,1867,1880,1874.0
164707,2012-01-07,49,49,VW45-49,59.77%,1663,1976,2988,1988.0
141347,2012-01-07,48,48,VW45-49,59.01%,1664,1954,1975,1964.0
170829,2012-01-07,43,43,VW40-44,47.68%,1965,1867,1880,1874.0
164707,2012-01-14,49,49,VW45-49,61.06%,1628,1976,2988,1988.0
141347,2012-01-14,48,48,VW45-49,59.81%,1642,1954,1975,1964.0
152395,2012-01-21,54,54,VW50-54,66.46%,1592,2103,3116,2116.0
164707,2012-01-21,49,49,VW45-49,59.88%,1660,1976,2988,1988.0
152395,2012-01-28,54,54,VW50-54,67.00%,1579,2103,3116,2116.0
141347,2012-01-28,48,48,VW45-49,59.70%,1645,1954,1975,1964.0
164707,2012-01-28,49,49,VW45-49,60.13%,1653,1976,2988,1988.0
141347,2012-02-04,48,48,VW45-49,62.11%,1581,1954,1975,1964.0
164707,2012-02-11,49,49,VW45-49,59.77%,1663,1976,2988,1988.0
164707,2012-02-18,49,49,VW45-49,58.75%,1692,1976,2988,1988.0
122015,2012-02-25,49,49,VW45-49,64.17%,1549,1976,2988,1988.0
141347,2012-02-25,48,48,VW45-49,60.99%,1610,1954,1975,1964.0
164707,2012-02-25,49,49,VW45-49,60.54%,1642,1976,2988,1988.0
122015,2012-03-03,49,49,VW45-49,64.88%,1532,1976,2988,1988.0
141347,2012-03-03,48,48,VW45-49,61.68%,1592,1954,1975,1964.0
122015,2012-03-10,49,49,VW45-49,64.59%,1539,1976,2988,1988.0
152395,2012-03-10,54,54,VW50-54,68.66%,1541,2103,3116,2116.0
141347,2012-03-10,48,48,VW45-49,60.17%,1632,1954,1975,1964.0
164707,2012-03-10,49,49,VW45-49,60.91%,1632,1976,2988,1988.0
152395,2012-03-17,54,54,VW50-54,70.96%,1491,2103,3116,2116.0
164707,2012-03-17,49,49,VW45-49,61.62%,1613,1976,2988,1988.0
152395,2012-03-24,54,54,VW50-54,71.44%,1481,2103,3116,2116.0
141347,2012-03-24,48,48,VW45-49,61.49%,1597,1954,1975,1964.0
164707,2012-03-24,49,49,VW45-49,62.20%,1598,1976,2988,1988.0
83295,2012-03-24,57,57,VW55-59,47.05%,2340,2187,2216,2202.0
152395,2012-03-31,54,54,VW50-54,72.52%,1459,2103,3116,2116.0
164707,2012-03-31,49,49,VW45-49,60.28%,1649,1976,2988,1988.0
152395,2012-04-07,54,54,VW50-54,73.27%,1444,2103,3116,2116.0
83295,2012-04-07,57,57,VW55-59,40.76%,2701,2187,2216,2202.0
152395,2012-04-14,54,54,VW50-54,71.78%,1474,2103,3116,2116.0
141347,2012-04-14,48,48,VW45-49,60.21%,1631,1954,1975,1964.0
164707,2012-04-14,49,49,VW45-49,60.87%,1633,1976,2988,1988.0
152395,2012-04-21,54,54,VW50-54,72.07%,1468,2103,3116,2116.0
141347,2012-04-21,48,48,VW45-49,61.03%,1609,1954,1975,1964.0
83295,2012-04-21,57,57,VW55-59,46.09%,2389,2187,2216,2202.0
164707,2012-04-28,49,49,VW45-49,60.10%,1654,1976,2988,1988.0
141347,2012-04-28,48,48,VW45-49,59.23%,1658,1954,1975,1964.0
83295,2012-04-28,57,57,VW55-59,42.92%,2565,2187,2216,2202.0
152395,2012-05-05,54,54,VW50-54,71.73%,1475,2103,3116,2116.0
164707,2012-05-05,49,49,VW45-49,61.28%,1622,1976,2988,1988.0
83295,2012-05-05,57,57,VW55-59,49.82%,2210,2187,2216,2202.0
152395,2012-05-12,54,54,VW50-54,71.25%,1485,2103,3116,2116.0
164707,2012-05-12,49,49,VW45-49,62.01%,1603,1976,2988,1988.0
141347,2012-05-12,48,48,VW45-49,59.34%,1655,1954,1975,1964.0
152395,2012-05-19,54,54,VW50-54,73.27%,1444,2103,3116,2116.0
141347,2012-05-19,48,48,VW45-49,60.73%,1617,1954,1975,1964.0
164707,2012-05-19,49,49,VW45-49,61.43%,1618,1976,2988,1988.0
152434,2012-05-19,52,52,VW50-54,61.59%,1674,2049,2075,2062.0
83295,2012-05-19,57,57,VW55-59,49.04%,2245,2187,2216,2202.0
152395,2012-05-26,54,54,VW50-54,71.63%,1477,2103,3116,2116.0
122015,2012-05-26,49,49,VW45-49,63.19%,1573,1976,2988,1988.0
164707,2012-05-26,49,49,VW45-49,61.09%,1627,1976,2988,1988.0
141347,2012-05-26,48,48,VW45-49,59.19%,1659,1954,1975,1964.0
83295,2012-05-26,57,57,VW55-59,47.70%,2308,2187,2216,2202.0
152395,2012-06-02,54,54,VW50-54,71.49%,1480,2103,3116,2116.0
164707,2012-06-02,49,49,VW45-49,61.09%,1627,1976,2988,1988.0
164707,2012-06-09,49,49,VW45-49,60.61%,1640,1976,2988,1988.0
164707,2012-06-16,49,49,VW45-49,62.52%,1590,1976,2988,1988.0
152395,2012-06-23,54,54,VW50-54,70.58%,1499,2103,3116,2116.0
164707,2012-06-23,49,49,VW45-49,61.47%,1617,1976,2988,1988.0
141347,2012-06-23,48,48,VW45-49,59.55%,1649,1954,1975,1964.0
152395,2012-06-30,54,54,VW50-54,71.15%,1487,2103,3116,2116.0
164707,2012-06-30,49,49,VW45-49,61.06%,1628,1976,2988,1988.0
152395,2012-07-07,54,54,VW50-54,70.63%,1498,2103,3116,2116.0
164707,2012-07-07,49,49,VW45-49,61.82%,1608,1976,2988,1988.0
152395,2012-07-14,54,54,VW50-54,69.79%,1516,2103,3116,2116.0
164707,2012-07-14,49,49,VW45-49,46.17%,2153,1976,2988,1988.0
164707,2012-07-21,49,49,VW45-49,52.04%,1910,1976,2988,1988.0
164707,2012-08-04,49,49,VW45-49,43.89%,2265,1976,2988,1988.0
164707,2012-08-11,49,49,VW45-49,59.99%,1657,1976,2988,1988.0
164707,2012-08-18,49,49,VW45-49,61.28%,1622,1976,2988,1988.0
164707,2012-09-01,49,49,VW45-49,65.92%,1508,1976,2988,1988.0
164707,2012-09-08,49,49,VW45-49,61.13%,1626,1976,2988,1988.0
164707,2012-09-15,49,49,VW45-49,61.32%,1621,1976,2988,1988.0
83295,2012-09-15,57,57,VW55-59,36.97%,2978,2187,2216,2202.0
164707,2012-09-22,49,49,VW45-49,62.48%,1591,1976,2988,1988.0
164707,2012-09-29,49,49,VW45-49,60.68%,1638,1976,2988,1988.0
164707,2012-10-06,49,49,VW45-49,59.99%,1657,1976,2988,1988.0
164707,2012-10-13,49,49,VW45-49,61.09%,1627,1976,2988,1988.0
164707,2012-10-20,49,49,VW45-49,59.49%,1671,1976,2988,1988.0
164707,2012-10-27,49,49,VW45-49,34.28%,2900,1976,2988,1988.0
164707,2012-11-03,49,49,VW45-49,58.96%,1686,1976,2988,1988.0
164707,2012-11-10,49,49,VW45-49,60.83%,1634,1976,2988,1988.0
164707,2012-11-17,49,49,VW45-49,60.54%,1642,1976,2988,1988.0
164707,2012-12-08,49,49,VW45-49,58.54%,1698,1976,2988,1988.0
83295,2012-12-22,57,57,VW55-59,37.40%,2944,2187,2216,2202.0
83295,2013-01-05,58,58,VW55-59,61.29%,1821,2217,2247,2232.0
164707,2013-01-12,50,50,VW50-54,58.97%,1706,0,2023,2012.0
83295,2013-01-12,58,58,VW55-59,63.95%,1745,2217,2247,2232.0
164707,2013-01-26,50,50,VW50-54,56.68%,1775,0,2023,2012.0
164707,2013-02-09,50,50,VW50-54,58.90%,1708,0,2023,2012.0
164707,2013-02-16,50,50,VW50-54,57.49%,1750,0,2023,2012.0
83295,2013-02-16,58,58,VW55-59,59.84%,1865,2217,2247,2232.0
164707,2013-02-23,50,50,VW50-54,59.74%,1684,0,2023,2012.0
164707,2013-03-02,50,50,VW50-54,62.68%,1605,0,2023,2012.0
164707,2013-03-09,50,50,VW50-54,58.02%,1734,0,2023,2012.0
164707,2013-03-16,50,50,VW50-54,52.40%,1920,0,2023,2012.0
74670,2013-03-16,49,49,VW45-49,43.62%,2279,1976,2988,1988.0
164707,2013-03-30,50,50,VW50-54,57.03%,1764,0,2023,2012.0
164707,2013-04-13,50,50,VW50-54,57.58%,1747,0,2023,2012.0
141347,2013-04-20,49,49,VW45-49,60.68%,1638,1976,2988,1988.0
164707,2013-04-20,50,50,VW50-54,61.19%,1644,0,2023,2012.0
164707,2013-04-27,50,50,VW50-54,60.49%,1663,0,2023,2012.0
164707,2013-05-04,50,50,VW50-54,62.68%,1605,0,2023,2012.0
83295,2013-05-04,58,58,VW55-59,66.55%,1677,2217,2247,2232.0
83295,2013-05-11,58,58,VW55-59,68.42%,1631,2217,2247,2232.0
141347,2013-05-11,49,49,VW45-49,59.81%,1662,1976,2988,1988.0
83295,2013-05-18,58,58,VW55-59,69.32%,1610,2217,2247,2232.0
141347,2013-05-18,49,49,VW45-49,61.55%,1615,1976,2988,1988.0
164707,2013-05-18,50,50,VW50-54,62.18%,1618,0,2023,2012.0
164707,2013-05-25,50,50,VW50-54,62.37%,1613,0,2023,2012.0
164707,2013-06-01,50,50,VW50-54,63.35%,1588,0,2023,2012.0
152434,2013-06-01,53,53,VW50-54,64.03%,1632,2076,2102,2090.0
164707,2013-06-15,50,50,VW50-54,62.33%,1614,0,2023,2012.0
152434,2013-06-15,53,53,VW50-54,64.03%,1632,2076,2102,2090.0
164707,2013-06-22,50,50,VW50-54,62.33%,1614,0,2023,2012.0
141347,2013-07-27,49,49,VW45-49,60.57%,1641,1976,2988,1988.0
141347,2013-08-03,49,49,VW45-49,62.01%,1603,1976,2988,1988.0
141347,2013-08-10,49,49,VW45-49,62.71%,1585,1976,2988,1988.0
141347,2013-09-07,49,49,VW45-49,61.70%,1611,1976,2988,1988.0
164707,2013-09-07,50,50,VW50-54,61.53%,1635,0,2023,2012.0
125003,2013-09-07,53,53,VW50-54,56.40%,1853,2076,2102,2090.0
164707,2013-09-14,50,50,VW50-54,60.97%,1650,0,2023,2012.0
164707,2013-09-21,50,50,VW50-54,63.31%,1589,0,2023,2012.0
141347,2013-09-21,49,49,VW45-49,61.82%,1608,1976,2988,1988.0
141347,2013-09-28,49,49,VW45-49,62.20%,1598,1976,2988,1988.0
164707,2013-09-28,50,50,VW50-54,62.72%,1604,0,2023,2012.0
164707,2013-10-05,50,50,VW50-54,60.35%,1667,0,2023,2012.0
164707,2013-10-12,50,50,VW50-54,63.11%,1594,0,2023,2012.0
141347,2013-10-12,50,50,VW50-54,63.11%,1594,0,2023,2012.0
164707,2013-10-19,50,50,VW50-54,61.68%,1631,0,2023,2012.0
83295,2013-11-02,58,58,VW55-59,53.76%,2076,2217,2247,2232.0
476447,2013-11-09,54,54,VM50-54,68.19%,1424,1821,2828,1942.0
164707,2013-11-09,50,50,VW50-54,60.49%,1663,0,2023,2012.0
164707,2013-11-23,50,50,VW50-54,60.35%,1667,0,2023,2012.0
164707,2013-11-30,50,50,VW50-54,62.56%,1608,0,2023,2012.0
83295,2013-11-30,58,58,VW55-59,47.47%,2351,2217,2247,2232.0
164707,2013-12-14,50,50,VW50-54,59.99%,1677,0,2023,2012.0
164707,2013-12-21,50,50,VW50-54,60.75%,1656,0,2023,2012.0
164707,2013-12-28,50,50,VW50-54,56.61%,1777,0,2023,2012.0
140267,2014-01-01,45,45,VW45-49,54.27%,1756,0,1914,1906.0
83295,2014-01-01,59,59,VW55-59,49.32%,2295,2248,3264,2264.0
164707,2014-01-11,51,51,VW50-54,58.84%,1730,2024,2048,2036.0
164707,2014-01-18,51,51,VW50-54,57.38%,1774,2024,2048,2036.0
164707,2014-01-25,51,51,VW50-54,58.64%,1736,2024,2048,2036.0
141347,2014-01-25,50,50,VW50-54,57.75%,1742,0,2023,2012.0
83295,2014-03-01,59,59,VW55-59,54.45%,2079,2248,3264,2264.0
164707,2014-03-08,51,51,VW50-54,59.92%,1699,2024,2048,2036.0
164707,2014-03-15,51,51,VW50-54,62.49%,1629,2024,2048,2036.0
164707,2014-04-05,51,51,VW50-54,41.48%,2454,2024,2048,2036.0
164707,2014-04-19,51,51,VW50-54,61.70%,1650,2024,2048,2036.0
164707,2014-05-03,51,51,VW50-54,60.52%,1682,2024,2048,2036.0
164707,2014-05-10,51,51,VW50-54,60.92%,1671,2024,2048,2036.0
83295,2014-05-10,59,59,VW55-59,39.03%,2900,2248,3264,2264.0
141347,2014-05-17,50,50,VW50-54,62.10%,1620,0,2023,2012.0
164707,2014-05-31,51,51,VW50-54,60.02%,1696,2024,2048,2036.0
164707,2014-06-07,51,51,VW50-54,65.51%,1554,2024,2048,2036.0
164707,2014-06-14,51,51,VW50-54,65.93%,1544,2024,2048,2036.0
141347,2014-06-14,50,50,VW50-54,61.72%,1630,0,2023,2012.0
164707,2014-06-21,51,51,VW50-54,63.19%,1611,2024,2048,2036.0
164707,2014-06-28,51,51,VW50-54,62.76%,1622,2024,2048,2036.0
164707,2014-07-05,51,51,VW50-54,63.23%,1610,2024,2048,2036.0
164707,2014-07-12,51,51,VW50-54,62.34%,1633,2024,2048,2036.0
83295,2014-08-23,59,59,VW55-59,60.44%,1873,2248,3264,2264.0
164707,2014-08-30,51,51,VW50-54,62.00%,1642,2024,2048,2036.0
141347,2014-09-06,50,50,VW50-54,60.64%,1659,0,2023,2012.0
164707,2014-09-06,51,51,VW50-54,60.85%,1673,2024,2048,2036.0
164707,2014-09-13,51,51,VW50-54,61.29%,1661,2024,2048,2036.0
164707,2014-09-27,51,51,VW50-54,63.23%,1610,2024,2048,2036.0
141347,2014-09-27,50,50,VW50-54,59.60%,1688,0,2023,2012.0
83295,2014-10-04,59,59,VW55-59,58.90%,1922,2248,3264,2264.0
164707,2014-10-11,51,51,VW50-54,59.99%,1697,2024,2048,2036.0
164707,2014-10-18,51,51,VW50-54,59.74%,1704,2024,2048,2036.0
83295,2014-10-18,59,59,VW55-59,46.64%,2427,2248,3264,2264.0
164707,2014-10-25,51,51,VW50-54,63.27%,1609,2024,2048,2036.0
141347,2014-10-25,51,51,VW50-54,61.85%,1646,2024,2048,2036.0
83295,2014-11-01,59,59,VW55-59,52.07%,2174,2248,3264,2264.0
164707,2014-11-08,51,51,VW50-54,61.44%,1657,2024,2048,2036.0
83295,2014-11-08,59,59,VW55-59,43.72%,2589,2248,3264,2264.0
164707,2014-11-15,51,51,VW50-54,62.00%,1642,2024,2048,2036.0
164707,2014-11-22,51,51,VW50-54,40.97%,2485,2024,2048,2036.0
164707,2014-11-29,51,51,VW50-54,59.99%,1697,2024,2048,2036.0
164707,2014-12-06,51,51,VW50-54,61.85%,1646,2024,2048,2036.0
164707,2014-12-13,51,51,VW50-54,58.74%,1733,2024,2048,2036.0
164707,2014-12-20,51,51,VW50-54,59.32%,1716,2024,2048,2036.0
156359,2015-01-01,49,49,VW45-49,55.50%,1791,1976,2988,1988.0
164707,2015-01-17,52,52,VW50-54,61.77%,1669,2049,2075,2062.0
164707,2015-01-24,52,52,VW50-54,58.55%,1761,2049,2075,2062.0
164707,2015-01-31,52,52,VW50-54,59.56%,1731,2049,2075,2062.0
164707,2015-02-07,52,52,VW50-54,62.52%,1649,2049,2075,2062.0
170829,2015-02-14,46,46,VW45-49,66.25%,1452,1915,1933,1924.0
164707,2015-02-14,52,52,VW50-54,60.22%,1712,2049,2075,2062.0
164707,2015-02-21,52,52,VW50-54,57.18%,1803,2049,2075,2062.0
164707,2015-03-07,52,52,VW50-54,62.94%,1638,2049,2075,2062.0
164707,2015-03-14,52,52,VW50-54,64.44%,1600,2049,2075,2062.0
164707,2015-03-21,52,52,VW50-54,63.72%,1618,2049,2075,2062.0
164707,2015-03-28,52,52,VW50-54,65.34%,1578,2049,2075,2062.0
164707,2015-04-04,52,52,VW50-54,63.84%,1615,2049,2075,2062.0
164707,2015-04-11,52,52,VW50-54,61.85%,1667,2049,2075,2062.0
83295,2015-04-18,60,60,VW60-64,43.65%,2630,0,2311,2296.0
164707,2015-04-25,52,52,VW50-54,64.36%,1602,2049,2075,2062.0
164707,2015-05-02,52,52,VW50-54,65.05%,1585,2049,2075,2062.0
164707,2015-05-09,52,52,VW50-54,64.48%,1599,2049,2075,2062.0
164707,2015-05-16,52,52,VW50-54,65.88%,1565,2049,2075,2062.0
164707,2015-05-23,52,52,VW50-54,39.19%,2631,2049,2075,2062.0
164707,2015-05-30,52,52,VW50-54,64.60%,1596,2049,2075,2062.0
164707,2015-06-06,52,52,VW50-54,65.21%,1581,2049,2075,2062.0
83295,2015-06-06,60,60,VW60-64,62.29%,1843,0,2311,2296.0
83295,2015-06-13,60,60,VW60-64,60.64%,1893,0,2311,2296.0
170829,2015-06-13,46,46,VW45-49,45.33%,2122,1915,1933,1924.0
164707,2015-06-13,52,52,VW50-54,36.32%,2839,2049,2075,2062.0
164707,2015-06-20,52,52,VW50-54,64.76%,1592,2049,2075,2062.0
164707,2015-07-18,52,52,VW50-54,63.96%,1612,2049,2075,2062.0
164707,2015-07-25,52,52,VW50-54,61.96%,1664,2049,2075,2062.0
164707,2015-08-22,52,52,VW50-54,61.77%,1669,2049,2075,2062.0
141347,2015-08-29,51,51,VW50-54,60.45%,1684,2024,2048,2036.0
141347,2015-09-05,51,51,VW50-54,60.24%,1690,2024,2048,2036.0
164707,2015-09-05,52,52,VW50-54,57.47%,1794,2049,2075,2062.0
164707,2015-09-12,52,52,VW50-54,63.68%,1619,2049,2075,2062.0
141347,2015-09-12,51,51,VW50-54,61.81%,1647,2024,2048,2036.0
141347,2015-09-19,51,51,VW50-54,63.07%,1614,2024,2048,2036.0
164707,2015-09-19,52,52,VW50-54,61.59%,1674,2049,2075,2062.0
164707,2015-09-26,52,52,VW50-54,63.88%,1614,2049,2075,2062.0
141347,2015-09-26,51,51,VW50-54,63.03%,1615,2024,2048,2036.0
164707,2015-10-03,52,52,VW50-54,63.52%,1623,2049,2075,2062.0
164707,2015-10-10,52,52,VW50-54,65.54%,1573,2049,2075,2062.0
164707,2015-10-17,52,52,VW50-54,61.63%,1673,2049,2075,2062.0
83295,2015-10-17,60,60,VW60-64,56.64%,2027,0,2311,2296.0
141347,2015-10-31,52,52,VW50-54,63.02%,1636,2049,2075,2062.0
83295,2015-11-21,60,60,VW60-64,56.92%,2017,0,2311,2296.0
83295,2015-11-28,60,60,VW60-64,55.89%,2054,0,2311,2296.0
141347,2015-12-19,52,52,VW50-54,60.50%,1704,2049,2075,2062.0
141347,2016-01-30,52,52,VW50-54,59.49%,1733,2049,2075,2062.0
141347,2016-02-06,52,52,VW50-54,61.04%,1689,2049,2075,2062.0
170829,2016-02-13,47,47,VW45-49,44.16%,2201,1934,1953,1944.0
170829,2016-02-27,47,47,VW45-49,43.65%,2227,1934,1953,1944.0
141347,2016-03-12,52,52,VW50-54,39.46%,2613,2049,2075,2062.0
164707,2016-04-09,53,53,VW50-54,62.50%,1672,2076,2102,2090.0
83295,2016-04-30,61,61,VW60-64,43.11%,2700,2312,2344,2328.0
164707,2016-05-07,53,53,VW50-54,64.67%,1616,2076,2102,2090.0
164707,2016-05-14,53,53,VW50-54,61.33%,1704,2076,2102,2090.0
164707,2016-05-21,53,53,VW50-54,64.59%,1618,2076,2102,2090.0
141347,2016-07-02,52,52,VW50-54,60.08%,1716,2049,2075,2062.0
141347,2016-08-20,52,52,VW50-54,59.98%,1719,2049,2075,2062.0
141347,2016-08-27,52,52,VW50-54,60.33%,1709,2049,2075,2062.0
141347,2016-09-03,52,52,VW50-54,61.96%,1664,2049,2075,2062.0
164707,2016-09-03,53,53,VW50-54,56.30%,1856,2076,2102,2090.0
141347,2016-09-10,52,52,VW50-54,62.07%,1661,2049,2075,2062.0
141347,2016-09-24,52,52,VW50-54,62.83%,1641,2049,2075,2062.0
141347,2016-10-01,53,53,VW50-54,64.31%,1625,2076,2102,2090.0
141347,2016-10-08,53,53,VW50-54,63.68%,1641,2076,2102,2090.0
164707,2016-11-05,53,53,VW50-54,59.92%,1744,2076,2102,2090.0
164707,2016-11-19,53,53,VW50-54,60.16%,1737,2076,2102,2090.0
164707,2016-11-26,53,53,VW50-54,57.04%,1832,2076,2102,2090.0
164707,2016-12-03,53,53,VW50-54,62.28%,1678,2076,2102,2090.0
164707,2016-12-10,53,53,VW50-54,62.54%,1671,2076,2102,2090.0
164707,2016-12-17,53,53,VW50-54,63.22%,1653,2076,2102,2090.0
156359,2017-01-01,51,51,VW50-54,52.42%,1942,2024,2048,2036.0
164707,2017-01-07,54,54,VW50-54,62.57%,1691,2103,3116,2116.0
164707,2017-01-21,54,54,VW50-54,66.67%,1587,2103,3116,2116.0
164707,2017-01-28,54,54,VW50-54,64.51%,1640,2103,3116,2116.0
164707,2017-02-04,54,54,VW50-54,61.84%,1711,2103,3116,2116.0
164707,2017-02-11,54,54,VW50-54,62.98%,1680,2103,3116,2116.0
164707,2017-02-25,54,54,VW50-54,64.39%,1643,2103,3116,2116.0
164707,2017-03-11,54,54,VW50-54,63.05%,1678,2103,3116,2116.0
164707,2017-03-18,54,54,VW50-54,63.89%,1656,2103,3116,2116.0
164707,2017-03-25,54,54,VW50-54,64.36%,1644,2103,3116,2116.0
164707,2017-04-01,54,54,VW50-54,65.39%,1618,2103,3116,2116.0
164707,2017-04-08,54,54,VW50-54,64.67%,1636,2103,3116,2116.0
141347,2017-05-27,53,53,VW50-54,61.04%,1712,2076,2102,2090.0
83295,2017-06-10,62,62,VW60-64,27.80%,4248,2345,2378,2362.0
141347,2017-06-17,53,53,VW50-54,60.97%,1714,2076,2102,2090.0
141347,2017-07-29,53,53,VW50-54,60.06%,1740,2076,2102,2090.0
85082,2017-08-05,48,48,VW45-49,50.75%,1935,1954,1975,1964.0
3824871,2017-09-09,60,60,VW60-64,53.22%,2157,0,2311,2296.0
141347,2017-10-21,54,54,VW50-54,57.31%,1846,2103,3116,2116.0
83295,2017-11-18,62,62,VW60-64,34.96%,3378,2345,2378,2362.0
164707,2017-12-09,54,54,VW50-54,62.46%,1694,2103,3116,2116.0
141347,2017-12-09,54,54,VW50-54,61.16%,1730,2103,3116,2116.0
83295,2017-12-09,62,62,VW60-64,62.95%,1876,2345,2378,2362.0
141347,2017-12-16,54,54,VW50-54,59.91%,1766,2103,3116,2116.0
1786236,2017-12-25,43,43,VM40-44,64.56%,1298,1669,1681,1676.0
141347,2018-01-01,54,54,VW50-54,58.39%,1812,2103,3116,2116.0
156359,2018-01-01,52,52,VW50-54,54.15%,1904,2049,2075,2062.0
1138623,2018-03-10,44,44,VM40-44,46.94%,1798,1682,2688,1688.0
141347,2018-04-14,54,54,VW50-54,58.71%,1802,2103,3116,2116.0
141347,2018-04-21,54,54,VW50-54,61.44%,1722,2103,3116,2116.0
83295,2018-05-26,63,63,VW60-64,57.27%,2092,2379,2413,2396.0
215996,2018-06-02,52,52,VM50-54,77.97%,1153,1791,1805,1798.0
141347,2018-06-16,54,54,VW50-54,60.15%,1759,2103,3116,2116.0
164707,2018-07-07,55,55,VW55-59,63.66%,1684,0,2157,2144.0
164707,2018-07-28,55,55,VW55-59,62.47%,1716,0,2157,2144.0
164707,2018-08-04,55,55,VW55-59,64.38%,1665,0,2157,2144.0
164707,2018-08-11,55,55,VW55-59,64.19%,1670,0,2157,2144.0
141347,2018-09-08,54,54,VW50-54,61.62%,1717,2103,3116,2116.0
164707,2018-09-15,55,55,VW55-59,65.33%,1641,0,2157,2144.0
141347,2018-09-15,54,54,VW50-54,61.91%,1709,2103,3116,2116.0
164707,2018-09-22,55,55,VW55-59,66.96%,1601,0,2157,2144.0
141347,2018-09-22,54,54,VW50-54,61.84%,1711,2103,3116,2116.0
164707,2018-09-29,55,55,VW55-59,67.00%,1600,0,2157,2144.0
164707,2018-10-06,55,55,VW55-59,65.97%,1625,0,2157,2144.0
164707,2018-10-13,55,55,VW55-59,63.47%,1689,0,2157,2144.0
141347,2018-10-13,55,55,VW55-59,60.77%,1764,0,2157,2144.0
164707,2018-10-27,55,55,VW55-59,64.46%,1663,0,2157,2144.0
141347,2018-10-27,55,55,VW55-59,61.93%,1731,0,2157,2144.0
164707,2018-11-10,55,55,VW55-59,63.36%,1692,0,2157,2144.0
164707,2018-11-17,55,55,VW55-59,64.77%,1655,0,2157,2144.0
141347,2018-11-17,55,55,VW55-59,62.11%,1726,0,2157,2144.0
164707,2018-11-24,55,55,VW55-59,65.09%,1647,0,2157,2144.0
141347,2018-11-24,55,55,VW55-59,61.68%,1738,0,2157,2144.0
164707,2018-12-08,55,55,VW55-59,60.74%,1765,0,2157,2144.0
164707,2018-12-15,55,55,VW55-59,64.85%,1653,0,2157,2144.0
141347,2018-12-15,55,55,VW55-59,61.64%,1739,0,2157,2144.0
164707,2018-12-22,55,55,VW55-59,59.26%,1809,0,2157,2144.0
164707,2018-12-25,55,55,VW55-59,63.10%,1699,0,2157,2144.0
141347,2018-12-25,55,55,VW55-59,60.67%,1767,0,2157,2144.0
3824871,2018-12-29,59,59,VW55-59,49.09%,2306,2248,3264,2264.0
141347,2019-01-01,55,55,VW55-59,57.60%,1861,0,2157,2144.0
156359,2019-01-01,53,53,VW50-54,54.23%,1927,2076,2102,2090.0
169141,2019-01-01,55,55,VW55-59,51.94%,2064,0,2157,2144.0
164707,2019-01-12,56,56,VW55-59,65.66%,1654,2158,2186,2172.0
170829,2019-01-12,50,50,VW50-54,49.07%,2050,0,2023,2012.0
164707,2019-01-19,56,56,VW55-59,66.10%,1643,2158,2186,2172.0
164707,2019-02-02,56,56,VW55-59,62.96%,1725,2158,2186,2172.0
3824871,2019-02-02,59,59,VW55-59,48.86%,2317,2248,3264,2264.0
164707,2019-02-09,56,56,VW55-59,61.74%,1759,2158,2186,2172.0
164707,2019-03-02,56,56,VW55-59,65.11%,1668,2158,2186,2172.0
164707,2019-03-09,56,56,VW55-59,62.85%,1728,2158,2186,2172.0
164707,2019-03-23,56,56,VW55-59,64.72%,1678,2158,2186,2172.0
164707,2019-03-30,56,56,VW55-59,65.90%,1648,2158,2186,2172.0
83295,2019-04-06,64,64,VW60-64,51.81%,2347,2414,3432,2432.0
141347,2019-05-04,55,55,VW55-59,62.33%,1720,0,2157,2144.0
170829,2019-05-04,50,50,VW50-54,57.62%,1746,0,2023,2012.0
141347,2019-06-22,55,55,VW55-59,62.29%,1721,0,2157,2144.0
83295,2019-06-22,64,64,VW60-64,49.67%,2448,2414,3432,2432.0
83295,2019-06-29,64,64,VW60-64,29.56%,4114,2414,3432,2432.0
141347,2019-08-31,55,55,VW55-59,62.47%,1716,0,2157,2144.0
83295,2019-09-07,64,64,VW60-64,61.01%,1993,2414,3432,2432.0
141347,2019-09-21,55,55,VW55-59,62.91%,1704,0,2157,2144.0
164707,2019-09-28,56,56,VW55-59,38.83%,2797,2158,2186,2172.0
141347,2019-10-05,56,56,VW55-59,61.43%,1768,2158,2186,2172.0
141347,2019-11-23,56,56,VW55-59,60.54%,1794,2158,2186,2172.0
141347,2019-12-14,56,56,VW55-59,57.74%,1881,2158,2186,2172.0
141347,2019-12-25,56,56,VW55-59,56.15%,1934,2158,2186,2172.0
141347,2019-12-28,56,56,VW55-59,60.54%,1794,2158,2186,2172.0
141347,2020-01-01,56,56,VW55-59,59.15%,1836,2158,2186,2172.0
169141,2020-01-01,56,56,VW55-59,47.61%,2281,2158,2186,2172.0
164707,2020-01-11,57,57,VW55-59,64.96%,1695,2187,2216,2202.0
164707,2020-01-18,57,57,VW55-59,62.52%,1761,2187,2216,2202.0
164707,2020-02-08,57,57,VW55-59,62.38%,1765,2187,2216,2202.0
164707,2020-02-22,57,57,VW55-59,57.95%,1900,2187,2216,2202.0
164707,2020-03-07,57,57,VW55-59,60.36%,1824,2187,2216,2202.0
164707,2021-08-14,58,58,VW55-59,61.42%,1817,2217,2247,2232.0
164707,2021-09-11,58,58,VW55-59,65.03%,1716,2217,2247,2232.0
164707,2021-09-25,58,58,VW55-59,66.91%,1668,2217,2247,2232.0
164707,2021-10-09,58,58,VW55-59,64.58%,1728,2217,2247,2232.0
141347,2021-10-16,58,58,VW55-59,63.34%,1762,2217,2247,2232.0
164707,2021-10-23,58,58,VW55-59,65.65%,1700,2217,2247,2232.0
141347,2021-10-23,58,58,VW55-59,62.80%,1777,2217,2247,2232.0
164707,2021-11-13,58,58,VW55-59,35.34%,3158,2217,2247,2232.0
164707,2021-11-27,58,58,VW55-59,61.12%,1826,2217,2247,2232.0
83295,2021-11-27,66,66,VW65-69,43.05%,2913,2489,2526,2508.0
164707,2021-12-04,58,58,VW55-59,38.34%,2911,2217,2247,2232.0
141347,2021-12-11,58,58,VW55-59,61.12%,1826,2217,2247,2232.0
164707,2021-12-11,58,58,VW55-59,59.33%,1881,2217,2247,2232.0
83295,2021-12-11,66,66,VW65-69,42.32%,2963,2489,2526,2508.0
164707,2021-12-18,58,58,VW55-59,62.70%,1780,2217,2247,2232.0
141347,2021-12-18,58,58,VW55-59,60.10%,1857,2217,2247,2232.0
164707,2021-12-25,58,58,VW55-59,61.97%,1801,2217,2247,2232.0
141347,2021-12-25,58,58,VW55-59,59.17%,1886,2217,2247,2232.0
164707,2022-01-01,58,58,VW55-59,61.86%,1804,2217,2247,2232.0
164707,2022-01-15,59,59,VW55-59,62.68%,1806,2248,3264,2264.0
164707,2022-01-22,59,59,VW55-59,65.55%,1727,2248,3264,2264.0
164707,2022-01-29,59,59,VW55-59,62.78%,1803,2248,3264,2264.0
164707,2022-02-05,59,59,VW55-59,62.68%,1806,2248,3264,2264.0
83295,2022-02-05,67,67,VW65-69,43.40%,2933,2527,2565,2546.0
164707,2022-03-05,59,59,VW55-59,60.63%,1867,2248,3264,2264.0
141347,2022-03-19,58,58,VW55-59,61.66%,1810,2217,2247,2232.0
83295,2022-03-19,67,67,VW65-69,41.59%,3061,2527,2565,2546.0
164707,2022-03-26,59,59,VW55-59,66.75%,1696,2248,3264,2264.0
164707,2022-04-02,59,59,VW55-59,64.32%,1760,2248,3264,2264.0
141347,2022-04-09,58,58,VW55-59,62.77%,1778,2217,2247,2232.0
164707,2022-04-16,59,59,VW55-59,65.17%,1737,2248,3264,2264.0
164707,2022-04-23,59,59,VW55-59,65.21%,1736,2248,3264,2264.0
164707,2022-04-30,59,59,VW55-59,66.71%,1697,2248,3264,2264.0
83295,2022-05-07,67,67,VW65-69,36.83%,3456,2527,2565,2546.0
83295,2022-05-14,67,67,VW65-69,37.58%,3387,2527,2565,2546.0
164707,2022-05-21,59,59,VW55-59,64.43%,1757,2248,3264,2264.0
83295,2022-05-21,67,67,VW65-69,43.46%,2929,2527,2565,2546.0
141347,2022-06-04,58,58,VW55-59,63.16%,1767,2217,2247,2232.0
455131,2022-06-04,55,55,VM55-59,51.51%,1790,0,1851,1844.0
164707,2022-06-11,59,59,VW55-59,64.50%,1755,2248,3264,2264.0
83295,2022-06-25,67,67,VW65-69,31.53%,4038,2527,2565,2546.0
164707,2022-07-02,59,59,VW55-59,62.96%,1798,2248,3264,2264.0
83295,2022-07-16,67,67,VW65-69,43.26%,2943,2527,2565,2546.0
141347,2022-10-01,59,59,VW55-59,61.09%,1853,2248,3264,2264.0
164707,2022-10-01,59,59,VW55-59,56.21%,2014,2248,3264,2264.0
83295,2022-10-01,67,67,VW65-69,38.14%,3338,2527,2565,2546.0
5692217,2022-10-08,47,47,VW45-49,53.79%,1807,1934,1953,1944.0
164707,2022-10-08,59,59,VW55-59,57.26%,1977,2248,3264,2264.0
164707,2022-10-15,59,59,VW55-59,57.90%,1955,2248,3264,2264.0
10247504,2024-11-09,43,43,VM40-44,61.89%,1354,1669,1681,1676.0
2528702,2024-11-09,32,32,SW30-34,55.80%,1595,1779,1781,1780.0
820431,2024-11-09,54,54,VW50-54,48.96%,2161,2103,3116,2116.0
3584259,2024-11-09,60,60,VW60-64,48.62%,2361,0,2311,2296.0
600747,2024-11-09,42,42,VW40-44,51.52%,1805,1853,1866,1860.0
2038021,2024-11-09,37,37,VM35-39,37.27%,2149,1597,1607,1602.0
949684,2024-11-09,55,55,VM55-59,75.76%,1217,0,1851,1844.0
8286970,2024-11-09,53,53,VM50-54,56.83%,1596,1806,1820,1814.0
128162,2024-11-09,64,64,VW60-64,52.14%,2332,2414,3432,2432.0
2923559,2024-11-09,57,57,VM55-59,39.48%,2376,1868,1883,1876.0
4724979,2024-11-09,57,57,VM55-59,53.08%,1767,1868,1883,1876.0
1752380,2024-11-09,57,57,VM55-59,62.20%,1508,1868,1883,1876.0
3251252,2024-11-09,22,24,SM20-24,38.97%,1986,0,1551,1548.0
2225632,2024-11-09,65,65,VW65-69,55.28%,2234,0,2488,2470.0
2048645,2024-11-09,60,60,VM60-64,57.43%,1675,0,1932,1924.0
141347,2024-11-09,61,61,VW60-64,66.63%,1747,2312,2344,2328.0
140578,2024-11-09,61,61,VW60-64,62.55%,1861,2312,2344,2328.0
1997252,2024-11-09,50,50,VM50-54,75.77%,1168,0,1776,1770.0
2378240,2024-11-09,46,46,VW45-49,55.93%,1720,1915,1933,1924.0
5012495,2024-11-09,50,50,VM50-54,38.49%,2299,0,1776,1770.0
3738636,2024-02-03,51,51,VW50-54,42.24%,2410,2024,2048,2036.0
3738636,2024-02-10,51,51,VW50-54,43.21%,2356,2024,2048,2036.0
3738636,2024-02-24,51,51,VW50-54,43.34%,2349,2024,2048,2036.0
3738636,2024-03-02,51,51,VW50-54,42.56%,2392,2024,2048,2036.0
4300140,2024-03-09,20,24,SW20-24,52.79%,1682,0,2776,1776.0
3738636,2024-03-09,51,51,VW50-54,44.22%,2302,2024,2048,2036.0
3738636,2024-03-30,51,51,VW50-54,43.39%,2346,2024,2048,2036.0
3738636,2024-04-06,51,51,VW50-54,28.20%,3610,2024,2048,2036.0
3738636,2024-04-20,51,51,VW50-54,33.34%,3053,2024,2048,2036.0
3738636,2024-04-27,51,51,VW50-54,39.44%,2581,2024,2048,2036.0
3738636,2024-05-04,51,51,VW50-54,40.38%,2521,2024,2048,2036.0
3738636,2024-05-11,51,51,VW50-54,42.40%,2401,2024,2048,2036.0
3738636,2024-05-18,51,51,VW50-54,40.85%,2492,2024,2048,2036.0
3738636,2024-05-25,51,51,VW50-54,41.25%,2468,2024,2048,2036.0
3738636,2024-06-08,51,51,VW50-54,40.87%,2491,2024,2048,2036.0
3738636,2024-06-15,51,51,VW50-54,29.24%,3481,2024,2048,2036.0
3738636,2024-06-22,51,51,VW50-54,40.92%,2488,2024,2048,2036.0
3738636,2024-06-29,51,51,VW50-54,40.02%,2544,2024,2048,2036.0
3738636,2024-07-06,51,51,VW50-54,39.83%,2556,2024,2048,2036.0
3738636,2024-07-13,51,51,VW50-54,30.99%,3285,2024,2048,2036.0
3738636,2024-08-24,51,51,VW50-54,43.23%,2355,2024,2048,2036.0
455131,2024-10-05,54,54,VM50-54,50.00%,1828,1821,2828,1828.0
3738636,2024-10-12,51,51,VW50-54,33.80%,3012,2024,2048,2036.0
3738636,2024-11-02,51,51,VW50-54,39.55%,2574,2024,2048,2036.0
1617183,2024-11-16,42,42,VM40-44,38.45%,2161,1656,1668,1662.0
10247504,2024-11-16,33,33,SM30-34,56.62%,1383,1563,1569,1566.0
128162,2024-11-16,64,64,VW60-64,53.36%,2279,2414,3432,2432.0
2038021,2024-11-16,37,37,VM35-39,65.44%,1224,1597,1607,1602.0
1752380,2024-11-16,57,57,VM55-59,57.23%,1639,1868,1883,1876.0
4724979,2024-11-16,57,57,VM55-59,52.76%,1778,1868,1883,1876.0
3251252,2024-11-16,22,24,SM20-24,50.10%,1545,0,1551,1548.0
356941,2024-11-16,58,58,VW55-59,55.66%,2005,2217,2247,2232.0
2225632,2024-11-16,65,65,VW65-69,57.28%,2156,0,2488,2470.0
1029873,2024-11-16,17,17,JM15-17,64.85%,1249,0,1632,1620.0
2048645,2024-11-16,60,60,VM60-64,57.74%,1666,0,1932,1924.0
140578,2024-11-16,61,61,VW60-64,62.55%,1861,2312,2344,2328.0
2378240,2024-11-16,46,46,VW45-49,56.46%,1704,1915,1933,1924.0
5012495,2024-11-16,51,51,VM50-54,39.84%,2239,1777,1790,1784.0
3655979,2024-11-23,66,66,VM65-69,69.54%,1461,2022,2040,2032.0
10247504,2024-11-23,33,33,SM30-34,55.30%,1416,1563,1569,1566.0
820431,2024-11-23,54,54,VW50-54,46.98%,2252,2103,3116,2116.0
455131,2024-11-23,54,54,VM50-54,53.20%,1718,1821,2828,1828.0
600747,2024-11-23,42,42,VW40-44,50.38%,1846,1853,1866,1860.0
2038021,2024-11-23,37,37,VM35-39,65.28%,1227,1597,1607,1602.0
2528702,2024-11-23,32,32,SW30-34,63.26%,1407,1779,1781,1780.0
764052,2024-11-23,51,51,VM50-54,61.60%,1448,1777,1790,1784.0
4724979,2024-11-23,57,57,VM55-59,45.89%,2044,1868,1883,1876.0
3251252,2024-11-23,22,24,SM20-24,43.95%,1761,0,1551,1548.0
356941,2024-11-23,58,58,VW55-59,55.11%,2025,2217,2247,2232.0
2225632,2024-11-23,65,65,VW65-69,55.06%,2243,0,2488,2470.0
2048645,2024-11-23,60,60,VM60-64,56.59%,1700,0,1932,1924.0
1646899,2024-11-23,53,53,VW50-54,36.67%,2850,2076,2102,2090.0
5692217,2024-11-23,50,50,VW50-54,60.97%,1650,0,2023,2012.0
140578,2024-11-23,61,61,VW60-64,59.42%,1959,2312,2344,2328.0
1882503,2024-11-23,66,66,VW65-69,49.14%,2552,2489,2526,2508.0
3738636,2024-11-23,52,52,VW50-54,39.55%,2607,2049,2075,2062.0
1015088,2024-09-14,31,31,SM30-34,59.98%,1297,1554,1557,1556.0
1015088,2024-09-21,31,31,SM30-34,58.45%,1331,1554,1557,1556.0
1015088,2023-04-08,29,29,SM25-29,53.93%,1437,1549,2500,1550.0
1617183,2023-05-20,40,40,VM40-44,56.02%,1462,0,1643,1638.0
1138623,2018-07-21,45,45,VM45-49,44.84%,1898,0,1707,1702.0
2807742,2018-01-20,11,11,JW11-14,60.52%,1649,1976,2996,1996.0
3428907,2018-01-20,10,10,JW10,52.73%,1942,0,2077,2048.0
2807742,2017-09-23,10,10,JW10,68.27%,1500,0,2077,2048.0
1786236,2017-01-14,42,42,VM40-44,59.91%,1387,1656,1668,1662.0
1309884,2017-01-14,14,14,JM11-14,54.38%,1565,0,1721,1702.0
1786236,2016-10-01,42,42,VM40-44,57.79%,1438,1656,1668,1662.0
1309884,2016-07-02,14,14,JM11-14,56.02%,1519,0,1721,1702.0
928783,2016-05-07,33,33,SW30-34,46.27%,1928,1782,1785,1784.0
2107483,2016-05-07,7,7,JW10,44.19%,2548,2214,2298,2252.0
2807742,2017-02-25,10,10,JW10,65.22%,1570,0,2077,2048.0
780737,2021-08-07,47,47,VM45-49,82.84%,1043,1721,1734,1728.0
614195,2021-08-07,60,60,VW60-64,40.07%,2865,0,2311,2296.0
3251252,2021-08-21,21,21,SM20-24,46.72%,1663,1552,1559,1554.0
2528702,2022-05-28,25,29,SW25-29,57.59%,1542,0,2776,1776.0
769960,2022-05-28,37,37,VW35-39,51.54%,1752,1803,1810,1806.0
3952771,2022-05-28,47,47,VW45-49,54.15%,1795,1934,1953,1944.0
820431,2022-05-28,51,51,VW50-54,43.75%,2327,2024,2048,2036.0
140267,2022-01-08,53,53,VW50-54,51.71%,2021,2076,2102,2090.0
820431,2022-01-08,51,51,VW50-54,44.34%,2296,2024,2048,2036.0
3016103,2021-10-09,38,38,VW35-39,57.43%,1581,1811,1819,1816.0
2528702,2021-10-09,25,29,SW25-29,48.18%,1843,0,2776,1776.0
820431,2021-10-09,50,50,VW50-54,42.99%,2340,0,2023,2012.0
2528702,2019-10-19,25,29,SW25-29,54.48%,1630,0,2776,1776.0
3952771,2019-10-19,34,34,SW30-34,47.94%,1865,1786,2788,1788.0
820431,2019-10-19,48,48,VW45-49,44.31%,2216,1954,1975,1964.0
3952771,2019-10-26,34,34,SW30-34,47.58%,1879,1786,2788,1788.0
820431,2019-10-26,48,48,VW45-49,43.07%,2280,1954,1975,1964.0
820431,2016-10-15,53,53,VW50-54,47.83%,2185,2076,2102,2090.0
1752380,2015-08-01,48,48,VM45-49,38.35%,2271,1735,1748,1742.0
1752380,2015-07-11,51,51,VM50-54,57.07%,1563,1777,1790,1784.0
1708895,2015-07-11,47,47,VW45-49,39.58%,2456,1934,1953,1944.0
949684,2015-06-13,46,46,VM45-49,76.79%,1116,1708,1720,1714.0
1708895,2015-06-13,54,54,VW50-54,38.06%,2780,2103,3116,2116.0
1201558,2015-03-21,47,47,VW45-49,39.26%,2476,1934,1953,1944.0
724290,2014-10-04,46,46,VM45-49,57.87%,1481,1708,1720,1714.0
572070,2014-06-21,45,45,VM45-49,43.91%,1938,0,1707,1702.0
724290,2014-05-31,46,46,VM45-49,54.69%,1567,1708,1720,1714.0
267361,2014-05-31,53,53,VW50-54,57.07%,1831,2076,2102,2090.0
724290,2014-03-01,46,46,VM45-49,49.59%,1728,1708,1720,1714.0
864630,2014-03-08,56,56,VM55-59,57.23%,1625,1852,1867,1860.0
724290,2014-03-08,46,46,VM45-49,50.95%,1682,1708,1720,1714.0
441416,2014-01-11,38,38,VW35-39,54.83%,1656,1811,1819,1816.0
724290,2014-01-11,45,45,VM45-49,51.08%,1666,0,1707,1702.0
600747,2013-10-19,31,31,SW30-34,52.73%,1686,1777,1778,1778.0
480802,2013-04-13,53,53,VM50-54,62.25%,1457,1806,1820,1814.0
441416,2013-04-13,37,37,VW35-39,55.74%,1620,1803,1810,1806.0
949684,2024-11-30,55,55,VM55-59,75.51%,1221,0,1851,1844.0
10247504,2024-11-30,33,33,SM30-34,57.36%,1365,1563,1569,1566.0
820431,2024-11-30,54,54,VW50-54,47.44%,2230,2103,3116,2116.0
764052,2024-11-30,51,51,VM50-54,72.29%,1234,1777,1790,1784.0
3584259,2024-11-30,61,61,VW60-64,49.43%,2355,2312,2344,2328.0
600747,2024-11-30,42,42,VW40-44,51.75%,1797,1853,1866,1860.0
2038021,2024-11-30,37,37,VM35-39,65.39%,1225,1597,1607,1602.0
4724979,2024-11-30,57,57,VM55-59,54.73%,1714,1868,1883,1876.0
356941,2024-11-30,58,58,VW55-59,56.56%,1973,2217,2247,2232.0
2225632,2024-11-30,65,65,VW65-69,53.84%,2294,0,2488,2470.0
2048645,2024-11-30,60,60,VM60-64,56.52%,1702,0,1932,1924.0
1036771,2024-11-30,51,51,VW50-54,39.69%,2565,2024,2048,2036.0
164707,2022-12-03,59,59,VW55-59,55.03%,2057,2248,3264,2264.0
83295,2022-12-03,67,67,VW65-69,35.86%,3550,2527,2565,2546.0
164707,2022-12-10,59,59,VW55-59,54.01%,2096,2248,3264,2264.0
164707,2022-12-24,59,59,VW55-59,50.31%,2250,2248,3264,2264.0
164707,2022-12-25,59,59,VW55-59,50.09%,2260,2248,3264,2264.0
141347,2023-02-11,59,59,VW55-59,60.60%,1868,2248,3264,2264.0
164707,2023-04-15,60,60,VW60-64,36.82%,3118,0,2311,2296.0
164707,2023-04-22,60,60,VW60-64,62.46%,1838,0,2311,2296.0
164707,2023-04-29,60,60,VW60-64,62.63%,1833,0,2311,2296.0
83295,2023-04-29,68,68,VW65-69,33.91%,3813,2566,2606,2586.0
164707,2023-05-13,60,60,VW60-64,63.11%,1819,0,2311,2296.0
83295,2023-05-13,68,68,VW65-69,53.19%,2431,2566,2606,2586.0
164707,2023-06-03,60,60,VW60-64,62.12%,1848,0,2311,2296.0
141347,2023-06-03,59,59,VW55-59,59.89%,1890,2248,3264,2264.0
164707,2023-07-08,60,60,VW60-64,60.07%,1911,0,2311,2296.0
164707,2023-07-15,60,60,VW60-64,61.13%,1878,0,2311,2296.0
164707,2023-07-22,60,60,VW60-64,63.96%,1795,0,2311,2296.0
164707,2023-07-29,60,60,VW60-64,61.03%,1881,0,2311,2296.0
164707,2023-08-26,60,60,VW60-64,63.96%,1795,0,2311,2296.0
164707,2023-09-02,60,60,VW60-64,64.31%,1785,0,2311,2296.0
164707,2023-09-09,60,60,VW60-64,59.42%,1932,0,2311,2296.0
83295,2023-09-09,68,68,VW65-69,42.45%,3046,2566,2606,2586.0
614195,2023-09-16,62,62,VW60-64,44.82%,2635,2345,2378,2362.0
164707,2023-09-30,60,60,VW60-64,62.53%,1836,0,2311,2296.0
164707,2023-10-14,60,60,VW60-64,31.98%,3590,0,2311,2296.0
164707,2023-10-21,60,60,VW60-64,61.62%,1863,0,2311,2296.0
164707,2023-11-04,60,60,VW60-64,60.36%,1902,0,2311,2296.0
164707,2023-11-11,60,60,VW60-64,62.73%,1830,0,2311,2296.0
164707,2023-11-18,60,60,VW60-64,58.33%,1968,0,2311,2296.0
83295,2023-11-25,68,68,VW65-69,37.18%,3478,2566,2606,2586.0
164707,2023-12-02,60,60,VW60-64,62.36%,1841,0,2311,2296.0
164707,2023-12-16,60,60,VW60-64,56.11%,2046,0,2311,2296.0
164707,2023-12-25,60,60,VW60-64,61.95%,1853,0,2311,2296.0
164707,2023-12-30,60,60,VW60-64,61.52%,1866,0,2311,2296.0
164707,2024-01-06,61,61,VW60-64,62.35%,1867,2312,2344,2328.0
164707,2024-01-13,61,61,VW60-64,61.17%,1903,2312,2344,2328.0
83295,2024-01-13,69,69,VW65-69,39.96%,3288,2607,3628,2628.0
83295,2024-01-20,69,69,VW65-69,43.38%,3029,2607,3628,2628.0
164707,2024-01-20,61,61,VW60-64,33.55%,3469,2312,2344,2328.0
83295,2024-01-27,69,69,VW65-69,41.69%,3152,2607,3628,2628.0
164707,2024-02-03,61,61,VW60-64,63.12%,1844,2312,2344,2328.0
83295,2024-02-03,69,69,VW65-69,62.51%,2102,2607,3628,2628.0
164707,2024-02-17,61,61,VW60-64,62.88%,1851,2312,2344,2328.0
164707,2024-02-24,61,61,VW60-64,61.78%,1884,2312,2344,2328.0
164707,2024-03-02,61,61,VW60-64,57.77%,2015,2312,2344,2328.0
83295,2024-03-02,69,69,VW65-69,34.83%,3773,2607,3628,2628.0
164707,2024-03-09,61,61,VW60-64,64.67%,1800,2312,2344,2328.0
83295,2024-03-16,69,69,VW65-69,54.21%,2424,2607,3628,2628.0
164707,2024-03-23,61,61,VW60-64,62.21%,1871,2312,2344,2328.0
164707,2024-03-30,61,61,VW60-64,62.61%,1859,2312,2344,2328.0
164707,2024-04-13,61,61,VW60-64,64.45%,1806,2312,2344,2328.0
508066,2024-04-13,58,58,VW55-59,56.39%,1979,2217,2247,2232.0
164707,2024-04-20,61,61,VW60-64,64.99%,1791,2312,2344,2328.0
164707,2024-05-04,61,61,VW60-64,61.69%,1887,2312,2344,2328.0
164707,2024-05-11,61,61,VW60-64,64.56%,1803,2312,2344,2328.0
164707,2024-05-18,61,61,VW60-64,60.50%,1924,2312,2344,2328.0
164707,2024-05-25,61,61,VW60-64,62.61%,1859,2312,2344,2328.0
83295,2024-06-01,69,69,VW65-69,58.35%,2252,2607,3628,2628.0
164707,2024-06-01,61,61,VW60-64,28.25%,4120,2312,2344,2328.0
164707,2024-06-08,61,61,VW60-64,64.63%,1801,2312,2344,2328.0
141347,2024-06-08,60,60,VW60-64,61.10%,1879,0,2311,2296.0
164707,2024-06-15,61,61,VW60-64,64.49%,1805,2312,2344,2328.0
164707,2024-06-22,61,61,VW60-64,66.02%,1763,2312,2344,2328.0
164707,2024-06-29,61,61,VW60-64,62.55%,1861,2312,2344,2328.0
141347,2024-06-29,60,60,VW60-64,61.46%,1868,0,2311,2296.0
164707,2024-07-06,61,61,VW60-64,61.55%,1891,2312,2344,2328.0
164707,2024-07-20,61,61,VW60-64,66.14%,1760,2312,2344,2328.0
164707,2024-08-03,61,61,VW60-64,66.67%,1746,2312,2344,2328.0
164707,2024-08-24,61,61,VW60-64,66.86%,1741,2312,2344,2328.0
164707,2024-08-31,61,61,VW60-64,64.96%,1792,2312,2344,2328.0
164707,2024-09-07,61,61,VW60-64,35.71%,3260,2312,2344,2328.0
164707,2024-09-14,61,61,VW60-64,68.43%,1701,2312,2344,2328.0
164707,2024-09-21,61,61,VW60-64,66.40%,1753,2312,2344,2328.0
164707,2024-09-28,61,61,VW60-64,35.32%,3296,2312,2344,2328.0
164707,2024-10-05,61,61,VW60-64,68.31%,1704,2312,2344,2328.0
141347,2024-10-05,61,61,VW60-64,65.25%,1784,2312,2344,2328.0
600747,2024-10-12,42,42,VW40-44,55.66%,1671,1853,1866,1860.0
141347,2024-10-12,61,61,VW60-64,62.45%,1864,2312,2344,2328.0
164707,2024-10-12,61,61,VW60-64,30.79%,3781,2312,2344,2328.0
141347,2024-10-26,61,61,VW60-64,62.75%,1855,2312,2344,2328.0
164707,2024-10-26,61,61,VW60-64,62.72%,1856,2312,2344,2328.0
164707,2024-11-02,61,61,VW60-64,64.67%,1800,2312,2344,2328.0
164707,2024-11-09,61,61,VW60-64,63.19%,1842,2312,2344,2328.0
164707,2024-11-16,61,61,VW60-64,63.57%,1831,2312,2344,2328.0
164707,2024-11-23,61,61,VW60-64,61.69%,1887,2312,2344,2328.0
141347,2024-11-23,61,61,VW60-64,59.60%,1953,2312,2344,2328.0
164707,2024-11-30,61,61,VW60-64,61.33%,1898,2312,2344,2328.0
141347,2024-11-30,61,61,VW60-64,61.30%,1899,2312,2344,2328.0
3738636,2024-01-27,51,51,VW50-54,41.06%,2479,2024,2048,2036.0
10247504,2024-12-07,33,33,SM30-34,55.89%,1401,1563,1569,1566.0
2528702,2024-12-07,32,32,SW30-34,59.53%,1495,1779,1781,1780.0
4724979,2024-12-07,57,57,VM55-59,48.70%,1926,1868,1883,1876.0
614195,2024-12-07,63,63,VW60-64,47.73%,2510,2379,2413,2396.0
2038021,2024-12-07,37,37,VM35-39,65.66%,1220,1597,1607,1602.0
2048645,2024-12-07,60,60,VM60-64,55.57%,1731,0,1932,1924.0
5692217,2022-08-27,47,47,VW45-49,54.76%,1775,1934,1953,1944.0
5692217,2022-10-01,47,47,VW45-49,54.55%,1782,1934,1953,1944.0
508066,2022-10-01,57,57,VW55-59,32.30%,3409,2187,2216,2202.0
455131,2022-10-22,52,52,VM50-54,49.50%,1816,1791,1805,1798.0
4300140,2022-11-05,22,24,SM20-24,56.87%,1361,0,1551,1548.0
5692217,2022-11-05,48,48,VW45-49,55.61%,1766,1954,1975,1964.0
508066,2022-11-05,57,57,VW55-59,29.99%,3671,2187,2216,2202.0
5692217,2022-11-12,48,48,VW45-49,54.10%,1815,1954,1975,1964.0
2305995,2022-11-26,22,24,SM20-24,73.36%,1055,0,1551,1548.0
5692217,2022-11-26,48,48,VW45-49,51.12%,1921,1954,1975,1964.0
5692217,2022-12-03,48,48,VW45-49,53.25%,1844,1954,1975,1964.0
508066,2022-12-03,57,57,VW55-59,59.23%,1859,2187,2216,2202.0
508066,2022-12-10,57,57,VW55-59,59.00%,1866,2187,2216,2202.0
2305995,2022-12-24,22,24,SM20-24,75.00%,1032,0,1551,1548.0
5692217,2022-12-24,48,48,VW45-49,53.60%,1832,1954,1975,1964.0
2305995,2022-12-31,25,28,SM25-29,72.88%,1062,0,1548,1548.0
5692217,2022-12-31,48,48,VW45-49,53.46%,1837,1954,1975,1964.0
5692217,2023-01-07,48,48,VW45-49,53.81%,1825,1954,1975,1964.0
508066,2023-01-14,57,57,VW55-59,55.69%,1977,2187,2216,2202.0
5692217,2023-01-21,48,48,VW45-49,52.26%,1879,1954,1975,1964.0
508066,2023-01-21,57,57,VW55-59,56.26%,1957,2187,2216,2202.0
508066,2023-01-28,57,57,VW55-59,49.98%,2203,2187,2216,2202.0
5692217,2023-02-04,48,48,VW45-49,54.16%,1813,1954,1975,1964.0
5692217,2023-02-11,48,48,VW45-49,54.37%,1806,1954,1975,1964.0
5692217,2023-02-25,48,48,VW45-49,55.08%,1783,1954,1975,1964.0
508066,2023-02-25,57,57,VW55-59,56.43%,1951,2187,2216,2202.0
5692217,2023-03-04,48,48,VW45-49,55.92%,1756,1954,1975,1964.0
508066,2023-03-04,57,57,VW55-59,61.44%,1792,2187,2216,2202.0
5692217,2023-03-18,48,48,VW45-49,56.86%,1727,1954,1975,1964.0
1786236,2023-03-25,47,47,VM45-49,69.57%,1242,1721,1734,1728.0
5692217,2023-03-25,48,48,VW45-49,49.90%,1968,1954,1975,1964.0
5692217,2023-04-01,48,48,VW45-49,31.19%,3148,1954,1975,1964.0
2305995,2023-04-08,25,28,SM25-29,74.00%,1046,0,1548,1548.0
508066,2023-04-08,57,57,VW55-59,61.30%,1796,2187,2216,2202.0
508066,2023-05-13,57,57,VW55-59,66.69%,1651,2187,2216,2202.0
5692217,2023-05-20,48,48,VW45-49,55.73%,1762,1954,1975,1964.0
5692217,2023-05-27,48,48,VW45-49,56.11%,1750,1954,1975,1964.0
508066,2023-05-27,58,58,VW55-59,58.25%,1916,2217,2247,2232.0
508066,2023-06-03,58,58,VW55-59,60.03%,1859,2217,2247,2232.0
5692217,2023-06-24,48,48,VW45-49,52.63%,1866,1954,1975,1964.0
2305995,2023-07-01,25,28,SM25-29,73.43%,1054,0,1548,1548.0
5692217,2023-07-01,48,48,VW45-49,55.95%,1755,1954,1975,1964.0
508066,2023-07-15,58,58,VW55-59,65.34%,1708,2217,2247,2232.0
5692217,2023-07-15,48,48,VW45-49,54.89%,1789,1954,1975,1964.0
508066,2023-08-05,58,58,VW55-59,60.03%,1859,2217,2247,2232.0
508066,2023-08-19,58,58,VW55-59,64.55%,1729,2217,2247,2232.0
5692217,2023-08-19,48,48,VW45-49,52.51%,1870,1954,1975,1964.0
5692217,2023-08-26,48,48,VW45-49,54.65%,1797,1954,1975,1964.0
2305995,2023-09-02,25,28,SM25-29,74.49%,1039,0,1548,1548.0
2528702,2023-09-09,30,30,SW30-34,58.93%,1507,0,1776,1776.0
508066,2023-09-09,58,58,VW55-59,61.69%,1809,2217,2247,2232.0
5692217,2023-09-09,48,48,VW45-49,54.16%,1813,1954,1975,1964.0
5692217,2023-09-23,48,48,VW45-49,52.01%,1888,1954,1975,1964.0
5692217,2023-09-30,48,48,VW45-49,49.77%,1973,1954,1975,1964.0
508066,2023-10-14,58,58,VW55-59,44.59%,2503,2217,2247,2232.0
508066,2023-10-28,58,58,VW55-59,59.14%,1887,2217,2247,2232.0
5692217,2023-10-28,49,49,VW45-49,52.29%,1901,1976,2988,1988.0
5692217,2023-11-04,49,49,VW45-49,55.84%,1780,1976,2988,1988.0
5692217,2023-11-18,49,49,VW45-49,54.86%,1812,1976,2988,1988.0
2305995,2023-11-25,25,28,SM25-29,75.37%,1027,0,1548,1548.0
5692217,2023-11-25,49,49,VW45-49,51.82%,1918,1976,2988,1988.0
2528702,2023-12-02,31,31,SW30-34,57.50%,1546,1777,1778,1778.0
5692217,2023-12-02,49,49,VW45-49,52.93%,1878,1976,2988,1988.0
5692217,2023-12-16,49,49,VW45-49,51.08%,1946,1976,2988,1988.0
5692217,2023-12-23,49,49,VW45-49,53.93%,1843,1976,2988,1988.0
508066,2023-12-23,58,58,VW55-59,53.42%,2089,2217,2247,2232.0
2305995,2023-12-30,25,28,SM25-29,75.15%,1030,0,1548,1548.0
2305995,2024-01-01,25,28,SM25-29,75.07%,1031,0,1548,1548.0
5692217,2024-01-01,49,49,VW45-49,56.38%,1763,1976,2988,1988.0
5692217,2024-01-27,49,49,VW45-49,54.62%,1820,1976,2988,1988.0
5692217,2024-02-17,49,49,VW45-49,57.96%,1715,1976,2988,1988.0
5692217,2024-03-02,49,49,VW45-49,55.56%,1789,1976,2988,1988.0
5692217,2024-03-09,49,49,VW45-49,59.20%,1679,1976,2988,1988.0
5692217,2024-03-16,49,49,VW45-49,58.44%,1701,1976,2988,1988.0
5692217,2024-03-23,49,49,VW45-49,52.37%,1898,1976,2988,1988.0
128724,2024-04-20,66,66,VW65-69,66.53%,1885,2489,2526,2508.0
5692217,2024-04-27,49,49,VW45-49,56.96%,1745,1976,2988,1988.0
1014475,2024-04-27,61,61,VM60-64,51.46%,1887,1933,1949,1942.0
508066,2024-04-27,58,58,VW55-59,54.44%,2050,2217,2247,2232.0
1014475,2024-05-04,61,61,VM60-64,52.12%,1863,1933,1949,1942.0
508066,2024-05-04,58,58,VW55-59,58.58%,1905,2217,2247,2232.0
5692217,2024-05-25,49,49,VW45-49,61.17%,1625,1976,2988,1988.0
5692217,2024-06-01,49,49,VW45-49,61.66%,1612,1976,2988,1988.0
5692217,2024-06-08,49,49,VW45-49,56.51%,1759,1976,2988,1988.0
1014475,2024-06-08,61,61,VM60-64,54.86%,1770,1933,1949,1942.0
508066,2024-06-08,59,59,VW55-59,30.39%,3725,2248,3264,2264.0
508066,2024-06-22,59,59,VW55-59,34.53%,3278,2248,3264,2264.0
2305995,2024-06-29,25,28,SM25-29,75.81%,1021,0,1548,1548.0
508066,2024-06-29,59,59,VW55-59,35.08%,3227,2248,3264,2264.0
2305995,2024-07-06,25,28,SM25-29,74.93%,1033,0,1548,1548.0
508066,2024-07-20,59,59,VW55-59,53.22%,2127,2248,3264,2264.0
5692217,2024-08-24,49,49,VW45-49,57.69%,1723,1976,2988,1988.0
508066,2024-08-24,59,59,VW55-59,61.22%,1849,2248,3264,2264.0
1903974,2024-08-31,50,50,VW50-54,54.38%,1850,0,2023,2012.0
5692217,2024-09-14,49,49,VW45-49,59.31%,1676,1976,2988,1988.0
5692217,2024-09-28,49,49,VW45-49,54.35%,1829,1976,2988,1988.0
508066,2024-09-28,59,59,VW55-59,57.14%,1981,2248,3264,2264.0
5692217,2024-10-05,49,49,VW45-49,57.09%,1741,1976,2988,1988.0
5692217,2024-10-12,49,49,VW45-49,57.79%,1720,1976,2988,1988.0
508066,2024-10-12,59,59,VW55-59,32.63%,3469,2248,3264,2264.0
2528702,2024-10-19,31,31,SW30-34,56.44%,1575,1777,1778,1778.0
508066,2024-10-19,59,59,VW55-59,38.53%,2938,2248,3264,2264.0
508066,2024-11-16,59,59,VW55-59,33.48%,3381,2248,3264,2264.0
5692217,2024-11-30,50,50,VW50-54,53.03%,1897,0,2023,2012.0
508066,2024-11-30,59,59,VW55-59,34.87%,3246,2248,3264,2264.0
764052,2024-12-14,51,51,VM50-54,71.19%,1253,1777,1790,1784.0
1752380,2024-12-14,57,57,VM55-59,61.43%,1527,1868,1883,1876.0
455131,2024-12-14,54,54,VM50-54,50.86%,1797,1821,2828,1828.0
1014475,2024-12-14,62,62,VM60-64,51.20%,1912,1950,1966,1958.0
2528702,2024-12-14,32,32,SW30-34,57.46%,1549,1779,1781,1780.0
820431,2024-12-14,54,54,VW50-54,43.10%,2455,2103,3116,2116.0
3584259,2024-12-14,61,61,VW60-64,49.53%,2350,2312,2344,2328.0
2038021,2024-12-14,37,37,VM35-39,65.02%,1232,1597,1607,1602.0
1071062,2024-12-14,59,59,VW55-59,53.05%,2134,2248,3264,2264.0
614195,2024-12-14,63,63,VW60-64,50.98%,2350,2379,2413,2396.0
4724979,2024-12-14,57,57,VM55-59,54.57%,1719,1868,1883,1876.0
356941,2024-12-14,58,58,VW55-59,56.91%,1961,2217,2247,2232.0
2225632,2024-12-14,65,65,VW65-69,52.62%,2347,0,2488,2470.0
2048645,2024-12-14,60,60,VM60-64,58.87%,1634,0,1932,1924.0
1036771,2024-12-14,51,51,VW50-54,40.95%,2486,2024,2048,2036.0
1646899,2024-12-14,53,53,VW50-54,37.99%,2751,2076,2102,2090.0
140578,2024-12-14,61,61,VW60-64,60.37%,1928,2312,2344,2328.0
1997252,2024-12-14,50,50,VM50-54,68.98%,1283,0,1776,1770.0
2378240,2024-12-14,46,46,VW45-49,53.15%,1810,1915,1933,1924.0
5012495,2024-12-14,51,51,VM50-54,38.73%,2303,1777,1790,1784.0
3738636,2024-12-14,52,52,VW50-54,24.96%,4131,2049,2075,2062.0
164707,2024-12-14,61,61,VW60-64,62.68%,1857,2312,2344,2328.0
141347,2024-12-14,61,61,VW60-64,61.95%,1879,2312,2344,2328.0
1015088,2019-12-07,25,28,SM25-29,57.12%,1355,0,1548,1548.0
125003,2017-01-14,57,57,VW55-59,54.78%,2010,2187,2216,2202.0
169141,2017-01-14,53,53,VW50-54,49.43%,2114,2076,2102,2090.0
74670,2017-01-14,51,51,VW50-54,46.36%,2196,2024,2048,2036.0
215996,2017-01-21,51,51,VM50-54,74.90%,1191,1777,1790,1784.0
169141,2017-01-28,54,54,VW50-54,49.62%,2132,2103,3116,2116.0
1786236,2017-02-11,42,42,VM40-44,64.47%,1289,1656,1668,1662.0
1786236,2017-02-25,42,42,VM40-44,65.43%,1270,1656,1668,1662.0
169141,2017-03-11,54,54,VW50-54,50.65%,2089,2103,3116,2116.0
169141,2017-03-18,54,54,VW50-54,52.61%,2011,2103,3116,2116.0
1786236,2017-03-25,42,42,VM40-44,65.48%,1269,1656,1668,1662.0
169141,2017-03-25,54,54,VW50-54,54.28%,1949,2103,3116,2116.0
169141,2017-04-01,54,54,VW50-54,54.01%,1959,2103,3116,2116.0
1786236,2017-04-22,42,42,VM40-44,67.67%,1228,1656,1668,1662.0
169141,2017-04-22,54,54,VW50-54,52.38%,2020,2103,3116,2116.0
3424529,2017-04-22,55,55,VW55-59,42.69%,2511,0,2157,2144.0
1786236,2017-05-06,42,42,VM40-44,67.07%,1239,1656,1668,1662.0
169141,2017-05-06,54,54,VW50-54,46.61%,2270,2103,3116,2116.0
3424529,2017-05-06,51,51,VW50-54,41.26%,2467,2024,2048,2036.0
1786236,2017-05-27,42,42,VM40-44,66.43%,1251,1656,1668,1662.0
3424529,2017-05-27,51,51,VW50-54,38.96%,2613,2024,2048,2036.0
3424529,2017-06-03,51,51,VW50-54,40.80%,2495,2024,2048,2036.0
1786236,2017-06-10,42,42,VM40-44,66.91%,1242,1656,1668,1662.0
3424529,2017-06-10,51,51,VW50-54,43.75%,2327,2024,2048,2036.0
1786236,2017-06-17,42,42,VM40-44,64.42%,1290,1656,1668,1662.0
3424529,2017-06-17,51,51,VW50-54,42.14%,2416,2024,2048,2036.0
1786236,2017-07-01,42,42,VM40-44,66.16%,1256,1656,1668,1662.0
1786236,2017-07-08,43,43,VM40-44,66.88%,1253,1669,1681,1676.0
3424529,2017-07-15,51,51,VW50-54,44.16%,2305,2024,2048,2036.0
1786236,2017-07-22,43,43,VM40-44,67.09%,1249,1669,1681,1676.0
169141,2017-07-22,54,54,VW50-54,48.73%,2171,2103,3116,2116.0
1786236,2017-08-05,43,43,VM40-44,65.32%,1283,1669,1681,1676.0
3424529,2017-08-26,51,51,VW50-54,43.36%,2348,2024,2048,2036.0
1786236,2017-09-02,43,43,VM40-44,62.21%,1347,1669,1681,1676.0
3424529,2017-09-02,51,51,VW50-54,43.67%,2331,2024,2048,2036.0
1786236,2017-09-09,43,43,VM40-44,64.07%,1308,1669,1681,1676.0
3424529,2017-09-09,51,51,VW50-54,44.83%,2271,2024,2048,2036.0
1786236,2017-09-16,43,43,VM40-44,64.81%,1293,1669,1681,1676.0
3424529,2017-09-16,51,51,VW50-54,43.28%,2352,2024,2048,2036.0
1786236,2017-09-23,43,43,VM40-44,65.21%,1285,1669,1681,1676.0
3424529,2017-10-07,51,51,VW50-54,42.14%,2416,2024,2048,2036.0
1786236,2017-10-14,43,43,VM40-44,62.54%,1340,1669,1681,1676.0
3424529,2017-10-14,51,51,VW50-54,41.45%,2456,2024,2048,2036.0
1786236,2017-10-21,43,43,VM40-44,62.07%,1350,1669,1681,1676.0
1786236,2017-10-28,43,43,VM40-44,63.92%,1311,1669,1681,1676.0
169141,2017-11-11,54,54,VW50-54,48.31%,2190,2103,3116,2116.0
1786236,2017-11-18,43,43,VM40-44,64.46%,1300,1669,1681,1676.0
169141,2017-11-18,54,54,VW50-54,51.14%,2069,2103,3116,2116.0
3424529,2017-11-18,51,51,VW50-54,41.76%,2438,2024,2048,2036.0
1786236,2017-12-02,43,43,VM40-44,65.11%,1287,1669,1681,1676.0
169141,2017-12-02,54,54,VW50-54,51.61%,2050,2103,3116,2116.0
1786236,2017-12-09,43,43,VM40-44,65.57%,1278,1669,1681,1676.0
1138623,2017-12-09,44,44,VM40-44,50.87%,1659,1682,2688,1688.0
169141,2017-12-09,54,54,VW50-54,52.35%,2021,2103,3116,2116.0
1786236,2017-12-23,43,43,VM40-44,65.11%,1287,1669,1681,1676.0
169141,2017-12-23,54,54,VW50-54,51.43%,2057,2103,3116,2116.0
1786236,2018-01-06,43,43,VM40-44,62.72%,1336,1669,1681,1676.0
1786236,2018-01-13,43,43,VM40-44,63.53%,1319,1669,1681,1676.0
1786236,2018-01-20,43,43,VM40-44,63.58%,1318,1669,1681,1676.0
1786236,2018-02-03,43,43,VM40-44,64.76%,1294,1669,1681,1676.0
3424529,2018-02-03,51,51,VW50-54,40.82%,2494,2024,2048,2036.0
1786236,2018-02-10,43,43,VM40-44,65.88%,1272,1669,1681,1676.0
1786236,2018-02-17,43,43,VM40-44,66.14%,1267,1669,1681,1676.0
1786236,2018-02-24,43,43,VM40-44,66.25%,1265,1669,1681,1676.0
1786236,2018-03-03,43,43,VM40-44,63.44%,1321,1669,1681,1676.0
1786236,2018-03-10,43,43,VM40-44,65.88%,1272,1669,1681,1676.0
1786236,2018-03-17,43,43,VM40-44,64.56%,1298,1669,1681,1676.0
1786236,2018-03-24,43,43,VM40-44,66.30%,1264,1669,1681,1676.0
1786236,2018-04-07,43,43,VM40-44,66.77%,1255,1669,1681,1676.0
1786236,2018-04-14,43,43,VM40-44,64.96%,1290,1669,1681,1676.0
3424529,2018-04-21,52,52,VW50-54,43.61%,2364,2049,2075,2062.0
1786236,2018-04-28,43,43,VM40-44,66.88%,1253,1669,1681,1676.0
4547298,2018-05-05,56,56,VW55-59,49.16%,2209,2158,2186,2172.0
3424529,2018-05-05,52,52,VW50-54,38.37%,2687,2049,2075,2062.0
1786236,2018-05-12,43,43,VM40-44,68.80%,1218,1669,1681,1676.0
3424529,2018-05-12,52,52,VW50-54,41.03%,2513,2049,2075,2062.0
1786236,2018-05-19,43,43,VM40-44,67.80%,1236,1669,1681,1676.0
3424529,2018-05-19,52,52,VW50-54,43.30%,2381,2049,2075,2062.0
3424529,2018-05-26,52,52,VW50-54,42.92%,2402,2049,2075,2062.0
1786236,2018-06-02,43,43,VM40-44,67.74%,1237,1669,1681,1676.0
3424529,2018-06-09,52,52,VW50-54,47.03%,2192,2049,2075,2062.0
1786236,2018-06-16,43,43,VM40-44,65.93%,1271,1669,1681,1676.0
1786236,2018-06-23,43,43,VM40-44,65.57%,1278,1669,1681,1676.0
1786236,2018-06-30,43,43,VM40-44,64.86%,1292,1669,1681,1676.0
3424529,2018-06-30,52,52,VW50-54,41.29%,2497,2049,2075,2062.0
1786236,2018-07-07,44,44,VM40-44,65.83%,1282,1682,2688,1688.0
1786236,2018-07-21,44,44,VM40-44,67.52%,1250,1682,2688,1688.0
3424529,2018-07-21,52,52,VW50-54,44.52%,2316,2049,2075,2062.0
3424529,2018-07-28,52,52,VW50-54,42.60%,2420,2049,2075,2062.0
1786236,2018-08-04,44,44,VM40-44,67.20%,1256,1682,2688,1688.0
1786236,2018-08-11,44,44,VM40-44,67.68%,1247,1682,2688,1688.0
1786236,2018-08-18,44,44,VM40-44,68.56%,1231,1682,2688,1688.0
1786236,2018-08-25,44,44,VM40-44,66.61%,1267,1682,2688,1688.0
3424529,2018-08-25,52,52,VW50-54,43.39%,2376,2049,2075,2062.0
1786236,2018-09-01,44,44,VM40-44,68.40%,1234,1682,2688,1688.0
1786236,2018-09-08,44,44,VM40-44,69.41%,1216,1682,2688,1688.0
1786236,2018-09-15,44,44,VM40-44,68.34%,1235,1682,2688,1688.0
3424529,2018-09-15,52,52,VW50-54,46.91%,2198,2049,2075,2062.0
1786236,2018-10-06,44,44,VM40-44,68.56%,1231,1682,2688,1688.0
3424529,2018-10-06,52,52,VW50-54,43.98%,2344,2049,2075,2062.0
1786236,2018-10-20,44,44,VM40-44,68.40%,1234,1682,2688,1688.0
3424529,2018-10-20,52,52,VW50-54,44.04%,2341,2049,2075,2062.0
1786236,2018-10-27,44,44,VM40-44,68.79%,1227,1682,2688,1688.0
3424529,2018-10-27,52,52,VW50-54,43.59%,2365,2049,2075,2062.0
3424529,2018-11-03,52,52,VW50-54,45.84%,2249,2049,2075,2062.0
4547298,2018-11-03,47,47,VW45-49,42.78%,2272,1934,1953,1944.0
1786236,2018-11-10,44,44,VM40-44,68.34%,1235,1682,2688,1688.0
1786236,2018-11-17,44,44,VM40-44,68.23%,1237,1682,2688,1688.0
1786236,2018-12-01,44,44,VM40-44,67.09%,1258,1682,2688,1688.0
3424529,2018-12-22,52,52,VW50-54,39.85%,2587,2049,2075,2062.0
1786236,2018-12-25,44,44,VM40-44,60.50%,1395,1682,2688,1688.0
1786236,2019-01-01,44,44,VM40-44,66.56%,1268,1682,2688,1688.0
1786236,2019-01-05,44,44,VM40-44,67.25%,1255,1682,2688,1688.0
598715,2019-01-12,55,55,VM55-59,51.74%,1782,0,1851,1844.0
3424529,2019-01-12,52,52,VW50-54,47.78%,2158,2049,2075,2062.0
3424529,2019-01-19,52,52,VW50-54,42.67%,2416,2049,2075,2062.0
3424529,2019-01-26,52,52,VW50-54,43.45%,2373,2049,2075,2062.0
1786236,2019-02-02,44,44,VM40-44,67.14%,1257,1682,2688,1688.0
3424529,2019-02-09,52,52,VW50-54,42.66%,2417,2049,2075,2062.0
1786236,2019-02-16,44,44,VM40-44,68.12%,1239,1682,2688,1688.0
1786236,2019-02-23,44,44,VM40-44,69.01%,1223,1682,2688,1688.0
1786236,2019-03-02,44,44,VM40-44,67.20%,1256,1682,2688,1688.0
3424529,2019-03-02,53,53,VW50-54,43.76%,2388,2076,2102,2090.0
3424529,2019-03-09,53,53,VW50-54,46.44%,2250,2076,2102,2090.0
3424529,2019-03-16,53,53,VW50-54,44.24%,2362,2076,2102,2090.0
1786236,2019-03-23,44,44,VM40-44,70.10%,1204,1682,2688,1688.0
3424529,2019-03-23,53,53,VW50-54,46.86%,2230,2076,2102,2090.0
1786236,2019-03-30,44,44,VM40-44,71.40%,1182,1682,2688,1688.0
3424529,2019-03-30,53,53,VW50-54,46.84%,2231,2076,2102,2090.0
1786236,2019-04-13,44,44,VM40-44,71.16%,1186,1682,2688,1688.0
3424529,2019-04-13,53,53,VW50-54,46.99%,2224,2076,2102,2090.0
1786236,2019-04-20,44,44,VM40-44,71.04%,1188,1682,2688,1688.0
3424529,2019-04-27,53,53,VW50-54,47.56%,2197,2076,2102,2090.0
3424529,2019-05-04,53,53,VW50-54,45.79%,2282,2076,2102,2090.0
1786236,2019-05-11,44,44,VM40-44,71.28%,1184,1682,2688,1688.0
1786236,2019-05-18,44,44,VM40-44,71.77%,1176,1682,2688,1688.0
3424529,2019-05-18,53,53,VW50-54,47.11%,2218,2076,2102,2090.0
1786236,2019-05-25,44,44,VM40-44,71.34%,1183,1682,2688,1688.0
1786236,2019-06-01,44,44,VM40-44,70.57%,1196,1682,2688,1688.0
3424529,2019-06-01,53,53,VW50-54,46.65%,2240,2076,2102,2090.0
3424529,2019-06-08,53,53,VW50-54,46.12%,2266,2076,2102,2090.0
3424529,2019-06-15,53,53,VW50-54,49.29%,2120,2076,2102,2090.0
1786236,2019-06-22,44,44,VM40-44,71.16%,1186,1682,2688,1688.0
3424529,2019-06-22,53,53,VW50-54,51.33%,2036,2076,2102,2090.0
3424529,2019-06-29,53,53,VW50-54,45.43%,2300,2076,2102,2090.0
1786236,2019-07-20,45,45,VM45-49,61.44%,1385,0,1707,1702.0
3424529,2019-08-03,53,53,VW50-54,48.00%,2177,2076,2102,2090.0
3424529,2019-08-17,53,53,VW50-54,46.55%,2245,2076,2102,2090.0
3424529,2019-08-31,53,53,VW50-54,50.65%,2063,2076,2102,2090.0
1786236,2019-09-14,44,44,VM40-44,61.92%,1363,1682,2688,1688.0
3424529,2019-09-14,53,53,VW50-54,52.43%,1993,2076,2102,2090.0
1786236,2019-09-21,44,44,VM40-44,59.23%,1425,1682,2688,1688.0
3424529,2019-09-21,53,53,VW50-54,52.57%,1988,2076,2102,2090.0
1786236,2019-09-28,44,44,VM40-44,62.15%,1358,1682,2688,1688.0
3424529,2019-10-05,53,53,VW50-54,50.73%,2060,2076,2102,2090.0
1786236,2019-10-12,44,44,VM40-44,64.62%,1306,1682,2688,1688.0
508066,2019-10-26,54,54,VW50-54,61.84%,1711,2103,3116,2116.0
146993,2019-11-02,70,70,VW70-74,48.02%,2782,0,2693,2672.0
1786236,2019-11-09,44,44,VM40-44,67.79%,1245,1682,2688,1688.0
125003,2019-11-09,59,59,VW55-59,52.85%,2142,2248,3264,2264.0
3424529,2019-11-09,53,53,VW50-54,46.80%,2233,2076,2102,2090.0
146993,2019-11-09,70,70,VW70-74,48.88%,2733,0,2693,2672.0
1786236,2019-11-16,44,44,VM40-44,67.57%,1249,1682,2688,1688.0
3424529,2019-11-16,53,53,VW50-54,51.45%,2031,2076,2102,2090.0
1786236,2019-12-14,44,44,VM40-44,64.13%,1316,1682,2688,1688.0
1786236,2019-12-25,44,44,VM40-44,61.70%,1368,1682,2688,1688.0
3424529,2019-12-28,53,53,VW50-54,39.86%,2622,2076,2102,2090.0
1786236,2020-01-01,44,44,VM40-44,66.04%,1278,1682,2688,1688.0
1786236,2020-01-04,44,44,VM40-44,66.51%,1269,1682,2688,1688.0
1786236,2020-01-11,44,44,VM40-44,63.46%,1330,1682,2688,1688.0
3424529,2020-01-18,53,53,VW50-54,41.42%,2523,2076,2102,2090.0
3424529,2020-02-08,53,53,VW50-54,41.29%,2531,2076,2102,2090.0
3424529,2020-02-22,54,54,VW50-54,32.22%,3284,2103,3116,2116.0
1786236,2020-02-29,44,44,VM40-44,65.89%,1281,1682,2688,1688.0
3424529,2020-03-07,54,54,VW50-54,45.19%,2341,2103,3116,2116.0
1786236,2021-07-24,46,46,VM45-49,67.16%,1276,1708,1720,1714.0
1786236,2021-07-31,46,46,VM45-49,67.01%,1279,1708,1720,1714.0
3424529,2021-07-31,55,55,VW55-59,47.14%,2274,0,2157,2144.0
1786236,2021-08-07,46,46,VM45-49,70.25%,1220,1708,1720,1714.0
1786236,2021-08-21,46,46,VM45-49,70.25%,1220,1708,1720,1714.0
1786236,2021-08-28,46,46,VM45-49,72.50%,1182,1708,1720,1714.0
83295,2021-08-28,66,66,VW65-69,60.67%,2067,2489,2526,2508.0
3424529,2021-08-28,55,55,VW55-59,50.00%,2144,0,2157,2144.0
3424529,2021-09-04,55,55,VW55-59,49.02%,2187,0,2157,2144.0
1786236,2021-09-11,46,46,VM45-49,69.00%,1242,1708,1720,1714.0
3424529,2021-09-18,55,55,VW55-59,44.41%,2414,0,2157,2144.0
1786236,2021-09-25,46,46,VM45-49,69.56%,1232,1708,1720,1714.0
3424529,2021-09-25,55,55,VW55-59,49.56%,2163,0,2157,2144.0
3424529,2021-10-02,55,55,VW55-59,46.47%,2307,0,2157,2144.0
3424529,2021-10-09,55,55,VW55-59,48.01%,2233,0,2157,2144.0
1786236,2021-10-16,46,46,VM45-49,69.85%,1227,1708,1720,1714.0
1786236,2021-10-23,46,46,VM45-49,65.52%,1308,1708,1720,1714.0
3424529,2021-11-06,55,55,VW55-59,47.22%,2270,0,2157,2144.0
1786236,2021-11-13,46,46,VM45-49,62.97%,1361,1708,1720,1714.0
3424529,2021-11-13,55,55,VW55-59,43.45%,2467,0,2157,2144.0
1786236,2021-11-20,46,46,VM45-49,64.24%,1334,1708,1720,1714.0
3424529,2021-11-20,55,55,VW55-59,46.85%,2288,0,2157,2144.0
3424529,2021-12-04,55,55,VW55-59,49.98%,2145,0,2157,2144.0
3424529,2021-12-11,55,55,VW55-59,44.91%,2387,0,2157,2144.0
1786236,2021-12-18,46,46,VM45-49,69.90%,1226,1708,1720,1714.0
3424529,2021-12-18,55,55,VW55-59,45.40%,2361,0,2157,2144.0
1786236,2021-12-25,46,46,VM45-49,68.12%,1258,1708,1720,1714.0
3424529,2022-01-01,55,55,VW55-59,43.79%,2448,0,2157,2144.0
1786236,2022-01-08,46,46,VM45-49,69.17%,1239,1708,1720,1714.0
3424529,2022-01-08,55,55,VW55-59,30.91%,3468,0,2157,2144.0
93037,2022-01-22,44,44,VW40-44,68.46%,1379,1881,2888,1888.0
3424529,2022-01-22,55,55,VW55-59,45.29%,2367,0,2157,2144.0
1786236,2022-02-12,46,46,VM45-49,62.69%,1367,1708,1720,1714.0
1786236,2022-02-26,46,46,VM45-49,63.48%,1350,1708,1720,1714.0
3424529,2022-02-26,56,56,VW55-59,45.01%,2413,2158,2186,2172.0
1786236,2022-03-12,46,46,VM45-49,62.10%,1380,1708,1720,1714.0
3424529,2022-03-12,56,56,VW55-59,49.01%,2216,2158,2186,2172.0
1786236,2022-03-19,46,46,VM45-49,67.22%,1275,1708,1720,1714.0
3424529,2022-03-19,56,56,VW55-59,49.89%,2177,2158,2186,2172.0
93037,2022-03-26,40,40,VW40-44,Unknown,1229,0,1840,0.0
1786236,2022-03-26,46,46,VM45-49,69.22%,1238,1708,1720,1714.0
3424529,2022-03-26,56,56,VW55-59,49.25%,2205,2158,2186,2172.0
1786236,2022-04-02,46,46,VM45-49,68.12%,1258,1708,1720,1714.0
3424529,2022-04-02,56,56,VW55-59,47.72%,2276,2158,2186,2172.0
1786236,2022-04-09,46,46,VM45-49,68.18%,1257,1708,1720,1714.0
1786236,2022-04-16,46,46,VM45-49,66.49%,1289,1708,1720,1714.0
3424529,2022-04-16,56,56,VW55-59,48.77%,2227,2158,2186,2172.0
3424529,2022-04-23,56,56,VW55-59,45.23%,2401,2158,2186,2172.0
1786236,2022-04-30,46,46,VM45-49,70.77%,1211,1708,1720,1714.0
3424529,2022-05-07,56,56,VW55-59,51.86%,2094,2158,2186,2172.0
3424529,2022-05-21,56,56,VW55-59,44.44%,2444,2158,2186,2172.0
1786236,2022-06-11,46,46,VM45-49,64.05%,1338,1708,1720,1714.0
1786236,2022-06-25,46,46,VM45-49,57.44%,1492,1708,1720,1714.0
5692217,2022-06-25,47,47,VW45-49,57.21%,1699,1934,1953,1944.0
1786236,2022-07-02,47,47,VM45-49,65.36%,1322,1721,1734,1728.0
1786236,2022-07-09,47,47,VM45-49,67.34%,1283,1721,1734,1728.0
1786236,2022-07-23,47,47,VM45-49,67.19%,1286,1721,1734,1728.0
1786236,2022-07-30,47,47,VM45-49,57.87%,1493,1721,1734,1728.0
1786236,2022-08-06,47,47,VM45-49,68.35%,1264,1721,1734,1728.0
1786236,2022-08-13,47,47,VM45-49,64.96%,1330,1721,1734,1728.0
1786236,2022-08-20,47,47,VM45-49,68.52%,1261,1721,1734,1728.0
3424529,2022-08-27,56,56,VW55-59,47.22%,2300,2158,2186,2172.0
1786236,2022-09-03,47,47,VM45-49,67.03%,1289,1721,1734,1728.0
3424529,2022-09-10,56,56,VW55-59,47.95%,2265,2158,2186,2172.0
1786236,2022-09-17,47,47,VM45-49,69.73%,1239,1721,1734,1728.0
3424529,2022-09-17,56,56,VW55-59,46.57%,2332,2158,2186,2172.0
3424529,2022-10-01,56,56,VW55-59,47.63%,2280,2158,2186,2172.0
455131,2022-10-15,52,52,VM50-54,47.92%,1876,1791,1805,1798.0
3424529,2022-10-15,56,56,VW55-59,47.93%,2266,2158,2186,2172.0
1786236,2022-10-29,47,47,VM45-49,57.60%,1500,1721,1734,1728.0
1786236,2022-11-12,47,47,VM45-49,65.60%,1317,1721,1734,1728.0
3424529,2022-11-12,56,56,VW55-59,49.36%,2200,2158,2186,2172.0
1786236,2022-11-19,47,47,VM45-49,65.50%,1319,1721,1734,1728.0
3424529,2022-12-10,56,56,VW55-59,49.45%,2196,2158,2186,2172.0
1786236,2022-12-25,47,47,VM45-49,49.66%,1740,1721,1734,1728.0
3424529,2022-12-25,56,56,VW55-59,39.82%,2727,2158,2186,2172.0
3424529,2023-01-01,56,56,VW55-59,42.89%,2532,2158,2186,2172.0
614195,2023-01-01,61,61,VW60-64,34.46%,3378,2312,2344,2328.0
3424529,2023-01-21,56,56,VW55-59,44.15%,2460,2158,2186,2172.0
3424529,2023-02-18,57,57,VW55-59,49.82%,2210,2187,2216,2202.0
3424529,2023-02-25,57,57,VW55-59,45.63%,2413,2187,2216,2202.0
1786236,2023-04-08,47,47,VM45-49,67.61%,1278,1721,1734,1728.0
4300140,2023-04-22,22,24,SM20-24,61.14%,1266,0,1551,1548.0
3424529,2023-04-22,57,57,VW55-59,52.38%,2102,2187,2216,2202.0
3424529,2023-04-29,57,57,VW55-59,53.47%,2059,2187,2216,2202.0
3424529,2023-05-06,57,57,VW55-59,46.95%,2345,2187,2216,2202.0
1786236,2023-05-27,47,47,VM45-49,56.36%,1533,1721,1734,1728.0
3424529,2023-05-27,57,57,VW55-59,53.79%,2047,2187,2216,2202.0
3424529,2023-06-17,57,57,VW55-59,53.60%,2054,2187,2216,2202.0
1786236,2023-06-24,47,47,VM45-49,64.19%,1346,1721,1734,1728.0
1786236,2023-07-01,47,47,VM45-49,63.16%,1368,1721,1734,1728.0
1786236,2023-07-08,48,48,VM45-49,63.02%,1382,1735,1748,1742.0
1786236,2023-07-29,48,48,VM45-49,55.98%,1556,1735,1748,1742.0
3424529,2023-08-05,57,57,VW55-59,44.77%,2459,2187,2216,2202.0
1786236,2023-08-12,48,48,VM45-49,64.57%,1349,1735,1748,1742.0
3424529,2023-08-12,57,57,VW55-59,46.16%,2385,2187,2216,2202.0
1786236,2023-08-19,48,48,VM45-49,66.44%,1311,1735,1748,1742.0
3424529,2023-08-19,57,57,VW55-59,48.82%,2255,2187,2216,2202.0
1786236,2023-09-02,48,48,VM45-49,65.34%,1333,1735,1748,1742.0
600747,2023-09-02,41,41,VW40-44,59.90%,1541,1841,1852,1846.0
5692217,2023-09-02,48,48,VW45-49,54.59%,1799,1954,1975,1964.0
3424529,2023-09-02,57,57,VW55-59,46.26%,2380,2187,2216,2202.0
1786236,2023-09-09,48,48,VM45-49,65.98%,1320,1735,1748,1742.0
3424529,2023-09-09,57,57,VW55-59,48.78%,2257,2187,2216,2202.0
1786236,2023-09-16,48,48,VM45-49,67.21%,1296,1735,1748,1742.0
3424529,2023-09-16,57,57,VW55-59,49.26%,2235,2187,2216,2202.0
1786236,2023-09-30,48,48,VM45-49,60.95%,1429,1735,1748,1742.0
1786236,2023-10-07,48,48,VM45-49,65.24%,1335,1735,1748,1742.0
3424529,2023-10-07,57,57,VW55-59,46.22%,2382,2187,2216,2202.0
1786236,2023-10-14,48,48,VM45-49,65.89%,1322,1735,1748,1742.0
1786236,2023-10-28,48,48,VM45-49,63.21%,1378,1735,1748,1742.0
1786236,2023-11-04,48,48,VM45-49,66.54%,1309,1735,1748,1742.0
1786236,2023-11-25,48,48,VM45-49,59.70%,1459,1735,1748,1742.0
3424529,2023-11-25,57,57,VW55-59,50.74%,2170,2187,2216,2202.0
1786236,2023-12-02,48,48,VM45-49,60.70%,1435,1735,1748,1742.0
1786236,2023-12-25,48,48,VM45-49,64.19%,1357,1735,1748,1742.0
1786236,2023-12-30,48,48,VM45-49,64.57%,1349,1735,1748,1742.0
3424529,2023-12-30,57,57,VW55-59,43.59%,2526,2187,2216,2202.0
1786236,2024-01-01,48,48,VM45-49,64.14%,1358,1735,1748,1742.0
3424529,2024-01-20,57,57,VW55-59,41.01%,2685,2187,2216,2202.0
1786236,2024-01-27,48,48,VM45-49,67.15%,1297,1735,1748,1742.0
3424529,2024-01-27,57,57,VW55-59,46.95%,2345,2187,2216,2202.0
1786236,2024-02-17,48,48,VM45-49,62.13%,1402,1735,1748,1742.0
3424529,2024-03-02,58,58,VW55-59,44.04%,2534,2217,2247,2232.0
1786236,2024-03-09,48,48,VM45-49,63.39%,1374,1735,1748,1742.0
1786236,2024-03-23,48,48,VM45-49,67.68%,1287,1735,1748,1742.0
1786236,2024-03-30,48,48,VM45-49,65.89%,1322,1735,1748,1742.0
1786236,2024-04-13,48,48,VM45-49,67.15%,1297,1735,1748,1742.0
1786236,2024-04-20,48,48,VM45-49,69.02%,1262,1735,1748,1742.0
3424529,2024-04-27,58,58,VW55-59,47.81%,2334,2217,2247,2232.0
1786236,2024-05-04,48,48,VM45-49,61.47%,1417,1735,1748,1742.0
1786236,2024-05-18,48,48,VM45-49,66.39%,1312,1735,1748,1742.0
1786236,2024-05-25,48,48,VM45-49,66.19%,1316,1735,1748,1742.0
1786236,2024-06-08,48,48,VM45-49,66.34%,1313,1735,1748,1742.0
3424529,2024-06-08,58,58,VW55-59,47.86%,2332,2217,2247,2232.0
1786236,2024-06-15,48,48,VM45-49,58.42%,1491,1735,1748,1742.0
3424529,2024-06-15,58,58,VW55-59,53.99%,2067,2217,2247,2232.0
3424529,2024-06-22,58,58,VW55-59,51.01%,2188,2217,2247,2232.0
1786236,2024-06-29,48,48,VM45-49,63.48%,1372,1735,1748,1742.0
1786236,2024-07-13,49,49,VM45-49,67.33%,1304,1749,2756,1756.0
3424529,2024-07-13,58,58,VW55-59,48.21%,2315,2217,2247,2232.0
1786236,2024-07-20,49,49,VM45-49,67.80%,1295,1749,2756,1756.0
3424529,2024-07-20,58,58,VW55-59,49.73%,2244,2217,2247,2232.0
3738636,2024-07-20,51,51,VW50-54,37.83%,2691,2024,2048,2036.0
1786236,2024-07-27,49,49,VM45-49,69.74%,1259,1749,2756,1756.0
1786236,2024-08-10,49,49,VM45-49,70.35%,1248,1749,2756,1756.0
3424529,2024-08-10,58,58,VW55-59,53.17%,2099,2217,2247,2232.0
1786236,2024-08-17,49,49,VM45-49,66.06%,1329,1749,2756,1756.0
3424529,2024-08-17,58,58,VW55-59,46.00%,2426,2217,2247,2232.0
1786236,2024-08-31,49,49,VM45-49,66.36%,1323,1749,2756,1756.0
3424529,2024-08-31,58,58,VW55-59,52.62%,2121,2217,2247,2232.0
3424529,2024-09-07,58,58,VW55-59,34.78%,3209,2217,2247,2232.0
3424529,2024-09-14,58,58,VW55-59,45.38%,2459,2217,2247,2232.0
1786236,2024-09-21,49,49,VM45-49,66.46%,1321,1749,2756,1756.0
1786236,2024-09-28,49,49,VM45-49,62.58%,1403,1749,2756,1756.0
3424529,2024-09-28,58,58,VW55-59,49.80%,2241,2217,2247,2232.0
3424529,2024-10-12,58,58,VW55-59,50.36%,2216,2217,2247,2232.0
1786236,2024-10-26,49,49,VM45-49,63.76%,1377,1749,2756,1756.0
3424529,2024-11-02,58,58,VW55-59,47.23%,2363,2217,2247,2232.0
1786236,2024-11-09,49,49,VM45-49,65.33%,1344,1749,2756,1756.0
3424529,2024-11-09,58,58,VW55-59,32.72%,3411,2217,2247,2232.0
1786236,2024-11-16,49,49,VM45-49,65.52%,1340,1749,2756,1756.0
1786236,2024-11-23,49,49,VM45-49,65.72%,1336,1749,2756,1756.0
1786236,2024-12-07,49,49,VM45-49,63.49%,1383,1749,2756,1756.0
1752380,2024-12-21,57,57,VM55-59,56.78%,1652,1868,1883,1876.0
3655979,2024-12-21,66,66,VM65-69,67.82%,1498,2022,2040,2032.0
1014475,2024-12-21,62,62,VM60-64,49.25%,1988,1950,1966,1958.0
10247504,2024-12-21,33,33,SM30-34,56.95%,1375,1563,1569,1566.0
5445159,2024-12-21,67,67,VM65-69,43.09%,2379,2041,2059,2050.0
2390247,2024-12-21,49,49,VM45-49,52.23%,1681,1749,2756,1756.0
2038021,2024-12-21,37,37,VM35-39,65.76%,1218,1597,1607,1602.0
5692217,2024-12-21,50,50,VW50-54,60.10%,1674,0,2023,2012.0
508066,2024-12-21,59,59,VW55-59,55.00%,2058,2248,3264,2264.0
1071062,2024-12-21,59,59,VW55-59,53.73%,2107,2248,3264,2264.0
600747,2024-12-21,42,42,VW40-44,54.74%,1699,1853,1866,1860.0
614195,2024-12-21,63,63,VW60-64,47.67%,2513,2379,2413,2396.0
4724979,2024-12-21,57,57,VM55-59,53.45%,1755,1868,1883,1876.0
1997252,2024-12-21,50,50,VM50-54,66.94%,1322,0,1776,1770.0
2048645,2024-12-21,60,60,VM60-64,56.72%,1696,0,1932,1924.0
1646899,2024-12-21,54,54,VW50-54,39.40%,2685,2103,3116,2116.0
1014475,2024-12-28,62,62,VM60-64,51.69%,1894,1950,1966,1958.0
769960,2024-12-28,39,39,VW35-39,55.11%,1655,1820,2824,1824.0
820431,2024-12-28,54,54,VW50-54,46.63%,2269,2103,3116,2116.0
600747,2024-12-28,43,43,VW40-44,52.11%,1798,1867,1880,1874.0
5692217,2024-12-28,50,50,VW50-54,59.95%,1678,0,2023,2012.0
508066,2024-12-28,59,59,VW55-59,39.35%,2877,2248,3264,2264.0
4724979,2024-12-28,57,57,VM55-59,56.88%,1649,1868,1883,1876.0
2048645,2024-12-28,60,60,VM60-64,56.52%,1702,0,1932,1924.0
3424529,2024-12-28,58,58,VW55-59,45.05%,2477,2217,2247,2232.0
1997252,2024-12-25,50,50,VM50-54,67.61%,1309,0,1776,1770.0
3738636,2024-12-28,52,52,VW50-54,40.75%,2530,2049,2075,2062.0
164707,2024-12-28,61,61,VW60-64,65.84%,1768,2312,2344,2328.0
3251252,2024-12-25,22,24,SM20-24,28.54%,2712,0,1551,1548.0
2528702,2025-01-01,32,32,SW30-34,56.69%,1570,1779,1781,1780.0
600747,2025-01-01,43,43,VW40-44,54.07%,1733,1867,1880,1874.0
2038021,2025-01-01,37,37,VM35-39,63.88%,1254,1597,1607,1602.0
764052,2025-01-01,51,51,VM50-54,64.36%,1386,1777,1790,1784.0
508066,2025-01-01,59,59,VW55-59,50.13%,2258,2248,3264,2264.0
614195,2025-01-01,63,63,VW60-64,51.11%,2344,2379,2413,2396.0
4724979,2025-01-01,58,58,VM55-59,53.03%,1784,1884,1899,1892.0
1752380,2025-01-01,57,57,VM55-59,59.14%,1586,1868,1883,1876.0
1786236,2025-01-01,49,49,VM45-49,51.59%,1702,1749,2756,1756.0
3738636,2025-01-01,52,52,VW50-54,38.95%,2647,2049,2075,2062.0
3655979,2024-12-25,66,66,VM65-69,69.92%,1453,2022,2040,2032.0
5445159,2024-12-25,67,67,VM65-69,43.54%,2354,2041,2059,2050.0
5445159,2024-12-28,67,67,VM65-69,44.96%,2280,2041,2059,2050.0
5445159,2025-01-01,67,67,VM65-69,44.16%,2321,2041,2059,2050.0
1014475,2024-12-25,62,62,VM60-64,51.36%,1906,1950,1966,1958.0
2528702,2024-12-25,32,32,SW30-34,59.85%,1487,1779,1781,1780.0
820431,2024-12-25,54,54,VW50-54,45.31%,2335,2103,3116,2116.0
508066,2024-12-25,59,59,VW55-59,51.36%,2204,2248,3264,2264.0
1424991,2022-01-29,65,65,VM65-69,44.30%,2271,0,2021,2012.0
3584259,2022-01-29,58,58,VW55-59,47.35%,2357,2217,2247,2232.0
3584259,2021-10-30,57,57,VW55-59,47.38%,2324,2187,2216,2202.0
1576208,2019-07-06,13,13,JM11-14,65.86%,1321,1722,1762,1740.0
3655979,2019-07-06,60,60,VM60-64,72.33%,1330,0,1932,1924.0
1649546,2019-07-06,59,59,VM55-59,57.71%,1653,1900,2908,1908.0
1424991,2019-07-06,62,62,VM60-64,52.24%,1874,1950,1966,1958.0
928783,2019-07-06,36,36,VW35-39,44.87%,2006,1797,1802,1800.0
614195,2019-07-06,57,57,VW55-59,49.22%,2237,2187,2216,2202.0
3584259,2019-04-27,55,55,VW55-59,53.90%,1989,0,2157,2144.0
5445130,2019-04-27,60,60,VW60-64,51.50%,2229,0,2311,2296.0
5445159,2019-04-27,61,61,VM60-64,42.79%,2269,1933,1949,1942.0
1812239,2019-04-13,43,43,VW40-44,48.37%,1937,1867,1880,1874.0
5445130,2019-04-13,60,60,VW60-64,52.11%,2203,0,2311,2296.0
1949590,2019-04-13,56,56,VW55-59,47.59%,2282,2158,2186,2172.0
5445159,2019-04-13,61,61,VM60-64,40.37%,2405,1933,1949,1942.0
3584259,2019-02-09,55,55,VW55-59,51.54%,2080,0,2157,2144.0
1949590,2019-02-09,57,57,VW55-59,49.33%,2232,2187,2216,2202.0
1649546,2018-09-01,58,58,VM55-59,59.42%,1592,1884,1899,1892.0
1424991,2018-09-01,61,61,VM60-64,48.70%,1994,1933,1949,1942.0
3655979,2018-05-19,59,59,VM55-59,75.24%,1268,1900,2908,1908.0
1015088,2018-05-19,25,28,SM25-29,48.96%,1581,0,1548,1548.0
1649546,2018-05-19,58,58,VM55-59,59.84%,1581,1884,1899,1892.0
928783,2018-05-19,35,35,VW35-39,52.00%,1725,0,1796,1794.0
1014475,2018-05-19,55,55,VM55-59,51.71%,1783,0,1851,1844.0
1812239,2018-05-19,42,42,VW40-44,49.95%,1862,1853,1866,1860.0
1651066,2018-05-19,41,41,VW40-44,38.51%,2397,1841,1852,1846.0
924492,2018-05-19,66,66,VW65-69,36.84%,3404,2489,2526,2508.0
928783,2018-05-05,35,35,VW35-39,43.00%,2086,0,1796,1794.0
1651066,2018-05-05,41,41,VW40-44,40.27%,2292,1841,1852,1846.0
572070,2018-03-10,49,49,VM45-49,47.05%,1866,1749,2756,1756.0
572070,2018-02-10,48,48,VM45-49,46.85%,1859,1735,1748,1742.0
3655979,2018-01-06,59,59,VM55-59,71.41%,1336,1900,2908,1908.0
1556711,2018-01-06,34,34,SW30-34,63.45%,1409,1786,2788,1788.0
1594344,2018-01-06,59,59,VM55-59,61.23%,1558,1900,2908,1908.0
928783,2018-01-06,35,35,VW35-39,56.63%,1584,0,1796,1794.0
1649546,2018-01-06,57,57,VM55-59,56.61%,1657,1868,1883,1876.0
1424991,2018-01-06,61,61,VM60-64,54.19%,1792,1933,1949,1942.0
572070,2018-01-06,48,48,VM45-49,41.52%,2098,1735,1748,1742.0
780737,2025-01-04,51,51,VM50-54,81.24%,1098,1777,1790,1784.0
455131,2025-01-04,54,54,VM50-54,51.12%,1788,1821,2828,1828.0
1752380,2025-01-04,57,57,VM55-59,63.00%,1489,1868,1883,1876.0
5692217,2025-01-04,50,50,VW50-54,57.19%,1759,0,2023,2012.0
2390247,2025-01-04,50,50,VM50-54,53.57%,1652,0,1776,1770.0
549570,2025-01-04,49,49,VW45-49,34.90%,2848,1976,2988,1988.0
508066,2025-01-04,59,59,VW55-59,49.26%,2298,2248,3264,2264.0
769960,2025-01-04,39,39,VW35-39,49.27%,1851,1820,2824,1824.0
3251252,2025-01-04,22,24,SM20-24,43.41%,1783,0,1551,1548.0
356941,2025-01-04,58,58,VW55-59,53.40%,2090,2217,2247,2232.0
2225632,2025-01-04,65,65,VW65-69,39.71%,3110,0,2488,2470.0
1063478,2025-01-04,50,50,VM50-54,74.62%,1186,0,1776,1770.0
140578,2025-01-04,61,61,VW60-64,55.48%,2098,2312,2344,2328.0
169141,2025-01-04,61,61,VW60-64,52.96%,2198,2312,2344,2328.0
1786236,2025-01-04,49,49,VM45-49,65.47%,1341,1749,2756,1756.0
3424529,2025-01-04,58,58,VW55-59,47.41%,2354,2217,2247,2232.0
1320223,2025-01-04,51,51,VM50-54,60.56%,1473,1777,1790,1784.0
2378240,2025-01-04,47,47,VW45-49,55.73%,1744,1934,1953,1944.0
164707,2025-01-04,61,61,VW60-64,66.02%,1763,2312,2344,2328.0
2390247,2024-12-25,50,50,VM50-54,49.33%,1794,0,1776,1770.0
600747,2024-12-25,43,43,VW40-44,43.54%,2152,1867,1880,1874.0
5692217,2022-08-13,47,47,VW45-49,53.20%,1827,1934,1953,1944.0
508066,2019-09-14,54,54,VW50-54,61.23%,1728,2103,3116,2116.0
128724,2019-09-14,61,61,VW60-64,62.95%,1849,2312,2344,2328.0
572070,2019-03-16,50,50,VM50-54,47.07%,1880,0,1776,1770.0
2807742,2018-10-20,11,11,JW11-14,76.89%,1298,1976,2996,1996.0
508066,2018-10-20,53,53,VW50-54,62.54%,1671,2076,2102,2090.0
377646,2018-10-13,38,38,VM35-39,56.95%,1417,1608,1619,1614.0
508066,2018-10-13,53,53,VW50-54,60.97%,1714,2076,2102,2090.0
508066,2018-09-29,53,53,VW50-54,51.91%,2013,2076,2102,2090.0
128162,2018-09-29,58,58,VW55-59,41.88%,2665,2217,2247,2232.0
600747,2018-04-07,36,36,VW35-39,48.91%,1840,1797,1802,1800.0
2305995,2017-09-02,19,19,SM18-19,59.03%,1340,0,1591,1582.0
377646,2017-09-02,37,37,VM35-39,57.96%,1382,1597,1607,1602.0
508066,2017-09-02,52,52,VW50-54,55.67%,1852,2049,2075,2062.0
2305995,2017-08-05,19,19,SM18-19,65.53%,1207,0,1591,1582.0
3421295,2017-08-05,20,24,SW20-24,36.44%,2437,0,2776,1776.0
5692217,2022-05-07,47,47,VW45-49,55.96%,1737,1934,1953,1944.0
128162,2022-05-07,61,61,VW60-64,50.13%,2322,2312,2344,2328.0
508066,2016-04-02,50,50,VW50-54,56.77%,1772,0,2023,2012.0
165257,2016-04-02,50,50,VW50-54,50.63%,1987,0,2023,2012.0
458254,2015-06-20,15,15,JM15-17,63.79%,1309,1658,2670,1670.0
140751,2015-06-20,54,54,VW50-54,58.20%,1818,2103,3116,2116.0
5692217,2025-01-11,50,50,VW50-54,52.84%,1904,0,2023,2012.0
2528702,2025-01-11,32,32,SW30-34,60.54%,1470,1779,1781,1780.0
820431,2025-01-11,54,54,VW50-54,47.30%,2237,2103,3116,2116.0
5445159,2025-01-11,67,67,VM65-69,44.31%,2313,2041,2059,2050.0
600747,2025-01-11,43,43,VW40-44,53.15%,1763,1867,1880,1874.0
614195,2025-01-11,63,63,VW60-64,51.31%,2335,2379,2413,2396.0
2038021,2025-01-11,37,37,VM35-39,65.55%,1222,1597,1607,1602.0
549570,2025-01-11,49,49,VW45-49,40.65%,2445,1976,2988,1988.0
215996,2025-01-11,59,59,VM55-59,83.46%,1143,1900,2908,1908.0
1903974,2025-01-11,50,50,VW50-54,55.76%,1804,0,2023,2012.0
508066,2025-01-11,59,59,VW55-59,52.29%,2165,2248,3264,2264.0
4724979,2025-01-11,58,58,VM55-59,56.71%,1668,1884,1899,1892.0
356941,2025-01-11,58,58,VW55-59,55.38%,2015,2217,2247,2232.0
2477618,2025-01-11,42,42,VM40-44,59.15%,1405,1656,1668,1662.0
1036771,2025-01-11,51,51,VW50-54,40.30%,2526,2024,2048,2036.0
140578,2025-01-11,61,61,VW60-64,57.74%,2016,2312,2344,2328.0
164707,2025-01-11,62,62,VW60-64,65.32%,1808,2345,2378,2362.0
1296162,2017-09-09,6,6,JW10,62.81%,1866,2299,2397,2344.0
3525738,2017-09-09,20,24,SW20-24,45.89%,1935,0,2776,1776.0
905173,2017-05-20,14,14,JM11-14,50.15%,1697,0,1721,1702.0
3525738,2017-05-20,25,29,SW25-29,37.12%,2392,0,2776,1776.0
1752380,2024-12-25,57,57,VM55-59,55.80%,1681,1868,1883,1876.0
4724979,2024-12-25,57,57,VM55-59,54.41%,1724,1868,1883,1876.0
2923559,2016-11-12,49,49,VM45-49,58.69%,1496,1749,2756,1756.0
3738636,2024-12-25,52,52,VW50-54,38.59%,2672,2049,2075,2062.0
164707,2024-12-25,61,61,VW60-64,64.24%,1812,2312,2344,2328.0
2528702,2024-12-21,32,32,SW30-34,60.18%,1479,1779,1781,1780.0
640896,2024-12-25,54,54,VM50-54,33.13%,2759,1821,2828,1828.0
7491589,2025-01-01,5,5,JM10,68.32%,1736,2309,2376,2372.0
156359,2025-01-01,59,59,VW55-59,55.06%,2056,2248,3264,2264.0
1014475,2025-01-18,62,62,VM60-64,51.12%,1915,1950,1966,1958.0
2528702,2025-01-18,32,32,SW30-34,62.90%,1415,1779,1781,1780.0
769960,2025-01-18,39,39,VW35-39,44.86%,2033,1820,2824,1824.0
5445159,2025-01-18,67,67,VM65-69,45.35%,2260,2041,2059,2050.0
600747,2025-01-18,43,43,VW40-44,54.19%,1729,1867,1880,1874.0
2038021,2025-01-18,37,37,VM35-39,65.39%,1225,1597,1607,1602.0
5692217,2025-01-18,50,50,VW50-54,60.20%,1671,0,2023,2012.0
508066,2025-01-18,59,59,VW55-59,50.79%,2229,2248,3264,2264.0
3251252,2025-01-18,22,24,SM20-24,41.66%,1858,0,1551,1548.0
2048645,2025-01-18,60,60,VM60-64,55.51%,1733,0,1932,1924.0
1036771,2025-01-18,51,51,VW50-54,42.12%,2417,2024,2048,2036.0
614195,2025-01-18,63,63,VW60-64,54.11%,2214,2379,2413,2396.0
2378240,2025-01-18,47,47,VW45-49,55.86%,1740,1934,1953,1944.0
5012495,2025-01-18,51,51,VM50-54,40.14%,2222,1777,1790,1784.0
164707,2025-01-18,62,62,VW60-64,66.27%,1782,2345,2378,2362.0
83295,2025-01-18,70,70,VW70-74,61.20%,2183,0,2693,2672.0
1646899,2025-01-25,54,54,VW50-54,41.06%,2577,2103,3116,2116.0
3655979,2025-01-25,66,66,VM65-69,68.74%,1478,2022,2040,2032.0
1014475,2025-01-25,62,62,VM60-64,50.49%,1939,1950,1966,1958.0
2528702,2025-01-25,32,32,SW30-34,53.07%,1677,1779,1781,1780.0
820431,2025-01-25,54,54,VW50-54,45.56%,2322,2103,3116,2116.0
2038021,2025-01-25,37,37,VM35-39,65.33%,1226,1597,1607,1602.0
764052,2025-01-25,51,51,VM50-54,61.99%,1439,1777,1790,1784.0
5692217,2025-01-25,50,50,VW50-54,62.52%,1609,0,2023,2012.0
508066,2025-01-25,59,59,VW55-59,52.75%,2146,2248,3264,2264.0
1071062,2025-01-25,59,59,VW55-59,53.50%,2116,2248,3264,2264.0
949684,2025-01-25,55,55,VM55-59,62.64%,1472,0,1851,1844.0
614195,2025-01-25,63,63,VW60-64,51.35%,2333,2379,2413,2396.0
3251252,2025-01-25,22,24,SM20-24,48.07%,1610,0,1551,1548.0
356941,2025-01-25,58,58,VW55-59,57.59%,1938,2217,2247,2232.0
83295,2025-01-25,70,70,VW70-74,60.98%,2191,0,2693,2672.0
1786236,2025-01-25,49,49,VM45-49,63.67%,1379,1749,2756,1756.0
3738636,2025-01-25,52,52,VW50-54,37.23%,2769,2049,2075,2062.0
5692217,2024-12-14,50,50,VW50-54,57.88%,1738,0,2023,2012.0
508066,2024-12-14,59,59,VW55-59,49.17%,2302,2248,3264,2264.0
2528702,2024-12-28,32,32,SW30-34,62.11%,1433,1779,1781,1780.0
215996,2025-01-18,59,59,VM55-59,80.17%,1190,1900,2908,1908.0
455131,2025-01-18,54,54,VM50-54,53.45%,1710,1821,2828,1828.0
614195,2025-02-01,63,63,VW60-64,43.11%,2779,2379,2413,2396.0
10247504,2025-02-01,33,33,SM30-34,56.29%,1391,1563,1569,1566.0
864630,2025-02-01,67,67,VM65-69,53.75%,1907,2041,2059,2050.0
2038021,2025-02-01,37,37,VM35-39,65.71%,1219,1597,1607,1602.0
508066,2025-02-01,59,59,VW55-59,49.48%,2288,2248,3264,2264.0
128162,2025-02-01,64,64,VW60-64,51.35%,2368,2414,3432,2432.0
455131,2025-02-01,54,54,VM50-54,48.33%,1891,1821,2828,1828.0
3251252,2025-02-01,22,24,SM20-24,43.85%,1765,0,1551,1548.0
356941,2025-02-01,58,58,VW55-59,58.80%,1898,2217,2247,2232.0
5692217,2025-02-01,50,50,VW50-54,56.49%,1781,0,2023,2012.0
140578,2025-02-01,61,61,VW60-64,58.03%,2006,2312,2344,2328.0
1786236,2025-02-01,49,49,VM45-49,65.87%,1333,1749,2756,1756.0
2378240,2025-02-01,47,47,VW45-49,55.10%,1764,1934,1953,1944.0
8286970,2025-02-01,53,53,VM50-54,47.41%,1913,1806,1820,1814.0
3738636,2025-02-01,52,52,VW50-54,38.30%,2692,2049,2075,2062.0
164707,2025-02-01,62,62,VW60-64,63.49%,1860,2345,2378,2362.0
3738636,2025-02-08,52,52,VW50-54,32.07%,3215,2049,2075,2062.0
455131,2025-02-08,54,54,VM50-54,54.70%,1671,1821,2828,1828.0
2528702,2025-02-08,32,32,SW30-34,56.08%,1587,1779,1781,1780.0
820431,2025-02-08,54,54,VW50-54,45.43%,2329,2103,3116,2116.0
2038021,2025-02-08,37,37,VM35-39,65.23%,1228,1597,1607,1602.0
508066,2025-02-08,59,59,VW55-59,56.60%,2000,2248,3264,2264.0
3251252,2025-02-08,22,24,SM20-24,44.38%,1744,0,1551,1548.0
356941,2025-02-08,58,58,VW55-59,57.23%,1950,2217,2247,2232.0
5692217,2025-02-08,50,50,VW50-54,62.18%,1618,0,2023,2012.0
140578,2025-02-08,61,61,VW60-64,59.88%,1944,2312,2344,2328.0
1786236,2025-02-08,49,49,VM45-49,66.72%,1316,1749,2756,1756.0
3424529,2025-02-08,58,58,VW55-59,45.37%,2460,2217,2247,2232.0
1320223,2025-02-08,51,51,VM50-54,57.77%,1544,1777,1790,1784.0
2378240,2025-02-08,47,47,VW45-49,55.77%,1743,1934,1953,1944.0
5012495,2025-02-08,51,51,VM50-54,40.66%,2194,1777,1790,1784.0
164707,2025-02-08,62,62,VW60-64,62.45%,1891,2345,2378,2362.0
2528702,2025-02-15,32,32,SW30-34,65.63%,1356,1779,1781,1780.0
769960,2025-02-15,39,39,VW35-39,53.52%,1704,1820,2824,1824.0
5445159,2025-02-15,67,67,VM65-69,45.80%,2238,2041,2059,2050.0
600747,2025-02-15,43,43,VW40-44,54.96%,1705,1867,1880,1874.0
614195,2025-02-15,63,63,VW60-64,45.34%,2642,2379,2413,2396.0
2038021,2025-02-15,37,37,VM35-39,66.75%,1200,1597,1607,1602.0
5692217,2025-02-15,50,50,VW50-54,63.39%,1587,0,2023,2012.0
508066,2025-02-15,59,59,VW55-59,56.88%,1990,2248,3264,2264.0
4724979,2025-02-15,58,58,VM55-59,55.75%,1697,1884,1899,1892.0
3251252,2025-02-15,22,24,SM20-24,48.01%,1612,0,1551,1548.0
1036771,2025-02-15,51,51,VW50-54,41.69%,2442,2024,2048,2036.0
140578,2025-02-15,61,61,VW60-64,57.74%,2016,2312,2344,2328.0
6419492,2025-02-15,17,17,JM15-17,37.83%,2141,0,1632,1620.0
1997252,2025-02-15,50,50,VM50-54,71.26%,1242,0,1776,1770.0
2378240,2025-02-15,47,47,VW45-49,56.02%,1735,1934,1953,1944.0
5012495,2025-02-15,51,51,VM50-54,37.96%,2350,1777,1790,1784.0
3738636,2025-02-15,52,52,VW50-54,41.14%,2506,2049,2075,2062.0
164707,2025-02-15,62,62,VW60-64,66.24%,1783,2345,2378,2362.0
1014475,2025-02-22,62,62,VM60-64,47.14%,2077,1950,1966,1958.0
2528702,2025-02-22,32,32,SW30-34,53.20%,1673,1779,1781,1780.0
5445159,2025-02-22,67,67,VM65-69,45.62%,2247,2041,2059,2050.0
600747,2025-02-22,43,43,VW40-44,51.88%,1806,1867,1880,1874.0
508066,2025-02-22,59,59,VW55-59,54.69%,2070,2248,3264,2264.0
5692217,2025-02-22,50,50,VW50-54,50.81%,1980,0,2023,2012.0
769960,2025-02-22,39,39,VW35-39,46.60%,1957,1820,2824,1824.0
949684,2025-02-22,55,55,VM55-59,71.47%,1290,0,1851,1844.0
4724979,2025-02-22,58,58,VM55-59,57.16%,1655,1884,1899,1892.0
3196133,2025-02-22,18,18,SM18-19,55.25%,1448,1592,2600,1600.0
1786236,2025-02-22,49,49,VM45-49,65.04%,1350,1749,2756,1756.0
2038021,2025-02-22,37,37,VM35-39,67.77%,1182,1597,1607,1602.0
2378240,2025-02-22,47,47,VW45-49,57.38%,1694,1934,1953,1944.0
3738636,2025-02-22,52,52,VW50-54,37.82%,2726,2049,2075,2062.0
164707,2025-02-22,62,62,VW60-64,62.29%,1896,2345,2378,2362.0
5445159,2025-03-01,67,67,VM65-69,47.37%,2164,2041,2059,2050.0
600747,2025-03-01,43,43,VW40-44,43.66%,2146,1867,1880,1874.0
2038021,2025-03-01,37,37,VM35-39,66.92%,1197,1597,1607,1602.0
5692217,2025-03-01,50,50,VW50-54,58.18%,1729,0,2023,2012.0
2923559,2025-03-01,58,58,VM55-59,41.44%,2283,1884,1899,1892.0
949684,2025-03-01,55,55,VM55-59,71.53%,1289,0,1851,1844.0
614195,2025-03-01,63,63,VW60-64,41.47%,2889,2379,2413,2396.0
3251252,2025-03-01,22,24,SM20-24,44.71%,1731,0,1551,1548.0
1036771,2025-03-01,51,51,VW50-54,42.03%,2422,2024,2048,2036.0
140578,2025-03-01,61,61,VW60-64,60.91%,1911,2312,2344,2328.0
2378240,2025-03-01,47,47,VW45-49,57.11%,1702,1934,1953,1944.0
3738636,2025-03-01,52,52,VW50-54,40.45%,2549,2049,2075,2062.0
164707,2025-03-01,62,62,VW60-64,65.50%,1803,2345,2378,2362.0
10247504,2025-03-08,33,33,SM30-34,57.07%,1372,1563,1569,1566.0
1348937,2025-03-08,55,55,VM55-59,46.87%,1967,0,1851,1844.0
2390247,2025-03-08,50,50,VM50-54,52.52%,1685,0,1776,1770.0
600747,2025-03-08,43,43,VW40-44,48.27%,1941,1867,1880,1874.0
2038021,2025-03-08,37,37,VM35-39,68.34%,1172,1597,1607,1602.0
5692217,2025-03-08,50,50,VW50-54,59.67%,1686,0,2023,2012.0
508066,2025-03-08,59,59,VW55-59,56.10%,2018,2248,3264,2264.0
3251252,2025-03-08,22,24,SM20-24,28.06%,2758,0,1551,1548.0
614195,2025-03-08,63,63,VW60-64,43.61%,2747,2379,2413,2396.0
1036771,2025-03-08,51,51,VW50-54,41.84%,2433,2024,2048,2036.0
140578,2025-03-08,61,61,VW60-64,61.13%,1904,2312,2344,2328.0
1786236,2025-03-08,49,49,VM45-49,67.80%,1295,1749,2756,1756.0
1646899,2025-03-08,54,54,VW50-54,41.01%,2580,2103,3116,2116.0
3424529,2025-03-08,59,59,VW55-59,42.40%,2670,2248,3264,2264.0
2378240,2025-03-08,47,47,VW45-49,56.61%,1717,1934,1953,1944.0
164707,2025-03-08,62,62,VW60-64,63.02%,1874,2345,2378,2362.0
2528702,2025-03-15,32,32,SW30-34,60.71%,1466,1779,1781,1780.0
820431,2025-03-15,54,54,VW50-54,46.26%,2287,2103,3116,2116.0
1015088,2025-03-15,31,31,SM30-34,51.32%,1516,1554,1557,1556.0
5445159,2025-03-15,67,67,VM65-69,48.19%,2127,2041,2059,2050.0
2038021,2025-03-15,37,37,VM35-39,69.17%,1158,1597,1607,1602.0
1071062,2025-03-15,59,59,VW55-59,55.30%,2047,2248,3264,2264.0
600747,2025-03-15,43,43,VW40-44,56.58%,1656,1867,1880,1874.0
4724979,2025-03-15,58,58,VM55-59,57.58%,1643,1884,1899,1892.0
3251252,2025-03-15,22,24,SM20-24,47.34%,1635,0,1551,1548.0
2225632,2025-03-15,65,65,VW65-69,51.87%,2381,0,2488,2470.0
2048645,2025-03-15,60,60,VM60-64,54.04%,1780,0,1932,1924.0
140578,2025-03-15,61,61,VW60-64,58.76%,1981,2312,2344,2328.0
2378240,2025-03-15,47,47,VW45-49,56.45%,1722,1934,1953,1944.0
3738636,2025-03-15,52,52,VW50-54,42.60%,2420,2049,2075,2062.0
164707,2025-03-15,62,62,VW60-64,66.01%,1789,2345,2378,2362.0
764052,2025-03-22,52,52,VM50-54,73.21%,1228,1791,1805,1798.0
3655979,2025-03-22,66,66,VM65-69,67.33%,1509,2022,2040,2032.0
1015088,2025-03-22,31,31,SM30-34,51.35%,1515,1554,1557,1556.0
1752380,2025-03-22,57,57,VM55-59,58.48%,1604,1868,1883,1876.0
5445159,2025-03-22,67,67,VM65-69,48.26%,2124,2041,2059,2050.0
5445130,2025-03-22,66,66,VW65-69,38.12%,3290,2489,2526,2508.0
2390247,2025-03-22,50,50,VM50-54,53.12%,1666,0,1776,1770.0
600747,2025-03-22,43,43,VW40-44,55.15%,1699,1867,1880,1874.0
2038021,2025-03-22,37,37,VM35-39,69.47%,1153,1597,1607,1602.0
2305995,2025-03-22,25,28,SM25-29,74.71%,1036,0,1548,1548.0
5692217,2025-03-22,50,50,VW50-54,56.84%,1770,0,2023,2012.0
508066,2025-03-22,59,59,VW55-59,54.82%,2065,2248,3264,2264.0
949684,2025-03-22,55,55,VM55-59,70.27%,1312,0,1851,1844.0
4724979,2025-03-22,58,58,VM55-59,55.58%,1702,1884,1899,1892.0
3251252,2025-03-22,22,24,SM20-24,38.45%,2013,0,1551,1548.0
2225632,2025-03-22,65,65,VW65-69,50.68%,2437,0,2488,2470.0
614195,2025-03-22,63,63,VW60-64,44.60%,2686,2379,2413,2396.0
140578,2025-03-22,61,61,VW60-64,61.69%,1887,2312,2344,2328.0
1320223,2025-03-22,51,51,VM50-54,52.32%,1705,1777,1790,1784.0
8286970,2025-03-22,53,53,VM50-54,54.25%,1672,1806,1820,1814.0
1646899,2025-03-22,54,54,VW50-54,45.82%,2309,2103,3116,2116.0
3738636,2025-03-22,52,52,VW50-54,42.17%,2445,2049,2075,2062.0
164707,2025-03-22,62,62,VW60-64,70.51%,1675,2345,2378,2362.0
2038021,2025-03-29,37,37,VM35-39,69.77%,1148,1597,1607,1602.0
3016103,2025-03-29,41,41,VW40-44,55.57%,1661,1841,1852,1846.0
820431,2025-03-29,54,54,VW50-54,46.90%,2256,2103,3116,2116.0
5445159,2025-03-29,67,67,VM65-69,48.62%,2108,2041,2059,2050.0
2390247,2025-03-29,50,50,VM50-54,53.86%,1643,0,1776,1770.0
600747,2025-03-29,43,43,VW40-44,52.43%,1787,1867,1880,1874.0
3738636,2025-03-29,52,52,VW50-54,39.38%,2618,2049,2075,2062.0
5692217,2025-03-29,50,50,VW50-54,61.76%,1629,0,2023,2012.0
508066,2025-03-29,59,59,VW55-59,54.16%,2090,2248,3264,2264.0
1071062,2025-03-29,59,59,VW55-59,57.49%,1969,2248,3264,2264.0
4724979,2025-03-29,58,58,VM55-59,56.78%,1666,1884,1899,1892.0
3251252,2025-03-29,22,24,SM20-24,40.19%,1926,0,1551,1548.0
2225632,2025-03-29,65,65,VW65-69,52.42%,2356,0,2488,2470.0
2048645,2025-03-29,60,60,VM60-64,55.74%,1726,0,1932,1924.0
3196133,2025-03-29,18,18,SM18-19,55.79%,1434,1592,2600,1600.0
1786236,2025-03-29,49,49,VM45-49,67.07%,1309,1749,2756,1756.0
1320223,2025-03-29,51,51,VM50-54,57.77%,1544,1777,1790,1784.0
2378240,2025-03-29,47,47,VW45-49,57.55%,1689,1934,1953,1944.0
3565261,2025-03-29,58,58,VM55-59,54.09%,1749,1884,1899,1892.0
164707,2025-03-29,62,62,VW60-64,69.47%,1700,2345,2378,2362.0
83295,2025-03-29,70,70,VW70-74,35.99%,3712,0,2693,2672.0
10247504,2025-04-05,33,33,SM30-34,59.86%,1308,1563,1569,1566.0
2528702,2025-04-05,32,32,SW30-34,62.19%,1431,1779,1781,1780.0
1015088,2025-04-05,31,31,SM30-34,49.09%,1585,1554,1557,1556.0
5692217,2025-04-05,50,50,VW50-54,60.64%,1659,0,2023,2012.0
5445159,2025-04-05,67,67,VM65-69,31.36%,3269,2041,2059,2050.0
600747,2025-04-05,43,43,VW40-44,59.64%,1571,1867,1880,1874.0
2038021,2025-04-05,37,37,VM35-39,68.40%,1171,1597,1607,1602.0
3251252,2025-04-05,22,24,SM20-24,26.65%,2904,0,1551,1548.0
1071062,2025-04-05,59,59,VW55-59,57.90%,1955,2248,3264,2264.0
4724979,2025-04-05,58,58,VM55-59,58.04%,1630,1884,1899,1892.0
2225632,2025-04-05,65,65,VW65-69,51.31%,2407,0,2488,2470.0
140578,2025-04-05,61,61,VW60-64,61.85%,1882,2312,2344,2328.0
3424529,2025-04-05,59,59,VW55-59,52.19%,2169,2248,3264,2264.0
1997252,2025-04-05,50,50,VM50-54,75.00%,1180,0,1776,1770.0
2378240,2025-04-05,47,47,VW45-49,55.89%,1739,1934,1953,1944.0
5012495,2025-04-05,51,51,VM50-54,39.42%,2263,1777,1790,1784.0
3738636,2025-04-05,52,52,VW50-54,29.28%,3521,2049,2075,2062.0
3883877,2025-04-12,54,54,VW50-54,44.47%,2379,2103,3116,2116.0
3655979,2025-04-12,66,66,VM65-69,68.05%,1493,2022,2040,2032.0
820431,2025-04-12,54,54,VW50-54,45.60%,2320,2103,3116,2116.0
2528702,2025-04-12,32,32,SW30-34,23.80%,3739,1779,1781,1780.0
1752380,2025-04-12,57,57,VM55-59,57.41%,1634,1868,1883,1876.0
600747,2025-04-12,43,43,VW40-44,44.53%,2104,1867,1880,1874.0
2038021,2025-04-12,37,37,VM35-39,68.70%,1166,1597,1607,1602.0
1071062,2025-04-12,59,59,VW55-59,57.14%,1981,2248,3264,2264.0
128162,2025-04-12,64,64,VW60-64,52.82%,2302,2414,3432,2432.0
4724979,2025-04-12,58,58,VM55-59,57.97%,1632,1884,1899,1892.0
3251252,2025-04-12,22,24,SM20-24,45.00%,1720,0,1551,1548.0
2225632,2025-04-12,65,65,VW65-69,52.00%,2375,0,2488,2470.0
1036771,2025-04-12,52,52,VW50-54,52.52%,1963,2049,2075,2062.0
3424529,2025-04-12,59,59,VW55-59,47.23%,2397,2248,3264,2264.0
1320223,2025-04-12,51,51,VM50-54,57.47%,1552,1777,1790,1784.0
2378240,2025-04-12,47,47,VW45-49,56.32%,1726,1934,1953,1944.0
5012495,2025-04-12,51,51,VM50-54,41.94%,2127,1777,1790,1784.0
3738636,2025-04-12,52,52,VW50-54,41.79%,2467,2049,2075,2062.0
141347,2025-04-12,61,61,VW60-64,61.20%,1902,2312,2344,2328.0
5692217,2025-04-12,50,50,VW50-54,58.56%,1718,0,2023,2012.0
614195,2025-04-12,63,63,VW60-64,43.88%,2730,2379,2413,2396.0
7491589,2025-04-19,6,6,JM10,66.75%,1681,2191,2308,2244.0
10247504,2025-04-19,33,33,SM30-34,60.23%,1300,1563,1569,1566.0
128162,2025-04-19,64,64,VW60-64,53.97%,2253,2414,3432,2432.0
614195,2025-04-19,63,63,VW60-64,42.86%,2795,2379,2413,2396.0
1015088,2025-04-19,32,32,SM30-34,53.28%,1464,1558,1562,1560.0
600747,2025-04-19,43,43,VW40-44,50.76%,1846,1867,1880,1874.0
4724979,2025-04-19,58,58,VM55-59,56.55%,1673,1884,1899,1892.0
2038021,2025-04-19,37,37,VM35-39,69.77%,1148,1597,1607,1602.0
2225632,2025-04-19,65,65,VW65-69,53.28%,2318,0,2488,2470.0
3251252,2025-04-19,22,24,SM20-24,32.78%,2361,0,1551,1548.0
1646899,2025-04-19,54,54,VW50-54,47.57%,2224,2103,3116,2116.0
140578,2025-04-19,61,61,VW60-64,59.57%,1954,2312,2344,2328.0
3565261,2025-04-19,58,58,VM55-59,54.37%,1740,1884,1899,1892.0
2378240,2025-04-19,47,47,VW45-49,55.48%,1752,1934,1953,1944.0
1882503,2025-04-19,66,66,VW65-69,52.29%,2398,2489,2526,2508.0
5692217,2025-05-03,50,50,VW50-54,52.42%,1919,0,2023,2012.0
10247504,2025-04-26,33,33,SM30-34,62.09%,1261,1563,1569,1566.0
2528702,2025-05-03,32,32,SW30-34,57.46%,1549,1779,1781,1780.0
5445159,2025-05-03,67,67,VM65-69,29.95%,3422,2041,2059,2050.0
2038021,2025-04-26,38,38,VM35-39,68.56%,1177,1608,1619,1614.0
2038021,2025-05-03,38,38,VM35-39,68.27%,1182,1608,1619,1614.0
5692217,2025-04-26,50,50,VW50-54,61.57%,1634,0,2023,2012.0
1071062,2025-05-03,59,59,VW55-59,57.14%,1981,2248,3264,2264.0
508066,2025-05-03,59,59,VW55-59,43.93%,2577,2248,3264,2264.0
614195,2025-04-26,63,63,VW60-64,37.72%,3176,2379,2413,2396.0
128162,2025-05-03,64,64,VW60-64,53.24%,2284,2414,3432,2432.0
4724979,2025-04-26,58,58,VM55-59,58.72%,1611,1884,1899,1892.0
4724979,2025-05-03,58,58,VM55-59,57.44%,1647,1884,1899,1892.0
2225632,2025-04-26,65,65,VW65-69,49.72%,2484,0,2488,2470.0
3251252,2025-04-26,22,24,SM20-24,30.05%,2576,0,1551,1548.0
972186,2025-05-03,61,61,VM60-64,65.92%,1473,1933,1949,1942.0
1036771,2025-04-26,52,52,VW50-54,41.74%,2470,2049,2075,2062.0
3738636,2025-05-03,52,52,VW50-54,43.14%,2390,2049,2075,2062.0
1036771,2025-05-03,52,52,VW50-54,41.79%,2467,2049,2075,2062.0
140578,2025-04-26,61,61,VW60-64,62.15%,1873,2312,2344,2328.0
131684,2025-04-26,59,59,VW55-59,35.71%,3170,2248,3264,2264.0
356941,2025-05-03,58,58,VW55-59,57.59%,1938,2217,2247,2232.0
2225632,2025-05-03,65,65,VW65-69,50.22%,2459,0,2488,2470.0
1786236,2025-04-26,49,49,VM45-49,69.90%,1256,1749,2756,1756.0
3424529,2025-04-26,59,59,VW55-59,48.67%,2326,2248,3264,2264.0
3424529,2025-05-03,59,59,VW55-59,53.47%,2117,2248,3264,2264.0
2528702,2025-04-26,32,32,SW30-34,60.59%,1469,1779,1781,1780.0
2378240,2025-04-26,47,47,VW45-49,57.24%,1698,1934,1953,1944.0
1320223,2025-05-03,51,51,VM50-54,62.38%,1430,1777,1790,1784.0
2378240,2025-05-03,47,47,VW45-49,58.24%,1669,1934,1953,1944.0
164707,2025-04-26,62,62,VW60-64,72.06%,1639,2345,2378,2362.0
141347,2025-04-26,61,61,VW60-64,63.64%,1829,2312,2344,2328.0
141347,2025-05-03,61,61,VW60-64,30.03%,3876,2312,2344,2328.0
614195,2025-05-10,63,63,VW60-64,41.42%,2892,2379,2413,2396.0
10247504,2025-05-10,33,33,SM30-34,63.04%,1242,1563,1569,1566.0
2528702,2025-05-10,32,32,SW30-34,60.14%,1480,1779,1781,1780.0
820431,2025-05-10,54,54,VW50-54,44.44%,2381,2103,3116,2116.0
2390247,2025-05-10,50,50,VM50-54,54.00%,1639,0,1776,1770.0
2038021,2025-05-10,38,38,VM35-39,67.82%,1190,1608,1619,1614.0
1903974,2025-05-10,50,50,VW50-54,56.08%,1794,0,2023,2012.0
508066,2025-05-10,59,59,VW55-59,37.31%,3034,2248,3264,2264.0
4724979,2025-05-10,58,58,VM55-59,57.89%,1634,1884,1899,1892.0
356941,2025-05-10,58,58,VW55-59,58.00%,1924,2217,2247,2232.0
3251252,2025-05-10,22,24,SM20-24,39.13%,1978,0,1551,1548.0
972186,2025-05-10,61,61,VM60-64,65.92%,1473,1933,1949,1942.0
1036771,2025-05-10,52,52,VW50-54,42.05%,2452,2049,2075,2062.0
140578,2025-05-10,61,61,VW60-64,60.63%,1920,2312,2344,2328.0
131684,2025-05-10,59,59,VW55-59,36.71%,3084,2248,3264,2264.0
8286970,2025-05-10,54,54,VM50-54,55.23%,1655,1821,2828,1828.0
2378240,2025-05-10,47,47,VW45-49,56.41%,1723,1934,1953,1944.0
5012495,2025-05-10,51,51,VM50-54,40.51%,2202,1777,1790,1784.0
3738636,2025-05-10,52,52,VW50-54,39.90%,2584,2049,2075,2062.0
10247504,2025-05-17,33,33,SM30-34,63.35%,1236,1563,1569,1566.0
820431,2025-05-17,54,54,VW50-54,45.78%,2311,2103,3116,2116.0
1015088,2025-05-17,32,32,SM30-34,55.28%,1411,1558,1562,1560.0
2038021,2025-05-17,38,38,VM35-39,67.14%,1202,1608,1619,1614.0
2528702,2025-05-17,32,32,SW30-34,56.87%,1565,1779,1781,1780.0
1903974,2025-05-17,50,50,VW50-54,56.20%,1790,0,2023,2012.0
1071062,2025-05-17,59,59,VW55-59,57.96%,1953,2248,3264,2264.0
508066,2025-05-17,59,59,VW55-59,47.46%,2385,2248,3264,2264.0
4724979,2025-05-17,58,58,VM55-59,58.18%,1626,1884,1899,1892.0
356941,2025-05-17,58,58,VW55-59,59.08%,1889,2217,2247,2232.0
2225632,2025-05-17,65,65,VW65-69,51.05%,2419,0,2488,2470.0
3196133,2025-05-17,18,18,SM18-19,55.21%,1449,1592,2600,1600.0
5692217,2025-05-17,50,50,VW50-54,58.59%,1717,0,2023,2012.0
1882503,2025-05-17,66,66,VW65-69,50.24%,2496,2489,2526,2508.0
164707,2025-05-17,62,62,VW60-64,67.76%,1743,2345,2378,2362.0
74670,2025-05-17,60,60,VW60-64,39.87%,2879,0,2311,2296.0
4724979,2025-05-24,58,58,VM55-59,59.24%,1597,1884,1899,1892.0
3655979,2025-05-24,66,66,VM65-69,67.91%,1496,2022,2040,2032.0
1014475,2025-05-24,62,62,VM60-64,47.59%,2057,1950,1966,1958.0
5692217,2025-05-24,50,50,VW50-54,58.73%,1713,0,2023,2012.0
508066,2025-05-24,60,60,VW60-64,53.15%,2160,0,2311,2296.0
614195,2025-05-24,63,63,VW60-64,38.70%,3096,2379,2413,2396.0
3251252,2025-05-24,22,24,SM20-24,40.52%,1910,0,1551,1548.0
2225632,2025-05-24,65,65,VW65-69,50.49%,2446,0,2488,2470.0
972186,2025-05-24,61,61,VM60-64,64.65%,1502,1933,1949,1942.0
1646899,2025-05-24,54,54,VW50-54,48.44%,2184,2103,3116,2116.0
140578,2025-05-24,62,62,VW60-64,58.81%,2008,2345,2378,2362.0
5012495,2025-05-24,51,51,VM50-54,38.14%,2339,1777,1790,1784.0
3738636,2025-05-24,52,52,VW50-54,40.57%,2541,2049,2075,2062.0
141347,2025-05-24,61,61,VW60-64,61.23%,1901,2312,2344,2328.0
1014475,2025-05-31,62,62,VM60-64,44.60%,2195,1950,1966,1958.0
1752380,2025-05-31,57,57,VM55-59,57.09%,1643,1868,1883,1876.0
455131,2025-05-31,55,55,VM55-59,55.04%,1675,0,1851,1844.0
5445130,2025-05-31,66,66,VW65-69,39.50%,3175,2489,2526,2508.0
5445159,2025-05-31,67,67,VM65-69,29.23%,3507,2041,2059,2050.0
600747,2025-05-31,43,43,VW40-44,52.49%,1785,1867,1880,1874.0
2038021,2025-05-31,38,38,VM35-39,65.29%,1236,1608,1619,1614.0
5692217,2025-05-31,50,50,VW50-54,57.00%,1765,0,2023,2012.0
1071062,2025-05-31,59,59,VW55-59,54.77%,2067,2248,3264,2264.0
4724979,2025-05-31,58,58,VM55-59,58.40%,1620,1884,1899,1892.0
2225632,2025-05-31,65,65,VW65-69,44.70%,2763,0,2488,2470.0
3251252,2025-05-31,22,24,SM20-24,20.82%,3718,0,1551,1548.0
4097229,2025-05-31,17,17,JM15-17,75.84%,1068,0,1632,1620.0
140578,2025-05-31,62,62,VW60-64,60.94%,1938,2345,2378,2362.0
1617183,2025-06-07,42,42,VM40-44,46.82%,1775,1656,1668,1662.0
1014475,2025-06-07,62,62,VM60-64,50.21%,1950,1950,1966,1958.0
2390247,2025-06-07,50,50,VM50-54,53.22%,1663,0,1776,1770.0
2038021,2025-06-07,38,38,VM35-39,65.19%,1238,1608,1619,1614.0
614195,2025-06-07,63,63,VW60-64,45.40%,2639,2379,2413,2396.0
4724979,2025-06-07,58,58,VM55-59,58.76%,1610,1884,1899,1892.0
455131,2025-06-07,55,55,VM55-59,53.67%,1718,0,1851,1844.0
356941,2025-06-07,58,58,VW55-59,50.11%,2227,2217,2247,2232.0
2225632,2025-06-07,65,65,VW65-69,51.72%,2388,0,2488,2470.0
3251252,2025-06-07,22,24,SM20-24,31.70%,2442,0,1551,1548.0
140578,2025-06-07,62,62,VW60-64,61.61%,1917,2345,2378,2362.0
1786236,2025-06-07,49,49,VM45-49,54.13%,1622,1749,2756,1756.0
5012495,2025-06-07,51,51,VM50-54,36.38%,2452,1777,1790,1784.0
3738636,2025-06-07,52,52,VW50-54,36.44%,2829,2049,2075,2062.0
164707,2025-06-07,62,62,VW60-64,63.26%,1867,2345,2378,2362.0
1014475,2025-06-14,62,62,VM60-64,47.69%,2053,1950,1966,1958.0
820431,2025-06-14,54,54,VW50-54,42.82%,2471,2103,3116,2116.0
614195,2025-06-14,63,63,VW60-64,41.48%,2888,2379,2413,2396.0
2038021,2025-06-14,38,38,VM35-39,64.00%,1261,1608,1619,1614.0
5692217,2025-06-14,50,50,VW50-54,57.52%,1749,0,2023,2012.0
508066,2025-06-14,60,60,VW60-64,56.55%,2030,0,2311,2296.0
1071062,2025-06-14,59,59,VW55-59,54.50%,2077,2248,3264,2264.0
128162,2025-06-14,64,64,VW60-64,49.96%,2434,2414,3432,2432.0
3251252,2025-06-14,22,24,SM20-24,46.13%,1678,0,1551,1548.0
2225632,2025-06-14,65,65,VW65-69,45.50%,2714,0,2488,2470.0
356941,2025-06-14,58,58,VW55-59,38.94%,2866,2217,2247,2232.0
1646899,2025-06-14,54,54,VW50-54,47.02%,2250,2103,3116,2116.0
1036771,2025-06-14,52,52,VW50-54,38.99%,2644,2049,2075,2062.0
3424529,2025-06-14,59,59,VW55-59,42.83%,2643,2248,3264,2264.0
141347,2025-06-14,61,61,VW60-64,59.15%,1968,2312,2344,2328.0
589721,2025-06-21,58,58,VM55-59,67.04%,1411,1884,1899,1892.0
2528702,2025-06-21,32,32,SW30-34,54.30%,1639,1779,1781,1780.0
1014475,2025-06-21,62,62,VM60-64,48.75%,2008,1950,1966,1958.0
5692217,2025-06-21,50,50,VW50-54,57.03%,1764,0,2023,2012.0
4724979,2025-06-21,58,58,VM55-59,57.93%,1633,1884,1899,1892.0
356941,2025-06-21,58,58,VW55-59,54.31%,2055,2217,2247,2232.0
2225632,2025-06-21,65,65,VW65-69,41.26%,2993,0,2488,2470.0
140578,2025-06-21,62,62,VW60-64,60.47%,1953,2345,2378,2362.0
128162,2025-06-21,64,64,VW60-64,49.47%,2458,2414,3432,2432.0
2038021,2025-06-21,38,38,VM35-39,64.46%,1252,1608,1619,1614.0
1786236,2025-06-21,49,49,VM45-49,60.59%,1449,1749,2756,1756.0
3424529,2025-06-21,59,59,VW55-59,46.26%,2447,2248,3264,2264.0
1320223,2025-06-21,51,51,VM50-54,51.29%,1739,1777,1790,1784.0
2378240,2025-06-21,47,47,VW45-49,54.42%,1786,1934,1953,1944.0
3738636,2025-06-21,52,52,VW50-54,38.16%,2702,2049,2075,2062.0
164707,2025-06-21,62,62,VW60-64,65.90%,1792,2345,2378,2362.0
2528702,2025-06-28,32,32,SW30-34,57.75%,1541,1779,1781,1780.0
820431,2025-06-28,54,54,VW50-54,43.43%,2436,2103,3116,2116.0
7491589,2025-06-28,6,6,JM10,62.72%,1789,2191,2308,2244.0
2038021,2025-06-28,38,38,VM35-39,65.03%,1241,1608,1619,1614.0
5692217,2025-06-28,50,50,VW50-54,57.06%,1763,0,2023,2012.0
128162,2025-06-28,64,64,VW60-64,47.17%,2578,2414,3432,2432.0
4724979,2025-06-28,58,58,VM55-59,58.58%,1615,1884,1899,1892.0
356941,2025-06-28,58,58,VW55-59,59.74%,1868,2217,2247,2232.0
2225632,2025-06-28,65,65,VW65-69,50.51%,2445,0,2488,2470.0
3251252,2025-06-28,25,28,SM25-29,21.54%,3593,0,1548,1548.0
1036771,2025-06-28,52,52,VW50-54,40.45%,2549,2049,2075,2062.0
173137,2025-06-28,59,59,VW55-59,56.07%,2019,2248,3264,2264.0
1786236,2025-06-28,49,49,VM45-49,60.22%,1458,1749,2756,1756.0
3424529,2025-06-28,59,59,VW55-59,48.77%,2321,2248,3264,2264.0
1997252,2025-06-28,50,50,VM50-54,73.44%,1205,0,1776,1770.0
2378240,2025-06-28,47,47,VW45-49,52.63%,1847,1934,1953,1944.0
8286970,2025-06-28,54,54,VM50-54,48.59%,1881,1821,2828,1828.0
164707,2025-06-28,62,62,VW60-64,66.42%,1778,2345,2378,2362.0
7491589,2025-07-05,6,6,JM10,61.55%,1823,2191,2308,2244.0
769960,2025-07-05,40,40,VW40-44,46.25%,1985,0,1840,1836.0
820431,2025-07-05,54,54,VW50-54,40.58%,2607,2103,3116,2116.0
5445130,2025-07-05,66,66,VW65-69,43.50%,2883,2489,2526,2508.0
5445159,2025-07-05,67,67,VM65-69,31.27%,3278,2041,2059,2050.0
600747,2025-07-05,43,43,VW40-44,29.59%,3167,1867,1880,1874.0
2038021,2025-07-05,38,38,VM35-39,64.30%,1255,1608,1619,1614.0
1997252,2025-07-05,50,50,VM50-54,65.80%,1345,0,1776,1770.0
508066,2025-07-05,60,60,VW60-64,49.93%,2299,0,2311,2296.0
4724979,2025-07-05,58,58,VM55-59,59.50%,1590,1884,1899,1892.0
356941,2025-07-05,58,58,VW55-59,55.74%,2002,2217,2247,2232.0
3251252,2025-07-05,25,28,SM25-29,36.15%,2141,0,1548,1548.0
2225632,2025-07-05,65,65,VW65-69,52.73%,2342,0,2488,2470.0
1036771,2025-07-05,52,52,VW50-54,40.83%,2525,2049,2075,2062.0
173137,2025-07-05,59,59,VW55-59,58.68%,1929,2248,3264,2264.0
140578,2025-07-05,62,62,VW60-64,57.84%,2042,2345,2378,2362.0
1320223,2025-07-05,51,51,VM50-54,65.54%,1361,1777,1790,1784.0
2378240,2025-07-05,47,47,VW45-49,55.61%,1748,1934,1953,1944.0
5012495,2025-07-05,51,51,VM50-54,38.65%,2308,1777,1790,1784.0
164707,2025-07-05,62,62,VW60-64,66.24%,1783,2345,2378,2362.0
769960,2025-07-12,40,40,VW40-44,59.23%,1550,0,1840,1836.0
1015088,2025-07-12,32,32,SM30-34,54.74%,1425,1558,1562,1560.0
1014475,2025-07-12,62,62,VM60-64,50.49%,1939,1950,1966,1958.0
7491589,2025-07-12,6,6,JM10,66.39%,1690,2191,2308,2244.0
2038021,2025-07-12,38,38,VM35-39,66.15%,1220,1608,1619,1614.0
5692217,2025-07-12,50,50,VW50-54,59.99%,1677,0,2023,2012.0
508066,2025-07-12,60,60,VW60-64,33.05%,3474,0,2311,2296.0
4724979,2025-07-12,58,58,VM55-59,59.99%,1577,1884,1899,1892.0
356941,2025-07-12,58,58,VW55-59,56.94%,1960,2217,2247,2232.0
1997252,2025-07-12,50,50,VM50-54,69.19%,1279,0,1776,1770.0
1036771,2025-07-12,52,52,VW50-54,48.34%,2133,2049,2075,2062.0
173137,2025-07-12,59,59,VW55-59,58.41%,1938,2248,3264,2264.0
1786236,2025-07-12,50,50,VM50-54,64.65%,1369,0,1776,1770.0
3424529,2025-07-12,59,59,VW55-59,51.31%,2206,2248,3264,2264.0
2378240,2025-07-12,47,47,VW45-49,56.78%,1712,1934,1953,1944.0
5012495,2025-07-12,51,51,VM50-54,38.70%,2305,1777,1790,1784.0
164707,2025-07-12,62,62,VW60-64,30.85%,3828,2345,2378,2362.0
2528702,2025-07-19,32,32,SW30-34,56.08%,1587,1779,1781,1780.0
1015088,2025-07-19,32,32,SM30-34,56.03%,1392,1558,1562,1560.0
2390247,2025-07-19,50,50,VM50-54,52.24%,1694,0,1776,1770.0
1646899,2025-07-19,54,54,VW50-54,45.70%,2315,2103,3116,2116.0
2038021,2025-07-19,38,38,VM35-39,65.13%,1239,1608,1619,1614.0
5692217,2025-07-19,50,50,VW50-54,60.86%,1653,0,2023,2012.0
508066,2025-07-19,60,60,VW60-64,34.53%,3325,0,2311,2296.0
1071062,2025-07-19,59,59,VW55-59,56.21%,2014,2248,3264,2264.0
764052,2025-07-19,52,52,VM50-54,60.91%,1476,1791,1805,1798.0
4724979,2025-07-19,58,58,VM55-59,61.87%,1529,1884,1899,1892.0
3251252,2025-07-19,25,28,SM25-29,48.10%,1609,0,1548,1548.0
2225632,2025-07-19,65,65,VW65-69,38.95%,3171,0,2488,2470.0
140578,2025-07-19,62,62,VW60-64,61.03%,1935,2345,2378,2362.0
2378240,2025-07-19,47,47,VW45-49,55.48%,1752,1934,1953,1944.0
1320223,2025-07-19,51,51,VM50-54,79.36%,1124,1777,1790,1784.0
1786236,2025-07-19,50,50,VM50-54,65.65%,1348,0,1776,1770.0
1014475,2025-07-26,62,62,VM60-64,46.98%,2084,1950,1966,1958.0
2528702,2025-07-26,32,32,SW30-34,55.25%,1611,1779,1781,1780.0
5445159,2025-07-26,67,67,VM65-69,29.93%,3425,2041,2059,2050.0
2390247,2025-07-26,50,50,VM50-54,53.28%,1661,0,1776,1770.0
2038021,2025-07-26,38,38,VM35-39,65.56%,1231,1608,1619,1614.0
5692217,2025-07-26,50,50,VW50-54,58.86%,1709,0,2023,2012.0
1903974,2025-07-26,51,51,VW50-54,56.74%,1794,2024,2048,2036.0
1071062,2025-07-26,59,59,VW55-59,57.20%,1979,2248,3264,2264.0
2225632,2025-07-26,65,65,VW65-69,49.94%,2473,0,2488,2470.0
1036771,2025-07-26,52,52,VW50-54,39.13%,2635,2049,2075,2062.0
140578,2025-07-26,62,62,VW60-64,61.57%,1918,2345,2378,2362.0
1786236,2025-07-26,50,50,VM50-54,69.85%,1267,0,1776,1770.0
1320223,2025-07-26,51,51,VM50-54,67.58%,1320,1777,1790,1784.0
2378240,2025-07-26,47,47,VW45-49,58.38%,1665,1934,1953,1944.0
5012495,2025-07-26,51,51,VM50-54,39.70%,2247,1777,1790,1784.0
3738636,2025-07-26,52,52,VW50-54,33.76%,3054,2049,2075,2062.0
164707,2025-07-26,62,62,VW60-64,68.46%,1725,2345,2378,2362.0
141347,2025-07-26,61,61,VW60-64,59.33%,1962,2312,2344,2328.0
140267,2025-08-02,57,57,VW55-59,53.11%,2073,2187,2216,2202.0
1903974,2025-08-02,51,51,VW50-54,57.29%,1777,2024,2048,2036.0
128162,2025-08-02,64,64,VW60-64,49.49%,2457,2414,3432,2432.0
2528702,2025-08-02,32,32,SW30-34,48.74%,1826,1779,1781,1780.0
356941,2025-08-02,59,59,VW55-59,59.55%,1901,2248,3264,2264.0
3251252,2025-08-02,25,28,SM25-29,39.19%,1975,0,1548,1548.0
2225632,2025-08-02,65,65,VW65-69,52.67%,2345,0,2488,2470.0
4024452,2025-08-02,11,11,JW11-14,38.64%,2583,1976,2996,1996.0
1036771,2025-08-02,52,52,VW50-54,50.66%,2035,2049,2075,2062.0
140578,2025-08-02,62,62,VW60-64,62.39%,1893,2345,2378,2362.0
2038021,2025-08-02,38,38,VM35-39,66.80%,1208,1608,1619,1614.0
1786236,2025-08-02,50,50,VM50-54,67.76%,1306,0,1776,1770.0
2378240,2025-08-02,47,47,VW45-49,55.29%,1758,1934,1953,1944.0
5012495,2025-08-02,51,51,VM50-54,40.45%,2205,1777,1790,1784.0
3738636,2025-08-02,52,52,VW50-54,39.23%,2628,2049,2075,2062.0
600747,2025-08-02,43,43,VW40-44,52.61%,1781,1867,1880,1874.0
1014475,2025-08-09,62,62,VM60-64,45.28%,2162,1950,1966,1958.0
5445130,2025-08-09,66,66,VW65-69,44.90%,2793,2489,2526,2508.0
5445159,2025-08-09,67,67,VM65-69,30.32%,3381,2041,2059,2050.0
1015088,2025-08-09,32,32,SM30-34,53.50%,1458,1558,1562,1560.0
600747,2025-08-09,43,43,VW40-44,51.71%,1812,1867,1880,1874.0
2528702,2025-08-09,32,32,SW30-34,55.80%,1595,1779,1781,1780.0
128162,2025-08-09,64,64,VW60-64,44.89%,2709,2414,3432,2432.0
764052,2025-08-09,52,52,VM50-54,62.26%,1444,1791,1805,1798.0
2923559,2025-08-09,58,58,VM55-59,61.99%,1526,1884,1899,1892.0
4724979,2025-08-09,58,58,VM55-59,59.68%,1585,1884,1899,1892.0
356941,2025-08-09,59,59,VW55-59,60.41%,1874,2248,3264,2264.0
3251252,2025-08-09,25,28,SM25-29,38.97%,1986,0,1548,1548.0
1036771,2025-08-09,52,52,VW50-54,40.51%,2545,2049,2075,2062.0
4097229,2025-08-09,17,17,JM15-17,67.50%,1200,0,1632,1620.0
5692217,2025-08-09,50,50,VW50-54,60.71%,1657,0,2023,2012.0
173137,2025-08-09,60,60,VW60-64,62.63%,1833,0,2311,2296.0
1786236,2025-08-09,50,50,VM50-54,61.54%,1438,0,1776,1770.0
3424529,2025-08-09,59,59,VW55-59,47.44%,2386,2248,3264,2264.0
2038021,2025-08-09,38,38,VM35-39,66.58%,1212,1608,1619,1614.0
508066,2025-08-09,60,60,VW60-64,38.78%,2960,0,2311,2296.0
2378240,2025-08-09,47,47,VW45-49,55.61%,1748,1934,1953,1944.0
5012495,2025-08-09,51,51,VM50-54,36.84%,2421,1777,1790,1784.0
1015088,2025-08-16,32,32,SM30-34,53.90%,1447,1558,1562,1560.0
5692217,2025-08-16,50,50,VW50-54,56.17%,1791,0,2023,2012.0
2528702,2025-08-16,32,32,SW30-34,62.99%,1413,1779,1781,1780.0
5445130,2025-08-16,66,66,VW65-69,43.42%,2888,2489,2526,2508.0
5445159,2025-08-16,67,67,VM65-69,29.56%,3467,2041,2059,2050.0
2390247,2025-08-16,50,50,VM50-54,53.51%,1654,0,1776,1770.0
455131,2025-08-16,55,55,VM55-59,53.23%,1732,0,1851,1844.0
2038021,2025-08-16,38,38,VM35-39,64.61%,1249,1608,1619,1614.0
4724979,2025-08-16,58,58,VM55-59,59.46%,1591,1884,1899,1892.0
3251252,2025-08-16,25,28,SM25-29,39.90%,1940,0,1548,1548.0
173137,2025-08-16,60,60,VW60-64,64.24%,1787,0,2311,2296.0
140578,2025-08-16,62,62,VW60-64,58.61%,2015,2345,2378,2362.0
1786236,2025-08-16,50,50,VM50-54,66.94%,1322,0,1776,1770.0
3424529,2025-08-16,59,59,VW55-59,49.22%,2300,2248,3264,2264.0
1320223,2025-08-16,52,52,VM50-54,55.19%,1629,1791,1805,1798.0
141347,2025-08-16,61,61,VW60-64,58.82%,1979,2312,2344,2328.0
3883877,2025-08-23,54,54,VW50-54,50.43%,2098,2103,3116,2116.0
3424529,2025-08-23,59,59,VW55-59,53.30%,2124,2248,3264,2264.0
2528702,2025-08-23,32,32,SW30-34,52.94%,1681,1779,1781,1780.0
1014475,2025-08-23,63,63,VM60-64,47.39%,2085,1967,1984,1976.0
2390247,2025-08-23,50,50,VM50-54,54.70%,1618,0,1776,1770.0
1071062,2025-08-23,60,60,VW60-64,58.01%,1979,0,2311,2296.0
508066,2025-08-23,60,60,VW60-64,35.61%,3224,0,2311,2296.0
128162,2025-08-23,65,65,VW65-69,50.00%,2470,0,2488,2470.0
2225632,2025-08-23,66,66,VW65-69,52.64%,2382,2489,2526,2508.0
1036771,2025-08-23,52,52,VW50-54,40.23%,2563,2049,2075,2062.0
140578,2025-08-23,62,62,VW60-64,61.99%,1905,2345,2378,2362.0
1786236,2025-08-23,50,50,VM50-54,61.54%,1438,0,1776,1770.0
764052,2025-08-30,52,52,VM50-54,72.79%,1235,1791,1805,1798.0
3883877,2025-08-30,54,54,VW50-54,48.42%,2185,2103,3116,2116.0
3655979,2025-08-30,66,66,VM65-69,69.30%,1466,2022,2040,2032.0
2528702,2025-08-30,32,32,SW30-34,63.75%,1396,1779,1781,1780.0
5692217,2025-08-30,50,50,VW50-54,60.90%,1652,0,2023,2012.0
492000,2025-08-30,57,57,VW55-59,53.71%,2050,2187,2216,2202.0
508066,2025-08-30,60,60,VW60-64,38.36%,2993,0,2311,2296.0
5445130,2025-08-30,66,66,VW65-69,44.53%,2816,2489,2526,2508.0
455131,2025-08-30,55,55,VM55-59,51.39%,1794,0,1851,1844.0
949684,2025-08-30,56,56,VM55-59,67.44%,1379,1852,1867,1860.0
4724979,2025-08-30,58,58,VM55-59,58.76%,1610,1884,1899,1892.0
2225632,2025-08-30,66,66,VW65-69,53.20%,2357,2489,2526,2508.0
1794504,2025-08-30,37,37,VM35-39,48.40%,1655,1597,1607,1602.0
1036771,2025-08-30,52,52,VW50-54,48.02%,2147,2049,2075,2062.0
173137,2025-08-30,60,60,VW60-64,63.11%,1819,0,2311,2296.0
140578,2025-08-30,62,62,VW60-64,62.49%,1890,2345,2378,2362.0
1997252,2025-08-30,50,50,VM50-54,77.36%,1144,0,1776,1770.0
1786236,2025-08-30,50,50,VM50-54,63.90%,1385,0,1776,1770.0
2378240,2025-08-30,47,47,VW45-49,55.13%,1763,1934,1953,1944.0
8286970,2025-08-30,54,54,VM50-54,51.49%,1775,1821,2828,1828.0
3738636,2025-08-30,52,52,VW50-54,41.57%,2480,2049,2075,2062.0
2528702,2025-09-06,32,32,SW30-34,62.28%,1429,1779,1781,1780.0
820431,2025-09-06,54,54,VW50-54,40.80%,2593,2103,3116,2116.0
1015088,2025-09-06,32,32,SM30-34,56.77%,1374,1558,1562,1560.0
2390247,2025-09-06,50,50,VM50-54,53.96%,1640,0,1776,1770.0
600747,2025-09-06,43,43,VW40-44,50.68%,1849,1867,1880,1874.0
2038021,2025-09-06,38,38,VM35-39,60.40%,1336,1608,1619,1614.0
128162,2025-09-06,65,65,VW65-69,50.22%,2459,0,2488,2470.0
4724979,2025-09-06,58,58,VM55-59,59.50%,1590,1884,1899,1892.0
356941,2025-09-06,59,59,VW55-59,56.69%,1997,2248,3264,2264.0
2225632,2025-09-06,66,66,VW65-69,52.01%,2411,2489,2526,2508.0
8825350,2025-09-06,5,5,JW10,37.12%,3300,2398,2465,2450.0
1036771,2025-09-06,52,52,VW50-54,48.29%,2135,2049,2075,2062.0
3196133,2025-09-06,18,18,SM18-19,51.48%,1554,1592,2600,1600.0
1794504,2025-09-06,37,37,VM35-39,49.57%,1616,1597,1607,1602.0
2378240,2025-09-06,47,47,VW45-49,56.15%,1731,1934,1953,1944.0
3738636,2025-09-06,52,52,VW50-54,38.70%,2664,2049,2075,2062.0
2528702,2025-09-13,32,32,SW30-34,54.47%,1634,1779,1781,1780.0
820431,2025-09-13,54,54,VW50-54,43.11%,2454,2103,3116,2116.0
2038021,2025-09-13,38,38,VM35-39,60.45%,1335,1608,1619,1614.0
2305995,2025-09-13,25,28,SM25-29,75.00%,1032,0,1548,1548.0
5692217,2025-09-13,50,50,VW50-54,60.20%,1671,0,2023,2012.0
508066,2025-09-13,60,60,VW60-64,34.42%,3335,0,2311,2296.0
128162,2025-09-13,65,65,VW65-69,51.10%,2417,0,2488,2470.0
356941,2025-09-13,59,59,VW55-59,59.33%,1908,2248,3264,2264.0
2225632,2025-09-13,66,66,VW65-69,48.18%,2603,2489,2526,2508.0
2378240,2025-09-13,47,47,VW45-49,57.82%,1681,1934,1953,1944.0
1646899,2025-09-13,54,54,VW50-54,45.84%,2308,2103,3116,2116.0
1036771,2025-09-13,52,52,VW50-54,28.34%,3638,2049,2075,2062.0
1786236,2025-09-13,50,50,VM50-54,61.12%,1448,0,1776,1770.0
3424529,2025-09-13,59,59,VW55-59,51.93%,2180,2248,3264,2264.0
1794504,2025-09-13,37,37,VM35-39,50.66%,1581,1597,1607,1602.0
3738636,2025-09-13,52,52,VW50-54,40.23%,2563,2049,2075,2062.0
820431,2025-09-20,54,54,VW50-54,43.54%,2430,2103,3116,2116.0
128162,2025-09-20,65,65,VW65-69,50.53%,2444,0,2488,2470.0
1646899,2025-09-20,54,54,VW50-54,48.22%,2194,2103,3116,2116.0
5445130,2025-09-20,66,66,VW65-69,39.86%,3146,2489,2526,2508.0
5445159,2025-09-20,67,67,VM65-69,29.68%,3453,2041,2059,2050.0
2038021,2025-09-20,38,38,VM35-39,61.00%,1323,1608,1619,1614.0
2305995,2025-09-20,25,28,SM25-29,76.11%,1017,0,1548,1548.0
5692217,2025-09-20,50,50,VW50-54,60.90%,1652,0,2023,2012.0
1071062,2025-09-20,60,60,VW60-64,55.97%,2051,0,2311,2296.0
8286970,2025-09-20,54,54,VM50-54,40.34%,2266,1821,2828,1828.0
1036771,2025-09-20,52,52,VW50-54,40.75%,2530,2049,2075,2062.0
1786236,2025-09-20,50,50,VM50-54,70.69%,1252,0,1776,1770.0
1320223,2025-09-20,52,52,VM50-54,60.66%,1482,1791,1805,1798.0
2378240,2025-09-20,47,47,VW45-49,55.93%,1738,1934,1953,1944.0
5012495,2025-09-20,51,51,VM50-54,37.99%,2348,1777,1790,1784.0
3738636,2025-09-20,52,52,VW50-54,43.03%,2396,2049,2075,2062.0
1014475,2025-09-27,63,63,VM60-64,47.36%,2086,1967,1984,1976.0
2038021,2025-09-27,38,38,VM35-39,62.46%,1292,1608,1619,1614.0
2305995,2025-09-27,25,28,SM25-29,77.09%,1004,0,1548,1548.0
5692217,2025-09-27,50,50,VW50-54,51.99%,1935,0,2023,2012.0
1071062,2025-09-27,60,60,VW60-64,58.39%,1966,0,2311,2296.0
949684,2025-09-27,56,56,VM55-59,67.78%,1372,1852,1867,1860.0
2225632,2025-09-27,66,66,VW65-69,36.10%,3474,2489,2526,2508.0
1786236,2025-09-27,50,50,VM50-54,62.37%,1419,0,1776,1770.0
1320223,2025-09-27,52,52,VM50-54,59.93%,1500,1791,1805,1798.0
2378240,2025-09-27,47,47,VW45-49,56.22%,1729,1934,1953,1944.0
3565261,2025-09-27,59,59,VM55-59,54.86%,1739,1900,2908,1908.0
5012495,2025-09-27,51,51,VM50-54,39.40%,2264,1777,1790,1784.0
164707,2025-09-27,62,62,VW60-64,42.13%,2803,2345,2378,2362.0
1015088,2025-10-04,32,32,SM30-34,52.56%,1484,1558,1562,1560.0
2528702,2025-10-04,32,32,SW30-34,55.80%,1595,1779,1781,1780.0
2305995,2025-10-04,25,28,SM25-29,75.00%,1032,0,1548,1548.0
1071062,2025-10-04,60,60,VW60-64,56.30%,2039,0,2311,2296.0
2038021,2025-10-04,38,38,VM35-39,57.03%,1415,1608,1619,1614.0
2225632,2025-10-04,66,66,VW65-69,51.20%,2449,2489,2526,2508.0
173137,2025-10-04,60,60,VW60-64,61.29%,1873,0,2311,2296.0
140578,2025-10-04,62,62,VW60-64,58.76%,2010,2345,2378,2362.0
2378240,2025-10-04,47,47,VW45-49,57.38%,1694,1934,1953,1944.0
164707,2025-10-04,62,62,VW60-64,41.70%,2832,2345,2378,2362.0
5445130,2025-10-11,66,66,VW65-69,42.51%,2950,2489,2526,2508.0
5445159,2025-10-11,67,67,VM65-69,30.84%,3324,2041,2059,2050.0
600747,2025-10-11,43,43,VW40-44,51.80%,1809,1867,1880,1874.0
3251252,2025-10-11,25,28,SM25-29,40.95%,1890,0,1548,1548.0
2305995,2025-10-11,25,28,SM25-29,73.43%,1054,0,1548,1548.0
2225632,2025-10-11,66,66,VW65-69,53.94%,2325,2489,2526,2508.0
8825350,2025-10-11,6,6,JW10,37.12%,3157,2299,2397,2344.0
173137,2025-10-11,60,60,VW60-64,61.42%,1869,0,2311,2296.0
1786236,2025-10-11,50,50,VM50-54,61.89%,1430,0,1776,1770.0
1794504,2025-10-11,37,37,VM35-39,45.33%,1767,1597,1607,1602.0
2378240,2025-10-11,47,47,VW45-49,56.02%,1735,1934,1953,1944.0
2038021,2025-10-18,38,38,VM35-39,64.25%,1256,1608,1619,1614.0
508066,2025-10-18,60,60,VW60-64,36.50%,3145,0,2311,2296.0
2305995,2025-10-18,25,28,SM25-29,22.66%,3415,0,1548,1548.0
1071062,2025-10-18,60,60,VW60-64,57.40%,2000,0,2311,2296.0
356941,2025-10-18,59,59,VW55-59,42.35%,2673,2248,3264,2264.0
2048645,2025-10-18,61,61,VM60-64,51.48%,1886,1933,1949,1942.0
140578,2025-10-18,62,62,VW60-64,60.56%,1950,2345,2378,2362.0
1997252,2025-10-18,50,50,VM50-54,72.48%,1221,0,1776,1770.0
2378240,2025-10-18,47,47,VW45-49,55.16%,1762,1934,1953,1944.0
5012495,2025-10-18,51,51,VM50-54,37.80%,2360,1777,1790,1784.0
164707,2025-10-18,62,62,VW60-64,68.46%,1725,2345,2378,2362.0
141347,2025-10-18,62,62,VW60-64,64.71%,1825,2345,2378,2362.0
140267,2025-10-25,57,57,VW55-59,53.32%,2065,2187,2216,2202.0
2528702,2025-10-25,32,32,SW30-34,59.02%,1508,1779,1781,1780.0
7491589,2025-10-25,6,6,JM10,66.35%,1691,2191,2308,2244.0
2038021,2025-10-25,38,38,VM35-39,63.29%,1275,1608,1619,1614.0
5692217,2025-10-25,51,51,VW50-54,62.80%,1621,2024,2048,2036.0
2305995,2025-10-25,25,28,SM25-29,23.06%,3356,0,1548,1548.0
1071062,2025-10-25,60,60,VW60-64,56.41%,2035,0,2311,2296.0
769960,2025-10-25,40,40,VW40-44,52.82%,1738,0,1840,1836.0
3251252,2025-10-25,25,28,SM25-29,43.65%,1773,0,1548,1548.0
4300140,2025-10-25,25,29,SW25-29,44.38%,2001,0,2776,1776.0
2225632,2025-10-25,66,66,VW65-69,53.36%,2350,2489,2526,2508.0
141347,2025-10-25,62,62,VW60-64,66.99%,1763,2345,2378,2362.0
2378240,2025-10-25,47,47,VW45-49,56.02%,1735,1934,1953,1944.0
3655979,2025-11-01,67,67,VM65-69,70.59%,1452,2041,2059,2050.0
2528702,2025-11-01,33,33,SW30-34,61.22%,1457,1782,1785,1784.0
5445130,2025-11-01,66,66,VW65-69,43.97%,2852,2489,2526,2508.0
5445159,2025-11-01,67,67,VM65-69,31.48%,3256,2041,2059,2050.0
2038021,2025-11-01,38,38,VM35-39,64.35%,1254,1608,1619,1614.0
5692217,2025-11-01,51,51,VW50-54,63.31%,1608,2024,2048,2036.0
2305995,2025-11-01,25,28,SM25-29,21.69%,3568,0,1548,1548.0
1071062,2025-11-01,60,60,VW60-64,56.55%,2030,0,2311,2296.0
140578,2025-11-01,62,62,VW60-64,58.35%,2024,2345,2378,2362.0
2378240,2025-11-01,47,47,VW45-49,56.28%,1727,1934,1953,1944.0
5012495,2025-11-01,51,51,VM50-54,39.49%,2259,1777,1790,1784.0
11618060,2025-11-08,11,11,JW11-14,57.46%,1737,1976,2996,1996.0
820431,2025-11-08,55,55,VW55-59,44.48%,2410,0,2157,2144.0
600747,2025-11-08,43,43,VW40-44,54.83%,1709,1867,1880,1874.0
2038021,2025-11-08,38,38,VM35-39,64.56%,1250,1608,1619,1614.0
5692217,2025-11-08,51,51,VW50-54,63.07%,1614,2024,2048,2036.0
377646,2025-11-08,45,45,VM45-49,47.54%,1790,0,1707,1702.0
508066,2025-11-08,60,60,VW60-64,52.09%,2204,0,2311,2296.0
2305995,2025-11-08,25,28,SM25-29,22.47%,3445,0,1548,1548.0
128162,2025-11-08,65,65,VW65-69,51.61%,2393,0,2488,2470.0
4724979,2025-11-08,58,58,VM55-59,59.42%,1592,1884,1899,1892.0
2225632,2025-11-08,66,66,VW65-69,51.82%,2420,2489,2526,2508.0
1036771,2025-11-08,52,52,VW50-54,39.53%,2608,2049,2075,2062.0
1646899,2025-11-08,54,54,VW50-54,40.06%,2641,2103,3116,2116.0
140578,2025-11-08,62,62,VW60-64,59.89%,1972,2345,2378,2362.0
2378240,2025-11-08,47,47,VW45-49,56.45%,1722,1934,1953,1944.0
5012495,2025-11-08,51,51,VM50-54,39.24%,2273,1777,1790,1784.0
164707,2025-11-08,62,62,VW60-64,33.33%,3543,2345,2378,2362.0
11618060,2025-11-15,10,10,JW10,63.48%,1613,0,2077,2048.0
769960,2025-11-15,40,40,VW40-44,56.04%,1638,0,1840,1836.0
820431,2025-11-15,55,55,VW55-59,42.09%,2547,0,2157,2144.0
1752380,2025-11-15,58,58,VM55-59,55.39%,1708,1884,1899,1892.0
864630,2025-11-15,68,68,VM65-69,48.36%,2140,2060,2080,2070.0
3655979,2025-11-15,67,67,VM65-69,70.21%,1460,2041,2059,2050.0
1646899,2025-11-15,54,54,VW50-54,44.32%,2387,2103,3116,2116.0
2038021,2025-11-15,38,38,VM35-39,63.90%,1263,1608,1619,1614.0
5692217,2025-11-15,51,51,VW50-54,64.39%,1581,2024,2048,2036.0
2305995,2025-11-15,25,28,SM25-29,23.65%,3273,0,1548,1548.0
1071062,2025-11-15,60,60,VW60-64,54.85%,2093,0,2311,2296.0
3251252,2025-11-15,25,28,SM25-29,41.43%,1868,0,1548,1548.0
2225632,2025-11-15,66,66,VW65-69,55.83%,2246,2489,2526,2508.0
8286970,2025-11-15,54,54,VM50-54,57.85%,1580,1821,2828,1828.0
1036771,2025-11-15,52,52,VW50-54,41.46%,2487,2049,2075,2062.0
141347,2025-11-15,62,62,VW60-64,67.03%,1762,2345,2378,2362.0
1786236,2025-11-15,50,50,VM50-54,65.95%,1342,0,1776,1770.0
2378240,2025-11-15,47,47,VW45-49,56.09%,1733,1934,1953,1944.0
3738636,2025-11-15,52,52,VW50-54,39.49%,2611,2049,2075,2062.0
164707,2025-11-15,62,62,VW60-64,64.22%,1839,2345,2378,2362.0
2038021,2025-11-22,38,38,VM35-39,65.72%,1228,1608,1619,1614.0
2305995,2025-11-22,25,28,SM25-29,22.29%,3473,0,1548,1548.0
1071062,2025-11-22,60,60,VW60-64,56.50%,2032,0,2311,2296.0
614195,2025-11-22,64,64,VW60-64,42.98%,2829,2414,3432,2432.0
2225632,2025-11-22,66,66,VW65-69,51.88%,2417,2489,2526,2508.0
492000,2025-11-22,57,57,VW55-59,51.19%,2151,2187,2216,2202.0
1882503,2025-11-22,67,67,VW65-69,51.64%,2465,2527,2565,2546.0
1036771,2025-11-22,52,52,VW50-54,50.22%,2053,2049,2075,2062.0
640896,2025-11-22,55,55,VM55-59,35.48%,2599,0,1851,1844.0
140578,2025-11-22,62,62,VW60-64,59.35%,1990,2345,2378,2362.0
1786236,2025-11-22,50,50,VM50-54,65.65%,1348,0,1776,1770.0
1794504,2025-11-22,37,37,VM35-39,43.34%,1848,1597,1607,1602.0
2378240,2025-11-22,47,47,VW45-49,54.67%,1778,1934,1953,1944.0
5012495,2025-11-22,52,52,VM50-54,38.70%,2323,1791,1805,1798.0
164707,2025-11-22,62,62,VW60-64,63.26%,1867,2345,2378,2362.0
1752380,2025-11-29,58,58,VM55-59,57.82%,1636,1884,1899,1892.0
2038021,2025-11-29,38,38,VM35-39,65.45%,1233,1608,1619,1614.0
5692217,2025-11-29,51,51,VW50-54,64.39%,1581,2024,2048,2036.0
2305995,2025-11-29,25,28,SM25-29,25.24%,3066,0,1548,1548.0
614195,2025-11-29,64,64,VW60-64,42.27%,2877,2414,3432,2432.0
7491589,2025-11-29,6,6,JM10,66.91%,1677,2191,2308,2244.0
640896,2025-11-29,55,55,VM55-59,37.88%,2434,0,1851,1844.0
140578,2025-11-29,62,62,VW60-64,59.23%,1994,2345,2378,2362.0
1997252,2025-11-29,51,51,VM50-54,73.36%,1216,1777,1790,1784.0
2378240,2025-11-29,47,47,VW45-49,55.93%,1738,1934,1953,1944.0
164707,2025-11-29,62,62,VW60-64,63.73%,1853,2345,2378,2362.0
1015088,2025-11-29,32,32,SM30-34,55.95%,1394,1558,1562,1560.0
3883877,2025-12-06,54,54,VW50-54,50.21%,2107,2103,3116,2116.0
1752380,2025-12-06,58,58,VM55-59,58.76%,1610,1884,1899,1892.0
600747,2025-12-06,43,43,VW40-44,57.95%,1617,1867,1880,1874.0
2038021,2025-12-06,38,38,VM35-39,65.50%,1232,1608,1619,1614.0
5692217,2025-12-06,51,51,VW50-54,61.55%,1654,2024,2048,2036.0
508066,2025-12-06,60,60,VW60-64,38.25%,3001,0,2311,2296.0
2305995,2025-12-06,25,28,SM25-29,23.05%,3358,0,1548,1548.0
614195,2025-12-06,64,64,VW60-64,42.95%,2831,2414,3432,2432.0
2225632,2025-12-06,66,66,VW65-69,55.15%,2274,2489,2526,2508.0
1036771,2025-12-06,52,52,VW50-54,41.11%,2508,2049,2075,2062.0
140578,2025-12-06,62,62,VW60-64,58.81%,2008,2345,2378,2362.0
164707,2025-12-06,62,62,VW60-64,59.80%,1975,2345,2378,2362.0
1646899,2025-12-06,54,54,VW50-54,46.12%,2294,2103,3116,2116.0
4724979,2025-11-15,58,58,VM55-59,59.72%,1584,1884,1899,1892.0
780737,2017-10-14,44,44,VM40-44,78.51%,1075,1682,2688,1688.0
1521451,2017-10-14,44,44,VM40-44,69.64%,1212,1682,2688,1688.0
3655979,2017-10-14,59,59,VM55-59,75.12%,1270,1900,2908,1908.0
1297783,2017-10-14,55,55,VM55-59,57.99%,1590,0,1851,1844.0
1424991,2017-10-14,61,61,VM60-64,55.49%,1750,1933,1949,1942.0
1651066,2017-10-14,40,40,VW40-44,43.53%,2109,0,1840,1836.0
508066,2025-12-13,60,60,VW60-64,31.94%,3594,0,2311,2296.0
3883877,2025-12-13,55,55,VW55-59,48.84%,2195,0,2157,2144.0
1752380,2025-12-13,58,58,VM55-59,58.43%,1619,1884,1899,1892.0
600747,2025-12-13,43,43,VW40-44,57.34%,1634,1867,1880,1874.0
2038021,2025-12-13,38,38,VM35-39,65.82%,1226,1608,1619,1614.0
5692217,2025-12-13,51,51,VW50-54,63.47%,1604,2024,2048,2036.0
2305995,2025-12-13,25,28,SM25-29,21.31%,3632,0,1548,1548.0
1071062,2025-12-13,60,60,VW60-64,57.06%,2012,0,2311,2296.0
614195,2025-12-13,64,64,VW60-64,43.99%,2764,2414,3432,2432.0
3251252,2025-12-13,25,28,SM25-29,44.64%,1734,0,1548,1548.0
140578,2025-12-13,62,62,VW60-64,60.41%,1955,2345,2378,2362.0
2378240,2025-12-13,47,47,VW45-49,55.93%,1738,1934,1953,1944.0
3565261,2025-12-13,59,59,VM55-59,51.96%,1836,1900,2908,1908.0
164707,2025-12-13,62,62,VW60-64,34.84%,3390,2345,2378,2362.0
1015088,2025-12-13,32,32,SM30-34,57.95%,1346,1558,1562,1560.0
1786236,2025-12-13,50,50,VM50-54,66.24%,1336,0,1776,1770.0
3424529,2025-12-13,59,59,VW55-59,45.98%,2462,2248,3264,2264.0
1071062,2022-10-08,57,57,VW55-59,58.81%,1872,2187,2216,2202.0
1071062,2022-10-15,57,57,VW55-59,58.44%,1884,2187,2216,2202.0
1071062,2022-10-22,57,57,VW55-59,59.26%,1858,2187,2216,2202.0
5692217,2022-10-29,48,48,VW45-49,54.22%,1811,1954,1975,1964.0
1071062,2022-11-05,57,57,VW55-59,57.40%,1918,2187,2216,2202.0
1071062,2022-11-26,57,57,VW55-59,56.17%,1960,2187,2216,2202.0
1071062,2022-12-03,57,57,VW55-59,58.50%,1882,2187,2216,2202.0
1071062,2022-12-10,57,57,VW55-59,59.26%,1858,2187,2216,2202.0
1071062,2022-12-24,57,57,VW55-59,57.37%,1919,2187,2216,2202.0
1071062,2022-12-31,57,57,VW55-59,56.35%,1954,2187,2216,2202.0
2305995,2023-01-01,25,28,SM25-29,64.39%,1202,0,1548,1548.0
508066,2023-01-01,57,57,VW55-59,31.32%,3515,2187,2216,2202.0
1071062,2023-01-07,57,57,VW55-59,56.37%,1953,2187,2216,2202.0
455131,2023-01-21,52,52,VM50-54,49.26%,1825,1791,1805,1798.0
1071062,2023-02-04,57,57,VW55-59,57.22%,1924,2187,2216,2202.0
1071062,2023-02-11,57,57,VW55-59,57.73%,1907,2187,2216,2202.0
1071062,2023-02-18,57,57,VW55-59,58.22%,1891,2187,2216,2202.0
1071062,2023-02-25,57,57,VW55-59,58.13%,1894,2187,2216,2202.0
1071062,2023-03-04,57,57,VW55-59,60.20%,1829,2187,2216,2202.0
1071062,2023-03-11,57,57,VW55-59,58.94%,1868,2187,2216,2202.0
1071062,2023-03-18,57,57,VW55-59,57.17%,1926,2187,2216,2202.0
1071062,2023-03-25,57,57,VW55-59,55.92%,1969,2187,2216,2202.0
1071062,2023-04-08,57,57,VW55-59,57.83%,1904,2187,2216,2202.0
1071062,2023-04-15,57,57,VW55-59,57.70%,1908,2187,2216,2202.0
508066,2023-04-15,57,57,VW55-59,56.17%,1960,2187,2216,2202.0
1071062,2023-04-22,57,57,VW55-59,59.19%,1860,2187,2216,2202.0
1071062,2023-04-29,57,57,VW55-59,59.42%,1853,2187,2216,2202.0
1071062,2023-05-06,57,57,VW55-59,59.03%,1865,2187,2216,2202.0
1071062,2023-05-13,57,57,VW55-59,60.03%,1834,2187,2216,2202.0
1071062,2023-05-27,57,57,VW55-59,59.61%,1847,2187,2216,2202.0
1071062,2023-06-03,57,57,VW55-59,60.16%,1830,2187,2216,2202.0
1071062,2023-06-10,57,57,VW55-59,57.98%,1899,2187,2216,2202.0
1071062,2023-06-17,57,57,VW55-59,59.97%,1836,2187,2216,2202.0
1071062,2023-07-01,57,57,VW55-59,58.44%,1884,2187,2216,2202.0
1071062,2023-07-08,57,57,VW55-59,56.93%,1934,2187,2216,2202.0
1071062,2023-07-22,57,57,VW55-59,59.67%,1845,2187,2216,2202.0
1071062,2023-07-29,57,57,VW55-59,59.07%,1864,2187,2216,2202.0
1071062,2023-08-12,57,57,VW55-59,59.35%,1855,2187,2216,2202.0
1071062,2023-08-19,58,58,VW55-59,61.22%,1823,2217,2247,2232.0
1071062,2023-09-16,58,58,VW55-59,56.36%,1980,2217,2247,2232.0
1071062,2023-09-30,58,58,VW55-59,58.34%,1913,2217,2247,2232.0
1071062,2023-10-07,58,58,VW55-59,59.49%,1876,2217,2247,2232.0
1071062,2023-10-14,58,58,VW55-59,58.77%,1899,2217,2247,2232.0
1071062,2023-10-21,58,58,VW55-59,57.44%,1943,2217,2247,2232.0
1903974,2023-11-04,49,49,VW45-49,52.90%,1879,1976,2988,1988.0
1071062,2023-11-04,58,58,VW55-59,57.11%,1954,2217,2247,2232.0
1071062,2023-11-11,58,58,VW55-59,58.74%,1900,2217,2247,2232.0
1903974,2023-11-18,49,49,VW45-49,54.20%,1834,1976,2988,1988.0
1071062,2023-11-18,58,58,VW55-59,56.88%,1962,2217,2247,2232.0
4300140,2023-11-25,20,24,SW20-24,48.42%,1834,0,2776,1776.0
1071062,2023-11-25,58,58,VW55-59,58.77%,1899,2217,2247,2232.0
1071062,2023-12-16,58,58,VW55-59,56.17%,1987,2217,2247,2232.0
2528702,2023-12-23,31,31,SW30-34,55.11%,1613,1777,1778,1778.0
1071062,2023-12-23,58,58,VW55-59,55.80%,2000,2217,2247,2232.0
1903974,2023-12-30,49,49,VW45-49,56.13%,1771,1976,2988,1988.0
1071062,2023-12-30,58,58,VW55-59,57.82%,1930,2217,2247,2232.0
1071062,2024-01-06,58,58,VW55-59,55.19%,2022,2217,2247,2232.0
508066,2024-01-13,58,58,VW55-59,52.57%,2123,2217,2247,2232.0
1071062,2024-01-20,58,58,VW55-59,57.67%,1935,2217,2247,2232.0
508066,2024-01-20,58,58,VW55-59,32.26%,3459,2217,2247,2232.0
1071062,2024-01-27,58,58,VW55-59,57.91%,1927,2217,2247,2232.0
1071062,2024-02-03,58,58,VW55-59,57.06%,1956,2217,2247,2232.0
1071062,2024-02-10,58,58,VW55-59,54.20%,2059,2217,2247,2232.0
1071062,2024-02-17,58,58,VW55-59,55.06%,2027,2217,2247,2232.0
1903974,2024-02-24,49,49,VW45-49,52.82%,1882,1976,2988,1988.0
1071062,2024-03-02,58,58,VW55-59,52.82%,2113,2217,2247,2232.0
1071062,2024-03-09,58,58,VW55-59,54.28%,2056,2217,2247,2232.0
1071062,2024-03-16,58,58,VW55-59,55.08%,2026,2217,2247,2232.0
1071062,2024-04-06,58,58,VW55-59,53.53%,2085,2217,2247,2232.0
1071062,2024-04-20,58,58,VW55-59,58.28%,1915,2217,2247,2232.0
1903974,2024-04-27,49,49,VW45-49,53.16%,1870,1976,2988,1988.0
1071062,2024-04-27,58,58,VW55-59,57.29%,1948,2217,2247,2232.0
1903974,2024-05-04,49,49,VW45-49,53.70%,1851,1976,2988,1988.0
1071062,2024-05-04,58,58,VW55-59,58.31%,1914,2217,2247,2232.0
1903974,2024-05-11,49,49,VW45-49,55.66%,1786,1976,2988,1988.0
1071062,2024-05-11,58,58,VW55-59,58.89%,1895,2217,2247,2232.0
1903974,2024-05-18,49,49,VW45-49,55.47%,1792,1976,2988,1988.0
1071062,2024-05-18,58,58,VW55-59,60.36%,1849,2217,2247,2232.0
1903974,2024-05-25,49,49,VW45-49,55.78%,1782,1976,2988,1988.0
1071062,2024-05-25,58,58,VW55-59,59.08%,1889,2217,2247,2232.0
1071062,2024-06-01,58,58,VW55-59,59.42%,1878,2217,2247,2232.0
1071062,2024-06-08,58,58,VW55-59,59.78%,1867,2217,2247,2232.0
1071062,2024-06-15,58,58,VW55-59,58.55%,1906,2217,2247,2232.0
5692217,2024-06-22,49,49,VW45-49,56.32%,1765,1976,2988,1988.0
1071062,2024-07-20,58,58,VW55-59,55.61%,2007,2217,2247,2232.0
1071062,2024-07-27,58,58,VW55-59,56.39%,1979,2217,2247,2232.0
1071062,2024-08-03,58,58,VW55-59,57.17%,1952,2217,2247,2232.0
1071062,2024-08-10,58,58,VW55-59,53.91%,2070,2217,2247,2232.0
458254,2024-08-31,22,24,SM20-24,51.95%,1490,0,1551,1548.0
1071062,2024-09-14,59,59,VW55-59,57.09%,1983,2248,3264,2264.0
1903974,2024-10-05,50,50,VW50-54,56.58%,1778,0,2023,2012.0
1071062,2024-10-12,59,59,VW55-59,56.21%,2014,2248,3264,2264.0
1090866,2025-12-20,22,24,SM20-24,53.01%,1460,0,1551,1548.0
1076027,2025-12-20,52,52,VM50-54,46.03%,1953,1791,1805,1798.0
600747,2025-12-20,43,43,VW40-44,57.66%,1625,1867,1880,1874.0
2038021,2025-12-20,38,38,VM35-39,66.09%,1221,1608,1619,1614.0
5692217,2025-12-20,51,51,VW50-54,62.61%,1626,2024,2048,2036.0
508066,2025-12-20,60,60,VW60-64,52.23%,2198,0,2311,2296.0
2305995,2025-12-20,25,28,SM25-29,18.62%,4157,0,1548,1548.0
1071062,2025-12-20,60,60,VW60-64,57.34%,2002,0,2311,2296.0
614195,2025-12-20,64,64,VW60-64,48.84%,2490,2414,3432,2432.0
4724979,2025-12-20,58,58,VM55-59,54.37%,1740,1884,1899,1892.0
2225632,2025-12-20,66,66,VW65-69,40.06%,3130,2489,2526,2508.0
1015088,2025-12-20,32,32,SM30-34,53.42%,1460,1558,1562,1560.0
4097229,2025-12-20,18,18,SM18-19,73.53%,1088,1592,2600,1600.0
1786236,2025-12-20,50,50,VM50-54,63.95%,1384,0,1776,1770.0
3424529,2025-12-20,59,59,VW55-59,44.27%,2557,2248,3264,2264.0
2378240,2025-12-20,47,47,VW45-49,56.51%,1720,1934,1953,1944.0
5012495,2025-12-20,52,52,VM50-54,37.33%,2408,1791,1805,1798.0
164707,2025-12-20,62,62,VW60-64,57.14%,2067,2345,2378,2362.0
2528702,2025-12-20,33,33,SW30-34,65.49%,1362,1782,1785,1784.0
2923559,2025-12-25,58,58,VM55-59,52.70%,1795,1884,1899,1892.0
820431,2025-12-25,55,55,VW55-59,40.19%,2667,0,2157,2144.0
3251252,2025-12-25,25,28,SM25-29,37.30%,2075,0,1548,1548.0
508066,2025-12-25,60,60,VW60-64,51.53%,2228,0,2311,2296.0
5445159,2025-12-25,68,68,VM65-69,43.16%,2398,2060,2080,2070.0
2390247,2025-12-25,51,51,VM50-54,50.97%,1750,1777,1790,1784.0
600747,2025-12-25,44,44,VW40-44,53.15%,1776,1881,2888,1888.0
614195,2025-12-25,64,64,VW60-64,50.27%,2419,2414,3432,2432.0
4724979,2025-12-25,58,58,VM55-59,57.89%,1634,1884,1899,1892.0
1036771,2025-12-25,52,52,VW50-54,49.64%,2077,2049,2075,2062.0
1786236,2025-12-25,50,50,VM50-54,63.81%,1387,0,1776,1770.0
1997252,2025-12-25,51,51,VM50-54,62.95%,1417,1777,1790,1784.0
2038021,2025-12-27,38,38,VM35-39,65.13%,1239,1608,1619,1614.0
2305995,2025-12-27,25,28,SM25-29,24.40%,3172,0,1548,1548.0
1071062,2025-12-27,60,60,VW60-64,57.34%,2002,0,2311,2296.0
7491589,2025-12-27,6,6,JM10,71.19%,1576,2191,2308,2244.0
11618060,2025-12-27,10,10,JW10,55.14%,1857,0,2077,2048.0
1752380,2025-12-27,58,58,VM55-59,60.37%,1567,1884,1899,1892.0
3251252,2025-12-27,25,28,SM25-29,41.55%,1863,0,1548,1548.0
2225632,2025-12-27,66,66,VW65-69,41.22%,3042,2489,2526,2508.0
5692217,2025-12-27,51,51,VW50-54,60.52%,1682,2024,2048,2036.0
820431,2025-12-27,55,55,VW55-59,41.71%,2570,0,2157,2144.0
6419492,2025-12-27,18,18,SM18-19,48.87%,1637,1592,2600,1600.0
614195,2025-12-27,64,64,VW60-64,56.48%,2153,2414,3432,2432.0
128162,2025-12-27,65,65,VW65-69,51.24%,2410,0,2488,2470.0
1036771,2025-12-27,52,52,VW50-54,42.00%,2455,2049,2075,2062.0
1786236,2025-12-27,50,50,VM50-54,60.16%,1471,0,1776,1770.0
2378240,2025-12-27,47,47,VW45-49,56.12%,1732,1934,1953,1944.0
3565261,2025-12-27,59,59,VM55-59,54.24%,1759,1900,2908,1908.0
8286970,2025-12-27,54,54,VM50-54,48.03%,1903,1821,2828,1828.0
598715,2025-12-27,62,62,VM60-64,37.64%,2601,1950,1966,1958.0
1882503,2025-12-27,67,67,VW65-69,47.59%,2675,2527,2565,2546.0
164707,2025-12-27,62,62,VW60-64,64.96%,1818,2345,2378,2362.0
508066,2026-01-01,60,60,VW60-64,54.07%,2123,0,2311,2296.0
2528702,2026-01-01,33,33,SW30-34,52.87%,1687,1782,1785,1784.0
769960,2026-01-01,40,40,VW40-44,54.22%,1693,0,1840,1836.0
2038021,2026-01-01,38,38,VM35-39,65.29%,1236,1608,1619,1614.0
5692217,2026-01-01,51,51,VW50-54,59.71%,1705,2024,2048,2036.0
2305995,2026-01-01,25,28,SM25-29,23.57%,3284,0,1548,1548.0
7491589,2026-01-01,6,6,JM10,69.60%,1612,2191,2308,2244.0
156359,2026-01-01,60,60,VW60-64,50.95%,2253,0,2311,2296.0
1997252,2026-01-01,51,51,VM50-54,69.47%,1284,1777,1790,1784.0
2225632,2026-01-01,66,66,VW65-69,50.38%,2489,2489,2526,2508.0
1646899,2026-01-01,55,55,VW55-59,48.48%,2211,0,2157,2144.0
1786236,2026-01-01,50,50,VM50-54,62.37%,1419,0,1776,1770.0
3424529,2026-01-01,59,59,VW55-59,44.64%,2536,2248,3264,2264.0
2378240,2026-01-01,48,48,VW45-49,57.94%,1695,1954,1975,1964.0
1076027,2026-01-03,52,52,VM50-54,50.39%,1784,1791,1805,1798.0
1014475,2026-01-03,63,63,VM60-64,46.58%,2121,1967,1984,1976.0
2923559,2026-01-03,58,58,VM55-59,43.20%,2190,1884,1899,1892.0
5692217,2026-01-03,51,51,VW50-54,55.42%,1837,2024,2048,2036.0
2390247,2026-01-03,51,51,VM50-54,52.04%,1714,1777,1790,1784.0
600747,2026-01-03,44,44,VW40-44,54.35%,1737,1881,2888,1888.0
764052,2026-01-03,52,52,VM50-54,65.67%,1369,1791,1805,1798.0
2305995,2026-01-03,25,28,SM25-29,74.49%,1039,0,1548,1548.0
11618060,2026-01-03,10,10,JW10,75.63%,1354,0,2077,2048.0
377646,2026-01-03,45,45,VM45-49,53.49%,1591,0,1707,1702.0
1071062,2026-01-03,60,60,VW60-64,57.43%,1999,0,2311,2296.0
508066,2026-01-03,60,60,VW60-64,46.20%,2485,0,2311,2296.0
3251252,2026-01-03,25,28,SM25-29,40.19%,1926,0,1548,1548.0
2225632,2026-01-03,66,66,VW65-69,51.58%,2431,2489,2526,2508.0
1786236,2026-01-03,50,50,VM50-54,56.51%,1566,0,1776,1770.0
1794504,2026-01-03,37,37,VM35-39,41.72%,1920,1597,1607,1602.0
2378240,2026-01-03,48,48,VW45-49,57.13%,1719,1954,1975,1964.0
164707,2026-01-03,62,62,VW60-64,61.57%,1918,2345,2378,2362.0
1014475,2026-01-10,63,63,VM60-64,46.96%,2104,1967,1984,1976.0
2528702,2026-01-10,33,33,SW30-34,55.82%,1598,1782,1785,1784.0
769960,2026-01-10,40,40,VW40-44,54.29%,1691,0,1840,1836.0
820431,2026-01-10,55,55,VW55-59,42.02%,2551,0,2157,2144.0
864630,2026-01-10,68,68,VM65-69,53.68%,1928,2060,2080,2070.0
600747,2026-01-10,44,44,VW40-44,53.61%,1761,1881,2888,1888.0
2038021,2026-01-10,38,38,VM35-39,65.24%,1237,1608,1619,1614.0
2305995,2026-01-10,25,28,SM25-29,71.21%,1087,0,1548,1548.0
377646,2026-01-10,45,45,VM45-49,54.83%,1552,0,1707,1702.0
5692217,2026-01-10,51,51,VW50-54,61.58%,1653,2024,2048,2036.0
1071062,2026-01-10,60,60,VW60-64,56.83%,2020,0,2311,2296.0
614195,2026-01-10,64,64,VW60-64,54.92%,2214,2414,3432,2432.0
2923559,2026-01-10,58,58,VM55-59,45.68%,2071,1884,1899,1892.0
4724979,2026-01-10,59,59,VM55-59,58.89%,1620,1900,2908,1908.0
3251252,2026-01-10,25,28,SM25-29,42.57%,1818,0,1548,1548.0
2225632,2026-01-10,66,66,VW65-69,54.98%,2281,2489,2526,2508.0
140578,2026-01-10,62,62,VW60-64,55.08%,2144,2345,2378,2362.0
2378240,2026-01-10,48,48,VW45-49,56.47%,1739,1954,1975,1964.0
5012495,2026-01-10,52,52,VM50-54,38.32%,2346,1791,1805,1798.0
3738636,2026-01-10,53,53,VW50-54,32.07%,3258,2076,2102,2090.0
3883877,2026-01-17,55,55,VW55-59,49.84%,2151,0,2157,2144.0
1076027,2026-01-17,52,52,VM50-54,45.59%,1972,1791,1805,1798.0
1014475,2026-01-17,63,63,VM60-64,49.60%,1992,1967,1984,1976.0
2528702,2026-01-17,33,33,SW30-34,55.37%,1611,1782,1785,1784.0
769960,2026-01-17,40,40,VW40-44,51.98%,1766,0,1840,1836.0
820431,2026-01-17,55,55,VW55-59,31.37%,3417,0,2157,2144.0
3655979,2026-01-17,67,67,VM65-69,67.35%,1522,2041,2059,2050.0
600747,2026-01-17,44,44,VW40-44,61.62%,1532,1881,2888,1888.0
2038021,2026-01-17,38,38,VM35-39,65.19%,1238,1608,1619,1614.0
5692217,2026-01-17,51,51,VW50-54,61.66%,1651,2024,2048,2036.0
2305995,2026-01-17,25,28,SM25-29,23.49%,3295,0,1548,1548.0
1071062,2026-01-17,60,60,VW60-64,56.33%,2038,0,2311,2296.0
1997252,2026-01-17,51,51,VM50-54,68.62%,1300,1777,1790,1784.0
492000,2026-01-17,57,57,VW55-59,53.29%,2066,2187,2216,2202.0
614195,2026-01-17,64,64,VW60-64,56.66%,2146,2414,3432,2432.0
128162,2026-01-17,65,65,VW65-69,48.93%,2524,0,2488,2470.0
2923559,2026-01-17,58,58,VM55-59,49.27%,1920,1884,1899,1892.0
953402,2026-01-17,66,66,VW65-69,63.27%,1982,2489,2526,2508.0
2225632,2026-01-17,66,66,VW65-69,56.26%,2229,2489,2526,2508.0
1036771,2026-01-17,52,52,VW50-54,41.79%,2467,2049,2075,2062.0
140578,2026-01-17,62,62,VW60-64,57.98%,2037,2345,2378,2362.0
2378240,2026-01-17,48,48,VW45-49,54.80%,1792,1954,1975,1964.0
5012495,2026-01-17,52,52,VM50-54,40.01%,2247,1791,1805,1798.0
164707,2026-01-17,63,63,VW60-64,60.23%,1989,2379,2413,2396.0
3883877,2026-01-24,55,55,VW55-59,48.22%,2223,0,2157,2144.0
1076027,2026-01-24,52,52,VM50-54,47.54%,1891,1791,1805,1798.0
1014475,2026-01-24,63,63,VM60-64,48.20%,2050,1967,1984,1976.0
769960,2026-01-24,40,40,VW40-44,55.81%,1645,0,1840,1836.0
2038021,2026-01-24,38,38,VM35-39,65.24%,1237,1608,1619,1614.0
600747,2026-01-24,44,44,VW40-44,59.60%,1584,1881,2888,1888.0
2305995,2026-01-24,25,28,SM25-29,73.93%,1047,0,1548,1548.0
508066,2026-01-24,60,60,VW60-64,52.93%,2169,0,2311,2296.0
1071062,2026-01-24,60,60,VW60-64,57.52%,1996,0,2311,2296.0
614195,2026-01-24,64,64,VW60-64,54.19%,2244,2414,3432,2432.0
128162,2026-01-24,65,65,VW65-69,49.07%,2517,0,2488,2470.0
3251252,2026-01-24,25,28,SM25-29,36.37%,2128,0,1548,1548.0
2225632,2026-01-24,66,66,VW65-69,52.96%,2368,2489,2526,2508.0
1036771,2026-01-24,52,52,VW50-54,41.81%,2466,2049,2075,2062.0
2378240,2026-01-24,48,48,VW45-49,56.50%,1738,1954,1975,1964.0
5012495,2026-01-24,52,52,VM50-54,38.88%,2312,1791,1805,1798.0
3738636,2026-01-24,53,53,VW50-54,31.99%,3267,2076,2102,2090.0
164707,2026-01-24,63,63,VW60-64,64.20%,1866,2379,2413,2396.0
215996,2026-01-24,60,60,VM60-64,84.68%,1136,0,1932,1924.0
